step,vx_cmd,vx_actual,LF,RF,LH,RH,roll,pitch
374,0.8,-0.11413948835408584,0,1,1,0,-0.009436396843550948,-0.0038764728086657777
375,0.8,-0.23918247679552038,1,1,1,0,-0.0204652918592021,-0.0031214505493011194
376,0.8,-0.2737937805787004,1,1,1,0,-0.022575998660056457,-0.00498504754146667
377,0.8,-0.24144336370810673,1,1,1,0,-0.01498948562747832,-0.011257228354723712
378,0.8,-0.19506791124434858,0,0,1,0,-0.00827845072599306,-0.02174180459206371
379,0.8,-0.2224566627746667,0,0,1,0,-0.005068281563441583,-0.029812867659815136
380,0.8,-0.20970334830767332,0,0,1,0,-0.0033965724842668706,-0.03366277541327987
381,0.8,-0.20991053582491326,0,0,1,0,-0.002819925348429202,-0.03716209361384353
382,0.8,-0.20363176700905938,0,0,1,0,-0.0032325186806012075,-0.0402619292552307
383,0.8,-0.17343177040100802,0,0,1,0,-0.00688635590880803,-0.046732189535658525
384,0.8,-0.16022207439390476,0,0,1,0,-0.014543090148341452,-0.0546537113447641
385,0.8,-0.15932561236991696,0,0,1,0,-0.024728932743076144,-0.06003425782261789
386,0.8,-0.14660097367101352,0,0,1,1,-0.03292841282321226,-0.061911415843162815
387,0.8,-0.08093046223056484,0,1,1,1,-0.0386481318947297,-0.0664226055897314
388,0.8,-0.096500275141204,0,1,1,1,-0.042256855750464915,-0.0706284168749084
389,0.8,-0.03112880142792354,0,1,1,1,-0.04476372139823278,-0.07381709291511332
390,0.8,-0.0017341558742344303,0,0,0,1,-0.04377849587454962,-0.08329492681409222
391,0.8,0.022651946445472335,0,0,0,1,-0.04001622987234115,-0.0944557664386207
392,0.8,0.051460793729793064,0,0,0,1,-0.03448134856577385,-0.10795337668602183
393,0.8,0.05564827129205262,0,0,0,1,-0.024240539094489373,-0.11881584244822838
394,0.8,0.06759717471385679,0,0,0,1,-0.009781261282706614,-0.12493382165123361
395,0.8,0.08112462631218298,0,0,0,1,0.0046238830057538675,-0.12667770208374737
396,0.8,0.11116899558700734,0,0,0,1,0.017054263516386406,-0.1257270872177883
397,0.8,0.13629724562156198,0,0,0,1,0.02681627080947913,-0.12293320567692868
398,0.8,0.14597046763729735,0,0,0,1,0.03369076143309506,-0.1175730085331353
399,0.8,0.16348386020719682,0,0,0,1,0.03936949619548948,-0.11156235311659318
400,0.8,0.16770752895667915,0,0,0,1,0.04516768931230986,-0.10480284273747076
401,0.5,0.1835540672979373,0,0,0,1,0.05284473549006155,-0.09797085498077604
402,0.5,0.1850357820948008,0,0,0,1,0.06201985401835879,-0.09126985401794394
403,0.5,0.11575570424948776,0,0,1,1,0.07060025951848195,-0.07995488791011603
404,0.5,0.14744703260179062,0,0,1,1,0.0729348229359006,-0.05585075503414785
405,0.5,0.20127494336684199,0,0,1,1,0.07415725821380927,-0.030924716964321718
406,0.5,0.26560168484075425,0,0,1,1,0.0746975215291056,-0.007666019027699167
407,0.5,0.32343175117679135,0,0,1,1,0.07545225194132935,0.013671125489971578
408,0.5,0.3658428979718295,0,1,1,0,0.07604443250915757,0.032970506915243794
409,0.5,0.3922941971055414,0,1,1,0,0.08349602583272708,0.044843169230117476
410,0.5,0.43260201534872633,0,1,1,0,0.09326652778435189,0.04911616192893814
411,0.5,0.45548646674292687,0,1,1,0,0.10393016710244485,0.049589624144178085
412,0.5,0.469370610479871,0,1,1,0,0.1136838908803858,0.04982994040494851
413,0.5,0.4959471198242343,0,1,1,0,0.12204697074328287,0.04959018267532413
414,0.5,0.49588880803041807,0,1,1,0,0.12850444573422873,0.04874564873755816
415,0.5,0.5184158598018845,0,1,1,0,0.13292311379221503,0.04752666150223087
416,0.5,0.576386623243695,0,1,1,0,0.13345621002252278,0.04347588228526391
417,0.5,0.5695381775446208,0,1,1,0,0.1298786671173105,0.041217775002291054
418,0.5,0.581741662956714,0,1,1,0,0.12400287211360728,0.04130833549395116
419,0.5,0.6050959262131964,0,1,1,0,0.119453571209923,0.04144895322161329
420,0.5,0.660214889283556,0,1,1,0,0.11665454438751355,0.0414340993242033
421,0.5,0.6823248513644897,0,1,1,0,0.11600954269519988,0.042750093603439114
422,0.5,0.7179177704811063,0,1,1,0,0.11399922249739278,0.04620405195027233
423,0.5,0.7733609307602538,0,1,1,0,0.1121451919071642,0.04956480434651501
424,0.5,0.750109743083712,1,0,1,0,0.10355721545501054,0.05072462486058819
425,0.5,0.71681233614604,1,0,1,0,0.08828487080705041,0.04701278516362968
426,0.5,0.7208956829902573,1,0,1,0,0.07243840418838679,0.04089305865423856
427,0.5,0.7077554065998336,1,0,1,0,0.06070346516492107,0.03136206723961168
428,0.5,0.7274695543833497,1,0,1,0,0.053263420883255246,0.020713551659579905
429,0.5,0.794650507859435,1,0,1,0,0.044786076414341444,0.006606729316573537
430,0.5,0.7700443857178793,1,0,1,0,0.03764791146184296,-0.004196282846792005
431,0.5,0.7689125729349972,1,0,1,0,0.031882419730912576,-0.011085825448337985
432,0.5,0.7529387972448531,1,0,0,0,0.02736259480748847,-0.02061079786285637
433,0.5,0.7601192416834296,1,0,0,0,0.022040211524628848,-0.032893106591567786
434,0.5,0.7765097644597675,1,0,0,1,0.016495262437254368,-0.04987866754109614
435,0.5,0.7261469147875502,1,0,0,1,0.01811115938161099,-0.06341648407643687
436,0.5,0.6571329913230369,1,0,0,1,0.02265629642699165,-0.07004967422766432
437,0.5,0.5741019951289676,1,0,0,1,0.024154818270256947,-0.06849869686950678
438,0.5,0.5421747970874295,1,0,0,1,0.02083466417474109,-0.06127732015831353
439,0.5,0.5649690979709677,1,0,0,1,0.009752158013982465,-0.05441189950379415
440,0.5,0.5529456999047995,1,0,0,1,-0.002423334754120058,-0.04733665500037027
441,0.5,0.504401736281617,1,0,0,1,-0.012415339050015958,-0.03630937924688656
442,0.5,0.5516555756099035,1,0,0,1,-0.02227949397247319,-0.026124707092549847
443,0.5,0.5775773836473549,1,0,0,1,-0.03197588484292405,-0.019926459533111233
444,0.5,0.5824383172002084,1,0,0,1,-0.04241618613779466,-0.010101531665364965
445,0.5,0.659197010773971,1,0,0,1,-0.05288505191918269,-0.00046551869335298304
446,0.5,0.6448366329471383,0,1,0,1,-0.05282432856571606,0.002498112230009327
447,0.5,0.6662273226496667,0,1,0,1,-0.04298138600029394,0.0007222232253223792
448,0.5,0.7046512426261972,0,1,1,1,-0.027946311381376227,-0.005745881715027897
449,0.5,0.6583242978226588,0,1,1,1,-0.019726095017024922,-0.006737835125583716
450,0.5,0.6863522407440167,0,1,1,1,-0.016343836508913367,-0.0037593402251402284
451,0.5,0.6674012488761187,0,1,1,1,-0.015540981062699865,-0.0018574331421821499
452,0.5,0.7149468527394052,0,1,1,1,-0.015698821280787437,-0.0017192534578164937
453,0.5,0.7151040476816671,0,1,1,1,-0.015960792580922024,-0.0050479219699944835
454,0.5,0.752596695501169,0,1,1,1,-0.016386696939910853,-0.009999366241948958
455,0.5,0.7454262833789937,0,1,1,1,-0.015408829908124068,-0.013458328519577324
456,0.5,0.728691969290973,0,1,1,0,-0.01613210222366398,-0.013509768507796243
457,0.5,0.736049011322753,0,1,1,0,-0.018533212257389523,-0.015350975138083436
458,0.5,0.7244395200768843,0,1,1,0,-0.02300816776136375,-0.017977840865577806
459,0.5,0.7341122973027492,0,1,1,0,-0.027946150627898958,-0.021396334955667225
460,0.5,0.7211432066056147,0,1,1,0,-0.031862054890432874,-0.023933722627612203
461,0.5,0.7116207216640587,0,1,1,0,-0.03422304671628626,-0.02250974553458098
462,0.5,0.7264309778739306,0,1,1,0,-0.03124256771017734,-0.018224059594734263
463,0.5,0.7569094300253246,0,1,1,0,-0.023832538843633237,-0.012660208860760658
464,0.5,0.7561338748164045,0,0,1,0,-0.018539283389168392,-0.0036211686165584776
465,0.5,0.7963840049269356,0,0,1,0,-0.017481320328521403,0.0077140256264293244
466,0.5,0.8162508793726952,0,0,1,0,-0.019372298693814037,0.019987123070630913
467,0.5,0.8473273365645172,0,0,1,0,-0.021127313840919686,0.03400582506904656
468,0.5,0.8130582305599557,1,0,1,0,-0.030480758996339233,0.04518460584970965
469,0.5,0.7589974549360564,1,0,1,0,-0.05041200994947147,0.04640068970144918
470,0.5,0.7373766763606082,1,0,1,1,-0.07389842770186004,0.03951273550828407
471,0.5,0.6636074958890948,1,0,1,1,-0.08074020521599777,0.04112651871249249
472,0.5,0.6633915931781018,1,0,0,1,-0.08104148112804624,0.042086543856912226
473,0.5,0.6473274162224231,1,0,0,1,-0.08011568399003602,0.03494739884765768
474,0.5,0.6374879197768549,1,0,0,1,-0.07767697318591205,0.025105783918078977
475,0.5,0.6134581098576967,1,0,0,1,-0.07588941948497291,0.018239395609775014
476,0.5,0.6227637102286319,1,0,0,1,-0.07616938902435476,0.013793391167616872
477,0.5,0.6195418935353307,1,0,0,1,-0.07591963492063097,0.011047045026191027
478,0.5,0.6187061066790419,1,0,0,1,-0.07233680781314962,0.009648079968444738
479,0.5,0.6387428772379677,1,0,0,1,-0.06864313382659125,0.009054394417771356
480,0.5,0.6550209134792141,1,0,0,1,-0.0666826921039082,0.00989562906289094
481,0.5,0.6538636737905039,1,0,0,1,-0.06343727148871753,0.01187618795031562
482,0.5,0.6593501207380913,1,0,0,1,-0.06180375907726366,0.016000351881190564
483,0.5,0.6758384536408393,1,0,0,1,-0.05997265180390201,0.020765884330650852
484,0.5,0.6809615745317701,1,0,0,1,-0.05838384074641332,0.02682602502679667
485,0.5,0.7358281898645292,1,0,0,1,-0.0576513827440699,0.03153835159500707
486,0.5,0.6743726491814459,1,1,0,1,-0.049229510422930514,0.03138006138555413
487,0.5,0.6730154091033511,1,1,0,1,-0.039037761288311754,0.02675494652378577
488,0.5,0.6665863439006802,0,1,0,1,-0.02606601787474715,0.01847976524820895
489,0.5,0.6934693431469522,0,1,0,1,-0.007815965405679876,0.007578413089283638
490,0.5,0.6581079289074838,0,1,1,1,0.00739620192183127,0.002910560648114556
491,0.5,0.62885391825177,0,1,1,1,0.015523605646613588,0.004713156362636033
492,0.5,0.6341420916530041,0,1,1,1,0.020522143903263942,0.006269515028928646
493,0.5,0.6395782787042688,0,1,1,0,0.023489399240941507,0.005937882948146949
494,0.5,0.6563021821528745,0,1,1,0,0.022896251040074877,0.0029724349793656514
495,0.5,0.6402049501696181,0,1,1,0,0.0191904288655142,-0.0014320067857171016
496,0.5,0.6436211540506185,0,1,1,0,0.014199240875757184,-0.006294457244164213
497,0.5,0.6225471389796609,0,1,1,0,0.008517599573011946,-0.010436136875789872
498,0.5,0.5923147155937376,0,1,1,0,0.005162136118252271,-0.011112611186545726
499,0.5,0.5931608624882995,0,1,1,0,0.007226096082954707,-0.008734946143640347
500,0.5,0.6184320732434904,0,1,1,0,0.01385780219805301,-0.006342220847446533
501,0.5,0.6146221415134431,0,1,1,0,0.021036226892472528,-0.0026886655555163003
502,0.5,0.6272201060948596,0,1,1,0,0.02690983929550095,0.0035196312756663227
503,0.5,0.6478145729955208,0,1,1,0,0.03153698985559332,0.009963565675590392
504,0.5,0.6551063836865899,0,1,1,0,0.035066314039693736,0.01697472432170148
505,0.5,0.6869082401184821,0,1,1,0,0.037708183414324574,0.023486101951744956
506,0.5,0.7028483725206526,0,1,1,0,0.03999810537939669,0.029159517892448267
507,0.5,0.7298270619715594,0,0,1,0,0.03759085592096539,0.035581915189110296
508,0.5,0.8003036994300695,1,0,1,0,0.03242178721500016,0.042466798922730406
509,0.5,0.7752600217144577,1,0,1,0,0.015996884443601568,0.04508638356443515
510,0.5,0.7635959673198026,1,0,1,0,-0.005940536848799338,0.04156692385204867
511,0.5,0.7639451311941975,1,0,1,1,-0.02808365016431106,0.033974704029418004
512,0.5,0.6996926697093251,1,0,1,1,-0.03503433947186162,0.032519611366337575
513,0.5,0.728503642365513,1,0,0,1,-0.03579322795499121,0.02860743217513588
514,0.5,0.7042072796604936,1,0,0,1,-0.03563225006040582,0.015405674781862031
515,0.5,0.6896523501618681,1,0,0,1,-0.03351137555206412,0.001409640067276255
516,0.5,0.6668409499691188,1,0,0,1,-0.03067308815993358,-0.009669087190068796
517,0.5,0.6453024248180314,1,0,0,1,-0.02866014923152537,-0.015988295912245185
518,0.5,0.6228746391598274,1,0,0,1,-0.029455165434117598,-0.016625440089378885
519,0.5,0.6300633250305921,1,0,0,1,-0.03233092497181774,-0.01401567989700367
520,0.5,0.6199113158076606,1,0,0,1,-0.031688568112686236,-0.011585321248657644
521,0.5,0.6468116512579315,1,0,0,1,-0.03180226133396336,-0.00902517288355416
522,0.5,0.6478188945906179,1,0,0,1,-0.032921670373087165,-0.006509376250105224
523,0.5,0.6555154222472437,1,0,0,1,-0.03344438074426319,-0.0030825866070730455
524,0.5,0.648800453299164,1,0,0,1,-0.03515964790788924,0.003065725342831116
525,0.5,0.678062190397734,1,0,0,1,-0.03714014240301493,0.009510248595859604
526,0.5,0.7009802498312966,1,0,0,1,-0.039797342807565944,0.015905717375300124
527,0.5,0.7109629915863558,1,1,0,1,-0.0394848604171061,0.02079100766607335
528,0.5,0.6866761029135594,1,1,0,1,-0.033780764332271014,0.01864897997208927
529,0.5,0.7008686346421021,0,1,0,1,-0.0262453442404959,0.011395947219792575
530,0.5,0.7182568190329521,0,1,1,1,-0.012979984827176277,0.0019818249552858093
531,0.5,0.7095600031352617,0,1,1,1,-0.0026377853765304255,-0.0005961705578821862
532,0.5,0.6919382585557763,0,1,1,1,0.005276446411717766,0.0015566742005297808
533,0.5,0.7301558401926539,0,1,1,1,0.010038260159340683,0.004469268393504533
534,0.5,0.7265837281609852,0,1,1,0,0.01227538219460212,0.005213510044702755
535,0.5,0.7023972050387562,0,1,1,0,0.010396988705384705,0.005094326055614245
536,0.5,0.6898408170067665,0,1,1,0,0.006063163850767046,0.003133706196844404
537,0.5,0.6751391828491005,0,1,1,0,-0.00012130739951509749,-0.0012804527409267562
538,0.5,0.6667948539074942,0,1,1,0,-0.003934440117379821,-0.006057747215636156
539,0.5,0.6517137933619485,0,1,1,0,-0.0031466136473692202,-0.009232436459299382
540,0.5,0.644126280997984,0,1,1,0,0.0011557476357645722,-0.010706077982556617
541,0.5,0.6432671122718732,0,1,1,0,0.007818565989800711,-0.009955575335401224
542,0.5,0.652208202515769,0,1,1,0,0.012775197752067377,-0.00769092276072186
543,0.5,0.6615585719730411,0,1,1,0,0.016462469377652104,-0.0038050437561519433
544,0.5,0.661698952599075,0,1,1,0,0.020007535314466834,0.0015020681206468361
545,0.5,0.6978951932583484,0,1,1,0,0.021385890262609477,0.005211133520379642
546,0.5,0.710611122991091,0,1,1,0,0.02186891789399148,0.007267074842526046
547,0.5,0.7416202418416288,0,1,1,0,0.021134131962876362,0.008496716527391647
548,0.5,0.7809184995472275,0,1,1,0,0.021281559157916838,0.009025480408573858
549,0.5,0.8375554589141148,0,0,1,0,0.01946919620661939,0.009440706950943904
550,0.5,0.8188239143029009,1,0,1,0,0.007860306223417256,0.01159887962804097
551,0.5,0.8193142999489849,1,0,1,1,-0.009885315993945848,0.012073945165018847
552,0.5,0.7857017341301975,1,0,1,1,-0.019559404593278425,0.016939418873074912
553,0.5,0.7816106490000643,1,0,0,1,-0.023084264623595304,0.017268392593918748
554,0.5,0.7544914945039107,1,0,0,1,-0.021346766712210797,0.011528582222968828
555,0.5,0.6920563789015092,1,0,0,1,-0.01529900323795487,0.008523128146916446
556,0.5,0.677411605436497,1,0,0,1,-0.01016882477716383,0.005753407335170658
557,0.5,0.6688211061845609,1,0,0,1,-0.0102267618512249,-0.0004284539718708363
558,0.5,0.663911649962435,1,0,0,1,-0.013764590192521756,-0.006418456763956091
559,0.5,0.6694440171218801,1,0,0,1,-0.016583556804967366,-0.012038838513273536
560,0.5,0.662609203218887,1,0,0,1,-0.015993105552296757,-0.017027795269740038
561,0.5,0.6659567516933003,1,0,0,1,-0.014534896922525572,-0.020028473234265532
562,0.5,0.6800125195523447,1,0,0,1,-0.0125660247461423,-0.02167699085490124
563,0.5,0.670291206397696,1,0,0,1,-0.01011024296167417,-0.022132292118339128
564,0.5,0.6658631547260131,1,0,0,1,-0.008694752520172749,-0.021273576917250597
565,0.5,0.6804049728995682,1,0,0,1,-0.007061149345613007,-0.020254272320162876
566,0.5,0.6856553710809088,1,0,0,1,-0.006089516110065386,-0.018389381568920674
567,0.5,0.7025225121028918,1,0,0,1,-0.003953949933206679,-0.01603878631678068
568,0.5,0.7146835342716575,1,0,0,1,-0.000231061473490693,-0.014021146841184136
569,0.5,0.7342006264872539,1,0,1,1,0.004704231297003097,-0.013420017371626179
570,0.5,0.716846800731771,1,1,1,1,0.00530110376207783,-0.009301230205380956
571,0.5,0.7360142025573231,0,1,1,1,0.007278670741785977,-0.004852004399684144
572,0.5,0.7877110452311844,0,1,1,1,0.015690681370723294,-0.003729504865349905
573,0.5,0.7942698525338178,0,1,1,1,0.02730585977361069,-0.0032766757109673
574,0.5,0.8193350982286939,0,1,1,1,0.03558491071596537,-0.0010806122688898606
575,0.5,0.8270927607511412,0,1,1,1,0.0393350918488235,0.002124063310101377
576,0.5,0.8631514158343828,0,1,1,1,0.040192489302594524,0.005053518637420444
577,0.5,0.8854451499204831,0,1,1,0,0.03919705589269583,0.00679897144082979
578,0.5,0.8448406768256732,0,1,1,0,0.03286587716605663,0.007726290038224226
579,0.5,0.8563706864685903,0,1,1,0,0.026021406112558584,0.005968802408390188
580,0.5,0.8311751099022365,0,1,1,0,0.02153692427754313,0.002755822977617565
581,0.5,0.7982758791232262,0,1,1,0,0.018783339672014215,0.0022336799401315357
582,0.5,0.7946053773056314,0,1,1,0,0.01877467281735229,0.0024223846204096166
583,0.5,0.7791490427514087,0,1,1,0,0.02078343982095455,0.003954692307394919
584,0.5,0.7616014577459141,0,1,1,0,0.024841584535413325,0.008517787722794493
585,0.5,0.7599662065641457,0,1,1,0,0.029221149125889773,0.015390897095295094
586,0.5,0.76200170609692,0,1,1,0,0.03475972014157823,0.023837924421604137
587,0.5,0.7795677020575227,0,1,1,0,0.04118445777274997,0.03157947183609905
588,0.5,0.7717510471503117,0,1,1,0,0.048883007568234015,0.03856118940546052
589,0.5,0.7947452006681917,0,1,1,0,0.05536131188887826,0.043666184808682666
590,0.5,0.8018656589362708,0,0,1,0,0.059837878162247095,0.046800055081256474
591,0.5,0.845713099285179,0,0,1,0,0.05907055348332387,0.05159063845205755
592,0.5,0.7677290014820266,1,0,1,0,0.04487559168617913,0.05421973504803432
593,0.5,0.7251552130191214,1,0,1,0,0.0231713348125513,0.049512505761322115
594,0.5,0.7049338275597591,1,0,1,1,0.002571348951745283,0.04050746658364515
595,0.5,0.6399853968208449,1,0,1,1,-0.003707688989696916,0.0360543003959104
596,0.5,0.6153636416772583,1,0,0,1,-0.005948168052330227,0.02797047544866564
597,0.5,0.6022068175454464,1,0,0,1,-0.009018775784511083,0.013376285820401406
598,0.5,0.5895040081454724,1,0,0,1,-0.008996769666542025,-0.0028082490684919817
599,0.5,0.5891384168940543,1,0,0,1,-0.006168672989635007,-0.01876154220737048
600,0.5,0.5746222539746784,1,0,0,1,-0.0015069581843604066,-0.031644287796236015
601,0.5,0.5487794591805434,1,0,0,1,0.002794839405464124,-0.03889894671034826
602,0.5,0.5387478414668497,1,0,0,1,0.007270167478324601,-0.042085700309583675
603,0.5,0.5307006961043333,1,0,0,1,0.012786850661499838,-0.04327161347400498
604,0.5,0.5479086252502602,1,0,0,1,0.017357613691186748,-0.04311317186070116
605,0.5,0.5534585937763897,1,0,0,1,0.01983465139177731,-0.04229070956702865
606,0.5,0.5392520811608003,1,0,0,1,0.018678519013238352,-0.03976935992875027
607,0.5,0.561964647233167,1,0,0,1,0.016189460850960805,-0.036019595602589584
608,0.5,0.5964250294950734,1,0,0,1,0.015087383910955723,-0.03430470527694258
609,0.5,0.609510492462727,1,0,0,1,0.012617955191920258,-0.03189469119277257
610,0.5,0.636897573709924,1,0,0,1,0.012038865424213716,-0.02899820890597458
611,0.5,0.6259458524969611,1,0,0,1,0.013275049478811193,-0.026175914144613815
612,0.5,0.6113857365743168,1,0,1,1,0.014758508082335416,-0.022191429043429387
613,0.5,0.650346177872358,1,1,1,1,0.01343888521565685,-0.015088382527579536
614,0.5,0.6902917979498011,0,1,1,1,0.01943365128751171,-0.010685747422048862
615,0.5,0.7393427257230968,0,1,1,1,0.02652549241150175,-0.005776975379631211
616,0.5,0.7928745133295134,0,1,1,1,0.03340479888345842,-0.0008584326175216499
617,0.5,0.781100846287425,0,1,1,1,0.03761035756010905,0.0043262996076056225
618,0.5,0.7770966280901282,0,1,1,0,0.03423708739864552,0.008271611753980435
619,0.5,0.7827866569395777,0,1,1,0,0.027500237105395117,0.008702892712405434
620,0.5,0.7331503672907136,0,1,1,0,0.020297942849898255,0.00917201954541213
621,0.5,0.7394333817293173,0,1,1,0,0.016104797204431327,0.008228653165027898
622,0.5,0.7254937673778336,0,1,1,0,0.01653160959449647,0.00613401755763862
623,0.5,0.7160163492035895,0,1,1,0,0.019141527763222674,0.004759843155952383
624,0.5,0.7066283288085342,0,1,1,0,0.022540827047945373,0.00571222892089914
625,0.5,0.6945922390667424,0,1,1,0,0.024847874950382633,0.008438388035655015
626,0.5,0.6645832837802859,0,1,1,0,0.027709949886840078,0.013915269626271463
627,0.5,0.6766521552076682,0,1,1,0,0.030978164975536425,0.020029984893377425
628,0.5,0.6878521209715728,0,1,1,0,0.03525927883205496,0.024070102995277662
629,0.5,0.6845521210296345,0,1,1,0,0.039106582537823655,0.027114918271633457
630,0.5,0.6953261739002456,0,1,1,0,0.0402343596789561,0.029612893708716784
631,0.5,0.7202954584019747,0,1,1,0,0.03937085487438134,0.029814630850265866
632,0.5,0.7575648745648288,0,1,1,0,0.03686976875766468,0.02912804107063418
633,0.5,0.7288232251492285,1,0,1,0,0.027169041200480398,0.031509196441166634
634,0.5,0.716074287892379,1,0,1,1,0.008575400365803704,0.030494224403874913
635,0.5,0.6762647061720054,1,0,1,1,-0.004072027325843872,0.03099810872656568
636,0.5,0.6201603953504939,1,0,0,1,-0.0109645892074465,0.03366885909390755
637,0.5,0.630616324767819,1,0,0,1,-0.012186229082522506,0.02981622491942765
638,0.5,0.6112570332474088,1,0,0,1,-0.011043437252544646,0.01938966241615122
639,0.5,0.6063395430116824,1,0,0,1,-0.008206663478362674,0.00693465463210138
640,0.5,0.5952376911447277,1,0,0,1,-0.005321631890837581,-0.006972066542622402
641,0.5,0.5848819769714894,1,0,0,1,-0.00210811634990051,-0.01940595531258018
642,0.5,0.5660966304049644,1,0,0,1,0.0004883432941552112,-0.02805050213887616
643,0.5,0.557279274619572,1,0,0,1,0.0021504298640766177,-0.032880252657318476
644,0.5,0.5820656213302455,1,0,0,1,0.0029272761859820864,-0.037368363644874586
645,0.5,0.572085383498459,1,0,0,1,0.006205128233223983,-0.04223007090317411
646,0.5,0.5761982809783485,1,0,0,1,0.011357128733334271,-0.04520958473639724
647,0.5,0.5876477507030679,1,0,0,1,0.01467986092130371,-0.04669940596114152
648,0.5,0.6019762741255961,1,0,0,1,0.017913877818485906,-0.04844822665907947
649,0.5,0.5988396607072504,1,0,0,1,0.01877538751130513,-0.04803999003471587
650,0.5,0.6168456320084098,1,0,0,1,0.018579642865219723,-0.04675231857300246
651,0.5,0.6398555948809732,1,0,0,1,0.01882210491635029,-0.04588227710806956
652,0.5,0.6350991336413574,1,0,0,1,0.021483382358349668,-0.04396895573401435
653,0.5,0.6813186227032251,1,0,1,1,0.027703934995457615,-0.04430427388718623
654,0.5,0.6577008306683905,1,0,1,1,0.027790966974396997,-0.03999688176507668
655,0.5,0.6603261669179168,1,0,1,1,0.026508443465996814,-0.030700093673536794
656,0.5,0.6748011126947536,0,1,1,1,0.02630234304955908,-0.02051595673548838
657,0.5,0.7349523364308889,0,1,1,1,0.03196334397328286,-0.012445571200289395
658,0.5,0.7271528480592366,0,1,1,0,0.03760149580621442,-0.005093353520529299
659,0.5,0.7341715187136288,0,1,1,0,0.0369653759596619,0.0003992801835943684
660,0.5,0.7287447282023463,0,1,1,0,0.033250703860430365,0.003283921616805724
661,0.5,0.7226741983165902,0,1,1,0,0.02930677683814004,0.005375292026422159
662,0.5,0.7265319837663579,0,1,1,0,0.02798732919783565,0.005647978899920817
663,0.5,0.6973604601133121,0,1,1,0,0.028123400585241508,0.005738438846456215
664,0.5,0.6812042860737155,0,1,1,0,0.029233251208320626,0.007875453786933684
665,0.5,0.6810362565710575,0,1,1,0,0.030763171329140825,0.008971921625827294
666,0.5,0.67416401896214,0,1,1,0,0.03248694326734901,0.009892247025977205
667,0.5,0.6607534244564214,0,1,1,0,0.03445026350375699,0.011572445996990928
668,0.5,0.6540820282777574,0,1,1,0,0.03550811235809549,0.013590473178315533
669,0.5,0.6483207620335245,0,1,1,0,0.03660850525727979,0.016186900431599788
670,0.5,0.6649736759263993,0,1,1,0,0.03702287663979939,0.018143356644887063
671,0.5,0.6807470363544278,0,1,1,0,0.03596847840183328,0.018958571412573576
672,0.5,0.6753698698569043,0,1,1,0,0.03212508601768752,0.021419726386830793
673,0.5,0.6963316119307829,0,1,1,0,0.027346167233992153,0.02293262541679526
674,0.5,0.7359730718963696,0,1,1,0,0.024888075925208374,0.022136113551540965
675,0.5,0.771377672745207,1,1,1,0,0.022569791548631275,0.018688325709156284
676,0.5,0.7142502363542949,1,0,1,1,0.013801934431607932,0.01619969424238126
677,0.5,0.7164346645782924,1,0,1,1,0.00601052216189108,0.01947249863961183
678,0.5,0.7442767197946208,1,0,1,1,-0.005277007759983807,0.01927577400971117
679,0.5,0.707868327647546,1,0,0,1,-0.013635231987981875,0.017899387619055778
680,0.5,0.7139139592319259,1,0,0,1,-0.01513151473256192,0.013251100118581069
681,0.5,0.6968267476395212,1,0,0,1,-0.012492957373785534,0.004985674939296143
682,0.5,0.6818366551117606,1,0,0,1,-0.00803576566735799,-0.004045791757056693
683,0.5,0.6687700673114756,1,0,0,1,-0.004017040666342319,-0.013259160492530408
684,0.5,0.6570173909581798,1,0,0,1,-0.0010533205236037961,-0.02126066332037006
685,0.5,0.6399223977845634,1,0,0,1,0.0013339478892828215,-0.026673934228142043
686,0.5,0.6307685315987696,1,0,0,1,0.0031134448793410313,-0.02966934850975004
687,0.5,0.6260683367237025,1,0,0,1,0.004450598327262122,-0.03086511141818976
688,0.5,0.6263462089593586,1,0,0,1,0.006615558829700137,-0.03125524328066217
689,0.5,0.6283711816359534,1,0,0,1,0.0074955253476087875,-0.03072777439963432
690,0.5,0.6316569359710871,1,0,0,1,0.006689090243439885,-0.029352014425735807
691,0.5,0.6388218638410632,1,0,0,1,0.006214197300210162,-0.028159890456597805
692,0.5,0.6446678658946399,1,0,0,1,0.005681673356661472,-0.026784021335676384
693,0.5,0.6569171634371018,1,0,0,1,0.0047314330784300924,-0.024512878983555104
694,0.5,0.6745108104216873,1,0,0,1,0.0026249783395551392,-0.020435017934145476
695,0.5,0.7034726925359176,1,0,0,1,0.0030069343469541687,-0.016902133409494945
696,0.5,0.7289384319585788,1,0,0,1,0.006456939634837566,-0.014520644640824332
697,0.5,0.7478901865380156,1,1,1,1,0.011534161771469998,-0.012519550736470398
698,0.5,0.7923326230773775,0,1,1,1,0.017398365071785396,-0.00680281522401462
699,0.5,0.8215991476254098,0,1,1,1,0.02656839180985571,-0.0019441608386546719
700,0.5,0.7705352131349825,0,1,1,0,0.031660627162978294,0.002518990482976544
701,0.5,0.7911404071092311,0,1,1,0,0.03205683643617234,0.005154016694440142
702,0.5,0.7821274072839535,0,1,1,0,0.030795140281609613,0.0049835236282989
703,0.5,0.7738203476420589,0,1,1,0,0.02956045935529513,0.0056745414747204435
704,0.5,0.786687740919192,0,1,1,0,0.027251671655123967,0.003959484816861016
705,0.5,0.7647852939152572,0,1,1,0,0.023972183481859734,0.0001011908348378564
706,0.5,0.7562434994751758,0,1,1,0,0.02347971095443867,-0.00164736625441409
707,0.5,0.7532554662234752,0,1,1,0,0.025851545703608602,-0.0026106726438499847
708,0.5,0.7488783526957163,0,1,1,0,0.02944456908348043,-0.0019041785938933979
709,0.5,0.73224864934236,0,1,1,0,0.030284281452940105,6.670887224912786e-06
710,0.5,0.7104632347217987,0,1,1,0,0.030985257267906678,0.0037361219824602636
711,0.5,0.7138188093258119,0,1,1,0,0.0328918711554281,0.00837045374086068
712,0.5,0.7346716861299473,0,1,1,0,0.034617743970358245,0.011592668160069436
713,0.5,0.7307637436569558,0,1,1,0,0.03555677510756274,0.01435534681602973
714,0.5,0.732091455440996,0,1,1,0,0.03403945178619434,0.018865698370194306
715,0.5,0.7549225673783058,0,1,1,0,0.03164045243284826,0.021155676922693163
716,0.5,0.8003994487637028,0,1,1,0,0.03065743707508856,0.020663702867555655
717,0.5,0.8463185174101383,1,1,1,0,0.03015145327305187,0.017709335816776518
718,0.5,0.8011910804403825,1,0,1,1,0.0217534245545532,0.015240881757721338
719,0.5,0.793665555354385,1,0,1,1,0.013821443438458788,0.017838688104699376
720,0.5,0.8098976826335491,1,0,0,1,0.0058455946221915,0.01494075183787643
721,0.5,0.7529013089624543,1,0,0,1,0.0016943847435139817,0.008865067616977687
722,0.5,0.7313948252671753,1,0,0,1,0.0016881989715779669,0.0030396783107799878
723,0.5,0.7137009972205861,1,0,0,1,0.0022445035718777506,-0.004069764029592226
724,0.5,0.6923171442477546,1,0,0,1,0.003152717174805151,-0.011496603835190666
725,0.5,0.6722313383635039,1,0,0,1,0.004571605988975222,-0.018400276875465717
726,0.5,0.6545792548327504,1,0,0,1,0.00641798442469139,-0.023648762455347874
727,0.5,0.640151963515786,1,0,0,1,0.008027168357993828,-0.027250872599896964
728,0.5,0.6334531229205939,1,0,0,1,0.009367725058213296,-0.030051281269484583
729,0.5,0.6243562441348446,1,0,0,1,0.012265935843379296,-0.032469223486383085
730,0.5,0.624900174395038,1,0,0,1,0.015812086088285743,-0.03393546672934367
731,0.5,0.6231003739387999,1,0,0,1,0.01748035620865782,-0.034825190875889867
732,0.5,0.6217897796906874,1,0,0,1,0.018563271117057353,-0.035070532795327805
733,0.5,0.6280718626848358,1,0,0,1,0.01862504682399104,-0.03451658692579135
734,0.5,0.6340328616427837,1,0,0,1,0.018464619070682503,-0.03393915083704947
735,0.5,0.6418811646223687,1,0,0,1,0.017475078523640712,-0.031461996061436896
736,0.5,0.6774765532693794,1,0,0,1,0.018946234976911613,-0.02994733674677359
737,0.5,0.6863141708862069,1,0,0,1,0.021857423412796843,-0.02832849253122021
738,0.5,0.6748897775410091,1,0,1,1,0.02151973417426038,-0.022957637055627044
739,0.5,0.7119955091497824,1,0,1,1,0.01833047895212879,-0.01404857188425598
740,0.5,0.7244388254722279,0,1,1,1,0.022136212311148765,-0.006477887764724209
741,0.5,0.775618591067498,0,1,1,1,0.028500477105230692,-0.0019428702666150263
742,0.5,0.7659381617605705,0,1,1,0,0.03296906900742996,0.002044699733730193
743,0.5,0.7497445084812923,0,1,1,0,0.030914027692455746,0.004959696790961208
744,0.5,0.7646146962820527,0,1,1,0,0.024910070407375914,0.005134825269318331
745,0.5,0.7372834684292123,0,1,1,0,0.01921205900349385,0.00429556588863421
746,0.5,0.7458513195295828,0,1,1,0,0.016611075080999967,0.003124450044756309
747,0.5,0.7187595332017255,0,1,1,0,0.01602198492066917,0.0020990433866673285
748,0.5,0.7045689678897827,0,1,1,0,0.01629734336750494,0.0012737521420474519
749,0.5,0.6993633243393093,0,1,1,0,0.018064623588641793,0.00121542682384765
750,0.5,0.6852982931244114,0,1,1,0,0.020226970757802047,0.0013015251950671944
751,0.5,0.6694693035756724,0,1,1,0,0.02146503242407377,0.0023430309706024177
752,0.5,0.6479060743498307,0,1,1,0,0.02327914514763216,0.0046015490783882455
753,0.5,0.6544393090346408,0,1,1,0,0.024754304858447755,0.00708643753075055
754,0.5,0.662523415771684,0,1,1,0,0.025101254939301352,0.0086466316343635
755,0.5,0.6659595058791656,0,1,1,0,0.02348775276929091,0.011029938877487273
756,0.5,0.6655533315411436,0,1,1,0,0.020267227399679802,0.013995352775314626
757,0.5,0.6957783195635943,0,1,1,0,0.017145541824627145,0.014172418885695804
758,0.5,0.743004523440507,0,1,1,0,0.01565522513295542,0.011178491578615158
759,0.5,0.7854137231262756,0,1,1,0,0.013550937756847077,0.0068276468153254
760,0.5,0.721234735612505,1,0,1,1,0.006667879692405824,0.004172369459789265
761,0.5,0.6685231212001135,1,0,1,1,-0.0008142117300955503,0.008032584296534698
762,0.5,0.7007495125048129,1,0,1,1,-0.008182196160172878,0.011259724056007793
763,0.5,0.732737953148804,1,0,0,1,-0.01524161946831622,0.005372912296591422
764,0.5,0.6957544451999154,1,0,0,1,-0.017457599438596587,-0.0028831438916248776
765,0.5,0.6829402506375778,1,0,0,1,-0.014792737772117625,-0.00987234763812774
766,0.5,0.6813094441558128,1,0,0,1,-0.01157846843865828,-0.017275654409898332
767,0.5,0.6681529029921234,1,0,0,1,-0.008764745282196403,-0.02381159702013114
768,0.5,0.6539417108524316,1,0,0,1,-0.00520086657998673,-0.028800266936947486
769,0.5,0.6375843809737098,1,0,0,1,-0.0017877140549023437,-0.031619171482930586
770,0.5,0.6302941699114009,1,0,0,1,0.0007591549014831101,-0.03272537236021411
771,0.5,0.6231440185882425,1,0,0,1,0.002324360986382382,-0.03189192884485972
772,0.5,0.628390935360513,1,0,0,1,0.0028670208222403037,-0.030362355958893215
773,0.5,0.6341664918893943,1,0,0,1,0.0024444042459223964,-0.02924272566778446
774,0.5,0.6342636828353923,1,0,0,1,0.0015451530720836633,-0.027687559953720672
775,0.5,0.648018517123536,1,0,0,1,0.0007677261275930227,-0.026408344151650373
776,0.5,0.6486345703725312,1,0,0,1,0.00013125636581499085,-0.024654193963411352
777,0.5,0.6619647130810467,1,0,0,1,-0.0006729789468339279,-0.021666152519474544
778,0.5,0.6875127557403101,1,0,0,1,-0.0012917845725943316,-0.018250868628015973
779,0.5,0.6959794117696168,1,0,0,1,0.0006106066650140799,-0.014746819612409185
780,0.5,0.7615097300058459,1,0,0,1,0.00503453786038303,-0.014304249797433019
781,0.5,0.7135928971784224,1,1,1,1,0.008250888226289844,-0.010699991524643229
782,0.5,0.7933360715209269,0,1,1,1,0.012202315853098425,-0.0024526408485618678
783,0.5,0.792302792962982,0,1,1,1,0.022066003783632007,0.0021079412281473043
784,0.5,0.7548816687861418,0,1,1,0,0.02711735121843242,0.0070996629540306215
785,0.5,0.7817723680206268,0,1,1,0,0.02770255782905202,0.010540232696409671
786,0.5,0.7709351251402665,0,1,1,0,0.027406065965078403,0.009743773603094755
787,0.5,0.770599496235957,0,1,1,0,0.026492048782870377,0.007977955752134893
788,0.5,0.7566768222982379,0,1,1,0,0.024288267146080393,0.0045624457517958765
789,0.5,0.7198025925367268,0,1,1,0,0.022649658643734007,0.003200301089529144
790,0.5,0.7176767212441683,0,1,1,0,0.02302534425342282,0.002360208065779679
791,0.5,0.7091086041075851,0,1,1,0,0.024700176848401558,0.0014306283311867577
792,0.5,0.7004578817903873,0,1,1,0,0.028299142705439897,0.0022643744896179985
793,0.5,0.6855643956655078,0,1,1,0,0.030433341488728838,0.004584490972586186
794,0.5,0.6677404360197841,0,1,1,0,0.03245804134575845,0.008707936917292195
795,0.5,0.680793547377925,0,1,1,0,0.03504394144320113,0.013535383724543996
796,0.5,0.6770855813202766,0,1,1,0,0.03697218692005404,0.01784515436120743
797,0.5,0.6875529841051533,0,1,1,0,0.038626136143601955,0.021427258563262726
798,0.5,0.7053223120860335,0,1,1,0,0.039490907335913046,0.02332373413637778
799,0.5,0.728661230424393,0,1,1,0,0.038392095864890785,0.024124934396686545
800,0.8,0.7734077862701263,0,1,1,0,0.03793595460336646,0.02361024387116945
801,0.8,0.757586628043915,1,1,1,0,0.03261097843766293,0.020917548325808288
802,0.8,0.7527559622403006,1,0,1,1,0.02094000003005236,0.01491308463132952
803,0.8,0.7070775965271621,1,0,1,1,0.009873768856044964,0.013881133366072496
804,0.8,0.6668253806018524,1,0,0,1,0.000908330665068721,0.015721974099108523
805,0.8,0.689029118198845,1,0,0,1,-0.0032231551185274354,0.011255759064900627
806,0.8,0.7023636880885261,1,0,0,1,-0.005118893660349081,-0.00021847186258824584
807,0.8,0.694428258984797,1,0,0,1,-0.0031975783056004867,-0.01302519672154128
808,0.8,0.6934099752162405,1,0,0,1,0.0016118598503977299,-0.026256191120996687
809,0.8,0.6848184087400101,1,0,0,1,0.007148775846040105,-0.03800524837787284
810,0.8,0.6735196361230622,1,0,0,1,0.013205624663126424,-0.047024213906760766
811,0.8,0.6727754244288808,1,0,0,1,0.018938396612238343,-0.05334740395226529
812,0.8,0.6791862316707372,1,0,0,1,0.02474641770782387,-0.05743087923689297
813,0.8,0.6841553865900446,1,0,0,1,0.02818131405340837,-0.058731001055268156
814,0.8,0.6792174156200308,1,0,0,1,0.030998697732456008,-0.05722170838359919
815,0.8,0.7022908928160896,1,0,0,1,0.03197136497690817,-0.055462734379069796
816,0.8,0.6903408024301398,1,0,0,1,0.03287807798298743,-0.053284559586144475
817,0.8,0.6941244392567173,1,0,0,1,0.033401178465778926,-0.05038023159800947
818,0.8,0.7252698496729919,1,0,0,1,0.033060228602786956,-0.048305386336812646
819,0.8,0.7652122335792038,1,0,0,1,0.034243391567938326,-0.04785228152157194
820,0.8,0.7957449609021161,1,0,0,1,0.03873309614219676,-0.047953391765006854
821,0.8,0.7919809283408785,1,0,1,1,0.041766070066215875,-0.04528316662207515
822,0.8,0.815734313124332,1,0,1,1,0.04201648037189907,-0.03704197034667881
823,0.8,0.84358686501583,0,0,1,1,0.04616234070504016,-0.028160501388176922
824,0.8,0.864306025721283,0,0,1,0,0.04691819422011796,-0.02010376971374008
825,0.8,0.8801836555120408,0,1,1,0,0.04084796521685917,-0.012370144194846626
826,0.8,0.878074731029943,0,1,1,0,0.03398619041278927,-0.005583252963036158
827,0.8,0.8830981743277042,0,1,1,0,0.030489849998507915,-0.0005770757273513602
828,0.8,0.8877982524886798,0,1,1,0,0.03236453635542433,0.003079676326794483
829,0.8,0.8931218712593825,0,1,1,0,0.03653545640479826,0.006269298254056509
830,0.8,0.8922259845795937,0,1,1,0,0.039592833938853586,0.008586640473697898
831,0.8,0.8874513301399488,0,1,1,0,0.04153771732277771,0.010359159642731366
832,0.8,0.8824004192793223,0,1,1,0,0.042678323275424965,0.011660362202795111
833,0.8,0.8783170709164477,0,1,1,0,0.04319291270679654,0.012564124764943901
834,0.8,0.8997145929930078,0,1,1,0,0.04265178212997744,0.013186998123511847
835,0.8,0.9125155891252779,0,1,1,0,0.03967522292102667,0.012608726127145524
836,0.8,0.9305251120192121,0,1,1,0,0.034376309547912064,0.011197349341444606
837,0.8,0.9589001020296981,0,1,1,0,0.028545745319350366,0.00894100764732681
838,0.8,0.9893136080783029,0,1,1,0,0.021826935669776334,0.006608715016290479
839,0.8,1.0219620513048207,1,1,1,0,0.014408634990986883,0.004618941960644983
840,0.8,1.0276824291163567,1,0,1,1,0.0028888447379028875,0.0013343815277749237
841,0.8,0.9754982966403618,1,0,1,1,-0.007612167013146567,0.003290605406610592
842,0.8,0.9818852452641207,1,0,0,1,-0.013470927010388595,0.00603707819013115
843,0.8,0.981478127191912,1,0,0,1,-0.016527497569959797,0.0031405654745453038
844,0.8,0.9488576655749535,1,0,0,1,-0.01836907737786211,-0.00040647578417244985
845,0.8,0.9306488506165111,1,0,0,1,-0.019849673240948315,-0.003559879892131019
846,0.8,0.9287161948556824,1,0,0,1,-0.022019193850304285,-0.007313556896796381
847,0.8,0.9322905817377354,1,0,0,1,-0.023256134415876813,-0.011302633024415967
848,0.8,0.9439738277598135,1,0,0,1,-0.022070664163956335,-0.015229889278651012
849,0.8,0.9542856333912523,1,0,0,1,-0.019642085851463514,-0.018463754275329272
850,0.8,0.9548560489645878,1,0,0,1,-0.01664673519911903,-0.0196804228463722
851,0.8,0.9542434014416257,1,0,0,1,-0.013833042810982134,-0.018768230912551438
852,0.8,0.9658029537117108,1,0,0,1,-0.012241970981000341,-0.017259033641382728
853,0.8,0.9657510527112384,1,0,0,1,-0.010988392466012036,-0.014931876813724133
854,0.8,0.9806745034271105,1,0,0,1,-0.009596327659420967,-0.012399006653642346
855,0.8,1.0096265560418598,1,0,0,1,-0.008481267494097553,-0.010236215512130147
856,0.8,1.0455175425535639,1,0,0,1,-0.008038341984678048,-0.007750875606159157
857,0.8,1.0902912082475222,1,0,0,1,-0.004561108831856178,-0.006474228787030216
858,0.8,1.126421023795945,1,0,0,1,0.0012367160312900475,-0.005561222211864395
859,0.8,1.0935839147779367,0,1,1,0,0.008888915824136796,-0.004397438571919395
860,0.8,1.0837188810644942,0,1,1,0,0.011345679659476325,-0.0036011532187956753
861,0.8,1.0829676139216264,0,1,1,0,0.011675668025256195,-0.004248748294430492
862,0.8,1.0593495034690892,0,1,1,0,0.008941456618843227,-0.005704102127296461
863,0.8,1.0447048846771216,0,1,1,0,0.008752343591066402,-0.006802648012697382
864,0.8,1.034680622577099,0,1,1,0,0.013062332992332717,-0.0069452413434600135
865,0.8,1.0195978993277335,0,1,1,0,0.017291328454441045,-0.0058703627730213245
866,0.8,1.0037060372122326,0,1,1,0,0.01925000576242224,-0.004374020608406366
867,0.8,0.983510669063579,0,1,1,0,0.019612692820750757,-0.0028709265335078657
868,0.8,0.961444677021262,0,1,1,0,0.020896170195296,-0.0008770028217572925
869,0.8,0.9446648260636744,0,1,1,0,0.02275509050270189,0.002212576230017455
870,0.8,0.9500772609368089,0,1,1,0,0.02433569732600256,0.004872760689452749
871,0.8,0.9468110704843113,0,1,1,0,0.025143100912781723,0.0077225136470677825
872,0.8,0.9552912017736402,0,1,1,0,0.025362697073873466,0.010237785129436584
873,0.8,0.9904163676572975,0,1,1,0,0.025086946694892084,0.010510301523266784
874,0.8,1.022095015239632,0,1,1,0,0.023053353119703628,0.00933853978493688
875,0.8,1.0528345057212722,0,1,1,0,0.019755197633341486,0.008460993313722595
876,0.8,1.037762635898648,1,1,1,0,0.012531652048614336,0.006854867852288601
877,0.8,0.9862481397949994,1,0,1,1,0.0037594225022279156,0.006239633244885839
878,0.8,0.9772852599636154,1,0,0,1,-0.0019275804125339553,0.009114532797018593
879,0.8,1.0014095858534002,1,0,0,1,-0.006834678154325073,0.005004088085793319
880,0.8,0.9673078599040648,1,0,0,1,-0.00993530660163816,-0.0017961666843550517
881,0.8,0.9389395608608545,1,0,0,1,-0.00945587027336779,-0.007510035952082381
882,0.8,0.9376843715517411,1,0,0,1,-0.007052933826723328,-0.01370274257637573
883,0.8,0.9306171472509711,1,0,0,1,-0.004909384678843372,-0.020300086980515573
884,0.8,0.9179844019614471,1,0,0,1,-0.002376791036735773,-0.02509318459663054
885,0.8,0.9153741674987041,1,0,0,1,0.0014052125025339473,-0.02817258179957717
886,0.8,0.9323503811636924,1,0,0,1,0.00469004219152295,-0.030139406693548716
887,0.8,0.9466974738966436,1,0,0,1,0.005696146265920854,-0.031078763704898506
888,0.8,0.9325672966784169,1,0,0,1,0.008771127984933808,-0.029889839119404512
889,0.8,0.9477190322461069,1,0,0,1,0.011509661644787735,-0.028205334513955314
890,0.8,0.9389411506056677,1,0,0,1,0.014689313681096269,-0.026393291337180512
891,0.8,0.930638378622978,1,0,0,1,0.016934150672636795,-0.022955243901303816
892,0.8,0.9492286951972897,1,0,0,1,0.017406080153848785,-0.01939991069489258
893,0.8,0.9802864095301014,1,0,0,1,0.018607327183856638,-0.01726697119144545
894,0.8,1.0195092049545091,1,0,0,1,0.02236506308529734,-0.01662603325313714
895,0.8,1.0349518561617248,0,0,1,1,0.028040116324535486,-0.015566760719986455
896,0.8,1.0122153933515423,0,0,1,0,0.028400268470158363,-0.009040087404124875
897,0.8,1.0059744945898073,0,1,1,0,0.026710220381008745,-0.00331555151016873
898,0.8,1.0073723985245713,0,1,1,0,0.026279090688289607,0.0007217198147256857
899,0.8,0.9929711984518826,0,1,1,0,0.02580414742685468,0.004690291910147305
900,0.8,0.9944548762500396,0,1,1,0,0.0273106571330059,0.007439393898827858
901,0.8,0.9893368398614278,0,1,1,0,0.03076943991122606,0.009021774511710214
902,0.8,0.981896582942929,0,1,1,0,0.033706539254896695,0.01013351414958518
903,0.8,0.9710756010654796,0,1,1,0,0.03460919279908384,0.0103157743565087
904,0.8,0.9535241085674326,0,1,1,0,0.03524135586446332,0.01043106066116518
905,0.8,0.9416608287825673,0,1,1,0,0.03674319308205619,0.011309125216074157
906,0.8,0.9388911512757159,0,1,1,0,0.03726171690161873,0.011989661209042162
907,0.8,0.9458622680994266,0,1,1,0,0.03706340431286728,0.012040056943886797
908,0.8,0.9531863164167846,0,1,1,0,0.03408018729022312,0.011919715311184631
909,0.8,0.9664598927179823,0,1,1,0,0.02929832205440507,0.01141344335044985
910,0.8,0.9932770739792559,0,1,1,0,0.025562985616847254,0.00999207296060911
911,0.8,1.0183105967914736,0,1,1,0,0.02064284810546644,0.007845543998813511
912,0.8,1.0407522191558354,1,1,1,0,0.014346329749876015,0.00602094956533065
913,0.8,1.052590748133016,1,1,1,0,0.005965505081748079,0.0025185780578863078
914,0.8,0.9936923547898125,1,0,1,1,-0.0026469445556690963,0.0026698413903016673
915,0.8,0.981991708183533,1,0,0,1,-0.011273305883611374,0.0067795461410758845
916,0.8,1.01607732435898,1,0,0,1,-0.017982410843663876,0.004788411689227135
917,0.8,1.0108552677546854,1,0,0,1,-0.022540932560799982,-0.0011305192965668381
918,0.8,0.9822471622950288,1,0,0,1,-0.02390905722187529,-0.005850123203265866
919,0.8,0.9654290370824488,1,0,0,1,-0.023194823290014797,-0.009447559454940222
920,0.8,0.9553590455321613,1,0,0,1,-0.0211843813213158,-0.012433245969134121
921,0.8,0.9651100493212376,1,0,0,1,-0.017524223245990258,-0.015459948161735567
922,0.8,0.9830512002413048,1,0,0,1,-0.013663546580577725,-0.018441632912998697
923,0.8,0.9981534545814137,1,0,0,1,-0.009826267875145898,-0.020986149792411382
924,0.8,0.9966957331003916,1,0,0,1,-0.006017704429659056,-0.021915622514101528
925,0.8,0.9960591969785831,1,0,0,1,-0.0033896303970199827,-0.020646707315821574
926,0.8,0.993994127829647,1,0,0,1,-0.0015112210481072288,-0.018091417585933984
927,0.8,1.0053428103055329,1,0,0,1,0.0008106817612171669,-0.015548144420979543
928,0.8,1.0172715562722627,1,0,0,1,0.0035524036365205927,-0.01347596273859058
929,0.8,1.0232420332358956,1,0,0,1,0.004273052748176025,-0.009195793583709309
930,0.8,1.0756663278753686,1,0,0,1,0.005360955138212991,-0.006135734804255229
931,0.8,1.1026340950424465,1,0,0,1,0.008988130703539708,-0.00405732810705915
932,0.8,1.1197698310363804,0,1,1,1,0.017118562499472575,-0.0007407660974637268
933,0.8,1.0588644590996592,0,1,1,0,0.025568254891412952,0.001538628798422879
934,0.8,1.071307010186428,0,1,1,0,0.028845072179856858,0.0011019857815740624
935,0.8,1.0499508008562202,0,1,1,0,0.02747120662013019,-0.0003904797936042772
936,0.8,1.022249327381805,0,1,1,0,0.02419396959017721,-0.0008324991236658561
937,0.8,1.0137069404345105,0,1,1,0,0.02378217192404877,-0.001263039417212758
938,0.8,0.9993060496528985,0,1,1,0,0.025741096630947577,-0.0008587530719271015
939,0.8,0.9953618321453274,0,1,1,0,0.02814725484210088,-0.00043223746977151924
940,0.8,0.9808378710011173,0,1,1,0,0.029461559077516117,-0.00023637900957204996
941,0.8,0.9627441853796483,0,1,1,0,0.030982220914082776,0.0008836062627875928
942,0.8,0.9533480151029596,0,1,1,0,0.03310807133562206,0.0032293287672531426
943,0.8,0.9585822380831281,0,1,1,0,0.03396750844749947,0.004988550486915216
944,0.8,0.9515041149133676,0,1,1,0,0.033560710780579706,0.00769826892417541
945,0.8,0.9591691711479677,0,1,1,0,0.031955200232177836,0.010756395815949818
946,0.8,0.9806110212554761,0,1,1,0,0.030517611271181865,0.01194394455561158
947,0.8,1.02005112006881,0,1,1,0,0.02838370424732439,0.011110557193788782
948,0.8,1.054406690701934,0,1,1,0,0.025181469040543896,0.009435676416820178
949,0.8,1.0644379444328371,1,1,1,0,0.019308969401640178,0.008236533566868678
950,0.8,1.0736004290151218,1,0,1,0,0.010456138373373926,0.00540180559615894
951,0.8,1.0330903983764408,1,0,1,1,0.0010518422521471552,0.006272697395559681
952,0.8,0.9967449633822804,1,0,0,1,-0.006221920214206235,0.009591424641597431
953,0.8,1.0145751354348338,1,0,0,1,-0.010649978789090854,0.00688736966300699
954,0.8,1.010202818991116,1,0,0,1,-0.014890398249892675,-0.0007175433227646637
955,0.8,0.9853270806654414,1,0,0,1,-0.016198256374939407,-0.00778121898284315
956,0.8,0.9724846062017155,1,0,0,1,-0.01445995935866826,-0.013771892267886504
957,0.8,0.9626101096336908,1,0,0,1,-0.011199127755683788,-0.018658057241256652
958,0.8,0.9632298681432494,1,0,0,1,-0.00672976930352822,-0.022186275606215996
959,0.8,0.9734013309812697,1,0,0,1,-0.0020003095831465827,-0.02454554229780673
960,0.8,0.9798538429248964,1,0,0,1,0.0013409675427678528,-0.02546888692079635
961,0.8,0.9810239470795755,1,0,0,1,0.003016514968497833,-0.02437785876210617
962,0.8,0.9811989081512463,1,0,0,1,0.0038346844448303706,-0.021621355260543908
963,0.8,0.978146574120334,1,0,0,1,0.00489598168965568,-0.0183809106262388
964,0.8,0.9836833646919511,1,0,0,1,0.005194466895549434,-0.014433177254206467
965,0.8,0.9960869644177515,1,0,0,1,0.004578178708580744,-0.01032874454986082
966,0.8,1.0212675672432763,1,0,0,1,0.0032790363375233126,-0.00538926712742527
967,0.8,1.0566526796300417,1,0,0,1,0.00446947978010485,-0.00192257566909377
968,0.8,1.090792240008075,0,1,0,1,0.00955373187663838,0.0007872808199412328
969,0.8,1.113538301496178,0,1,1,0,0.01966759574413482,0.002282301064255433
970,0.8,1.0662951127045894,0,1,1,0,0.02176371128072635,0.0030135253229459425
971,0.8,1.0303411614153426,0,1,1,0,0.019368693997379054,0.0020420001620942894
972,0.8,1.0008589345813053,0,1,1,0,0.01635588440781186,0.0013214423382616333
973,0.8,0.9759945756367462,0,1,1,0,0.016387465839726403,0.0008721694213357967
974,0.8,0.9567247729627172,0,1,1,0,0.018610884813034172,0.0005747126281377808
975,0.8,0.9378904296836658,0,1,1,0,0.020851632429945675,0.000205389900942032
976,0.8,0.9239559989348524,0,1,1,0,0.023016094440410726,-0.00011630588572044438
977,0.8,0.9043176255805825,0,1,1,0,0.024416801456334476,-0.000122077369620107
978,0.8,0.8823973639547807,0,1,1,0,0.025747523146284822,0.0008838056789756839
979,0.8,0.8869317646595147,0,1,1,0,0.026104958525118613,0.0024365034950397297
980,0.8,0.8955447827104285,0,1,1,0,0.025837131866311817,0.0036610296319733193
981,0.8,0.8916162979593633,0,1,1,0,0.024263415465477486,0.00511352875924416
982,0.8,0.9138132877638969,0,1,1,0,0.02228986936142201,0.006109723874417834
983,0.8,0.9466618513467655,0,1,1,0,0.021593241976373412,0.0062312604551970074
984,0.8,0.9782653718265223,0,1,1,0,0.018729866867290827,0.0055034673068839945
985,0.8,0.9989017727856195,1,1,1,0,0.01356595496829694,0.005375590467047817
986,0.8,1.0153261992503404,1,1,1,0,0.005784641403793533,0.003907737380348093
987,0.8,0.9882150617876247,1,0,1,1,-0.005124277318954393,0.002937230072569295
988,0.8,0.9594577232945667,1,0,1,1,-0.013031500298193353,0.007302858366966801
989,0.8,0.9843905084352839,1,0,0,1,-0.019156635972408326,0.006794561421541053
990,0.8,1.0020616227393673,1,0,0,1,-0.023308663101183,-0.0003700209062522363
991,0.8,0.9733732711845022,1,0,0,1,-0.02528737544660768,-0.006925999278778641
992,0.8,0.9478081024983676,1,0,0,1,-0.0244439444806044,-0.01093306687754133
993,0.8,0.9330865929125269,1,0,0,1,-0.022083353634766965,-0.013859598279754477
994,0.8,0.9325987823310666,1,0,0,1,-0.018523368375943525,-0.01624945450820575
995,0.8,0.9430903127231061,1,0,0,1,-0.014043200649917832,-0.01854321035664169
996,0.8,0.9671057531753342,1,0,0,1,-0.010614316853407996,-0.020711474684194604
997,0.8,0.9663593779813513,1,0,0,1,-0.007970361415220716,-0.021418654793728398
998,0.8,0.9694079911606133,1,0,0,1,-0.005575201944407567,-0.01972381107490842
999,0.8,0.9879956890631576,1,0,0,1,-0.0034379971065791022,-0.01835950367570819
1000,0.8,0.9751774580306111,1,0,0,1,-0.00029746302198240687,-0.015845947650469122
1001,0.8,0.9870376817797275,1,0,0,1,0.0022072547036914303,-0.012459162735234872
1002,0.8,1.007604771799407,1,0,0,1,0.0035240858053356035,-0.009268442666828736
1003,0.8,1.0466375235666623,1,0,0,1,0.005621673323865135,-0.006870646803072663
1004,0.8,1.0895707847817897,1,0,0,1,0.01038305785156389,-0.005607574273912164
1005,0.8,1.1267247289748634,0,0,1,1,0.02085554459813599,-0.0035006798525465785
1006,0.8,1.038047503022617,0,1,1,0,0.030113622043086284,0.001046148279736339
1007,0.8,1.0694254118191746,0,1,1,0,0.03354996412875562,0.002322480764610387
1008,0.8,1.0506754295999814,0,1,1,0,0.03236878939940625,0.0015926348885951507
1009,0.8,1.0317640652103637,0,1,1,0,0.028443869903140167,0.0021858110295108054
1010,0.8,1.0213765759671927,0,1,1,0,0.026921207013553997,0.0025983080851129012
1011,0.8,1.0040932523655253,0,1,1,0,0.028920740677635424,0.0041795572513920265
1012,0.8,1.0014884553758685,0,1,1,0,0.03269994886194825,0.005840765552145328
1013,0.8,0.9858978342470279,0,1,1,0,0.035957648612929285,0.007093806083765797
1014,0.8,0.9714055798636275,0,1,1,0,0.03898389968940637,0.008725647481824314
1015,0.8,0.9730618160811674,0,1,1,0,0.04180025645069851,0.010345890598633938
1016,0.8,0.9806626669500276,0,1,1,0,0.04419615210136753,0.011848239529508316
1017,0.8,0.9819766757658562,0,1,1,0,0.04356204318968043,0.01347485934556801
1018,0.8,0.9942633401697577,0,1,1,0,0.040648122775034594,0.015048529013075804
1019,0.8,1.0130441433552164,0,1,1,0,0.03798938797172635,0.015616831763980588
1020,0.8,1.0501259022926621,0,1,1,0,0.03482328488451461,0.015301653669937274
1021,0.8,1.0809479682529284,0,1,1,0,0.030905077770720792,0.014570903020734837
1022,0.8,1.0556612565595787,1,1,1,0,0.021659971237802552,0.012034125967550331
1023,0.8,1.0355363929125498,1,0,1,0,0.010922172788952739,0.008024794635295391
1024,0.8,1.0145821165776265,1,0,1,1,0.001006431852481323,0.007346629991058856
1025,0.8,0.985343501143357,1,0,0,1,-0.007265536821254661,0.009296676089146047
1026,0.8,1.0061015911786888,1,0,0,1,-0.012275785357471128,0.006692458599398751
1027,0.8,0.992928859160202,1,0,0,1,-0.01548379177047814,-0.00021224886868552044
1028,0.8,0.9642249410401055,1,0,0,1,-0.015510001398564928,-0.005827068618302294
1029,0.8,0.9554004320317235,1,0,0,1,-0.012832165985969295,-0.01067795007921821
1030,0.8,0.954423513181254,1,0,0,1,-0.009737103906361984,-0.015341596697463968
1031,0.8,0.9532350600756428,1,0,0,1,-0.006506641989239604,-0.018862425822794057
1032,0.8,0.9625856866132937,1,0,0,1,-0.003075165350628754,-0.021137423775447584
1033,0.8,0.9717078972960033,1,0,0,1,0.0002532498566258681,-0.022538622779869264
1034,0.8,0.9761660000306227,1,0,0,1,0.0021052360661242804,-0.02225001752630761
1035,0.8,0.9757260710483081,1,0,0,1,0.0031844954424388467,-0.019969287691457803
1036,0.8,0.975543117228015,1,0,0,1,0.00457001526966808,-0.017115724819933245
1037,0.8,0.979563079256173,1,0,0,1,0.0067020908812406655,-0.013866965886744385
1038,0.8,0.9892163600179047,1,0,0,1,0.007463189154393043,-0.009732576755074043
1039,0.8,0.9973842178719227,1,0,0,1,0.0056732306882355706,-0.0033274330079696122
1040,0.8,1.0442839508595771,1,0,0,1,0.00542833205523152,0.0016993360215890572
1041,0.8,1.0804518687072284,0,1,0,1,0.01217218981404545,0.005547866245080878
1042,0.8,1.1081304249860617,0,1,1,1,0.02652676592459027,0.007565892747145288
1043,0.8,1.056128296925903,0,1,1,0,0.03193929537929767,0.009944235808992138
1044,0.8,1.0197458799674028,0,1,1,0,0.03046307079637794,0.010356340576147267
1045,0.8,0.9891564261059378,0,1,1,0,0.025853986694833606,0.010804565704843953
1046,0.8,0.9598751288796615,0,1,1,0,0.023483177423238983,0.011248159153502899
1047,0.8,0.947190664220928,0,1,1,0,0.02461740437564737,0.011040725029935933
1048,0.8,0.9330170992231378,0,1,1,0,0.027618063873023218,0.01021664832500108
1049,0.8,0.9303131414818685,0,1,1,0,0.032242566084103565,0.009097213113419931
1050,0.8,0.9204927471050964,0,1,1,0,0.035816768417448915,0.007956275333300232
1051,0.8,0.9058719585089691,0,1,1,0,0.03799933205568148,0.007613677146417436
1052,0.8,0.9102882914629677,0,1,1,0,0.03930103269347546,0.009047186329420108
1053,0.8,0.9219620196826381,0,1,1,0,0.03857317988532079,0.01031838501213427
1054,0.8,0.90953479373063,0,1,1,0,0.03607460264959829,0.012200426320461394
1055,0.8,0.9245952803209571,0,1,1,0,0.0327329505908391,0.01378998711991751
1056,0.8,0.9592125673002561,0,1,1,0,0.03172316310080751,0.013847145911022301
1057,0.8,0.9986839999364213,0,1,1,0,0.029089538324773467,0.012640960683350915
1058,0.8,1.0194659109085802,1,1,1,0,0.024786631490555554,0.011579091326306822
1059,0.8,1.0299265379136346,1,1,1,0,0.016867076460345156,0.00847906911576626
1060,0.8,1.0078653550264443,1,0,1,1,0.005577764914058085,0.0059001934317533455
1061,0.8,0.9801888360352239,1,0,0,1,-0.0028435092861170234,0.008071632671417868
1062,0.8,0.9942096714944639,1,0,0,1,-0.008561600640703349,0.005936917593198507
1063,0.8,0.9711332646565193,1,0,0,1,-0.011943424130497999,0.0008795885577653342
1064,0.8,0.937372878319145,1,0,0,1,-0.01259397617030818,-0.003549185481797696
1065,0.8,0.9151085180473545,1,0,0,1,-0.01170883475591009,-0.007666739788855547
1066,0.8,0.9018831310080377,1,0,0,1,-0.010414345901789107,-0.012053094332879953
1067,0.8,0.8996361427507166,1,0,0,1,-0.008427098978334815,-0.016420275653009145
1068,0.8,0.9106575535656856,1,0,0,1,-0.00546748052749105,-0.02074039846382069
1069,0.8,0.9225712646087353,1,0,0,1,-0.002391986879058449,-0.024534505782221497
1070,0.8,0.9188805442764979,1,0,0,1,0.0011223628975541619,-0.026007520144147353
1071,0.8,0.91442337661617,1,0,0,1,0.0036530356376050506,-0.02428180232752897
1072,0.8,0.9245189767305989,1,0,0,1,0.005474982058689535,-0.02267943677033921
1073,0.8,0.9158601914631098,1,0,0,1,0.0068898198240980035,-0.02000646214421711
1074,0.8,0.9326640499764844,1,0,0,1,0.008073750953557673,-0.017365062425547383
1075,0.8,0.9489832633416945,1,0,0,1,0.007790261196440374,-0.014286804299647106
1076,0.8,0.9884397955036962,1,0,0,1,0.008108602177345691,-0.011572027598722646
1077,0.8,1.0217723708327595,1,0,0,1,0.012027549981994047,-0.009323849690803835
1078,0.8,1.0635074230526311,0,0,0,1,0.020117051145239182,-0.006886807517257297
1079,0.8,1.0014116820479109,0,1,1,0,0.029726370905084214,-0.0020964386552604027
1080,0.8,0.9948600245643741,0,1,1,0,0.033682672085495524,0.0022386498233481805
1081,0.8,0.9944955817280392,0,1,1,0,0.03263508903299226,0.004280408834180264
1082,0.8,0.9965423420918373,0,1,1,0,0.02796041865904775,0.0033061377466091025
1083,0.8,0.9866148668275099,0,1,1,0,0.025705134646518815,0.00099375705555113
1084,0.8,0.9783987447671385,0,1,1,0,0.027105661082897716,-0.0006020772109697225
1085,0.8,0.9675428848122166,0,1,1,0,0.029298356477810497,-0.0009721063427632952
1086,0.8,0.9537443337665847,0,1,1,0,0.029915862091309437,-0.0007921780256648365
1087,0.8,0.9454120698677159,0,1,1,0,0.031102707527762535,-0.00012227561878532997
1088,0.8,0.927732712771856,0,1,1,0,0.03398352281562868,0.002230127086729522
1089,0.8,0.9344067024250104,0,1,1,0,0.034884252853982355,0.005070408611333833
1090,0.8,0.9462411111343856,0,1,1,0,0.03481012559427141,0.0068193052255111465
1091,0.8,0.9424640887667045,0,1,1,0,0.032598579606032706,0.008236467420825497
1092,0.8,0.9550639258631349,0,1,1,0,0.028767947212496984,0.009330675066637605
1093,0.8,0.9906917417759552,0,1,1,0,0.026034779523629304,0.008899003780083292
1094,0.8,1.0258347526801246,0,1,1,0,0.022088723559765572,0.007073460844667195
1095,0.8,1.0511130172220027,1,1,1,0,0.017223385651545686,0.005759753709080263
1096,0.8,1.0604661670547364,1,0,1,0,0.008572044791877021,0.004178125884925025
1097,0.8,1.0442911119687328,1,0,1,1,-0.0020628132463051518,0.00495388799209095
1098,0.8,1.0147819864105871,1,0,0,1,-0.010143057499773794,0.00884338809236035
1099,0.8,1.0246149879920368,1,0,0,1,-0.014610454770692038,0.008265617211472709
1100,0.8,1.0071477839756329,1,0,0,1,-0.017164578717719363,0.003481180949798587
1101,0.8,0.9842031411448438,1,0,0,1,-0.017499124888963477,-0.001685221224171345
1102,0.8,0.9715329599240176,1,0,0,1,-0.016757957199835676,-0.006975839889351492
1103,0.8,0.9628223992460604,1,0,0,1,-0.01510394021320506,-0.011882381837853064
1104,0.8,0.9710608775986982,1,0,0,1,-0.011881101188697464,-0.016309850500492773
1105,0.8,0.9815374927962505,1,0,0,1,-0.007860422592970989,-0.02004529444531106
1106,0.8,0.9924132346013186,1,0,0,1,-0.0041555741947738815,-0.022423045502355653
1107,0.8,0.9828145951169279,1,0,0,1,-0.00047178968790265353,-0.02259246676474995
1108,0.8,0.9827671915569667,1,0,0,1,0.0014033122602129403,-0.02043681186610783
1109,0.8,0.9922974089716934,1,0,0,1,0.003180621562166762,-0.0184939937351718
1110,0.8,0.9934241951689003,1,0,0,1,0.0049182943565416635,-0.015981595530103344
1111,0.8,1.003791393778002,1,0,0,1,0.0058906507210294235,-0.012981343190086656
1112,0.8,1.0265223345785786,1,0,0,1,0.005866594383954355,-0.008963992415862054
1113,0.8,1.0626599033506747,1,0,0,1,0.0078060572915431385,-0.005784124208860359
1114,0.8,1.1060163215767376,0,0,0,1,0.013100201768563186,-0.004724172008554005
1115,0.8,1.067330168833876,0,1,1,0,0.024150202446715757,-0.0015353334663068454
1116,0.8,1.0466490577847267,0,1,1,0,0.028956962818354314,0.003113587228572043
1117,0.8,1.0513662097591083,0,1,1,0,0.028764738290410753,0.004661419304153428
1118,0.8,1.0327520219313884,0,1,1,0,0.02440949347879767,0.004094163989362809
1119,0.8,1.0143066803036078,0,1,1,0,0.021520118629587158,0.0032548535839379404
1120,0.8,0.9950869501814511,0,1,1,0,0.022977904490672843,0.0034682466981153784
1121,0.8,0.9794144323536743,0,1,1,0,0.02633621068420546,0.004588380119840958
1122,0.8,0.9671912582664769,0,1,1,0,0.0299532397475686,0.005862445356376651
1123,0.8,0.9537021595830756,0,1,1,0,0.03237534321878637,0.006717956088031628
1124,0.8,0.9359422027530921,0,1,1,0,0.03498160436257504,0.007988952601746828
1125,0.8,0.9358232146994987,0,1,1,0,0.036975183678306316,0.009628369145089105
1126,0.8,0.9316227154259208,0,1,1,0,0.037793283862995714,0.011413159663732204
1127,0.8,0.9350653830010122,0,1,1,0,0.036788283417935566,0.013621581050041714
1128,0.8,0.9506648247241769,0,1,1,0,0.03449790697821762,0.014912826295912996
1129,0.8,0.9655982575268123,0,1,1,0,0.03199595597845779,0.01472927321212125
1130,0.8,0.9944468989273325,0,1,1,0,0.028589426750192836,0.014091507461751189
1131,0.8,1.0243962053538982,0,1,1,0,0.02435260393219328,0.01340882709495861
1132,0.8,1.0028485969035128,1,1,1,0,0.0162695549252111,0.011638747582560243
1133,0.8,0.9751062847156536,1,0,1,1,0.004636653068630982,0.008943984712278169
1134,0.8,0.948611056409214,1,0,1,1,-0.004286694057591988,0.011075534988160022
1135,0.8,0.9263907608374663,1,0,0,1,-0.012111205399159242,0.013531723854358305
1136,0.8,0.934086641074992,1,0,0,1,-0.016313334620623926,0.011547243054083356
1137,0.8,0.9086843907569289,1,0,0,1,-0.017939381255302658,0.006421322364525477
1138,0.8,0.8929403891994385,1,0,0,1,-0.016489453054315758,0.0008322650712134108
1139,0.8,0.8883161480994415,1,0,0,1,-0.014949790510980611,-0.006381763164976257
1140,0.8,0.8749035827436641,1,0,0,1,-0.013996117103722975,-0.013039906231012761
1141,0.8,0.8763173701448891,1,0,0,1,-0.01141807545944776,-0.01850585504514383
1142,0.8,0.8896156452897566,1,0,0,1,-0.007241839046504977,-0.02317790207140157
1143,0.8,0.9045561088004708,1,0,0,1,-0.0037255485989978383,-0.026641951798670516
1144,0.8,0.8953467667609212,1,0,0,1,0.00037930932499200443,-0.027098227354238388
1145,0.8,0.9123844611392756,1,0,0,1,0.002385560996196767,-0.025094446408602075
1146,0.8,0.9142107979412132,1,0,0,1,0.004929404722371956,-0.023938910927716647
1147,0.8,0.9093092638179759,1,0,0,1,0.007603788414229791,-0.02104798490527173
1148,0.8,0.9370440224583761,1,0,0,1,0.008924187817919453,-0.018447148750273947
1149,0.8,0.9593763882415234,1,0,0,1,0.009252230848884406,-0.015560568860924209
1150,0.8,0.9963395323095037,1,0,0,1,0.01185732019736311,-0.012959775012638789
1151,0.8,1.0377609631967615,0,0,0,1,0.01743850478248925,-0.011783804947297473
1152,0.8,1.0508736184571956,0,1,1,1,0.02793906024964598,-0.007994844482698603
1153,0.8,0.9892043664096806,0,1,1,0,0.035674242940223616,-0.0022144506233652134
1154,0.8,1.007650290185506,0,1,1,0,0.037842485979652514,-5.003917137126239e-05
1155,0.8,0.9831978685681758,0,1,1,0,0.03412152176553471,0.0019230203447724314
1156,0.8,0.9667092561887084,0,1,1,0,0.029336574658754784,0.004447421409208496
1157,0.8,0.9626240378060051,0,1,1,0,0.02922578113430908,0.006396868405093266
1158,0.8,0.9564006128838971,0,1,1,0,0.032403264886686343,0.008302795206643735
1159,0.8,0.9574546965344998,0,1,1,0,0.0369314072654444,0.009770734073699341
1160,0.8,0.947855852885082,0,1,1,0,0.04015974709491955,0.010820810672728137
1161,0.8,0.9381735276149192,0,1,1,0,0.042870908938013826,0.012163298477624242
1162,0.8,0.9362548703341383,0,1,1,0,0.04561711341949779,0.014049545210936787
1163,0.8,0.9419426177112199,0,1,1,0,0.046710052530526694,0.01568362257127612
1164,0.8,0.962837581865914,0,1,1,0,0.04578777534533804,0.016437217545005062
1165,0.8,0.9719086146967106,0,1,1,0,0.04201783396106979,0.016015091850521274
1166,0.8,0.9862042938841454,0,1,1,0,0.03669152479519211,0.015584301476456279
1167,0.8,1.0208409884039888,0,1,1,0,0.031354965699511426,0.014904370388477702
1168,0.8,1.0493687973148924,0,1,1,0,0.02528086537237448,0.01419282384427226
1169,0.8,1.0108570338691192,1,0,1,0,0.014777899636790236,0.011992255215252249
1170,0.8,0.9832045035248846,1,0,1,1,0.0008850452253784413,0.008922765258044201
1171,0.8,0.9537488919762143,1,0,1,1,-0.008581019418450025,0.010902764700919564
1172,0.8,0.9512275805532778,1,0,0,1,-0.015079821203058476,0.009921279780241097
1173,0.8,0.936537117398098,1,0,0,1,-0.01765840482335819,0.004742098805520104
1174,0.8,0.9156049966625949,1,0,0,1,-0.017727900502108575,-0.0014972492593085817
1175,0.8,0.9016696877681173,1,0,0,1,-0.016369845836994905,-0.007858351424132529
1176,0.8,0.8972605849504339,1,0,0,1,-0.014890294679678735,-0.014560296310241473
1177,0.8,0.8923718968816374,1,0,0,1,-0.01336188683420586,-0.020373844230827477
1178,0.8,0.8933451104038425,1,0,0,1,-0.01074014527068045,-0.02453385756707716
1179,0.8,0.9037863131170936,1,0,0,1,-0.007389714373393982,-0.02707516794559507
1180,0.8,0.9131958783124406,1,0,0,1,-0.005457037678438444,-0.0277917763192381
1181,0.8,0.9082611729627245,1,0,0,1,-0.0028920659499471033,-0.026022573622843815
1182,0.8,0.9429218020337135,1,0,0,1,-0.001425982661735101,-0.024311029989913843
1183,0.8,0.9216455007758079,1,0,0,1,0.0008104561384796016,-0.021794935528030794
1184,0.8,0.9325071526487696,1,0,0,1,0.00249240132309958,-0.017999518398426232
1185,0.8,0.9725123981840248,1,0,0,1,0.0023588136772207014,-0.01543739441472022
1186,0.8,1.0190148850007064,1,0,0,1,0.0036722832795845605,-0.01458329476729932
1187,0.8,1.0518056061931158,1,0,0,1,0.008088536333206506,-0.013379397183666117
1188,0.8,1.0840678573763958,0,0,0,1,0.014997715816544677,-0.011340628321411101
1189,0.8,1.0323026330645513,0,1,1,0,0.019555455919764965,-0.006518760459849491
1190,0.8,1.0542990558477743,0,1,1,0,0.01987672307806382,-0.0029831803204129767
1191,0.8,1.0306861609140674,0,1,1,0,0.018958419064649526,-0.0015500009249549201
1192,0.8,1.0335687834181702,0,1,1,0,0.018467194202273936,-0.000526636201008684
1193,0.8,1.017147353750678,0,1,1,0,0.021886220472904266,0.00025448906618150217
1194,0.8,1.0088778031395487,0,1,1,0,0.026132940262071726,0.001625219223042728
1195,0.8,0.999641056069946,0,1,1,0,0.02916393997832665,0.0026242048959820028
1196,0.8,0.9822308275404892,0,1,1,0,0.030158376692841566,0.003443650583555176
1197,0.8,0.9666083780802616,0,1,1,0,0.031194303346551395,0.00460767730770142
1198,0.8,0.9515105083234097,0,1,1,0,0.032312767432888086,0.0063706927152816445
1199,0.8,0.9431105862842415,0,1,1,0,0.03329799853037487,0.008071056841638603
1200,0.8,0.9624408308267863,0,1,1,0,0.033718722503520364,0.009240748525243075
1201,0.5,0.966701546928841,0,1,1,0,0.03160651036308092,0.009218854985907342
1202,0.5,0.9737286492927988,0,1,1,0,0.02705611160586189,0.009558535551450753
1203,0.5,0.9858284123059938,0,1,1,0,0.02309802322190716,0.011267485133480297
1204,0.5,1.0213101975635495,0,1,1,0,0.019952634057861036,0.012487401219903629
1205,0.5,1.0174450084442712,1,1,1,0,0.015470202211936512,0.012225377419692164
1206,0.5,1.0044812455841354,1,0,1,0,0.008463587954467356,0.009526847790060593
1207,0.5,0.9654770407248447,1,0,1,1,0.0012134653996657713,0.009311385569861788
1208,0.5,0.9321705236583387,1,0,0,1,-0.005428892444817396,0.010156187201685722
1209,0.5,0.9030716599165513,1,0,0,1,-0.008327908670480628,0.008525291632736832
1210,0.5,0.8661988536605119,1,0,0,1,-0.009379609116691785,0.006592748853909395
1211,0.5,0.8488551538914506,1,0,0,1,-0.01116507546267019,0.004069320334496786
1212,0.5,0.8290560722557347,1,0,0,1,-0.015188376351579424,0.0006729311695349489
1213,0.5,0.806828056698518,1,0,0,1,-0.018790411427076326,-0.0018378221181954524
1214,0.5,0.7828515107960492,1,0,0,1,-0.020753063117439498,-0.0033807242706787857
1215,0.5,0.7713182887961968,1,0,0,1,-0.021533565082636767,-0.0042304916298046315
1216,0.5,0.7659916904103037,1,0,0,1,-0.02163937369075704,-0.004867973092936078
1217,0.5,0.7537924729828098,1,0,0,1,-0.019432255253272204,-0.00427159817679887
1218,0.5,0.7673535793086591,1,0,0,1,-0.016370125126852354,-0.003440978109507201
1219,0.5,0.7411313610769531,1,0,0,1,-0.015708116774512938,-0.0015916603997027559
1220,0.5,0.7498638741770391,1,0,0,1,-0.017196211988735624,0.0015844905189106324
1221,0.5,0.7712613688309455,1,0,0,1,-0.018208146349197624,0.0033393709104381627
1222,0.5,0.763589092121786,1,0,0,1,-0.019943857490783718,0.005982558362156854
1223,0.5,0.7831716665941355,1,0,0,1,-0.022651972351905574,0.010868731616425037
1224,0.5,0.798723223897926,1,0,0,1,-0.024993025197244195,0.01622127540716285
1225,0.5,0.7950280607696923,1,1,0,1,-0.021092274034778622,0.018611204168529703
1226,0.5,0.8648008021374851,0,1,0,1,-0.007326391685964161,0.014639377091866745
1227,0.5,0.8576681847478345,0,1,1,1,0.008300354475556614,0.010810124864303005
1228,0.5,0.871681326410865,0,1,1,1,0.017496662761884756,0.012091513580436593
1229,0.5,0.7957684028809502,0,1,1,0,0.020755145290999626,0.014288673184830403
1230,0.5,0.8206277930061674,0,1,1,0,0.02243431846796807,0.014669333084345457
1231,0.5,0.7754863413822232,0,1,1,0,0.02186778757701903,0.012065748438094043
1232,0.5,0.7486641321756777,0,1,1,0,0.018743374153008217,0.010345456824522033
1233,0.5,0.7592604508345111,0,1,1,0,0.017836060668073996,0.007321637416999945
1234,0.5,0.7321484322968523,0,1,1,0,0.016067856731213057,0.004066941877508476
1235,0.5,0.7206684894280143,0,1,1,0,0.016544472468983513,0.002189315000944267
1236,0.5,0.7113604578473964,0,1,1,0,0.02133914808326535,0.002015998783855845
1237,0.5,0.6962078200729539,0,1,1,0,0.027307432711065317,0.004455094892170928
1238,0.5,0.6861861819731447,0,1,1,0,0.03046562636501311,0.008311137975846872
1239,0.5,0.6891861660250204,0,1,1,0,0.0329823839996841,0.01281520416584013
1240,0.5,0.6920599372263548,0,1,1,0,0.03647263617539194,0.017638843300334554
1241,0.5,0.6869349012634657,0,1,1,0,0.040147240553861825,0.02183752388190978
1242,0.5,0.7003744335192967,0,1,1,0,0.04274274674794784,0.024692938054198334
1243,0.5,0.7198487408790469,0,1,1,0,0.044711586689683835,0.025891233252665034
1244,0.5,0.764466985514688,0,1,1,0,0.04532058841448278,0.02551021973465416
1245,0.5,0.7846871287684339,1,1,1,0,0.044815925358616074,0.02490003505478938
1246,0.5,0.7845319868565953,1,0,1,0,0.0388104781473092,0.021787355913459202
1247,0.5,0.7798156801588128,1,0,1,1,0.027913091918864708,0.017809585601355826
1248,0.5,0.7225582288979312,1,0,1,1,0.01926792997303277,0.019182213535660683
1249,0.5,0.697622033605919,1,0,0,1,0.013891130120728632,0.020634994830909918
1250,0.5,0.6815921063101055,1,0,0,1,0.012538469689213362,0.01614891028889087
1251,0.5,0.6571010174166542,1,0,0,1,0.013390077394915377,0.007278211603618786
1252,0.5,0.6334802249129501,1,0,0,1,0.015096529110639897,-0.003422414777368811
1253,0.5,0.6164574866020159,1,0,0,1,0.016848516041681208,-0.014865827522745304
1254,0.5,0.5991019523247934,1,0,0,1,0.01836054290070698,-0.025716170540703045
1255,0.5,0.5752747757655731,1,0,0,1,0.020025659475100273,-0.03413215023430981
1256,0.5,0.5677444042229018,1,0,0,1,0.021220796079876616,-0.03985410902273187
1257,0.5,0.5603405244941239,1,0,0,1,0.023994835501338727,-0.04500908142877754
1258,0.5,0.5636779996493378,1,0,0,1,0.029674080169689747,-0.049545953632822354
1259,0.5,0.5650334449720291,1,0,0,1,0.0350932396508455,-0.052487854174141625
1260,0.5,0.5604943936685827,1,0,0,1,0.03874323857561751,-0.05427434774007752
1261,0.5,0.5646301551087176,1,0,0,1,0.03992773382946424,-0.05522796309767078
1262,0.5,0.5688752667383096,1,0,0,1,0.0405181447790141,-0.05601637609787413
1263,0.5,0.5569782314306926,1,0,0,1,0.04078419872496158,-0.05529962208449116
1264,0.5,0.5675417210114222,1,0,0,1,0.04087990614700699,-0.053472374448605385
1265,0.5,0.5768799345834346,1,0,0,1,0.04259076700306273,-0.05215784628091621
1266,0.5,0.5457240594729842,1,0,1,1,0.04347443755940595,-0.04836323482388573
1267,0.5,0.5868746550175593,1,0,1,1,0.03908194864877713,-0.03861722889835007
1268,0.5,0.5914892632035509,1,0,1,1,0.03722151175374241,-0.0310690804111098
1269,0.5,0.6334042694385214,0,0,1,1,0.03895744565241627,-0.021412199232864217
1270,0.5,0.6436411807442562,0,1,1,1,0.04488859841822648,-0.011964978784188098
1271,0.5,0.6818631968841636,0,1,1,1,0.04925159641026099,-0.004619704422216268
1272,0.5,0.7054371007394122,0,1,1,1,0.051501036725361396,0.001792044028987811
1273,0.5,0.7134995641728775,0,1,1,1,0.05100449030712091,0.007921656139054873
1274,0.5,0.7386250122657534,0,1,1,0,0.04775793058121716,0.012499219826019679
1275,0.5,0.6998217409892921,0,1,1,0,0.04066227993961554,0.015142334618269923
1276,0.5,0.7031069542017655,0,1,1,0,0.03220494216960276,0.014353194311776576
1277,0.5,0.6703395354433419,0,1,1,0,0.02608558338998552,0.012126145997333948
1278,0.5,0.6514542320127871,0,1,1,0,0.02256722708305596,0.009616137912754974
1279,0.5,0.6396151704092116,0,1,1,0,0.022253591399472777,0.0077645771717797804
1280,0.5,0.6195900816647548,0,1,1,0,0.02425803877873485,0.007816324744836371
1281,0.5,0.6149841327332733,0,1,1,0,0.027666160300437913,0.00961223100055366
1282,0.5,0.5936303501907371,0,1,1,0,0.0315684569590872,0.013601612727545516
1283,0.5,0.5852917020674379,0,1,1,0,0.03535061954642363,0.019727872246798187
1284,0.5,0.6109350013364544,0,1,1,0,0.03921131074665962,0.02480786920659469
1285,0.5,0.6017266742311971,0,1,1,0,0.04222098639961068,0.028960025624434737
1286,0.5,0.6193523103415678,0,1,1,0,0.04300595150621007,0.03216044267299338
1287,0.5,0.6543618138270767,0,1,1,0,0.04345108773644002,0.032315523705135615
1288,0.5,0.6880073866208175,0,1,1,0,0.04155538236212801,0.03073308831503017
1289,0.5,0.6866248948238532,1,0,1,0,0.03479243284610403,0.02754129432630371
1290,0.5,0.6557059991072455,1,0,1,0,0.01784596973795224,0.0234420310699807
1291,0.5,0.6200446637306402,1,0,1,1,-0.001795833327052524,0.02087146037834803
1292,0.5,0.5894354976243386,1,0,1,1,-0.012495102545923467,0.022041203695511245
1293,0.5,0.5988998743044369,1,0,1,1,-0.019549645225047565,0.021135413083020083
1294,0.5,0.6028860821837075,1,0,0,1,-0.02389704255284172,0.015732861178407588
1295,0.5,0.5951246818338733,1,0,0,1,-0.023154298117022375,0.00583062378445263
1296,0.5,0.5714837536619312,1,0,0,1,-0.01901451389820413,-0.0042922063187606115
1297,0.5,0.5607134982503755,1,0,0,1,-0.014450714965321543,-0.013646044404038878
1298,0.5,0.552738108539464,1,0,0,1,-0.011945240523101591,-0.022396332940350698
1299,0.5,0.5321969338581819,1,0,0,1,-0.011295853181332294,-0.028026967209470788
1300,0.5,0.5299331498422596,1,0,0,1,-0.012304330416779695,-0.030742339942902586
1301,0.5,0.5356689603661606,1,0,0,1,-0.014258457995678108,-0.03179687809572831
1302,0.5,0.5451948750309755,1,0,0,1,-0.013629820838270964,-0.03247914695875301
1303,0.5,0.5520328154089323,1,0,0,1,-0.011214518992867111,-0.03301796110473124
1304,0.5,0.5832367858728437,1,0,0,1,-0.010325613610434436,-0.03368778913943845
1305,0.5,0.5993792016700874,1,0,0,1,-0.009798974458752328,-0.03438071043069534
1306,0.5,0.6195570656823833,1,0,0,1,-0.008506649466769423,-0.034125252554112695
1307,0.5,0.6171052831188569,1,0,0,1,-0.00784809726348517,-0.031329152336638307
1308,0.5,0.6363008157004921,1,0,0,1,-0.009235853805480258,-0.02651190732668889
1309,0.5,0.6825317567887613,1,0,0,1,-0.008358207842754768,-0.02403421567925075
1310,0.5,0.6973742730418715,1,0,0,1,-0.005339549176552847,-0.022099286221593767
1311,0.5,0.71203871282974,1,0,1,1,-0.0019752574500372867,-0.019184411143534936
1312,0.5,0.7179779979398376,0,1,1,1,0.003557759092993283,-0.01140050329599855
1313,0.5,0.757435978582714,0,1,1,1,0.01351180301178103,-0.006294475801889188
1314,0.5,0.8076904653936853,0,1,1,1,0.021366503686059562,-0.0020820745961563744
1315,0.5,0.808358522217918,0,1,1,0,0.024550523193809053,0.0012511744357935092
1316,0.5,0.8056074027396076,0,1,1,0,0.02128671611030079,0.0031332128216244206
1317,0.5,0.798521184670239,0,1,1,0,0.015822492524448405,0.0034045639011620298
1318,0.5,0.7589508421466796,0,1,1,0,0.011195531256340114,0.004606312508986314
1319,0.5,0.7699103467147899,0,1,1,0,0.010478237398386686,0.00472190503705164
1320,0.5,0.7510885248669613,0,1,1,0,0.01313230367166935,0.004221281840748766
1321,0.5,0.7439894833618768,0,1,1,0,0.017429242519796044,0.0037625587140843637
1322,0.5,0.7463979188443464,0,1,1,0,0.022449719859214606,0.004145581406455666
1323,0.5,0.737934662132469,0,1,1,0,0.02757998941162924,0.005657461840107609
1324,0.5,0.71723756944628,0,1,1,0,0.02988043860979833,0.008971808154925287
1325,0.5,0.7193660175164598,0,1,1,0,0.03141141299462167,0.012665639461671308
1326,0.5,0.7294912121633298,0,1,1,0,0.033988968617132825,0.01598875193507963
1327,0.5,0.7283025697411005,0,1,1,0,0.03607707059920283,0.018562537090705832
1328,0.5,0.7380646941892272,0,1,1,0,0.036232552966489424,0.020486437469487313
1329,0.5,0.7664084915420253,0,1,1,0,0.03538605238450923,0.021280244505342723
1330,0.5,0.8074423802375522,0,1,1,0,0.03417100090226294,0.020448315415079847
1331,0.5,0.8006257245471391,1,1,1,0,0.028885723729920286,0.018211608008172467
1332,0.5,0.770229205260755,1,0,1,0,0.01552824742217519,0.01544397944871825
1333,0.5,0.752331195429383,1,0,1,1,0.004599168489801058,0.016039173795098102
1334,0.5,0.7499786364678694,1,0,0,1,-0.00429291075109326,0.017864218601430275
1335,0.5,0.7226293091567143,1,0,0,1,-0.008128175215025266,0.016445134235216027
1336,0.5,0.6966333744892276,1,0,0,1,-0.007277088808080795,0.012098494460524021
1337,0.5,0.6884877736954951,1,0,0,1,-0.005512998283876823,0.004350163286914214
1338,0.5,0.6670440434494547,1,0,0,1,-0.004088753224696804,-0.0054525494307176405
1339,0.5,0.6521871036505463,1,0,0,1,-0.0021840921771553922,-0.01503769789860858
1340,0.5,0.6337206480807441,1,0,0,1,-0.000141308811617711,-0.023429894845843385
1341,0.5,0.6216092553063362,1,0,0,1,0.0008210381513922904,-0.02881683324511967
1342,0.5,0.6209696262883174,1,0,0,1,0.0018354878656126632,-0.03297535074533333
1343,0.5,0.6155141525092904,1,0,0,1,0.005687275298847209,-0.03673922212752219
1344,0.5,0.6278384490221268,1,0,0,1,0.010675805187612353,-0.039482946204330106
1345,0.5,0.6344735676360307,1,0,0,1,0.014003736420844242,-0.040801180274292116
1346,0.5,0.6382046861830131,1,0,0,1,0.015621491783294396,-0.04086784125112588
1347,0.5,0.6397925626401606,1,0,0,1,0.01615949321700861,-0.03975659647785862
1348,0.5,0.654231100436321,1,0,0,1,0.016979940250817543,-0.039002854087281776
1349,0.5,0.67088682123252,1,0,0,1,0.017921678705530547,-0.03820368540506746
1350,0.5,0.6659062628210367,1,0,0,1,0.01998916439627756,-0.035862404893123534
1351,0.5,0.6890591932603581,1,0,1,1,0.024372502897046202,-0.03429127900092996
1352,0.5,0.681581352952231,1,0,1,1,0.02257888999872593,-0.02778135599863576
1353,0.5,0.7001855400982389,0,0,1,1,0.021015891921958737,-0.01889608620542535
1354,0.5,0.7396279635458062,0,1,1,1,0.025913074475755457,-0.010964004863004497
1355,0.5,0.7535432658661335,0,1,1,1,0.033735424792263505,-0.004298136916916063
1356,0.5,0.7941831029573666,0,1,1,1,0.038401870437038015,0.002120850921271066
1357,0.5,0.7788621693355627,0,1,1,0,0.03824825814010424,0.006073885814660756
1358,0.5,0.771903173829379,0,1,1,0,0.03393281522554369,0.008654157144821779
1359,0.5,0.7816012633598179,0,1,1,0,0.029253634430160158,0.008948481239403363
1360,0.5,0.7530307095023125,0,1,1,0,0.02562704215051676,0.009091480009768668
1361,0.5,0.7489690129696818,0,1,1,0,0.024576099691045832,0.009450868884408724
1362,0.5,0.7419059890047961,0,1,1,0,0.024868914284423754,0.008478857539226028
1363,0.5,0.7341843583930199,0,1,1,0,0.026405553737425955,0.008026982664910894
1364,0.5,0.7230382925433005,0,1,1,0,0.027638691568058784,0.007943063834487915
1365,0.5,0.7006455395601773,0,1,1,0,0.02931520485041205,0.00921915697993126
1366,0.5,0.6908505377567321,0,1,1,0,0.031913566524524775,0.011728647632649377
1367,0.5,0.6912924356390803,0,1,1,0,0.03486180335244489,0.014343863549120546
1368,0.5,0.6965682970072904,0,1,1,0,0.037131168668494065,0.016832497991664034
1369,0.5,0.7007943062505967,0,1,1,0,0.0375268273943707,0.019565635628423516
1370,0.5,0.7002184706698132,0,1,1,0,0.035571903427260694,0.023286077317712532
1371,0.5,0.7278718858640257,0,1,1,0,0.03351087045261168,0.025354056692986134
1372,0.5,0.7759456267648059,0,1,1,0,0.0331853384053368,0.024135146047179493
1373,0.5,0.7888378144798119,1,1,1,0,0.029281285824382185,0.018549857028843927
1374,0.5,-0.011603473019882156,1,1,1,1,-0.00037637279160354534,-0.0010435317921076482
1375,0.5,-0.06741806950953635,1,0,1,1,-0.004456869475757387,0.006420468554318437
1376,0.5,-0.055917624629151966,1,0,1,1,-0.014670883264637176,0.013723757502437026
1377,0.5,-0.11947512444294167,1,0,0,1,-0.025927821024541,0.018948364840670164
1378,0.5,-0.16114351987952324,1,0,0,1,-0.032206745498973094,0.026080018274008753
1379,0.5,-0.1018831798546749,1,0,0,1,-0.03659514498108908,0.029801910516437605
1380,0.5,-0.12417635708285378,1,0,0,1,-0.03921074569013979,0.029275804770630097
1381,0.5,-0.13096184886148796,1,0,0,1,-0.03800125686056034,0.02899556543121443
1382,0.5,-0.08310936343197645,1,0,0,1,-0.03700127762920894,0.025038015246981057
1383,0.5,-0.052848853770744914,1,0,0,1,-0.034983492831495884,0.01627004832477146
1384,0.5,-0.09409544511094758,1,0,0,1,-0.02789868794503469,0.009842489146476051
1385,0.5,-0.09966056503534283,1,0,0,1,-0.020629239005238584,0.006335736543300502
1386,0.5,-0.08407499106860589,1,0,0,1,-0.016576439984653916,0.002063915398651204
1387,0.5,-0.07727947092428283,1,0,0,1,-0.0138641801485294,-0.0012820140657754057
1388,0.5,-0.05229281226629959,1,0,0,1,-0.01330808767716197,-0.003486428136044947
1389,0.5,-0.06251075934093904,1,0,0,1,-0.014315768544156027,-0.005826783152830096
1390,0.5,-0.0237886236563638,1,0,0,1,-0.017145937509507023,-0.007875332255848837
1391,0.5,0.003361213792351851,1,0,0,1,-0.02076421971180585,-0.010951692432307624
1392,0.5,0.023728242992356326,1,0,0,1,-0.02308632448125929,-0.01298985973841013
1393,0.5,0.05454120626742627,1,0,0,1,-0.025613174133311004,-0.01298777349324789
1394,0.5,0.1127368673844554,1,0,0,1,-0.02735893619545445,-0.0137847979193934
1395,0.5,0.14004391926131018,0,1,0,1,-0.02376829375657287,-0.013600200705627
1396,0.5,0.24931407428739458,0,1,1,1,-0.00980238848596151,-0.015767108388340344
1397,0.5,0.18812062792451226,0,1,1,1,0.002755532529686978,-0.012887417132479793
1398,0.5,0.2564652040664704,0,1,1,1,0.008531608470163321,-0.006835094013469592
1399,0.5,0.2852390264222905,0,1,1,0,0.010871873714582184,-0.006242337421363648
1400,0.5,0.3074893759310388,0,1,1,0,0.006495829998783584,-0.009198794326936155
1401,0.5,0.2967440857492621,0,1,1,0,-0.0026885146111151996,-0.012924478162066226
1402,0.5,0.3360826088832578,0,1,1,0,-0.012389405713145538,-0.019288970588924637
1403,0.5,0.30878372381401253,0,1,1,0,-0.01932512627539364,-0.024801937801693104
1404,0.5,0.29566071581647585,0,1,1,0,-0.02236248225835376,-0.02619719305012635
1405,0.5,0.30250414574688944,0,1,1,0,-0.021865405666099864,-0.026339310142733326
1406,0.5,0.3091557885203225,0,1,1,0,-0.018502320204852495,-0.026745327323259006
1407,0.5,0.32054988074744156,0,1,1,0,-0.013669072756623673,-0.02743206399176452
1408,0.5,0.3300947370051965,0,1,1,0,-0.010764026721746556,-0.02924887776573839
1409,0.5,0.3413407263990963,0,1,1,0,-0.010707399803223288,-0.032620520164326636
1410,0.5,0.3431409015689321,0,1,1,0,-0.013490786876062717,-0.035660214405498075
1411,0.5,0.33660205495699297,0,1,1,0,-0.01901932113795936,-0.038802055127515694
1412,0.5,0.35329312396420726,0,1,1,0,-0.027185508997674624,-0.0422779354245826
1413,0.5,0.38142497368848133,0,1,1,0,-0.03651833354394033,-0.047501580857342796
1414,0.5,0.40958610903126624,0,1,1,0,-0.04764487068298997,-0.05459596068264169
1415,0.5,0.39015425082789856,0,1,1,1,-0.05568367570713886,-0.05925024533588546
1416,0.5,0.37552686786970285,0,1,1,1,-0.05468774384711801,-0.05396012967663591
1417,0.5,0.4293378479038416,0,1,1,1,-0.05543552824099952,-0.04964776758856902
1418,0.5,0.4279224070304963,0,1,1,1,-0.05649367166243476,-0.047056301052016504
1419,0.5,0.49920058319647415,0,0,1,1,-0.05797919497315769,-0.04534422729936795
1420,0.5,0.5012006527011649,0,0,1,1,-0.0642680830115431,-0.04408360531207873
1421,0.5,0.5072743324089839,0,0,1,1,-0.07196482127970606,-0.03959772109431864
1422,0.5,0.5560640867912688,0,0,1,1,-0.08058247604440764,-0.034794084467444586
1423,0.5,0.5682808167941167,0,0,0,1,-0.08709688497128418,-0.029224802547006743
1424,0.5,0.6005324630921736,1,0,0,1,-0.08596528669655669,-0.024945592070929726
1425,0.5,0.6073706398759323,1,0,0,1,-0.07974305137329436,-0.024478683011976327
1426,0.5,0.5949356337345744,1,0,0,1,-0.0709510094356099,-0.025276168841005114
1427,0.5,0.594390739903536,1,0,0,1,-0.063103615924163,-0.026372479359480422
1428,0.5,0.5961523303893391,1,0,0,1,-0.05784742749662092,-0.026799238884742158
1429,0.5,0.6021641376145453,1,0,0,1,-0.054280861650015444,-0.02587081352718511
1430,0.5,0.6018428995842527,1,0,0,1,-0.05295397158809192,-0.021587727372718978
1431,0.5,0.6227119827098856,1,0,0,1,-0.0525901856759226,-0.016359112834001613
1432,0.5,0.6306533831707853,1,0,0,1,-0.05335347006753819,-0.011737524372103488
1433,0.5,0.6691441999368667,1,0,0,1,-0.054935484920084425,-0.008034006751924757
1434,0.5,0.6985594143140816,1,0,0,1,-0.054928370306416494,-0.006221646958106193
1435,0.5,0.7152856446994145,1,0,0,1,-0.054808533632658286,-0.002921231710874679
1436,0.5,0.758257332644806,1,0,0,1,-0.05462410698895946,0.001258086622883833
1437,0.5,0.786529513041392,1,0,0,1,-0.05260437297514885,0.005091663766501497
1438,0.5,0.7840267311217124,1,1,0,1,-0.04399759579951074,0.007194158364662964
1439,0.5,0.7956421980726786,0,1,0,1,-0.03268635882641981,0.0062978442519175705
1440,0.5,0.8484010499437789,0,1,1,1,-0.01819484946807982,0.0028684832256767236
1441,0.5,0.8274516372335384,0,1,1,1,-0.005620845858427315,0.0038303041128274896
1442,0.5,0.80793560046104,0,1,1,0,0.0027476211666968404,0.008642551802611063
1443,0.5,0.7766834591009284,0,1,1,0,0.007623627719831783,0.012143741409941008
1444,0.5,0.7590330354282028,0,1,1,0,0.010564882070101526,0.014571115127355403
1445,0.5,0.761527518653522,0,1,1,0,0.016082623228289447,0.015357768322054323
1446,0.5,0.7484818143771248,0,1,1,0,0.02527864261107596,0.01553788313990786
1447,0.5,0.7564000028069283,0,1,1,0,0.0324016202282828,0.013717676111823692
1448,0.5,0.7490492524284839,0,1,1,0,0.036724071106962894,0.011521308701748584
1449,0.5,0.7424462621782861,0,1,1,0,0.041232887733400794,0.011756343511993997
1450,0.5,0.7381601071987085,0,1,1,0,0.044634703999725515,0.0143490026899789
1451,0.5,0.7373327301206806,0,1,1,0,0.04725972976191406,0.018803969227140487
1452,0.5,0.7354177295064571,0,1,1,0,0.050952831907223065,0.02464106472869852
1453,0.5,0.7464300158140607,0,1,1,0,0.05551821616805447,0.030952045769998517
1454,0.5,0.7524128618618797,0,1,1,0,0.06076448527539055,0.03678856165116102
1455,0.5,0.7774738099036348,0,1,1,0,0.06596090934798995,0.04114433877788972
1456,0.5,0.7968765015647736,0,1,1,0,0.07136119394179367,0.04445175093136234
1457,0.5,0.8282554077840875,0,1,1,0,0.07670579697005325,0.04757708069902107
1458,0.5,0.866348234124854,0,1,1,0,0.08063218272749927,0.049521699136760015
1459,0.5,0.8475294364732826,1,0,1,0,0.07753480017408652,0.0511055991954794
1460,0.5,0.7828779063858078,1,0,1,0,0.06034384714045886,0.047955042953636035
1461,0.5,0.6956608463010296,1,0,1,0,0.04087853345752237,0.04185215537816344
1462,0.5,0.5936473947832422,1,0,0,1,0.02871467610883158,0.03344413616851892
1463,0.5,0.5944117081598612,1,0,0,1,0.0256178951671669,0.023211392795444378
1464,0.5,0.5991574000592715,1,0,0,1,0.026922874953988336,0.004913948022489877
1465,0.5,0.5757807466362926,1,0,0,1,0.031023837642526975,-0.01582300153577268
1466,0.5,0.5421657945485332,1,0,0,1,0.036878795722830336,-0.035332938027898914
1467,0.5,0.504934690234652,1,0,0,1,0.043206853210710126,-0.050359364282499305
1468,0.5,0.48297244318532523,1,0,0,1,0.048402169718455144,-0.061284745228122293
1469,0.5,0.47212849883311225,1,0,0,1,0.05344687557810625,-0.0693540700813925
1470,0.5,0.452989939538718,0,0,0,1,0.06219873222216774,-0.07529102511771534
1471,0.5,0.47248237447822855,1,0,0,1,0.07153226864261435,-0.07993736774680522
1472,0.5,0.45925652713946213,1,0,0,1,0.0805256416319104,-0.08327540009601671
1473,0.5,0.44160187018701486,1,0,0,1,0.08608150505057988,-0.08474331449114432
1474,0.5,0.45138374150494254,1,0,0,1,0.08801327383532578,-0.08672603183744108
1475,0.5,0.43405164999316365,1,0,0,1,0.08794951079178395,-0.08868896535298824
1476,0.5,0.42036406014763816,1,0,0,1,0.08741020259682124,-0.08944454826261634
1477,0.5,0.4193781599163727,1,0,0,1,0.08745016390716723,-0.0911215582942415
1478,0.5,0.3734760370566009,1,0,1,1,0.08626939188512898,-0.09088569797298336
1479,0.5,0.36115767160443135,1,0,1,1,0.08029176963807075,-0.08072040664212224
1480,0.5,0.39149671081116044,1,0,1,1,0.07653328908612572,-0.07141089309160817
1481,0.5,0.41886102209576853,1,0,1,1,0.07322787992059714,-0.06382332078537416
1482,0.5,0.44949802399993904,1,0,1,1,0.07058108204776234,-0.056895557489909064
1483,0.5,0.4537924043132174,0,0,1,1,0.0691891833560501,-0.04933425867328797
1484,0.5,0.49816021331109056,0,0,1,1,0.06980257608787553,-0.04033872299816362
1485,0.5,0.4890189320376526,0,0,1,0,0.06992992922662807,-0.02930218800665276
1486,0.5,0.5362068299957052,0,0,1,0,0.06575648110736468,-0.017644888002029457
1487,0.5,0.5309228537520466,0,1,1,0,0.0582476666257144,-0.006307786855011225
1488,0.5,0.5464363160097355,0,1,1,0,0.05129002283144173,0.0042477115966131
1489,0.5,0.5328208851756056,0,1,1,0,0.0454908037904167,0.011193279122728097
1490,0.5,0.5085865100677968,0,1,1,0,0.03832536206851511,0.014347787069036878
1491,0.5,0.49573886533408124,0,1,1,0,0.032457497070248954,0.014283925789749357
1492,0.5,0.4895859069860678,0,1,1,0,0.028632553743645296,0.011646563550871118
1493,0.5,0.46176270169808786,0,1,1,0,0.026935303791601303,0.009910938112314532
1494,0.5,0.46256364515257814,0,1,1,0,0.026215879622791375,0.0097252947239445
1495,0.5,0.46454837817825384,0,1,1,0,0.025521221257167475,0.009225382315500158
1496,0.5,0.4670322397540132,0,1,1,0,0.027844880809132007,0.009528312504537687
1497,0.5,0.44304664218125644,0,1,1,0,0.02795788506386313,0.010721102691610813
1498,0.5,0.4484108906823531,0,1,1,0,0.025337961996958695,0.01144701692865626
1499,0.5,0.46055212337585716,0,1,1,0,0.022793579706999648,0.011979857789891614
1500,0.5,0.4812197368521783,0,1,1,0,0.018719123385363266,0.011703730072980494
1501,0.5,0.5036877923327499,0,1,1,0,0.012943801658318398,0.009627290568837274
1502,0.5,0.5406773649868383,0,1,1,0,0.006300681974227572,0.005476064841255124
1503,0.5,0.5453461815501233,0,0,1,0,-0.004947384057378701,0.003370928988948266
1504,0.5,0.5874802779946835,0,0,1,0,-0.0228242289673958,0.005293683162663676
1505,0.5,0.5549824864623565,1,0,1,1,-0.041734286545230585,0.008899515004951007
1506,0.5,0.5254718757991474,1,0,1,1,-0.05229202831641197,0.01793011972948809
1507,0.5,0.5719791152684263,1,0,1,1,-0.05910931296344244,0.025084681824354377
1508,0.5,0.6044820410468157,1,0,1,1,-0.06569426336012628,0.025181995350908398
1509,0.5,0.6183159510631759,1,0,0,1,-0.06964697959116116,0.019754921880991726
1510,0.5,0.6339609340385903,1,0,0,1,-0.06877965402171134,0.009811384146698085
1511,0.5,0.6234502590331824,1,0,0,1,-0.0626822470717445,-0.0006504045206114024
1512,0.5,0.6140938469172803,1,0,0,1,-0.055178573282854755,-0.009255012359337927
1513,0.5,0.5946829935583108,1,0,0,1,-0.04948679178368486,-0.014267799975465721
1514,0.5,0.597025748272313,1,0,0,1,-0.04690463882241253,-0.0155865057940958
1515,0.5,0.6190563884782874,1,0,0,1,-0.04720121731534249,-0.016088424441553728
1516,0.5,0.632713792507698,1,0,0,1,-0.047526557539985324,-0.017075495854270453
1517,0.5,0.6570115031180555,1,0,0,1,-0.04780351664522061,-0.01710041248017525
1518,0.5,0.677237411994002,1,0,0,1,-0.0482003804715036,-0.01642205408292704
1519,0.5,0.6994539294094912,1,0,0,1,-0.046652738502529344,-0.015753087087831692
1520,0.5,0.7175479983106484,1,0,0,1,-0.04421079010002689,-0.01406735076547116
1521,0.5,0.7361236647663748,1,0,0,1,-0.04172320440379475,-0.011272455859297922
1522,0.5,0.7612615210174237,1,0,0,1,-0.04004601505479899,-0.00752053022677736
1523,0.5,0.8018623179262405,1,0,0,1,-0.03735649326262444,-0.004776386117344283
1524,0.5,0.8118969745598246,1,1,0,1,-0.02884532879261188,-0.0054987885115502155
1525,0.5,0.8627078277454626,1,1,0,1,-0.017179174662042176,-0.009629348090569041
1526,0.5,0.8396732215810586,0,1,1,1,-0.006149724530534734,-0.011993499655808608
1527,0.5,0.8186830341749598,0,1,1,1,0.005713470030649656,-0.008999880785755256
1528,0.5,0.8017102374514982,0,1,1,0,0.01928085476402724,-0.00706551638097314
1529,0.5,0.7326541026256086,0,1,1,0,0.028652438613668195,-0.005214748250051626
1530,0.5,0.750765204524615,0,1,1,0,0.03377526365309979,-0.0032967011819729905
1531,0.5,0.7198546064118049,0,1,1,0,0.03586810684038071,-0.0010140299554555455
1532,0.5,0.7531670198882623,0,1,1,0,0.03477777045773656,-0.0001278262977703276
1533,0.5,0.7347405572715525,0,1,1,0,0.03294159533467635,-0.0005945811666546444
1534,0.5,0.7187638704394291,0,1,1,0,0.03413626785428745,0.002830215603470473
1535,0.5,0.7184512426007048,0,1,1,0,0.04170397110683019,0.008034174154383978
1536,0.5,0.7360545935908942,0,1,1,0,0.05066951343484086,0.013014903212088633
1537,0.5,0.7616500153427135,0,1,1,0,0.05756936437010449,0.017762166150519444
1538,0.5,0.7411735188437502,0,1,1,0,0.06299384178810338,0.024684467147275593
1539,0.5,0.7487467608211732,0,1,1,0,0.06765586676438753,0.03236903785699757
1540,0.5,0.770935670519685,0,1,1,0,0.07139231648332074,0.03856414428207301
1541,0.5,0.7807326463201305,0,1,1,0,0.07474151035380716,0.043625100831260234
1542,0.5,0.810190203017904,0,1,1,0,0.07773578099668853,0.047809970507588916
1543,0.5,0.8396872433395689,0,1,1,0,0.08124882188685058,0.05041910975601924
1544,0.5,0.8711613307331896,0,1,1,0,0.08154968591270499,0.05241266387746261
1545,0.5,0.8950303997185746,0,1,1,0,0.08032407360439822,0.05467419455009996
1546,0.5,0.851179415363724,1,0,1,0,0.07218098812523877,0.05908429080381356
1547,0.5,0.8188795489367517,1,0,1,0,0.053551816243243365,0.05731175221378544
1548,0.5,0.7738181251243128,1,0,1,1,0.035388758985709416,0.050738283191385104
1549,0.5,0.7065932020104049,1,0,1,1,0.027067386949805445,0.04576956606839781
1550,0.5,0.6767832838443032,1,0,0,1,0.025289510282691174,0.03649436953433874
1551,0.5,0.679676176136504,1,0,0,1,0.025167129601293144,0.0198662994906029
1552,0.5,0.6634635881997492,1,0,0,1,0.02588100588057773,0.0007495141930133877
1553,0.5,0.6273524789164259,1,0,0,1,0.02928216326392473,-0.015659593511606756
1554,0.5,0.5940669710002382,1,0,0,1,0.03392600908261508,-0.027765454162201778
1555,0.5,0.5711254762839507,1,0,0,1,0.037417514685275335,-0.035683689498050224
1556,0.5,0.5484759483183488,1,0,0,1,0.03826068488530105,-0.03899243161662276
1557,0.5,0.547542539578251,1,0,0,1,0.037751560272204124,-0.04046847468996847
1558,0.5,0.5454385839715677,1,0,0,1,0.03917688107410723,-0.04193198718960417
1559,0.5,0.5284802373195765,1,0,0,1,0.04361813601048054,-0.04279001620432242
1560,0.5,0.525027299742202,1,0,0,1,0.04547845101497922,-0.04219350372006759
1561,0.5,0.5381660373826933,1,0,0,1,0.04351922430300728,-0.042619490703055755
1562,0.5,0.5274215322518055,1,0,0,1,0.03944872408074494,-0.04304740264310302
1563,0.5,0.5194269623426325,1,0,0,1,0.03466297666644078,-0.04176574846756891
1564,0.5,0.5344861072361243,1,0,0,1,0.03059373804041896,-0.0404027917330853
1565,0.5,0.5314755606407909,1,0,0,1,0.02911482466071716,-0.03870177966647463
1566,0.5,0.5301742582508573,1,0,1,1,0.029163027626977187,-0.036738194121566516
1567,0.5,0.5235855136422835,1,0,1,1,0.023748316218081347,-0.0292489056848193
1568,0.5,0.5474721385599787,1,0,1,1,0.019718293449351536,-0.02192299569422944
1569,0.5,0.5676028168416464,1,1,1,1,0.016609511886985878,-0.016412170736456535
1570,0.5,0.6237063683101004,0,1,1,1,0.015245803735099418,-0.01293386744382619
1571,0.5,0.6481593477421899,0,1,1,1,0.01804875638724672,-0.009336516806091816
1572,0.5,0.6703125773749887,0,1,1,1,0.019886808834133934,-0.0052553439149741026
1573,0.5,0.6810349174302704,0,1,1,0,0.015984027631019485,-0.00317686401466022
1574,0.5,0.6479608045168638,0,1,1,0,0.007661293791101443,-0.0023860764037078085
1575,0.5,0.6613625940869237,0,1,1,0,0.0002206083039216412,-0.0027177857481598617
1576,0.5,0.6246777056195685,0,1,1,0,-0.006329909909215567,-0.00458831044696686
1577,0.5,0.6180505210434359,0,1,1,0,-0.010624489458071672,-0.00824109928346525
1578,0.5,0.5978022996281117,0,1,1,0,-0.012038358586822161,-0.012301891899410944
1579,0.5,0.5700689230802455,0,1,1,0,-0.012526043000697262,-0.014460612266240316
1580,0.5,0.5499155120807666,0,1,1,0,-0.013202889040279962,-0.015095625374059316
1581,0.5,0.5113023997088455,0,1,1,0,-0.013999471384193201,-0.01425344266761159
1582,0.5,0.48194846556401244,0,1,1,0,-0.014420774474459637,-0.012178701445652916
1583,0.5,0.48644456228864574,0,1,1,0,-0.013289438642602444,-0.010624461950855405
1584,0.5,0.4942223462114368,0,1,1,0,-0.012720751177792967,-0.010681521764676823
1585,0.5,0.5071219788570976,0,1,1,0,-0.01447316921924872,-0.011094597856759548
1586,0.5,0.5164191207106745,0,1,1,0,-0.018855250739250633,-0.012261545088775234
1587,0.5,0.5430383930938524,0,1,1,0,-0.024942777943476498,-0.016522084201606668
1588,0.5,0.5779205173359427,0,1,1,0,-0.030184360061746598,-0.022614634430570307
1589,0.5,0.524596983591369,0,0,1,1,-0.03524401004851475,-0.021222520589873832
1590,0.5,0.5819080351543338,0,0,1,1,-0.04181203504275082,-0.011395918742721752
1591,0.5,0.5687962494810526,1,0,0,1,-0.051459879913006074,-0.0013524661016378167
1592,0.5,0.5651319806033573,1,0,0,1,-0.05613614530908561,0.006885572993936201
1593,0.5,0.5613721808356575,1,0,0,1,-0.05497837163125401,0.011561758786974645
1594,0.5,0.548471249545142,1,0,0,1,-0.05231827265821175,0.01330117365338504
1595,0.5,0.557187392593539,1,0,0,1,-0.05121708345182543,0.011346704236124463
1596,0.5,0.5621424650938671,1,0,0,1,-0.05195943956201937,0.006166071480079738
1597,0.5,0.564737084274865,1,0,0,1,-0.05132467571482943,5.747171453722124e-05
1598,0.5,0.5619083775140473,1,0,0,1,-0.049897626202173403,-0.004970078926185052
1599,0.5,0.5688387830492408,1,0,0,1,-0.048313985166287356,-0.00787352901708522
1600,0.8,0.5692183794983847,1,0,0,1,-0.04444937050069123,-0.010532947507748183
1601,0.8,0.589001055274607,1,0,0,1,-0.04151902649707259,-0.012720663443810927
1602,0.8,0.6166552092509691,1,0,0,1,-0.04080631999547453,-0.015879132987936768
1603,0.8,0.627947903168376,1,0,0,1,-0.039328576375907885,-0.018890585220244727
1604,0.8,0.6422373503796156,1,0,0,1,-0.03700137155102119,-0.019648038168663645
1605,0.8,0.6927490078042465,1,0,0,1,-0.03221642582190615,-0.022424120836496683
1606,0.8,0.7312443474425575,1,0,0,1,-0.02691281231655889,-0.024930259543423615
1607,0.8,0.773943114792157,1,0,0,1,-0.018811140421853795,-0.02773506363376485
1608,0.8,0.8209012592414,1,0,0,1,-0.00787727845823388,-0.03156841225254402
1609,0.8,0.8315452992784312,1,0,1,1,0.0016927814961958541,-0.03354280007719471
1610,0.8,0.8663383859005498,1,0,1,1,0.006707832106887488,-0.029944167147430447
1611,0.8,0.8729141263390783,0,1,1,1,0.011334602351344274,-0.02419221558672972
1612,0.8,0.9547004228823246,0,1,1,1,0.01876422684114662,-0.017875668022718415
1613,0.8,0.9446884627923559,0,1,1,0,0.02784168959153267,-0.01352680854400797
1614,0.8,0.9174068732632383,0,1,1,0,0.031316600221847776,-0.007631338923234218
1615,0.8,0.9504640042334879,0,1,1,0,0.03263699631306822,-0.003412444747268191
1616,0.8,0.9467850542005357,0,1,1,0,0.03463471509782745,-0.0021135738849054667
1617,0.8,0.9441676348988823,0,1,1,0,0.03777190693170095,-0.0011168609273670448
1618,0.8,0.9458565079244653,0,1,1,0,0.04158243083484853,0.0007979507456864882
1619,0.8,0.9506286859504584,0,1,1,0,0.04441959976430087,0.0038415959180551754
1620,0.8,0.9517238742172321,0,1,1,0,0.0459267519707121,0.007664794384211626
1621,0.8,0.9545869072549363,0,1,1,0,0.04825710108493773,0.012583429252950648
1622,0.8,0.9802390480512702,0,1,1,0,0.05075773413017627,0.0177184698449878
1623,0.8,0.9973795197997005,0,1,1,0,0.05184626822355517,0.0217404922525992
1624,0.8,1.0051373259801026,0,1,1,0,0.051868184367698134,0.025321704905217353
1625,0.8,1.0239257083200102,0,1,1,0,0.05121582061374012,0.027662750136913307
1626,0.8,1.0554493470420663,0,1,1,0,0.05012709080104985,0.029273776065258845
1627,0.8,1.101771021136803,0,0,1,0,0.04544909792156762,0.031338855793670586
1628,0.8,1.0673986376050153,1,0,1,0,0.032096630845128114,0.034023205867908045
1629,0.8,1.0365119512060483,1,0,0,0,0.014377376034774002,0.030551790414659684
1630,0.8,0.9918889028879747,1,0,0,1,0.003642723975797168,0.019575086904257143
1631,0.8,0.9520005370167839,1,0,0,1,0.0017189986813601192,0.008822634169943099
1632,0.8,0.9065188992593336,1,0,0,1,0.002487355268067282,-0.0014899304234762285
1633,0.8,0.8703249666057741,1,0,0,1,0.0049606454006228574,-0.01171994925329307
1634,0.8,0.8424992665106037,1,0,0,1,0.007415634292512259,-0.02176588073035186
1635,0.8,0.8163733016995789,1,0,0,1,0.009437317806386089,-0.030179811830759084
1636,0.8,0.7948379946340305,1,0,0,1,0.010257468688119187,-0.0357511777855946
1637,0.8,0.7849447471508464,1,0,0,1,0.010768778687617183,-0.03969453058550181
1638,0.8,0.7887279684352113,0,0,0,1,0.013161694509328957,-0.042797382010875434
1639,0.8,0.8187728471323954,0,0,0,1,0.016757157872901496,-0.045493013699912675
1640,0.8,0.8125032289896414,1,0,0,1,0.023481832913474852,-0.046737646398499026
1641,0.8,0.8142152785205468,1,0,0,1,0.030572976714030902,-0.04622963570260476
1642,0.8,0.8322510605316449,1,0,0,1,0.036371224982838964,-0.046896570514325726
1643,0.8,0.8464164538827037,1,0,0,1,0.03999876704003533,-0.048219781194532366
1644,0.8,0.8691938282254861,1,0,0,1,0.0426274957705553,-0.048775541695030046
1645,0.8,0.8885954604949622,1,0,0,1,0.047390460306785835,-0.04921519885708304
1646,0.8,0.9064066457636829,1,0,1,1,0.053351221172668835,-0.049407953686105184
1647,0.8,0.9027381393074215,1,0,1,1,0.05269260988079573,-0.04366574060738229
1648,0.8,0.8823757729325798,1,0,1,1,0.050985281875374065,-0.034946169879932265
1649,0.8,0.8786086981354261,0,0,1,0,0.046809913492802176,-0.024372978996204317
1650,0.8,0.8943832039105652,0,0,1,0,0.0400994169577699,-0.01496813214695046
1651,0.8,0.8865987589959535,0,1,1,0,0.03531521987323739,-0.004885507811378908
1652,0.8,0.8948451007950552,0,1,1,0,0.033584500535697434,0.003103268655120053
1653,0.8,0.904490029754437,0,1,1,0,0.037239027261387364,0.008916142148261417
1654,0.8,0.9122554658076173,0,1,1,0,0.04426512928594868,0.013787564052007244
1655,0.8,0.9219051976506407,0,1,1,0,0.049682015476527855,0.017322764765145625
1656,0.8,0.9214127187996876,0,1,1,0,0.05112905051389934,0.0188200211386494
1657,0.8,0.904578660234713,0,1,1,0,0.049538519178549185,0.019359195543483546
1658,0.8,0.8851287048018972,0,1,1,0,0.048257139930904115,0.02026035169414493
1659,0.8,0.8819878274058787,0,1,1,0,0.046945152241541034,0.021602352172551437
1660,0.8,0.8997479265493964,0,1,1,0,0.04459586178776576,0.021623872883943084
1661,0.8,0.906056190520949,0,1,1,0,0.040078356401664926,0.020427014267414945
1662,0.8,0.9272671236808895,0,1,1,0,0.03430051058846109,0.018417956472398647
1663,0.8,0.9579368982633003,0,1,1,0,0.02876787246921323,0.01442653263377692
1664,0.8,0.9865320990309051,0,1,1,0,0.023455669507791082,0.010181139323814497
1665,0.8,0.9795239723903997,1,1,1,0,0.01540275370784602,0.006184862559594306
1666,0.8,0.9158177354114938,1,0,1,1,0.007148952234716549,0.0061665807049874925
1667,0.8,0.9140319824346054,1,0,0,1,0.0019949196900238696,0.010650808130493914
1668,0.8,0.9278011067948333,1,0,0,1,-0.0016338956941483321,0.00815574200543981
1669,0.8,0.8930007705608203,1,0,0,1,-0.003738751641066373,0.0030633075255593126
1670,0.8,0.8684001066717404,1,0,0,1,-0.004497948382144163,-0.0014862645495442672
1671,0.8,0.8648955379491793,1,0,0,1,-0.006409938500265806,-0.00665738582731762
1672,0.8,0.8641420293273459,1,0,0,1,-0.008644767560938977,-0.012157865759747071
1673,0.8,0.868151875510877,1,0,0,1,-0.008363481171857841,-0.017516032585345908
1674,0.8,0.8727106307269208,1,0,0,1,-0.006545058058530558,-0.02246628791047447
1675,0.8,0.8628946609364425,1,0,0,1,-0.004731866254718458,-0.0249723149057066
1676,0.8,0.8745861313744461,1,0,0,1,-0.002662440307974166,-0.025621139797930827
1677,0.8,0.8954226882782578,1,0,0,1,-0.0029162205119803333,-0.025637434035314394
1678,0.8,0.8746342006582896,1,0,0,1,-0.0011413764028772766,-0.02328399809903911
1679,0.8,0.9121286129415184,1,0,0,1,0.0020153101565714327,-0.021986170733543326
1680,0.8,0.9108839844306783,1,0,0,1,0.004144076248513934,-0.021115889474188045
1681,0.8,0.9206792563900638,1,0,0,1,0.004368445422724667,-0.017639180790322964
1682,0.8,0.9597230188353298,1,0,0,1,0.0035372582102412196,-0.0136485707639915
1683,0.8,1.0070004775774843,1,0,0,1,0.0060748456025860615,-0.012537873477716881
1684,0.8,1.0447733501739396,0,0,0,1,0.011429102746304704,-0.01203234647723411
1685,0.8,1.0077764677544143,0,1,1,0,0.016636222023624133,-0.011044389475169782
1686,0.8,1.0127022901980032,0,1,1,0,0.015559441622175908,-0.00942855206439756
1687,0.8,0.996296137850553,0,1,1,0,0.013163300407206046,-0.00893458508268082
1688,0.8,0.9793487708551936,0,1,1,0,0.010957313151208466,-0.007596754295198007
1689,0.8,0.9642041506716093,0,1,1,0,0.012164554263028019,-0.006354400951631219
1690,0.8,0.948014725270849,0,1,1,0,0.01538594556937344,-0.004307039634728666
1691,0.8,0.9361529110011582,0,1,1,0,0.01833260023452625,-0.002705573866855593
1692,0.8,0.9166517982819841,0,1,1,0,0.019493439904333307,-0.001857748995852694
1693,0.8,0.9005077938376908,0,1,1,0,0.020702863835268526,-0.0012651235919337793
1694,0.8,0.886382403695034,0,1,1,0,0.022527485903704538,-8.873907557418528e-05
1695,0.8,0.8808401529743071,0,1,1,0,0.023365830837607356,0.0009916196989399812
1696,0.8,0.8833466753023045,0,1,1,0,0.022793706349921866,0.001966568488832996
1697,0.8,0.8840557486501788,0,1,1,0,0.019267849272831032,0.0032524185804040278
1698,0.8,0.8995167327020951,0,1,1,0,0.01531575034412959,0.004609552212117058
1699,0.8,0.9379299215196537,0,1,1,0,0.012958933505952959,0.0033716893522181234
1700,0.8,0.9683484420645678,0,1,1,0,0.00957143841786854,0.00012039676868683289
1701,0.8,1.004978643895428,0,1,1,0,0.0051149012232645594,-0.0032851289492649583
1702,0.8,0.9662240896184041,1,0,1,1,-0.0009649970196137122,-0.003892179345758852
1703,0.8,0.9431294604419865,1,0,0,1,-0.006571188076580652,0.0005767551039393186
1704,0.8,0.9803668098458874,1,0,0,1,-0.010947329126620673,0.0009260243616728055
1705,0.8,0.9814201417061331,1,0,0,1,-0.013544646568471869,-0.004931109742877253
1706,0.8,0.9570313536763031,1,0,0,1,-0.014083808354257307,-0.01119361466600429
1707,0.8,0.9439286505211896,1,0,0,1,-0.014010139911349145,-0.01637262625881909
1708,0.8,0.9429857249453986,1,0,0,1,-0.014073906029314093,-0.020515600173895424
1709,0.8,0.948351220109611,1,0,0,1,-0.012556547401878502,-0.02356597649832202
1710,0.8,0.9580227546096991,1,0,0,1,-0.008327984836977045,-0.025564211315827975
1711,0.8,0.9708617640386572,1,0,0,1,-0.0029085005723184,-0.026837210207314846
1712,0.8,0.9754832838660229,1,0,0,1,0.0015905571714813509,-0.027013661039200814
1713,0.8,0.9839615442065278,1,0,0,1,0.0032905537323560377,-0.025879464282704878
1714,0.8,0.9705107680505897,1,0,0,1,0.0059096968639002255,-0.02423589731660553
1715,0.8,0.9702035688085657,1,0,0,1,0.009091393062097107,-0.022084671995494826
1716,0.8,0.9752419825960393,1,0,0,1,0.010640381244170128,-0.020095473495342037
1717,0.8,0.9777430753292718,1,0,0,1,0.010501680594010727,-0.01713471473416599
1718,0.8,1.0134797971484608,1,0,0,1,0.011455156270337196,-0.015005082137590478
1719,0.8,1.0365864657873156,1,0,0,1,0.014769730631016158,-0.013438236859630194
1720,0.8,1.0688411847220878,1,0,1,1,0.01982872602805947,-0.01223159678850695
1721,0.8,1.0122992630086662,0,1,1,0,0.016474127528346108,-0.00597821230386283
1722,0.8,1.0580283591503699,0,1,1,0,0.011917941491092455,-0.00040013336676196005
1723,0.8,1.0284134221007306,0,1,1,0,0.010319762158924155,0.0012899831834259246
1724,0.8,1.013447831004997,0,1,1,0,0.010601426279600874,0.0028026904420522494
1725,0.8,1.0083020265840321,0,1,1,0,0.016117124155681024,0.0033044144844230875
1726,0.8,1.003882938276584,0,1,1,0,0.023485134219683807,0.003942328457980337
1727,0.8,0.9959151944253062,0,1,1,0,0.02827708768178244,0.004526961939740848
1728,0.8,0.9793045401976764,0,1,1,0,0.028823999213828253,0.004651864513517627
1729,0.8,0.9590748230531327,0,1,1,0,0.028270927625191254,0.004885202500345046
1730,0.8,0.9461769638871896,0,1,1,0,0.02913398642260941,0.005808822666133771
1731,0.8,0.9301277345522985,0,1,1,0,0.029288780606542997,0.006780123399527346
1732,0.8,0.916215800957528,0,1,1,0,0.029042601695321763,0.00828723210869897
1733,0.8,0.923063812311105,0,1,1,0,0.028322757166839883,0.010084581707766781
1734,0.8,0.9275136932712142,0,1,1,0,0.026969923514796667,0.011370277827532135
1735,0.8,0.9676113011375225,0,1,1,0,0.025555769150186154,0.010898727129931597
1736,0.8,0.996484217501627,0,1,1,0,0.02301278392826134,0.008525334244736267
1737,0.8,1.0283997266023117,0,1,1,0,0.019277832576913817,0.006267416617356713
1738,0.8,0.9991679454725645,1,1,1,0,0.010533321203711352,0.0029984729380964055
1739,0.8,0.9626451310420283,1,0,1,1,0.0029272784413004443,0.0020330527644219325
1740,0.8,0.9569525802878749,1,0,0,1,-0.0046898353074563215,0.003641816987290405
1741,0.8,0.9689524752786096,1,0,0,1,-0.009072194243854933,0.00014415738596540692
1742,0.8,0.9646659744925347,1,0,0,1,-0.010989608886009694,-0.007085280129450725
1743,0.8,0.9532706151073079,1,0,0,1,-0.011279674007795096,-0.014483086638108501
1744,0.8,0.9466839612180692,1,0,0,1,-0.010507321318863935,-0.020746773475523988
1745,0.8,0.9449737853723396,1,0,0,1,-0.008488896306749757,-0.025617556341751772
1746,0.8,0.9464388321046611,1,0,0,1,-0.004635922440926268,-0.02895619786412343
1747,0.8,0.954794899245428,1,0,0,1,0.0007060763186564852,-0.031010973835733157
1748,0.8,0.9718108442637833,1,0,0,1,0.00590760006820622,-0.0323266010846631
1749,0.8,0.9704436472915942,1,0,0,1,0.009561268779647147,-0.032355434783895694
1750,0.8,0.9719845658007046,1,0,0,1,0.011182494228922021,-0.030524558326151602
1751,0.8,0.9747562476245369,1,0,0,1,0.012204451025021023,-0.028344584710060513
1752,0.8,0.9734184138740772,1,0,0,1,0.014228248480082613,-0.025885773460554498
1753,0.8,0.9863020146409394,1,0,0,1,0.01638973030297752,-0.02373718528324868
1754,0.8,0.9839622837852853,1,0,0,1,0.016255879076606573,-0.01959626813133347
1755,0.8,1.0286679021980263,1,0,0,1,0.016690610363939484,-0.016428811547990634
1756,0.8,1.0447796026945546,1,0,0,1,0.020112919546938807,-0.014123464521974188
1757,0.8,1.0802809009463727,0,0,1,1,0.028947283619698432,-0.011042086755048162
1758,0.8,1.027012925723432,0,1,1,0,0.033214412132179544,-0.0034129566086334856
1759,0.8,1.0498327841034358,0,1,1,0,0.03413386286838592,0.002225670853777146
1760,0.8,1.0211525947079487,0,1,1,0,0.031789598082408325,0.006440310042897347
1761,0.8,1.0164479600909335,0,1,1,0,0.028513731648815023,0.010012854489796866
1762,0.8,1.0042058075900455,0,1,1,0,0.029142970123561138,0.011988963826366222
1763,0.8,0.996225205927224,0,1,1,0,0.03272224238445599,0.013797749302737444
1764,0.8,0.9883006474203267,0,1,1,0,0.036857058909022154,0.014896848677989133
1765,0.8,0.9805238800245075,0,1,1,0,0.04015764500950996,0.015342263753320132
1766,0.8,0.9698908964698238,0,1,1,0,0.043433031325502955,0.015674712765678007
1767,0.8,0.9632251826957501,0,1,1,0,0.04584466568111696,0.016603257812425633
1768,0.8,0.957469018814379,0,1,1,0,0.0467764877171349,0.01762620122377637
1769,0.8,0.9672138586791005,0,1,1,0,0.04614713952448608,0.018701984671475318
1770,0.8,0.9747859608840196,0,1,1,0,0.04263746615562975,0.01905181015027374
1771,0.8,0.9886464270386957,0,1,1,0,0.03835188227908178,0.018358453705370686
1772,0.8,1.020146717535328,0,1,1,0,0.034307789646435376,0.016729250967719125
1773,0.8,1.046072158494278,0,1,1,0,0.02919019277737182,0.014911650746693653
1774,0.8,1.0243922487990749,1,1,1,0,0.020256430672855246,0.012535276930517356
1775,0.8,1.004364265356173,1,0,1,0,0.009036688155646668,0.008529190818289838
1776,0.8,0.9777470839482466,1,0,1,1,-0.0023766934288203478,0.007667900169062396
1777,0.8,0.9328900683062593,1,0,0,1,-0.011262809126484603,0.01103538977821508
1778,0.8,0.9461432726903315,1,0,0,1,-0.01614997459037978,0.01072705451663728
1779,0.8,0.9391500884243258,1,0,0,1,-0.019186453578717073,0.005254985750658072
1780,0.8,0.9164587571035048,1,0,0,1,-0.019645543137949275,-0.0005235972362843623
1781,0.8,0.9023570295280249,1,0,0,1,-0.01846398829343983,-0.006384558517591932
1782,0.8,0.8939743390961279,1,0,0,1,-0.016618846769757736,-0.011967340692160164
1783,0.8,0.8996499275589349,1,0,0,1,-0.013507422574526333,-0.017077505720442997
1784,0.8,0.9149132164368041,1,0,0,1,-0.009930893165223975,-0.021534678604023156
1785,0.8,0.9303761248283127,1,0,0,1,-0.0065450836212809565,-0.02486849850936972
1786,0.8,0.9237288905437792,1,0,0,1,-0.0024472387639234896,-0.025471625573877273
1787,0.8,0.9273583626773099,1,0,0,1,-0.00035043784249977333,-0.02278987030557938
1788,0.8,0.9262405791609643,1,0,0,1,0.0012103612868156171,-0.02017100977809577
1789,0.8,0.9259549577044096,1,0,0,1,0.0027286742273404632,-0.01677393848551152
1790,0.8,0.9455396127134973,1,0,0,1,0.0035499152356157776,-0.013803281837251267
1791,0.8,0.9678698823980966,1,0,0,1,0.0023316358318872816,-0.010023741487682357
1792,0.8,1.0194065718362815,1,0,0,1,0.0027741192032817805,-0.007622633214036646
1793,0.8,1.0470422431440212,1,0,0,1,0.006588723371024847,-0.005072455828295924
1794,0.8,1.0631499575074776,0,1,0,1,0.01820124498696827,-0.002079908447017096
1795,0.8,1.0232857957856945,0,1,1,0,0.027558335557354756,0.0034364760549925443
1796,0.8,1.0315992483054064,0,1,1,0,0.02906156172632797,0.009098594267169649
1797,0.8,1.010531435747622,0,1,1,0,0.02687293020628388,0.010006038815857007
1798,0.8,0.9902851458352661,0,1,1,0,0.023350930099243362,0.009217980134938917
1799,0.8,0.9771515678054504,0,1,1,0,0.023345573635550624,0.00725518516930826
1800,0.8,0.9726351602431286,0,1,1,0,0.026398412903819512,0.004875270130381191
1801,0.8,0.9629432679196848,0,1,1,0,0.02902591503315195,0.0026732554426111745
1802,0.8,0.9562086694893349,0,1,1,0,0.031378172185657645,0.0015495388483984394
1803,0.8,0.9385457695654125,0,1,1,0,0.03248777744351401,0.0019008535251681866
1804,0.8,0.9203307892761757,0,1,1,0,0.03389377066667806,0.0038145998428989734
1805,0.8,0.9227825734260677,0,1,1,0,0.034990794518273506,0.006587260468919945
1806,0.8,0.9393138483269434,0,1,1,0,0.035017335658673696,0.00887665042657154
1807,0.8,0.9358562242547835,0,1,1,0,0.03418791235550033,0.011088653845233908
1808,0.8,0.953114571047572,0,1,1,0,0.03212215549618168,0.012456487802550365
1809,0.8,0.9824305047586549,0,1,1,0,0.03161573917621239,0.013174928278475107
1810,0.8,1.021784639925899,0,1,1,0,0.028941744363844436,0.01311446279227392
1811,0.8,1.0170973227823634,1,1,1,0,0.022761679039174337,0.012522290000983318
1812,0.8,1.027445404022756,1,0,1,0,0.012902464566676871,0.00910957839588219
1813,0.8,0.994288502892278,1,0,1,1,-0.0008129233557055536,0.0065130187099471945
1814,0.8,0.9473707581897487,1,0,0,1,-0.009024441870555054,0.010131785578683954
1815,0.8,0.9598636813827351,1,0,0,1,-0.013683275691512566,0.009416338425606815
1816,0.8,0.9512283869587789,1,0,0,1,-0.01681055621763851,0.0035300988213620025
1817,0.8,0.9377494550560567,1,0,0,1,-0.016850581030755464,-0.0035474762558204065
1818,0.8,0.9283151106260755,1,0,0,1,-0.015250103136653271,-0.011341146454907487
1819,0.8,0.9126286303284009,1,0,0,1,-0.01296411717191883,-0.018260966174173256
1820,0.8,0.9096647015500611,1,0,0,1,-0.00915018774516555,-0.023513482844306266
1821,0.8,0.9223783362467463,1,0,0,1,-0.004189888343857938,-0.02754961941861393
1822,0.8,0.9345241531322379,1,0,0,1,-0.00021746366446902038,-0.030157894882439844
1823,0.8,0.9363876687497699,1,0,0,1,0.004069250082634288,-0.03028251534434664
1824,0.8,0.9452255718009323,1,0,0,1,0.0056812084340837525,-0.027540234200053016
1825,0.8,0.9393689246773371,1,0,0,1,0.007814079141917032,-0.024101765020126627
1826,0.8,0.9324254313207317,1,0,0,1,0.009650943784684724,-0.019692191335230303
1827,0.8,0.9547436299848815,1,0,0,1,0.00984975749822958,-0.01565506173280367
1828,0.8,0.9807990800006736,1,0,0,1,0.008173076278077758,-0.011731962843241904
1829,0.8,1.0156310797430632,1,0,0,1,0.008620476460047799,-0.008908642645345697
1830,0.8,1.0636435601823455,0,0,0,1,0.014651286647833005,-0.007575560650386874
1831,0.8,1.0440245183172276,0,1,1,0,0.02689901479065383,-0.004296129651866141
1832,0.8,1.0095338801847205,0,1,1,0,0.0302500780588653,0.0009954115749635972
1833,0.8,1.0187238164297487,0,1,1,0,0.028222947657512567,0.004399199237240372
1834,0.8,1.0006476140279574,0,1,1,0,0.023849352777542427,0.006087880963290314
1835,0.8,0.9754177903294501,0,1,1,0,0.020740879576601912,0.007692204626563714
1836,0.8,0.9589919978491692,0,1,1,0,0.021891749536060386,0.009123243159967192
1837,0.8,0.9478457597453926,0,1,1,0,0.02580143493558319,0.0099728346742087
1838,0.8,0.9407586824284703,0,1,1,0,0.030265762111730144,0.009967323146835686
1839,0.8,0.9317727468065576,0,1,1,0,0.034261877132547955,0.009585763155958188
1840,0.8,0.9202463367087365,0,1,1,0,0.03740337392742422,0.009844342398381428
1841,0.8,0.9123658033029386,0,1,1,0,0.039122500753443805,0.010548815248125842
1842,0.8,0.919364649825514,0,1,1,0,0.03967008461145144,0.011669117968477425
1843,0.8,0.9288727674137857,0,1,1,0,0.03789244951594207,0.012282991001822818
1844,0.8,0.9387196870203937,0,1,1,0,0.03399025650006157,0.012193811815084315
1845,0.8,0.968924164926346,0,1,1,0,0.030689413249580334,0.011825041386573237
1846,0.8,1.0020758469568125,0,1,1,0,0.026408107749151335,0.010560750824789673
1847,0.8,1.0193692127427452,1,1,1,0,0.0204990672031772,0.009556353503587543
1848,0.8,1.024358350678202,1,1,1,0,0.012094486849512276,0.006743539153558638
1849,0.8,1.0035227439898318,1,0,1,1,0.0015067381994859027,0.0037695577148158656
1850,0.8,0.9585697938404641,1,0,0,1,-0.007793951517788616,0.006918704326279027
1851,0.8,0.9653367829614032,1,0,0,1,-0.013208480004076198,0.0077020889060396384
1852,0.8,0.9555008010850993,1,0,0,1,-0.016361173378935542,0.003690521538582503
1853,0.8,0.941070438875518,1,0,0,1,-0.017809281161349385,-0.001394897408257008
1854,0.8,0.9339286565949253,1,0,0,1,-0.018789855241923246,-0.00727261628971192
1855,0.8,0.9289214343175103,1,0,0,1,-0.01901109814950662,-0.013135560594684261
1856,0.8,0.931327769583795,1,0,0,1,-0.01672219728334871,-0.018276261705182217
1857,0.8,0.940894019968186,1,0,0,1,-0.01200677280438975,-0.022493715251495797
1858,0.8,0.9518623100142833,1,0,0,1,-0.006655896747746628,-0.02552191699544818
1859,0.8,0.9505628510855277,1,0,0,1,-0.0018639728954275199,-0.02646886665310803
1860,0.8,0.962632890058717,1,0,0,1,-8.474946807291747e-05,-0.025242693859661477
1861,0.8,0.9580491479080584,1,0,0,1,0.002099514700758624,-0.02345649832166743
1862,0.8,0.9634404210169497,1,0,0,1,0.004946298112480234,-0.02072645967116727
1863,0.8,0.9815315279632127,1,0,0,1,0.007654200579972935,-0.01883485406892922
1864,0.8,0.9855699635757122,1,0,0,1,0.00896342010022334,-0.01530441374787889
1865,0.8,1.0308782033410915,1,0,0,1,0.009624904513176364,-0.011528283368066918
1866,0.8,1.0534614781545557,1,0,0,1,0.013381636704065843,-0.008506965399330485
1867,0.8,1.0959231395380105,0,0,0,1,0.023039199774770522,-0.004243770513173905
1868,0.8,1.030718852608409,0,1,1,0,0.03480450481576467,0.0028674139551850184
1869,0.8,1.0232042997788908,0,1,1,0,0.040129443785535124,0.008904155652439547
1870,0.8,1.0268885746555747,0,1,1,0,0.040319903944886666,0.011533361550338048
1871,0.8,1.0321255231057087,0,1,1,0,0.03762887873032264,0.01059068465008218
1872,0.8,1.0270650337727543,0,1,1,0,0.03661186859049205,0.007632411711962409
1873,0.8,1.0091121436777641,0,1,1,0,0.038743491664511485,0.006454404993814674
1874,0.8,1.0053967946144393,0,1,1,0,0.04195818979626649,0.006638350249079051
1875,0.8,0.9975246315565015,0,1,1,0,0.043681224731354724,0.006945166902181077
1876,0.8,0.9853745362355053,0,1,1,0,0.044753514649726725,0.007819712320970909
1877,0.8,0.9779843263292908,0,1,1,0,0.04657531249003478,0.009806402230966977
1878,0.8,0.9716169535215333,0,1,1,0,0.047882509548936684,0.012318143666201034
1879,0.8,0.9850426767232106,0,1,1,0,0.04778689818295123,0.014608824747760351
1880,0.8,0.9904895442464973,0,1,1,0,0.04567101895640438,0.016100367200761957
1881,0.8,0.9964913982030545,0,1,1,0,0.041999695176180685,0.017213815564757363
1882,0.8,1.0299704406773333,0,1,1,0,0.03859189631462818,0.017386499720756628
1883,0.8,1.0649441749310533,0,1,1,0,0.03519596907756643,0.016290486054266945
1884,0.8,1.0845172763715312,1,1,1,0,0.030653304937740596,0.01569507703648026
1885,0.8,1.0782667017408676,1,0,1,0,0.02097912287928473,0.013003663903949476
1886,0.8,1.0448073671307145,1,0,1,1,0.007907298144125795,0.010596546798392354
1887,0.8,1.0018788173332986,1,0,0,1,-0.00027550951820723375,0.011765345980295152
1888,0.8,1.005223684217444,1,0,0,1,-0.004858004219357258,0.00833837698981135
1889,0.8,0.9930718276843675,1,0,0,1,-0.008439509096488641,0.000810826081812177
1890,0.8,0.9661101857701458,1,0,0,1,-0.009878435749089027,-0.006581089613119522
1891,0.8,0.9503100452151184,1,0,0,1,-0.009715970808802816,-0.013180414172071126
1892,0.8,0.9346294700101931,1,0,0,1,-0.008193229407491232,-0.018633442755604888
1893,0.8,0.9316890818597502,1,0,0,1,-0.004593613913480622,-0.022754794305844876
1894,0.8,0.9439300072561505,1,0,0,1,-0.0012027960649178763,-0.0257106465899113
1895,0.8,0.9444654549553957,1,0,0,1,0.0020396733517146826,-0.027282793890414585
1896,0.8,0.9401117365173273,1,0,0,1,0.004908663008478641,-0.026547752265800893
1897,0.8,0.9421271758644887,1,0,0,1,0.006531983297147865,-0.024736841966847587
1898,0.8,0.9340373805947905,1,0,0,1,0.00807186434840727,-0.02225895393278071
1899,0.8,0.9497791771650145,1,0,0,1,0.00952910997987369,-0.020283175582190692
1900,0.8,0.9635281252731073,1,0,0,1,0.009742518868351343,-0.018182930389573113
1901,0.8,0.9882240016432466,1,0,0,1,0.008578106981584689,-0.014528030982898673
1902,0.8,1.0274593587685295,1,0,0,1,0.010090246835241378,-0.011519527024969665
1903,0.8,1.0683586361732884,1,0,0,1,0.014071878908500339,-0.009507742742921543
1904,0.8,1.04822471258866,0,1,1,0,0.01832582811456607,-0.004122271375781488
1905,0.8,1.0441678774344871,0,1,1,0,0.01920549812717029,0.0013361016865187623
1906,0.8,1.0374991660363106,0,1,1,0,0.018636302290883824,0.002820665040908822
1907,0.8,1.019273699372357,0,1,1,0,0.015974885853402954,0.0030177113265911974
1908,0.8,1.0096693972793493,0,1,1,0,0.015949595947986676,0.002163933234163956
1909,0.8,0.9922012187165751,0,1,1,0,0.01928704137480176,0.0020274743193838688
1910,0.8,0.9823454506611486,0,1,1,0,0.022327906876120476,0.00216470661683774
1911,0.8,0.968983502884414,0,1,1,0,0.023788674899930105,0.0019766757767422987
1912,0.8,0.9485719496676077,0,1,1,0,0.023702479591697714,0.0017312203859472018
1913,0.8,0.9318877121952459,0,1,1,0,0.024562473521842904,0.002063200189981512
1914,0.8,0.9210247507224726,0,1,1,0,0.025503791760424152,0.0028428642533602387
1915,0.8,0.9076739814184698,0,1,1,0,0.025482377844244102,0.003942417316265663
1916,0.8,0.9153853253885156,0,1,1,0,0.024604275645806608,0.005331918445723089
1917,0.8,0.9224559629605878,0,1,1,0,0.022516651942370586,0.005923267108517188
1918,0.8,0.9532823156723409,0,1,1,0,0.020302540987271887,0.005175587843167394
1919,0.8,0.9815733948357904,0,1,1,0,0.01674807727976612,0.0029181178870807526
1920,0.8,1.0113515233389612,0,1,1,0,0.011898624766771563,0.0006103524096145979
1921,0.8,1.0212994612965323,1,1,1,0,0.004965212131001589,-0.0008724800685022558
1922,0.8,0.9744287482311168,1,0,1,1,-0.003158888131967698,0.0005832234042738104
1923,0.8,0.9758768671050627,1,0,0,1,-0.00907176552862034,0.005558781918952522
1924,0.8,0.993190243049348,1,0,0,1,-0.013372720897062432,0.0037399397759319674
1925,0.8,0.9641021312656027,1,0,0,1,-0.01571918769308255,-0.0009124971234594538
1926,0.8,0.9417072813329991,1,0,0,1,-0.015607183185081652,-0.005351192376905269
1927,0.8,0.946590871184585,1,0,0,1,-0.015071347492690061,-0.010795276434070062
1928,0.8,0.9359338120809553,1,0,0,1,-0.014369048242312303,-0.016201798999465788
1929,0.8,0.9294864196035927,1,0,0,1,-0.011533516691286768,-0.02030122378288066
1930,0.8,0.9372650038558631,1,0,0,1,-0.007114967456248567,-0.023610399975794817
1931,0.8,0.9484561778312123,1,0,0,1,-0.003154624649671827,-0.025967610182522173
1932,0.8,0.9559200038114215,1,0,0,1,-0.0014638714047580683,-0.026529226693659667
1933,0.8,0.9528898138414302,1,0,0,1,0.00025668457468230074,-0.025198788841778737
1934,0.8,0.9605904538657463,1,0,0,1,0.002347352071307548,-0.023481703479303753
1935,0.8,0.9729344296897043,1,0,0,1,0.005289675135785228,-0.022506057448657215
1936,0.8,0.9823602041083812,1,0,0,1,0.008828969608123648,-0.021465239113833648
1937,0.8,1.0062258908595503,1,0,0,1,0.01053454127992735,-0.01927036837093942
1938,0.8,1.0395059408098815,1,0,0,1,0.013749221849903464,-0.017734081785164873
1939,0.8,1.0781838170803457,1,0,0,1,0.01997286350947595,-0.016957069822474108
1940,0.8,1.0884623334980728,0,0,1,1,0.028081666020138653,-0.015341675435915712
1941,0.8,1.079898338098866,0,1,1,0,0.030927778689052558,-0.00982156408897627
1942,0.8,1.113230403402067,0,1,1,0,0.03174298271271955,-0.008341389290769627
1943,0.8,1.0828532693343411,0,1,1,0,0.030941428248025694,-0.006606832614870468
1944,0.8,1.0538068497566149,0,1,1,0,0.028500405975660927,-0.002379214674287227
1945,0.8,1.0420213792907511,0,1,1,0,0.029677103405162206,0.0019180347893859536
1946,0.8,1.0365161102466474,0,1,1,0,0.03391791330562615,0.006066965571858658
1947,0.8,1.0268841660100079,0,1,1,0,0.038074914492738365,0.009176265979048906
1948,0.8,1.0174186468116568,0,1,1,0,0.04125372452393691,0.0116253452733012
1949,0.8,1.009174709649218,0,1,1,0,0.04427350744262688,0.013290340226118802
1950,0.8,0.9994209884033404,0,1,1,0,0.04718091295575823,0.015119891114863367
1951,0.8,0.9976049677189085,0,1,1,0,0.04928307418495794,0.01684514795916619
1952,0.8,1.0212862398295866,0,1,1,0,0.04921169218150482,0.017841594144252897
1953,0.8,1.014841938937455,0,1,1,0,0.045801160560243116,0.018582362776795786
1954,0.8,1.0368903320518388,0,1,1,0,0.041519919228569485,0.020531593645071306
1955,0.8,1.0700561207603398,0,1,1,0,0.03855371828401823,0.02052353432591609
1956,0.8,1.083736299513636,1,1,1,0,0.03291174297963945,0.019376966469332218
1957,0.8,1.1001182564704777,1,1,1,0,0.023953674739741308,0.014732194712010758
1958,0.8,1.0970674722054272,1,0,1,0,0.011367284471316082,0.00834481672709702
1959,0.8,1.0366977830228492,1,0,1,1,-0.0020651979839203935,0.005946515672863063
1960,0.8,1.0169142509475533,1,0,0,1,-0.009994810520125217,0.006643288284628306
1961,0.8,1.0275797435703886,1,0,0,1,-0.014567059548627397,0.0021640337393180943
1962,0.8,1.0146633377093577,1,0,0,1,-0.015885068568208812,-0.004983001679431016
1963,0.8,0.9959144820737723,1,0,0,1,-0.014253046463915085,-0.011652490749517934
1964,0.8,0.9842121977851305,1,0,0,1,-0.01181977158494268,-0.01730717255285027
1965,0.8,0.9795479828038107,1,0,0,1,-0.009698035408005802,-0.02139718818300114
1966,0.8,0.9853016848495104,1,0,0,1,-0.0063573955454866455,-0.023603121707628245
1967,0.8,0.9878951946258246,1,0,0,1,-0.0019186835809625522,-0.02410883926492683
1968,0.8,1.008532689591953,1,0,0,1,0.0010653479534706923,-0.023311639803994078
1969,0.8,1.0016043343729208,1,0,0,1,0.002086328267839335,-0.020602414080024282
1970,0.8,0.998726054132724,1,0,0,1,0.0022712252051123472,-0.015811362821240134
1971,0.8,1.0129400092292402,1,0,0,1,0.0013998893897235818,-0.011705595011255152
1972,0.8,1.0075419665205925,1,0,0,1,0.001466439265884154,-0.007231881696216962
1973,0.8,1.0134202815340576,1,0,0,1,0.00010235700247693757,-0.0014718256753893577
1974,0.8,1.044847941004946,1,0,0,1,-0.0027725235981967467,0.005154240286461896
1975,0.8,1.0852287868763904,1,0,0,1,-0.0031337074915804724,0.010049691154331884
1976,0.8,1.0775596712235602,0,1,0,1,0.006404029448377536,0.013541025000241073
1977,0.8,1.0696464250597315,0,1,1,0,0.021081545780652484,0.013307835419721508
1978,0.8,1.034570816499898,0,1,1,0,0.024100112304069124,0.012728617607710942
1979,0.8,0.9941100889177754,0,1,1,0,0.0214080632028053,0.00950784389442022
1980,0.8,0.9721650254697725,0,1,1,0,0.01723376812361218,0.005604664537743253
1981,0.8,0.9461543632166791,0,1,1,0,0.015719446770143745,0.0016408171893646537
1982,0.8,0.9277921900008257,0,1,1,0,0.016514585473395824,-0.0019074595375737848
1983,0.8,0.9115250279144489,0,1,1,0,0.017712832373855254,-0.004784161805387375
1984,0.8,0.8953080929282592,0,1,1,0,0.019181142380443852,-0.006599526350290403
1985,0.8,0.8745487672955746,0,1,1,0,0.02050643293782527,-0.006796790908307376
1986,0.8,0.8602065656107892,0,1,1,0,0.022752122655700483,-0.005362794826961282
1987,0.8,0.864254364203739,0,1,1,0,0.02412833589990295,-0.0033287932550093934
1988,0.8,0.8761394231743538,0,1,1,0,0.02356601260074036,-0.0011819020512074982
1989,0.8,0.8740333568916856,0,1,1,0,0.0217576002788192,0.0009180074375086215
1990,0.8,0.8976336960921227,0,1,1,0,0.01922107379413028,0.0019315228245056332
1991,0.8,0.9342284014859105,0,1,1,0,0.018133952105993237,0.0017259279834120917
1992,0.8,0.9734333078856963,0,1,1,0,0.014781522778956908,0.0005269913516078248
1993,0.8,0.9976523988018693,0,1,1,0,0.009676175784760464,0.00031140061796519776
1994,0.8,0.9911164760440088,1,1,1,0,0.0017461740669686152,0.00020279207982549109
1995,0.8,0.9532472846016692,1,0,1,1,-0.0073529494208135785,0.0012984801405733907
1996,0.8,0.9549401341725777,1,0,0,1,-0.01341136059475682,0.005655238225310598
1997,0.8,0.9800319733514823,1,0,0,1,-0.017846796900259528,0.0032563451614989374
1998,0.8,0.9614854018572305,1,0,0,1,-0.0202701843041943,-0.0020255591405572114
1999,0.8,0.9217828048717658,1,0,0,1,-0.020120283710029416,-0.005792229262619405
2000,0.8,0.9034000230398427,1,0,0,1,-0.01867850615027172,-0.008908393040081584
2001,0.5,0.8964017833322668,1,0,0,1,-0.016860153992033063,-0.0124532266091834
2002,0.5,0.888606149876113,1,0,0,1,-0.014734125796948619,-0.015840375285222957
2003,0.5,0.8646541663159484,1,0,0,1,-0.013610901550824896,-0.017067253110272913
2004,0.5,0.8594674289275392,1,0,0,1,-0.012607528309094385,-0.016364734804393287
2005,0.5,0.8571764802608747,1,0,0,1,-0.011318640858928395,-0.014315452431085729
2006,0.5,0.8850298694105256,1,0,0,1,-0.011516815627737818,-0.012229257830379698
2007,0.5,0.8590287119250499,1,0,0,1,-0.011377710597352972,-0.009290188061493758
2008,0.5,0.8678324434631497,1,0,0,1,-0.009775909141676347,-0.005452680910148772
2009,0.5,0.8650861676560316,1,0,0,1,-0.009982223075314876,-0.0009854228563470093
2010,0.5,0.8645296195730948,1,0,0,1,-0.011215500440144716,0.004484906263879661
2011,0.5,0.8824290642888978,1,0,0,1,-0.013554390415510851,0.01075854100738999
2012,0.5,0.8991254582546592,1,0,0,1,-0.013701783369691056,0.015848139669283095
2013,0.5,0.8807088478064155,0,1,0,1,-0.003081957907558726,0.01575151033083098
2014,0.5,0.8808942855482912,0,1,1,1,0.015284325356372091,0.012201504100666926
2015,0.5,0.9009761133173142,0,1,1,1,0.027148200380440194,0.012139787842993372
2016,0.5,0.8409953675164177,0,1,1,0,0.03470613176149256,0.014488277054947677
2017,0.5,0.836191810056914,0,1,1,0,0.03697015256835263,0.017238779802031572
2018,0.5,0.8349436989719634,0,1,1,0,0.0361189502754589,0.016022637534838166
2019,0.5,0.7865075930313543,0,1,1,0,0.03266127057494743,0.014896498432071196
2020,0.5,0.8008653087436769,0,1,1,0,0.029910455510761026,0.01281340341669382
2021,0.5,0.7792503522080395,0,1,1,0,0.028577310733901122,0.009509219266011193
2022,0.5,0.779657005455788,0,1,1,0,0.02952678597771744,0.006685094523871419
2023,0.5,0.7792217497984036,0,1,1,0,0.03342623174832944,0.0049561175859140745
2024,0.5,0.7747178869029234,0,1,1,0,0.0378172462549122,0.005192819095449049
2025,0.5,0.7603587200915091,0,1,1,0,0.040889493241215956,0.007951673381559585
2026,0.5,0.7705670421069363,0,1,1,0,0.042709235628438584,0.012380629104984624
2027,0.5,0.7812074627333052,0,1,1,0,0.04417006104515705,0.016688806634394274
2028,0.5,0.7734678198244848,0,1,1,0,0.045849498552731405,0.02128018654371229
2029,0.5,0.7895673167182795,0,1,1,0,0.047035753587229716,0.025009827300646346
2030,0.5,0.8051856221857919,0,1,1,0,0.04817806969884028,0.027137573055693903
2031,0.5,0.8426675860833258,0,1,1,0,0.04900523655818449,0.028120772512299427
2032,0.5,0.8819227371353355,0,1,1,0,0.04924610608425243,0.028061030584222723
2033,0.5,0.8468693198771936,1,1,1,0,0.04293893507292607,0.026041982025130493
2034,0.5,0.7859944074504731,1,0,1,0,0.031169826707169147,0.022771474013920517
2035,0.5,0.7885176657466081,1,0,1,1,0.017126177769469838,0.01918776205542721
2036,0.5,0.7600923463064752,1,0,1,1,0.006901358315014126,0.01691028643287598
2037,0.5,0.7130267816127458,1,0,0,1,0.0032846819975125715,0.014706953784945328
2038,0.5,0.7134157136063404,1,0,0,1,0.0031379162769522976,0.008692437354742262
2039,0.5,0.689805303614061,1,0,0,1,0.004296824436594005,-0.0001353698504032627
2040,0.5,0.6744315719283821,1,0,0,1,0.006145585139093042,-0.009984850810676824
2041,0.5,0.6375394690165651,1,0,0,1,0.00728826953517555,-0.01848466205565
2042,0.5,0.6257463352509316,1,0,0,1,0.007813254616383858,-0.025277899908671655
2043,0.5,0.6150607280680799,1,0,0,1,0.007085752227307727,-0.030298775398607748
2044,0.5,0.6142138624140776,1,0,0,1,0.006109568831032712,-0.03319007317459611
2045,0.5,0.5928602054207248,1,0,0,1,0.0074818634117935845,-0.03461381720956024
2046,0.5,0.6152067973265184,1,0,0,1,0.008748733770269334,-0.03578157003551824
2047,0.5,0.6201120924570297,1,0,0,1,0.011436422584055075,-0.037656729795510546
2048,0.5,0.6089997162638341,1,0,0,1,0.013034584469232153,-0.037271095593248996
2049,0.5,0.6119250505040199,1,0,0,1,0.011841177174817093,-0.034560870428411515
2050,0.5,0.6263830719763205,1,0,0,1,0.010205518238764468,-0.03265653495669721
2051,0.5,0.6478953688356127,1,0,0,1,0.01015460028504881,-0.031597682360212875
2052,0.5,0.6485194627246074,1,0,0,1,0.011428482093383652,-0.029011973273065678
2053,0.5,0.6310476441712904,1,0,1,1,0.01070145469708464,-0.024213644136833253
2054,0.5,0.6526442281262014,1,0,1,1,0.0064776422191944035,-0.01378212697661883
2055,0.5,0.6651655963877088,1,1,1,1,0.006176584846916004,-0.0073469008631557595
2056,0.5,0.7181969472467565,0,1,1,1,0.010363731661045008,-0.0038274534023400547
2057,0.5,0.7631279877136229,0,1,1,1,0.01646328156486181,-0.0012570616297057694
2058,0.5,0.7924853042350867,0,1,1,0,0.020649847903077792,0.00046080114406403023
2059,0.5,0.7618059189514046,0,1,1,0,0.017061652764227164,0.0010356515304061756
2060,0.5,0.7545176235266436,0,1,1,0,0.010598484021067587,0.0015041503233600413
2061,0.5,0.7527915243763784,0,1,1,0,0.005984669205676732,0.00021240500354608675
2062,0.5,0.7086898630584629,0,1,1,0,0.0020946738990562258,-0.0004856451693930648
2063,0.5,0.6876057846177771,0,1,1,0,0.000549113663458557,-0.000133604646748916
2064,0.5,0.6760631374696378,0,1,1,0,0.0011947920978071021,-0.0010548935759830626
2065,0.5,0.6572608757247291,0,1,1,0,0.003692408535512241,-0.0012661471831452106
2066,0.5,0.6339293307755305,0,1,1,0,0.005540422766363403,-0.0002429064490572566
2067,0.5,0.5978345364794859,0,1,1,0,0.008538220696741679,0.0030304002695630276
2068,0.5,0.5980722633378912,0,1,1,0,0.013182066780680833,0.007255684112765221
2069,0.5,0.6140485413445823,0,1,1,0,0.01839076391766701,0.009651930487832232
2070,0.5,0.6076654041983947,0,1,1,0,0.02172212585174329,0.011239440184291249
2071,0.5,0.6220761936538676,0,1,1,0,0.021828684124141504,0.012378315780378301
2072,0.5,0.6418744283524168,0,1,1,0,0.019848071716163596,0.011483628975379783
2073,0.5,0.6771837143930783,0,1,1,0,0.01686839177761785,0.008955865631276563
2074,0.5,0.7207940130814233,0,1,1,0,0.01367579099905362,0.005921223795631031
2075,0.5,0.7264753965943005,1,0,1,1,0.006241682372136817,0.003887721659542108
2076,0.5,0.6619807159497805,1,0,1,1,-0.0022746204887162057,0.009046428449954971
2077,0.5,0.6779119483914273,1,0,1,1,-0.011314349001582439,0.014082766177697286
2078,0.5,0.6477366033062684,1,0,0,1,-0.01549450677883826,0.013719735300645944
2079,0.5,0.657866398017978,1,0,0,1,-0.01446731791769814,0.009972961907170678
2080,0.5,0.6339542513423851,1,0,0,1,-0.011211054905280763,0.002718125265733085
2081,0.5,0.6208070437841297,1,0,0,1,-0.00754872444992909,-0.005945672380308338
2082,0.5,0.6010421526090415,1,0,0,1,-0.004954473266900284,-0.01512652641292334
2083,0.5,0.5856987715114859,1,0,0,1,-0.0031404572895501756,-0.022709697100436903
2084,0.5,0.5830283087863456,1,0,0,1,-0.0024410746726859778,-0.02865190607276453
2085,0.5,0.575301973956062,1,0,0,1,-0.0007603098713870222,-0.03326503677786725
2086,0.5,0.5885894856076855,1,0,0,1,0.0012575862271280937,-0.03691163289521864
2087,0.5,0.5876952396899279,1,0,0,1,0.003359587785515323,-0.040693425983810476
2088,0.5,0.5930090475192197,1,0,0,1,0.007231258746449472,-0.0444332365813528
2089,0.5,0.6100209712764855,1,0,0,1,0.011490368077600698,-0.04718531026711126
2090,0.5,0.604397326258016,1,0,0,1,0.014816463996019623,-0.048115514477176054
2091,0.5,0.5984839097943212,1,0,0,1,0.016744828108301208,-0.047116986198124655
2092,0.5,0.6216030277456049,1,0,0,1,0.019525924744565874,-0.04659949823869497
2093,0.5,0.6318511553620294,1,0,0,1,0.024591518246876748,-0.04663840635588851
2094,0.5,0.6558029332537687,1,0,1,1,0.03175798620704262,-0.04669705271633852
2095,0.5,0.609463588973661,1,0,1,1,0.03119766672272233,-0.03936257477263374
2096,0.5,0.6249700110027684,1,0,1,1,0.02939898178454349,-0.028990187729040332
2097,0.5,0.6531366170285836,1,0,1,1,0.028058197636755385,-0.021383188304418935
2098,0.5,0.7048739221837196,0,0,1,1,0.028308818789956305,-0.016055557847933808
2099,0.5,0.7245018940154404,0,1,1,1,0.03479714375917029,-0.011234397848062959
2100,0.5,0.7481381188430617,0,1,1,1,0.04048422035523166,-0.0073545303536760006
2101,0.5,0.7631411758239768,0,1,1,0,0.041736788699612705,-0.0028330758519546683
2102,0.5,0.7315173884315974,0,1,1,0,0.036874710261619724,0.000636419765820078
2103,0.5,0.7505089976340638,0,1,1,0,0.030786681524365787,0.001911068592393055
2104,0.5,0.7370987515471268,0,1,1,0,0.026594355621415985,0.0007312846401574291
2105,0.5,0.6994648757679505,0,1,1,0,0.02327719510309536,0.0016986602393458136
2106,0.5,0.7023368048341676,0,1,1,0,0.02275368599015684,0.0015534157469415163
2107,0.5,0.6918398970838222,0,1,1,0,0.02408737723944722,0.0008298793896087564
2108,0.5,0.6833988295204775,0,1,1,0,0.027159067029000027,0.0019084148101601898
2109,0.5,0.6703561868757576,0,1,1,0,0.02906201009732493,0.003944801470944417
2110,0.5,0.6514563623654438,0,1,1,0,0.030452467536266285,0.007149699283796386
2111,0.5,0.6468944078394325,0,1,1,0,0.03303751002494078,0.011449952177503983
2112,0.5,0.659427364741746,0,1,1,0,0.035786798604764546,0.015306248014975312
2113,0.5,0.6604829091492489,0,1,1,0,0.03728105222953203,0.01808961387964512
2114,0.5,0.6742323607038833,0,1,1,0,0.0365027909173192,0.02007491244574871
2115,0.5,0.6921157829901412,0,1,1,0,0.03402183289123228,0.02036051995352867
2116,0.5,0.7275495236747641,0,1,1,0,0.031079630688969132,0.018981366538963
2117,0.5,0.7776279172705965,1,1,1,0,0.02873009084702331,0.016344793312585707
2118,0.5,0.7733601226764858,1,0,1,0,0.020194783573642166,0.01321312549733073
2119,0.5,0.7445941605569377,1,0,1,1,0.01038171246013609,0.01402700535855138
2120,0.5,0.7271850971793734,1,0,0,1,0.0025262724582279157,0.016845978576541853
2121,0.5,0.7081734142808002,1,0,0,1,-0.0007354798595843257,0.014919109322843417
2122,0.5,0.6757683577056589,1,0,0,1,-0.0010914734398915586,0.009829483563249792
2123,0.5,0.6528831697861287,1,0,0,1,-0.0007900944115718751,0.0036153050825424434
2124,0.5,0.6386978462178485,1,0,0,1,-0.0011353461332039333,-0.004159747331891354
2125,0.5,0.6263139649631969,1,0,0,1,-0.0016234480019579665,-0.012805427764898488
2126,0.5,0.609894708910363,1,0,0,1,-0.0014063012750890676,-0.02043674319446964
2127,0.5,0.6004340214183166,1,0,0,1,-0.0007613498640877504,-0.025858311323380023
2128,0.5,0.6064864574517667,1,0,0,1,0.00040387466306774814,-0.030668780500090805
2129,0.5,0.606855912574776,1,0,0,1,0.003573839321082547,-0.035850213010070846
2130,0.5,0.5995339735921665,1,0,0,1,0.008800943645011697,-0.03966306540873738
2131,0.5,0.6086999217569085,1,0,0,1,0.013107792220794487,-0.041910556519529935
2132,0.5,0.6116861860059639,1,0,0,1,0.015708565153289344,-0.04348984406187136
2133,0.5,0.6146196056520471,1,0,0,1,0.01695240542443226,-0.04378696733477291
2134,0.5,0.6227032383792483,1,0,0,1,0.01818700962521791,-0.04390813371928205
2135,0.5,0.6246415763573961,1,0,0,1,0.019167859135455715,-0.042731061283552974
2136,0.5,0.6606658472813326,1,0,0,1,0.021608989244378093,-0.04174874028924576
2137,0.5,0.6743245124613072,1,0,0,1,0.02576385710390568,-0.04089301359002094
2138,0.5,0.6495428289137015,1,0,1,1,0.0246573002652145,-0.03401389134680323
2139,0.5,0.6781983067759432,1,0,1,1,0.022684551742787672,-0.023483361154473192
2140,0.5,0.69853468669358,0,1,1,1,0.021935020033191595,-0.014378883394886062
2141,0.5,0.7839416475699434,0,1,1,1,0.02643263090605854,-0.006813621491372864
2142,0.5,0.7673043458767267,0,1,1,1,0.03407619578892985,-0.00034022215345110203
2143,0.5,0.7455256791490428,0,1,1,0,0.03563600471099083,0.005410265025284752
2144,0.5,0.7766244248176041,0,1,1,0,0.032738461109341095,0.006869527150165292
2145,0.5,0.7563066959248991,0,1,1,0,0.028589260197592163,0.006087356980738761
2146,0.5,0.7462806956394176,0,1,1,0,0.025653587966669493,0.006344828534275015
2147,0.5,0.7634103824109301,0,1,1,0,0.024447686480591313,0.0027704016048616877
2148,0.5,0.7326816158629673,0,1,1,0,0.024010148248891444,-0.0007044921105743521
2149,0.5,0.7209749048970836,0,1,1,0,0.02402505191459254,-0.0013698689925705373
2150,0.5,0.716797498921338,0,1,1,0,0.024598139214165152,-0.0018289269102126206
2151,0.5,0.7065316105097966,0,1,1,0,0.026083534170278456,-0.0016119943433760254
2152,0.5,0.6883769196907815,0,1,1,0,0.02635476360630206,-0.0002593033831581376
2153,0.5,0.6649613112262198,0,1,1,0,0.02678752488027123,0.002245013322808893
2154,0.5,0.676959725824459,0,1,1,0,0.027197066501897956,0.00488658396737042
2155,0.5,0.6805922566450463,0,1,1,0,0.026533843155687225,0.006386984380195346
2156,0.5,0.6836436066707622,0,1,1,0,0.024841160598015038,0.009298208927627309
2157,0.5,0.6871708686632285,0,1,1,0,0.020904262642915852,0.012677403838558149
2158,0.5,0.72030451093487,0,1,1,0,0.017834969469801083,0.013939780522390704
2159,0.5,0.7725097744629551,0,1,1,0,0.01774635888811798,0.0115798425948949
2160,0.5,0.8123814600610894,1,1,1,1,0.01620730949067115,0.006974307380706617
2161,0.5,0.7400447437635074,1,0,1,1,0.011680647153356533,0.008152762620401561
2162,0.5,0.752513875826441,1,0,0,1,0.005179243078513258,0.012715553544900128
2163,0.5,0.7646445486760787,1,0,0,1,-0.0011453969463965932,0.009783391254533723
2164,0.5,0.7150403911023774,1,0,0,1,-0.004910336120181817,0.004561107625403799
2165,0.5,0.6933493789891758,1,0,0,1,-0.005538897005706165,-0.000390708095591322
2166,0.5,0.6796743862306535,1,0,0,1,-0.0058917214227968,-0.005745107111267185
2167,0.5,0.6586142964047681,1,0,0,1,-0.006109914908622339,-0.010725473345431506
2168,0.5,0.6349490654579194,1,0,0,1,-0.0043455726375421855,-0.015069121590902226
2169,0.5,0.618050084483794,1,0,0,1,-0.002491529579493616,-0.018249644217183662
2170,0.5,0.6116212123436268,1,0,0,1,-0.0015700454006697681,-0.021108755787545862
2171,0.5,0.6062265737330482,1,0,0,1,-0.00018164465733564068,-0.024632733443797326
2172,0.5,0.5957211906511442,1,0,0,1,0.002361364412841028,-0.027563462400939133
2173,0.5,0.6027490106796578,1,0,0,1,0.00501959841651935,-0.029330855437278636
2174,0.5,0.5994365294919402,1,0,0,1,0.006053345953915416,-0.030000128577914516
2175,0.5,0.6038234552724531,1,0,0,1,0.005916934146987773,-0.029809203158284364
2176,0.5,0.6104973471294786,1,0,0,1,0.006073066931170636,-0.029167717561709286
2177,0.5,0.6198828654522792,1,0,0,1,0.006516646354310871,-0.02800860420565848
2178,0.5,0.6392811530715743,1,0,0,1,0.007948620579732993,-0.026282773474154947
2179,0.5,0.6773663249212685,1,0,0,1,0.011732019399888095,-0.025741240035332274
2180,0.5,0.6791871981313673,1,0,1,1,0.015622725202674142,-0.024450080931112447
2181,0.5,0.7020971146954474,1,0,1,1,0.01371085896009059,-0.0172255888790385
2182,0.5,0.7109857143844323,0,1,1,1,0.014015456031875153,-0.00995956687695734
2183,0.5,0.7804280671148641,0,1,1,1,0.020759036091159075,-0.0045050344942978195
2184,0.5,0.7767155747947931,0,1,1,1,0.027583744177940458,0.0012393962316724174
2185,0.5,0.774896960240658,0,1,1,0,0.029598696590181512,0.006336128468470038
2186,0.5,0.7731011350925308,0,1,1,0,0.02777605152759852,0.008661662045928185
2187,0.5,0.7655732562770046,0,1,1,0,0.023611339076675644,0.009403416953073753
2188,0.5,0.7670748060641274,0,1,1,0,0.020075612155440594,0.008561809801088543
2189,0.5,0.751235184025571,0,1,1,0,0.019353394532749923,0.0072570208691531924
2190,0.5,0.7365563794938008,0,1,1,0,0.02014287471201905,0.006963136169216902
2191,0.5,0.7302615090715542,0,1,1,0,0.021585649855214974,0.006855133275193323
2192,0.5,0.7250057731433937,0,1,1,0,0.023393019669707582,0.006650386197621785
2193,0.5,0.7139864995023115,0,1,1,0,0.026326496113168903,0.007202535397655236
2194,0.5,0.6961115327260177,0,1,1,0,0.027208223433192465,0.008699325906866404
2195,0.5,0.6744222014542082,0,1,1,0,0.02777672126749645,0.010923593445951046
2196,0.5,0.6812341444878438,0,1,1,0,0.029201941035102843,0.013742393978140612
2197,0.5,0.6909719997382335,0,1,1,0,0.030141812281790026,0.014841624641705773
2198,0.5,0.7069273036005058,0,1,1,0,0.029635625533345446,0.015225666436096576
2199,0.5,0.7052836607667039,0,1,1,0,0.02666349873674382,0.016439697932101302
2200,0.5,0.7317313829278276,0,1,1,0,0.02380745493009334,0.01738632323901301
2201,0.5,0.7748896911393064,1,1,1,0,0.02215460964770996,0.016409973344306883
2202,0.5,0.7725347686538693,1,1,1,0,0.0170042590028423,0.01272062302264804
2203,0.5,0.6991741261035054,1,0,1,1,0.010642664638172455,0.012744668984587246
2204,0.5,0.7006075162558529,1,0,1,1,0.0026318521258116402,0.016601436942515334
2205,0.5,0.7243127742137331,1,0,0,1,-0.006783066144047927,0.01542142960705964
2206,0.5,0.7012481774001779,1,0,0,1,-0.01157294663704473,0.01078165964678558
2207,0.5,0.6677755200681196,1,0,0,1,-0.010884430850490954,0.006376647497390374
2208,0.5,0.6514138579850987,1,0,0,1,-0.008388442275024721,0.0011370434555817096
2209,0.5,0.6409232491253964,1,0,0,1,-0.007112563445769515,-0.005797761504791827
2210,0.5,0.6232449789231812,1,0,0,1,-0.0061594382597014476,-0.012889035523306726
2211,0.5,0.6127232527955575,1,0,0,1,-0.004483302898207134,-0.019651961517632214
2212,0.5,0.5997196951188385,1,0,0,1,-0.0028572957386809286,-0.024611805002318694
2213,0.5,0.5960536928696313,1,0,0,1,-0.0008804797867340974,-0.027533316879570762
2214,0.5,0.6144791581048763,1,0,0,1,0.0008886719908464453,-0.030707008414907127
2215,0.5,0.6081059973983586,1,0,0,1,0.0038533090876931345,-0.034185823932669016
2216,0.5,0.6183754661560092,1,0,0,1,0.006776417264679113,-0.03658038436895383
2217,0.5,0.6292320924819748,1,0,0,1,0.009054095515369748,-0.038732066278537015
2218,0.5,0.6288035351896952,1,0,0,1,0.011660219648667945,-0.039472139318667235
2219,0.5,0.6308010766201804,1,0,0,1,0.013805350102821457,-0.037654405855701414
2220,0.5,0.635284024182031,1,0,0,1,0.015455424083484345,-0.03459408882479428
2221,0.5,0.65732237603886,1,0,0,1,0.017835373597683297,-0.03167656384808007
2222,0.5,0.6712578798563159,1,0,0,1,0.02182835054309658,-0.028934266119815956
2223,0.5,0.6675142648488585,1,0,1,1,0.023060389008568247,-0.024268778126252187
2224,0.5,0.7007620986307332,0,0,1,1,0.02253574020267183,-0.015718008809491594
2225,0.5,0.7399288697649885,0,1,1,1,0.029406161859493612,-0.008697509203904313
2226,0.5,0.7621865624309585,0,1,1,1,0.03921524153170957,-0.0034387371354009833
2227,0.5,0.7953357959177788,0,1,1,1,0.045300813406634347,0.0023765892291287153
2228,0.5,0.8246511457761805,0,1,1,1,0.04920271349249128,0.007673579563294421
2229,0.5,0.7965359959247152,0,1,1,0,0.0460577001886377,0.01174139632644146
2230,0.5,0.810937720751579,0,1,1,0,0.04067312893137008,0.012748965300256581
2231,0.5,0.7888296829105274,0,1,1,0,0.036321313464168496,0.013026365003065369
2232,0.5,0.7789190750038482,0,1,1,0,0.03318486957414366,0.012763809159529082
2233,0.5,0.7637316054065341,0,1,1,0,0.03288635761960748,0.012791759691875144
2234,0.5,0.7556926931221514,0,1,1,0,0.034399188339799526,0.013141830008906077
2235,0.5,0.7513863293256653,0,1,1,0,0.038301959985542935,0.014813304187200128
2236,0.5,0.7414518207398214,0,1,1,0,0.04213046412603476,0.017709922693038102
2237,0.5,0.7297126353444547,0,1,1,0,0.04700023540094504,0.022611051801878848
2238,0.5,0.730793512469915,0,1,1,0,0.052079540096253096,0.028737429923700458
2239,0.5,0.7478392562491972,0,1,1,0,0.05668166961040017,0.03435556987081243
2240,0.5,0.7423082196218442,0,1,1,0,0.0603283780521471,0.03920809732549854
2241,0.5,0.7625987798256135,0,1,1,0,0.061640954857359286,0.042458567436834384
2242,0.5,0.7932715019494953,0,1,1,0,0.06265314618751355,0.043424266592411144
2243,0.5,0.8182784407990765,1,1,1,0,0.06140228890951994,0.042724983041321996
2244,0.5,0.805303429897978,1,0,1,0,0.05176294870018293,0.03725679586154517
2245,0.5,0.8120557109777877,1,0,1,0,0.03749987956330467,0.029931837789820347
2246,0.5,0.7755641953471238,1,0,1,1,0.018593761321793727,0.022219913822208514
2247,0.5,0.694217162548097,1,0,1,1,0.005387007299025083,0.02030628866498823
2248,0.5,0.6955954297726519,1,0,1,1,-0.004479922356504753,0.01988587025901438
2249,0.5,0.6770367512358816,1,0,0,1,-0.010204815079315595,0.015490940420536309
2250,0.5,0.6627618155338654,1,0,0,1,-0.01080689459213895,0.006853800638247588
2251,0.5,0.6646118099024646,1,0,0,1,-0.009673987564178315,-0.004724457445648749
2252,0.5,0.6479657494335856,1,0,0,1,-0.005935287853387356,-0.0163718150597446
2253,0.5,0.6269952297312568,1,0,0,1,-0.0011827240477666411,-0.02592616542294648
2254,0.5,0.6064673032678266,1,0,0,1,0.002079129553118747,-0.0319550338772583
2255,0.5,0.5932781940614426,1,0,0,1,0.0030930907033159282,-0.03455747467406681
2256,0.5,0.6062617194001335,1,0,0,1,0.003102441534349185,-0.035438855632275716
2257,0.5,0.6134448182373688,1,0,0,1,0.005784392370919698,-0.03544187665212562
2258,0.5,0.6224283973333197,1,0,0,1,0.007405144065392736,-0.03317595361336098
2259,0.5,0.6131655887377412,1,0,0,1,0.006200253657677635,-0.029196640600806824
2260,0.5,0.6122923422244476,1,0,0,1,0.003097039208101299,-0.02431085000156766
2261,0.5,0.6409311619401062,1,0,0,1,-0.0012468126947568746,-0.020098319996310926
2262,0.5,0.6550931261011296,1,0,0,1,-0.00583653727403002,-0.01651027212209998
2263,0.5,0.6691687945049647,1,0,0,1,-0.012169728287065596,-0.010800057585442021
2264,0.5,0.693197587333814,1,0,0,1,-0.016270643926851146,-0.004834579351081661
2265,0.5,0.704462395876855,1,1,0,1,-0.015982819569539522,0.0005225553139061666
2266,0.5,0.8044478123311769,0,1,0,1,-0.006719707123865707,-0.0017288272437937843
2267,0.5,0.7856783464882117,0,1,1,1,0.0054059443856891405,-0.0026737644262632004
2268,0.5,0.8255354936266456,0,1,1,1,0.012735035333247702,0.0037899685910365312
2269,0.5,0.8392168637694325,0,1,1,0,0.017235916830095184,0.008209663681936553
2270,0.5,0.7937816859351761,0,1,1,0,0.01647533663763174,0.011314197848929777
2271,0.5,0.7827546959954422,0,1,1,0,0.012632838160200372,0.012359696694432603
2272,0.5,0.7598515869810206,0,1,1,0,0.009537937487431212,0.011123409262846764
2273,0.5,0.7439334077581843,0,1,1,0,0.009647214029402915,0.009913134493936895
2274,0.5,0.7313066755549894,0,1,1,0,0.012180411798422814,0.008396715302979625
2275,0.5,0.7188553950858113,0,1,1,0,0.014841401447297297,0.006608404869355543
2276,0.5,0.7075726467190215,0,1,1,0,0.018342756993461235,0.006303266083758421
2277,0.5,0.6893185071083028,0,1,1,0,0.021514173178607897,0.007697545885181346
2278,0.5,0.6615607859503776,0,1,1,0,0.025939316936554276,0.012055644384023638
2279,0.5,0.6557679207552007,0,1,1,0,0.030527081200199216,0.01811795407354616
2280,0.5,0.6697635418573528,0,1,1,0,0.036177782263153956,0.02311736812463176
2281,0.5,0.6550784245491011,0,1,1,0,0.04199249008177933,0.028062435388255987
2282,0.5,0.6733249468719523,0,1,1,0,0.04595380366694126,0.03212410870901843
2283,0.5,0.6928114047373081,0,1,1,0,0.04924103670935195,0.03379263756368621
2284,0.5,0.7236876186956787,0,1,1,0,0.04982136415280319,0.03429925685234693
2285,0.5,0.745935973733087,1,1,1,0,0.049096552482021084,0.034363062964168994
2286,0.5,0.718890188315068,1,0,1,0,0.03945465125293262,0.03232160135331966
2287,0.5,0.7322492977069516,1,0,1,1,0.024229217931860107,0.02736486303593779
2288,0.5,0.6869706860009495,1,0,1,1,0.010907087618795277,0.024551206180225632
2289,0.5,0.6297226609732701,1,0,0,1,0.00307392479702998,0.025262658130366038
2290,0.5,0.6187068998576297,1,0,0,1,0.0017111831600847831,0.02093990723174329
2291,0.5,0.616550089782623,1,0,0,1,0.0036764286734553915,0.009713179123825657
2292,0.5,0.5891445859313225,1,0,0,1,0.007886814744544498,-0.003616072222256166
2293,0.5,0.5725563211819791,1,0,0,1,0.013074445625086596,-0.017285247702459355
2294,0.5,0.5496553536018832,1,0,0,1,0.017342367078064982,-0.029253562206605282
2295,0.5,0.5333704322919672,1,0,0,1,0.02023984344439543,-0.038060531898687425
2296,0.5,0.5209694168493036,1,0,0,1,0.021711639733627577,-0.04361542388771875
2297,0.5,0.5243551255296125,1,0,0,1,0.023725675436738355,-0.04767580182871616
2298,0.5,0.5187120451591503,1,0,0,1,0.028034978729638525,-0.051103747685563056
2299,0.5,0.5384550699475208,1,0,0,1,0.03202143508939314,-0.05396226185894879
2300,0.5,0.5351505295359162,1,0,0,1,0.03422614791832473,-0.055932638310529775
2301,0.5,0.540629363798685,1,0,0,1,0.034836499237531474,-0.05681808922419049
2302,0.5,0.5597470405747061,1,0,0,1,0.034330336210849674,-0.05819057360920982
2303,0.5,0.552315167976409,1,0,0,1,0.03344493999166375,-0.057986761969564204
2304,0.5,0.57483054114218,1,0,0,1,0.033906800797050496,-0.05759781185273066
2305,0.5,0.5792831849074518,1,0,1,1,0.036232005477559406,-0.057045271698953785
2306,0.5,0.5631733015620196,1,0,1,1,0.0341178508342225,-0.05086932566080617
2307,0.5,0.591379874872817,1,0,1,1,0.030970237924102632,-0.04233262442875851
2308,0.5,0.6101339808521875,1,0,1,1,0.028907538252859813,-0.03430678879910068
2309,0.5,0.6471732277006145,0,0,1,1,0.02841624149278218,-0.025408446652361017
2310,0.5,0.6757181505867101,0,1,1,1,0.03136906765084527,-0.015708396701052778
2311,0.5,0.7119467045542913,0,1,1,1,0.033912575840018486,-0.007374613762971257
2312,0.5,0.7260213656966604,0,1,1,0,0.033391946674230656,-0.0006941576300889675
2313,0.5,0.7009266136134434,0,1,1,0,0.027114771927633848,0.0037375039776257574
2314,0.5,0.7226903322750782,0,1,1,0,0.019994922117121953,0.004572980820462655
2315,0.5,0.6850445402775749,0,1,1,0,0.014662472814122285,0.004047826616603496
2316,0.5,0.6679027189691693,0,1,1,0,0.01137755501816633,0.004079774160337546
2317,0.5,0.657434289915162,0,1,1,0,0.01067580050019291,0.0026377182800657716
2318,0.5,0.6369827780293688,0,1,1,0,0.01121054883546345,0.0017830051955655467
2319,0.5,0.6227631317704964,0,1,1,0,0.01351958990202371,0.0025590989900328895
2320,0.5,0.6028918278489013,0,1,1,0,0.015419616975587126,0.004080512483405349
2321,0.5,0.570140352653554,0,1,1,0,0.017391781359926133,0.0069021821546191835
2322,0.5,0.5758095068965204,0,1,1,0,0.01961081848607767,0.00993605140877726
2323,0.5,0.5864398970644548,0,1,1,0,0.02163980199105879,0.011549922834209688
2324,0.5,0.5942214242020278,0,1,1,0,0.02113001850786117,0.013107221488948757
2325,0.5,0.6002139580830989,0,1,1,0,0.017898517834358318,0.014902147433945573
2326,0.5,0.618867124637343,0,1,1,0,0.014361596026586612,0.014737103334697375
2327,0.5,0.6613068428422578,0,1,1,0,0.011643181975520486,0.011402679907574442
2328,0.5,0.7034145338361478,0,1,1,0,0.008571681283019711,0.006306937775058579
2329,0.5,0.6638223187184119,1,0,1,1,0.0007670582877668395,0.001748940585619435
2330,0.5,0.5942430886962492,1,0,1,1,-0.007282678118992832,0.005852142280635664
2331,0.5,0.6095152067082249,1,0,1,1,-0.01452985869438875,0.012024429869560233
2332,0.5,0.6324220926201152,1,0,0,1,-0.023036956992596374,0.012628310019228903
2333,0.5,0.6366050571994454,1,0,0,1,-0.02622141052425334,0.007804507781064281
2334,0.5,0.6132217588098884,1,0,0,1,-0.024052501437612926,0.001256921959077723
2335,0.5,0.6062674112607936,1,0,0,1,-0.019362914221672405,-0.006426758618290521
2336,0.5,0.5962583831888151,1,0,0,1,-0.01544308416221244,-0.014932163535293794
2337,0.5,0.5926636721838984,1,0,0,1,-0.012680290722237383,-0.02305580433326507
2338,0.5,0.5804622150236142,1,0,0,1,-0.010272722133970728,-0.029455298581329087
2339,0.5,0.572229706208066,1,0,0,1,-0.007480142378057689,-0.03356724546366379
2340,0.5,0.5763458283905286,1,0,0,1,-0.005967620692763595,-0.03519859936865036
2341,0.5,0.5750307824569685,1,0,0,1,-0.00384338131963077,-0.036152445332777575
2342,0.5,0.6008200853704899,1,0,0,1,-0.0018429880680575774,-0.03783964638006759
2343,0.5,0.5958954425586377,1,0,0,1,-0.00011662779200949823,-0.03909539232498031
2344,0.5,0.6090966755203401,1,0,0,1,0.001722776132934633,-0.03932373764299964
2345,0.5,0.6205244061815647,1,0,0,1,0.0030293428999695155,-0.039001994451035055
2346,0.5,0.628495865675961,1,0,0,1,0.004294623391949979,-0.0378910919582811
2347,0.5,0.6439896680324861,1,0,0,1,0.005398613987313005,-0.035621933208724234
2348,0.5,0.685096728476069,1,0,0,1,0.00817485743631461,-0.03433967327572218
2349,0.5,0.6821708345409444,1,0,0,1,0.01279979466590069,-0.0320067783524465
2350,0.5,0.7066075298927452,1,0,1,1,0.016995394690043755,-0.02885318342765905
2351,0.5,0.7103495227350484,1,0,1,1,0.01723947955029503,-0.021506919169030504
2352,0.5,0.7088129967038657,0,1,1,1,0.020634299827438942,-0.012598459349624936
2353,0.5,0.7830002174724728,0,1,1,1,0.028256366686989887,-0.005830239560220416
2354,0.5,0.7654355444163757,0,1,1,0,0.03639294871461885,0.0003099120576798503
2355,0.5,0.7798096616307775,0,1,1,0,0.03887869394762655,0.006170331101238102
2356,0.5,0.7969005219658339,0,1,1,0,0.03696286700454751,0.008442639042484443
2357,0.5,0.7623279650001166,0,1,1,0,0.033743250184758954,0.010048051779977063
2358,0.5,0.7709230767255826,0,1,1,0,0.031648455620792555,0.010797038101008901
2359,0.5,0.7638195758761385,0,1,1,0,0.03155013478584994,0.008898105773504405
2360,0.5,0.7648749431880595,0,1,1,0,0.03380052364539014,0.006219442233041632
2361,0.5,0.7614860095892136,0,1,1,0,0.03661586351699932,0.005093454141564149
2362,0.5,0.7583900265865539,0,1,1,0,0.0384529631779638,0.005421967627962505
2363,0.5,0.7517931189501387,0,1,1,0,0.039125047846749826,0.006897900831275612
2364,0.5,0.7328510068091134,0,1,1,0,0.040194287526424406,0.01000363169502311
2365,0.5,0.7408519526816093,0,1,1,0,0.041047540902443294,0.013772831707632589
2366,0.5,0.7576551179304375,0,1,1,0,0.04190584367929392,0.016522194679191356
2367,0.5,0.7549443601070827,0,1,1,0,0.041632445535048454,0.01900653214615158
2368,0.5,0.7641190786245012,0,1,1,0,0.03984293214825615,0.022225520628189135
2369,0.5,0.7792427657205058,0,1,1,0,0.037609075280543774,0.02385312961560104
2370,0.5,0.8161619151351681,0,1,1,0,0.036044079438369604,0.023561486809346638
2371,0.5,0.8504974888598801,1,1,1,0,0.0344887397369485,0.02199472759998549
2372,0.5,0.8025549184600682,1,0,1,0,0.023100306882016707,0.02007510132907582
2373,0.5,0.785255475205677,1,0,1,1,0.011854982219364246,0.02062234075578496
2374,0.5,0.7710248231013653,1,0,0,1,0.0010961468614646567,0.02016960447077073
2375,0.5,-0.011603473019882156,1,1,1,1,-0.00037637279160354534,-0.0010435317921076482
2376,0.5,-0.03524917692325851,1,0,0,1,-0.003915017737735831,0.0012291279321725637
2377,0.5,-0.09194280271961111,1,0,0,1,-0.0052775703625144,0.007577088419496575
2378,0.5,-0.10617421937164859,1,0,0,1,-0.006101421191569454,0.012810484770302624
2379,0.5,-0.11980104513082032,1,0,0,1,-0.00869437654755112,0.015268004010511026
2380,0.5,-0.12545830716808679,1,0,0,1,-0.010120417547082709,0.015208733016886623
2381,0.5,-0.09961593397328877,1,0,0,1,-0.010929779800437434,0.011808649442751113
2382,0.5,-0.08124546588137331,1,0,0,1,-0.009387352739637382,0.004768524962922484
2383,0.5,-0.058226337922856856,0,0,0,1,-0.002815662249278526,-0.004749638679042232
2384,0.5,-0.0776695597237044,1,0,0,1,0.005393533449183555,-0.012565587219704449
2385,0.5,-0.08308971695174187,1,0,0,1,0.01365580188532003,-0.018269929628496318
2386,0.5,-0.09915053882571788,0,0,0,1,0.019305934582351213,-0.021677259176794767
2387,0.5,-0.05859826810221838,1,0,0,1,0.024961548910968287,-0.02486342338958683
2388,0.5,-0.06064517098853918,1,0,0,1,0.03124432804712698,-0.02919131973462284
2389,0.5,-0.051458226605004015,1,0,0,1,0.033630514183197485,-0.030939572999140914
2390,0.5,-0.02575972480315972,1,0,0,1,0.03580316008109006,-0.034402365502701225
2391,0.5,-0.005322653105842034,0,0,0,1,0.04132524639208677,-0.03741275232689379
2392,0.5,0.008145164722861737,0,0,1,1,0.04857548594840201,-0.034542255687199805
2393,0.5,0.025984820420857355,0,0,1,1,0.05075456690042791,-0.0215480895871022
2394,0.5,0.07296336853891269,0,0,1,1,0.0535272524549081,-0.007017565331013369
2395,0.5,0.13534407606393634,0,1,1,1,0.05831899367603135,0.004484990426944966
2396,0.5,0.1631449865097418,0,1,1,1,0.06089343304769807,0.01245658860780922
2397,0.5,0.25048400183179237,0,1,1,1,0.06139444463771679,0.01639533158149219
2398,0.5,0.2996428295140761,0,1,1,1,0.06012989464064073,0.01630087521377503
2399,0.5,0.3130746857331947,0,1,1,0,0.0516159262933088,0.011623729441326976
2400,0.8,0.32647415708142824,0,1,1,0,0.041162244158313564,0.00509690633048676
2401,0.8,0.33422422866110424,0,1,1,0,0.030864284388678373,-0.002018799980428898
2402,0.8,0.31767866022563535,0,1,1,0,0.021599954435870452,-0.007877052516819432
2403,0.8,0.32356387921575164,0,1,1,0,0.01684504072267434,-0.011903954680106665
2404,0.8,0.33863774967379306,0,1,1,0,0.018225472020119662,-0.015213621796863565
2405,0.8,0.36199844542515863,0,1,1,0,0.02249843314728631,-0.01694118235003961
2406,0.8,0.3812601234689675,0,1,1,0,0.0244403233117527,-0.018409355811754142
2407,0.8,0.39006724840559154,0,1,1,0,0.022132335585355895,-0.020614019016100764
2408,0.8,0.40948732404610644,0,1,1,0,0.016364570669755475,-0.023759992898768154
2409,0.8,0.44753242570122803,0,1,1,0,0.007165216307203696,-0.028883966032207775
2410,0.8,0.4744089211401326,0,1,1,0,-0.0037866256868902275,-0.03588460045315921
2411,0.8,0.5376394286531343,0,1,1,0,-0.01545239566979305,-0.04436015819165412
2412,0.8,0.570508929384887,0,1,1,0,-0.03044455528931252,-0.0541679232797028
2413,0.8,0.5102838740813879,0,1,1,1,-0.04083798593837142,-0.054796217400871705
2414,0.8,0.5089876355723613,0,1,1,1,-0.04630266925224889,-0.044928312136679846
2415,0.8,0.5425167232104248,0,0,1,1,-0.055037751696598095,-0.03483614201669099
2416,0.8,0.5994241788232746,0,0,1,1,-0.06621025951048734,-0.026635224006343296
2417,0.8,0.6357253122369572,1,0,0,1,-0.07844619636676309,-0.020252694827614763
2418,0.8,0.6293524747266337,1,0,0,1,-0.08588074483518318,-0.01538016716954486
2419,0.8,0.6517212463949587,1,0,0,1,-0.08734248103800861,-0.012633119679129116
2420,0.8,0.6864253838692245,1,0,0,1,-0.08622967981679983,-0.013486698712621573
2421,0.8,0.6999815418785615,1,0,0,1,-0.08456863582421345,-0.015830953174520695
2422,0.8,0.7219837461220032,1,0,0,1,-0.08262439154399433,-0.016952332929582238
2423,0.8,0.7496264360395771,1,0,0,1,-0.0787934678129898,-0.017709865717400883
2424,0.8,0.7837916072058582,1,0,0,1,-0.0743665089802074,-0.01781815006854152
2425,0.8,0.806294380236771,1,0,0,1,-0.07143969628615618,-0.015810666614054395
2426,0.8,0.8510337266385177,1,0,0,1,-0.07219116789463167,-0.011552346197915434
2427,0.8,0.8949646063872604,1,0,0,1,-0.07383440414103438,-0.006259211507360375
2428,0.8,0.9024165937669971,1,0,0,1,-0.07174548712111052,0.00028127579075527587
2429,0.8,0.9154228486642355,1,0,0,1,-0.06935710989408315,0.009263584841691113
2430,0.8,0.9628551798478566,1,0,0,1,-0.06955933023185946,0.01790126183010293
2431,0.8,0.9362723584849002,1,1,0,1,-0.06224051389354443,0.02102506651805256
2432,0.8,0.9337926965036897,0,1,0,1,-0.04648841448371015,0.017320286325931203
2433,0.8,0.9764439342100267,0,1,0,1,-0.02939469231378702,0.009893533469841773
2434,0.8,0.9645178027085434,0,1,0,0,-0.014196728307380968,3.3378716346893755e-05
2435,0.8,0.8888345874654833,0,1,1,0,-0.00668835700683777,-0.008379965045088502
2436,0.8,0.8755973237079268,0,1,1,0,-0.004114928490657579,-0.012885243827296574
2437,0.8,0.8483447149209985,0,1,1,0,-0.004728196484737669,-0.018272217250460326
2438,0.8,0.813611811257069,0,1,1,0,-0.0048320947689675835,-0.02082937957760126
2439,0.8,0.786686893037455,0,1,1,0,0.0010121555236072637,-0.019124473171563783
2440,0.8,0.7889877687235459,0,1,1,0,0.008506996707550427,-0.014578932007620306
2441,0.8,0.8138435927609711,0,1,1,0,0.016701662822044414,-0.010504163526115443
2442,0.8,0.8075561963096469,0,1,1,0,0.0238004405796368,-0.005293132780383373
2443,0.8,0.8158754198825297,0,0,1,0,0.02993750632691536,0.0014980069520904554
2444,0.8,0.8540359656919486,0,1,1,0,0.032565657319944104,0.006486397304557302
2445,0.8,0.8543310219094775,0,1,1,0,0.033727985811808255,0.009958897573111173
2446,0.8,0.8841280922706753,0,1,1,0,0.033612645907537854,0.013612539114846344
2447,0.8,0.9056556223566357,0,1,1,0,0.033471997586791744,0.016316320207696796
2448,0.8,0.9533455129515951,0,0,1,0,0.030357349323838875,0.019615731423533445
2449,0.8,0.9889964000161412,0,0,1,0,0.020585787095965792,0.02493366539951607
2450,0.8,1.0458047922287022,1,0,1,0,0.008546406993256515,0.03319747591310963
2451,0.8,1.0022981422539121,1,0,1,1,-0.006150365984097187,0.03889846041654836
2452,0.8,0.9645198265095384,1,0,0,1,-0.010004970383856625,0.040746346191562886
2453,0.8,0.9298029411524188,1,0,0,1,-0.010144696533359754,0.035053984446693984
2454,0.8,0.8922728005576582,1,0,0,1,-0.00980682226220877,0.024912341794830112
2455,0.8,0.8660213078911709,1,0,0,1,-0.009087705273859869,0.01242729373415968
2456,0.8,0.8403420897652442,1,0,0,1,-0.008465414637719394,0.0004857584270665857
2457,0.8,0.8340794638741623,1,0,0,1,-0.007102064848150232,-0.010294417602859244
2458,0.8,0.8075346173570944,1,0,0,1,-0.003739040290954926,-0.018496364577957784
2459,0.8,0.8103857102406714,1,0,0,1,-0.002504481806024213,-0.023032141291399695
2460,0.8,0.7944940388085137,0,0,0,1,-0.0014077831418913478,-0.024974623203484283
2461,0.8,0.8124997078862286,0,0,0,1,6.09185108940251e-05,-0.025234482010607108
2462,0.8,0.8453972743338592,0,0,0,1,0.002831764949180798,-0.027229065565723715
2463,0.8,0.8221885231029947,0,0,0,1,0.006799477119490223,-0.027442078900944092
2464,0.8,0.8579927823323912,1,0,0,1,0.011144893425018254,-0.026873127192136467
2465,0.8,0.8841598557518009,1,0,0,1,0.013955572014092714,-0.026824817802078748
2466,0.8,0.9205550400393653,1,0,0,1,0.018994132968093914,-0.028581255532849792
2467,0.8,0.9374018586239073,1,0,0,1,0.025721891086696987,-0.030305643629064818
2468,0.8,0.9487392631993945,1,0,1,1,0.032160427162149355,-0.03097124911477076
2469,0.8,0.9465449279030814,1,0,1,1,0.03222811181613386,-0.025403469913821516
2470,0.8,0.9313167447254663,0,0,1,0,0.030716211762068565,-0.016535544125419778
2471,0.8,0.9416663861168086,0,1,1,0,0.027994596905520967,-0.006560202933974599
2472,0.8,0.9365506726535309,0,1,1,0,0.026636245770195986,0.00015673046352275436
2473,0.8,0.9303726538958532,0,1,1,0,0.02573425392008619,0.00574514654272337
2474,0.8,0.9367607038139901,0,1,1,0,0.02707707157922962,0.008230723043313829
2475,0.8,0.9399839315532645,0,1,1,0,0.031128150754563443,0.008812762135607766
2476,0.8,0.9475166692002618,0,1,1,0,0.03489004214628422,0.009054140741621175
2477,0.8,0.9428284938297069,0,1,1,0,0.036107007473043844,0.00939029760249911
2478,0.8,0.9308982644303894,0,1,1,0,0.035072884186351544,0.010173117054020483
2479,0.8,0.9203813935103126,0,1,1,0,0.033840324170723295,0.01134366592060357
2480,0.8,0.9221038770892587,0,1,1,0,0.03375093388442026,0.012802385451646414
2481,0.8,0.9423961192868857,0,1,1,0,0.03326811294957046,0.013370926404746125
2482,0.8,0.9508619117405687,0,1,1,0,0.031128075898052946,0.012465781720878689
2483,0.8,0.9730068612184267,0,1,1,0,0.026642169469438794,0.010609254624075314
2484,0.8,1.0000908234069932,0,1,1,0,0.022218625443912742,0.008514989718741655
2485,0.8,1.0339880182839012,0,0,1,0,0.01631694348128102,0.006998150258477613
2486,0.8,1.0605065730517236,1,0,1,0,0.0044167448431430955,0.007970959776548072
2487,0.8,1.0863003935648177,1,0,1,1,-0.014428594791344144,0.0076837972631290715
2488,0.8,1.0179389933968739,1,0,0,1,-0.025466813933867054,0.011616989980368012
2489,0.8,0.9960888146823484,1,0,0,1,-0.02813303299405381,0.015547977545338347
2490,0.8,0.9718026430484067,1,0,0,1,-0.027815171731400898,0.015141304134892319
2491,0.8,0.9473464547813444,1,0,0,1,-0.02665968340630859,0.01182877788350395
2492,0.8,0.9394726633531058,1,0,0,1,-0.027111145188030223,0.005674020043441798
2493,0.8,0.9325552674833892,1,0,0,1,-0.02919415092080515,-0.001386319331682181
2494,0.8,0.9372716237410249,1,0,0,1,-0.029700459253429526,-0.008130868302708472
2495,0.8,0.95524713503882,1,0,0,1,-0.029700536312467767,-0.014013127453456136
2496,0.8,0.9486035192932374,1,0,0,1,-0.02873280978711786,-0.016987331000730733
2497,0.8,0.9620238745411891,1,0,0,1,-0.026155374497790568,-0.017095392485112968
2498,0.8,0.9931907262316386,1,0,0,1,-0.026572944282689984,-0.015899040765470048
2499,0.8,0.9786871433143274,1,0,0,1,-0.023986742061486366,-0.012999335243949427
2500,0.8,1.0088724472357893,1,0,0,1,-0.019786704843027258,-0.010786146181365924
2501,0.8,1.0126239271448243,1,0,0,1,-0.016852485865793722,-0.00812630960640252
2502,0.8,1.035623537264035,1,0,0,1,-0.01677231857265605,-0.003688444312723352
2503,0.8,1.0874480088813414,1,0,0,1,-0.015055490909901048,-0.0013684609728201547
2504,0.8,1.1237877535601748,1,0,0,1,-0.010761359332731556,-0.00011523551008565315
2505,0.8,1.0910172541734213,0,1,0,0,-0.0009301718351367815,-0.0011335493092976688
2506,0.8,1.0424566203509027,0,1,1,0,0.004327202301537424,-0.0067452637326490174
2507,0.8,1.0332966042927332,0,1,1,0,0.0032979546932244684,-0.010649988699940854
2508,0.8,1.0050791570431679,0,1,1,0,0.0015196159703306721,-0.013829907558093683
2509,0.8,1.0082238980992906,0,1,1,0,0.0024860661364833397,-0.016047473887584013
2510,0.8,0.9863266744181407,0,1,1,0,0.006887185111776291,-0.016981949765924948
2511,0.8,0.9655397114986324,0,1,1,0,0.010268467155895784,-0.01574210684638111
2512,0.8,0.9500729643815288,0,1,1,0,0.011184913232638847,-0.014285735594318458
2513,0.8,0.9226669675095014,0,1,1,0,0.010696673560803843,-0.012699564825027617
2514,0.8,0.8992174827286561,0,1,1,0,0.011867357260884993,-0.010220437165265559
2515,0.8,0.8911319598712841,0,1,1,0,0.014604474259234165,-0.0075682303387399515
2516,0.8,0.89177458350499,0,1,1,0,0.01741750752712573,-0.005029521877550194
2517,0.8,0.896718405612038,0,1,1,0,0.018401832366050898,-0.0027613628024628707
2518,0.8,0.9091305439249839,0,1,1,0,0.01715032640158829,-0.001253976228861056
2519,0.8,0.9397123555774781,0,1,1,0,0.015813101264020402,-0.000705846910663297
2520,0.8,0.9820726605895052,0,1,1,0,0.013297262017402497,-0.0012822321355717137
2521,0.8,1.0120352230723784,0,1,1,0,0.009414901773752088,-0.0015115541340775696
2522,0.8,1.0453527109284309,1,1,1,0,0.004766018450127119,-0.0004555535869172642
2523,0.8,1.0329261799295586,1,0,1,1,-0.0010594979355643655,0.0020886337700274323
2524,0.8,1.015923670979265,1,0,1,1,-0.006911235052516781,0.008641055899946718
2525,0.8,1.0330566759748139,1,0,0,1,-0.013033507631885847,0.010667681687817643
2526,0.8,1.0467887292785718,1,0,0,1,-0.01778267495734101,0.005534051821681806
2527,0.8,1.0223738195535335,1,0,0,1,-0.020096059797691506,-0.0012679347802234378
2528,0.8,1.002696720629659,1,0,0,1,-0.019281078070387713,-0.007092875823832169
2529,0.8,0.9871903683008888,1,0,0,1,-0.016668729396881844,-0.012477008452470717
2530,0.8,0.9740139892401055,1,0,0,1,-0.01242800754216795,-0.0166868817912314
2531,0.8,0.973658408800021,1,0,0,1,-0.007108920756135099,-0.019931532669768402
2532,0.8,0.9885518593163722,1,0,0,1,-0.002536307537426767,-0.022472025125000954
2533,0.8,0.9941143478618961,1,0,0,1,0.0006370933778604866,-0.023884470957685488
2534,0.8,0.9906049517195782,1,0,0,1,0.002845758121916603,-0.023407621453242634
2535,0.8,0.9883207062436911,1,0,0,1,0.004285618106761489,-0.021522653593779365
2536,0.8,0.9934777974629908,1,0,0,1,0.0060501564643149494,-0.019642967528208276
2537,0.8,1.0066724908775893,1,0,0,1,0.008653574385581442,-0.018459906275282347
2538,0.8,1.012585307242107,1,0,0,1,0.010099339488950976,-0.01579868277853372
2539,0.8,1.0433618412130887,1,0,0,1,0.011039732657586503,-0.012172233630224677
2540,0.8,1.0771631628645064,1,0,0,1,0.01477815590916233,-0.009899936089283943
2541,0.8,1.1016495235419934,0,0,0,1,0.020723141448171754,-0.007824757360484935
2542,0.8,1.0274026227532145,0,1,1,0,0.02472659727085407,-0.0032058343022109735
2543,0.8,1.0438611070327337,0,1,1,0,0.02549554395988887,3.493378118600558e-05
2544,0.8,1.0348680010237188,0,1,1,0,0.025518781146165286,0.0005525772355178728
2545,0.8,1.032339582660491,0,1,1,0,0.02519636798552923,0.0002504470975086209
2546,0.8,1.0127537960799664,0,1,1,0,0.027461966116310195,4.500278492726548e-05
2547,0.8,1.0055359523054168,0,1,1,0,0.030848871854919316,0.0009367622447930947
2548,0.8,0.9937998534891193,0,1,1,0,0.033277090643959825,0.0016195640367330619
2549,0.8,0.9786526280385617,0,1,1,0,0.033850768637736596,0.002247873525717796
2550,0.8,0.9635958718559984,0,1,1,0,0.03497612830864547,0.0033122696355514358
2551,0.8,0.9541571299862123,0,1,1,0,0.036610817282963615,0.005434841636341408
2552,0.8,0.9454575860292916,0,1,1,0,0.037223392578963975,0.007484680859781882
2553,0.8,0.9475395043761412,0,1,1,0,0.036794586060549556,0.009539229187472641
2554,0.8,0.959470660270739,0,1,1,0,0.03400505109907295,0.011220808507880391
2555,0.8,0.9781913348468512,0,1,1,0,0.031136953420377624,0.011342542826984535
2556,0.8,1.0159848732041983,0,1,1,0,0.028321733260970646,0.009984553099270045
2557,0.8,1.0471847114729789,0,1,1,0,0.024020540370785395,0.00801397158960604
2558,0.8,1.0513923420248226,1,1,1,0,0.01723316759793115,0.006238503796815728
2559,0.8,1.042049089550014,1,0,1,0,0.007802171871871686,0.0031364237734860917
2560,0.8,1.0110870069293312,1,0,1,1,-0.0007982831822348192,0.004446796994166115
2561,0.8,0.9790232070927235,1,0,0,1,-0.008571960351556485,0.008611540079996415
2562,0.8,1.001719173047321,1,0,0,1,-0.013640390930764107,0.007626384532021581
2563,0.8,0.989523891562802,1,0,0,1,-0.01780790948208901,0.002091840277816186
2564,0.8,0.9612652677988647,1,0,0,1,-0.019592857973771728,-0.002574570998765737
2565,0.8,0.9497859766605836,1,0,0,1,-0.01976950811221081,-0.006754679471003077
2566,0.8,0.9442516844643729,1,0,0,1,-0.018302052242508256,-0.010548680293931125
2567,0.8,0.9539645192251467,1,0,0,1,-0.014460025282643387,-0.014517803782436141
2568,0.8,0.9737134600367632,1,0,0,1,-0.0106242991060813,-0.018301812850571086
2569,0.8,0.9779209122361199,1,0,0,1,-0.0066948007965431785,-0.020748095837430133
2570,0.8,0.9769045665987128,1,0,0,1,-0.0034147977104704375,-0.02067955954454499
2571,0.8,0.9789560177685136,1,0,0,1,-0.0021178830900014886,-0.018794941642075517
2572,0.8,0.9810275489888071,1,0,0,1,-0.0010013030488657281,-0.01596417370307215
2573,0.8,0.9951785869641394,1,0,0,1,-8.761068339607115e-05,-0.012948746051576995
2574,0.8,1.0164482739739225,1,0,0,1,0.001951145691299672,-0.010732386635437552
2575,0.8,1.0333933584826431,1,0,0,1,0.0019955569832076627,-0.005798357108719052
2576,0.8,1.0750433576477607,1,0,0,1,0.003319458013162367,-0.0014259659343382888
2577,0.8,1.1165287629470553,0,1,0,1,0.008002743900397439,0.001713911577329284
2578,0.8,1.1157345149106939,0,1,1,1,0.023820357699156827,0.0021987790416040866
2579,0.8,1.0116975163282598,0,1,1,0,0.03321597663770114,0.003959276035927005
2580,0.8,1.0378940551890807,0,1,1,0,0.03631209275071252,0.004599964409883633
2581,0.8,1.0015038814633765,0,1,1,0,0.03456167541855069,0.0027171811714756296
2582,0.8,0.9921291218750685,0,1,1,0,0.030631117339160827,0.0011800358406353303
2583,0.8,0.986372150108817,0,1,1,0,0.030471439429909045,-0.0009548491902183646
2584,0.8,0.9752018958807179,0,1,1,0,0.033622843772027323,-0.0014207952204531922
2585,0.8,0.9725449136737776,0,1,1,0,0.037129403794669266,-0.00046129846821792733
2586,0.8,0.9589201318617598,0,1,1,0,0.038819646196571744,0.0008956955387924803
2587,0.8,0.944942411126583,0,1,1,0,0.04030994466674179,0.0031875936314620257
2588,0.8,0.9408055718858398,0,1,1,0,0.04270267634904786,0.006258822802396999
2589,0.8,0.9618995397494282,0,1,1,0,0.04334119333313018,0.008330054612285916
2590,0.8,0.9580921412368187,0,1,1,0,0.041844684713167934,0.010719927565520846
2591,0.8,0.9666929901693428,0,1,1,0,0.038603945197360226,0.014477789095654945
2592,0.8,0.9867776589041779,0,1,1,0,0.03532272138460354,0.016293983368295566
2593,0.8,1.0283895543172932,0,1,1,0,0.032044358945897654,0.01551086871732371
2594,0.8,1.0651266731485944,0,1,1,0,0.029349313033547826,0.014548524626752503
2595,0.8,1.0558604545726042,1,1,1,0,0.02338890721845502,0.014204102328901713
2596,0.8,1.0076104112825435,1,0,1,1,0.01300673345621902,0.013497425236932805
2597,0.8,0.9852223191034829,1,0,0,1,0.005986860420233558,0.01649570798311653
2598,0.8,0.9963779030501958,1,0,0,1,-0.0006336158677816465,0.013491770257598528
2599,0.8,0.9713779827802544,1,0,0,1,-0.005528636688290986,0.006436572873765783
2600,0.8,0.9425376989636882,1,0,0,1,-0.0069996274114132355,-0.0007387256321910648
2601,0.8,0.9202883286712799,1,0,0,1,-0.006367784094142282,-0.007608136341133655
2602,0.8,0.8989755789069037,1,0,0,1,-0.0040953318796885015,-0.013746836853977668
2603,0.8,0.8902317810987893,1,0,0,1,-0.0005685904899657625,-0.019102499887415143
2604,0.8,0.89378007600608,1,0,0,1,0.0031559528596587895,-0.023832145040929287
2605,0.8,0.8886055252890053,1,0,0,1,0.006256898355323708,-0.02667832748276806
2606,0.8,0.889661571402152,1,0,0,1,0.007678117624106192,-0.027254156854667328
2607,0.8,0.8882932674192345,1,0,0,1,0.007497752257937454,-0.025999491231094202
2608,0.8,0.8929163562044696,1,0,0,1,0.006998106252377433,-0.024095395305027276
2609,0.8,0.9141009144381212,1,0,0,1,0.007758945235042649,-0.0232650138536092
2610,0.8,0.9214354651631766,1,0,0,1,0.00862619726760361,-0.021432960338875234
2611,0.8,0.9484632080284895,1,0,0,1,0.007905611603193863,-0.017547555641102913
2612,0.8,0.9921904215272889,1,0,0,1,0.009509150070488335,-0.015167745820802905
2613,0.8,1.0236764185526035,1,0,0,1,0.013888185528599262,-0.013285449909676263
2614,0.8,1.034058758693474,0,0,1,1,0.02020192207466913,-0.009611306736721632
2615,0.8,0.9863756209060979,0,1,1,0,0.02489790629214383,-0.004484596244279941
2616,0.8,0.9979327129675176,0,1,1,0,0.02663690834807978,-0.0037954786052580565
2617,0.8,0.9738168513169283,0,1,1,0,0.024720264956947225,-0.0020629336569651722
2618,0.8,0.9565755068037883,0,1,1,0,0.021843290643039553,0.0004666921763379108
2619,0.8,0.9593807275649116,0,1,1,0,0.022806280950665007,0.0015350945834955024
2620,0.8,0.9501450148282459,0,1,1,0,0.025637992885387904,0.002178936924932484
2621,0.8,0.946863526233196,0,1,1,0,0.028342349003705955,0.002526936988325404
2622,0.8,0.929785229370198,0,1,1,0,0.028932860521772172,0.0024851534728026294
2623,0.8,0.9125400921624051,0,1,1,0,0.029425762344142656,0.003079692522620036
2624,0.8,0.9037494043582645,0,1,1,0,0.03151552982527116,0.004522638304173097
2625,0.8,0.9034122454239684,0,1,1,0,0.032059720802867564,0.0055143131222894284
2626,0.8,0.9126593094754334,0,1,1,0,0.031253724244892714,0.006057730827218931
2627,0.8,0.9130340904373755,0,1,1,0,0.02767414897430315,0.006909132126148292
2628,0.8,0.935100429078848,0,1,1,0,0.023102874553405955,0.006978384850123011
2629,0.8,0.9685937143855755,0,1,1,0,0.01997581938126093,0.005521072749288628
2630,0.8,1.0055580169635103,0,1,1,0,0.015540443631849542,0.0032550420688177307
2631,0.8,1.0331772851752414,1,1,1,0,0.009719766480604426,0.0016534150036779977
2632,0.8,1.0292393171768333,1,0,1,1,0.0007692136816394943,0.0005881690368399622
2633,0.8,0.9999584075446426,1,0,1,1,-0.008024259375940326,0.005178163540181799
2634,0.8,0.9729474243018598,1,0,0,1,-0.015327046996228152,0.010109420345821242
2635,0.8,0.9865624886221074,1,0,0,1,-0.019320910155034312,0.009671642325880359
2636,0.8,0.9723224764125922,1,0,0,1,-0.022187355221394256,0.0050337649845032485
2637,0.8,0.9643633633701131,1,0,0,1,-0.02252219346498749,-0.000543419757334968
2638,0.8,0.959393709905366,1,0,0,1,-0.021751155904062396,-0.007344103447719253
2639,0.8,0.9420424379638607,1,0,0,1,-0.0202357770743998,-0.012738679043753332
2640,0.8,0.9488628663175838,1,0,0,1,-0.01624412674715087,-0.017240725240758755
2641,0.8,0.960324751424748,1,0,0,1,-0.010570243683927156,-0.02116101056754017
2642,0.8,0.975085822923459,1,0,0,1,-0.006854047198467678,-0.02344812042891277
2643,0.8,0.9749043549074746,1,0,0,1,-0.0036175987774362435,-0.02350213832693567
2644,0.8,0.9890208862610924,1,0,0,1,-0.002084065057196088,-0.021758467557942047
2645,0.8,0.9988856910110155,1,0,0,1,0.0007580511983525835,-0.02079628149663779
2646,0.8,0.9962855268909505,1,0,0,1,0.004193791400432721,-0.01836429645978445
2647,0.8,1.0099807814710986,1,0,0,1,0.006722411369483586,-0.014999898323186036
2648,0.8,1.0402033655715315,1,0,0,1,0.007958273691521297,-0.011132778197790892
2649,0.8,1.0794183470489875,1,0,0,1,0.011267726743445967,-0.008776921904013475
2650,0.8,1.11513888166151,0,0,0,1,0.017692460772018453,-0.007287865525805027
2651,0.8,1.1044677291873173,0,1,1,0,0.02903001104505013,-0.0037011794893930796
2652,0.8,1.0552881567087726,0,1,1,0,0.03612327641813185,0.0011411832958555968
2653,0.8,1.0693182716752223,0,1,1,0,0.037712984374612374,0.0035233086043048286
2654,0.8,1.0503452604963035,0,1,1,0,0.03393278754435425,0.0037769071521662144
2655,0.8,1.0358271592695114,0,1,1,0,0.030205985574958294,0.003476465982667283
2656,0.8,1.0208354474247734,0,1,1,0,0.031016067299651343,0.004113070941674042
2657,0.8,1.0108278515866662,0,1,1,0,0.034178849010262705,0.005672552218213304
2658,0.8,1.003756316470636,0,1,1,0,0.03823237702855662,0.0075131949256274245
2659,0.8,0.9939936563811265,0,1,1,0,0.041372119214997026,0.009279492248063648
2660,0.8,0.9853598307929103,0,1,1,0,0.04461463749589429,0.01125736763412641
2661,0.8,0.9841815119897622,0,1,1,0,0.04727187567728964,0.013859057294478234
2662,0.8,1.0025351201975172,0,1,1,0,0.04873550754962183,0.015853554071435426
2663,0.8,1.0050087325526562,0,1,1,0,0.047250868724413794,0.017207701404842953
2664,0.8,1.0191017052248086,0,1,1,0,0.04351354777826959,0.018184549050212502
2665,0.8,1.0420879121485467,0,1,1,0,0.04075513596705018,0.018750312354233783
2666,0.8,1.082960151735223,0,1,1,0,0.03705699186269719,0.018778975770660712
2667,0.8,1.0663179492135137,1,1,1,0,0.029859008745770292,0.017970628225929937
2668,0.8,1.074880141938159,1,0,1,0,0.019978715966223616,0.013594423564593693
2669,0.8,1.0424157886053698,1,0,1,1,0.005534893184953526,0.009137333176421217
2670,0.8,0.980659405365636,1,0,0,1,-0.004258230809429268,0.011096036464787235
2671,0.8,0.9907446599337448,1,0,0,1,-0.010372695160258816,0.009641786793806669
2672,0.8,0.9765782943049204,1,0,0,1,-0.014930033733229753,0.0033505057259086333
2673,0.8,0.955759323609258,1,0,0,1,-0.015977776821852748,-0.0032336358395230673
2674,0.8,0.9467566466307932,1,0,0,1,-0.015195995039885774,-0.010464290521241797
2675,0.8,0.9334882109528123,1,0,0,1,-0.014155669305092485,-0.017178492552537034
2676,0.8,0.9265570376277475,1,0,0,1,-0.011598500214794973,-0.02220857092608427
2677,0.8,0.933434581209102,1,0,0,1,-0.007078038975134106,-0.02551338936983649
2678,0.8,0.9479492519888992,1,0,0,1,-0.0035233267956353577,-0.027184787608587058
2679,0.8,0.9507862682576133,1,0,0,1,-0.0007902464241256617,-0.026548992262796105
2680,0.8,0.9498460499511292,1,0,0,1,0.0006626853629404652,-0.02330336607716613
2681,0.8,0.979591366198683,1,0,0,1,0.0007016730424525586,-0.02071605906019219
2682,0.8,0.9610036067310987,1,0,0,1,0.0021645065757970156,-0.017173227213268052
2683,0.8,0.9724170394013595,1,0,0,1,0.0022193477701620635,-0.012162798642716684
2684,0.8,1.0005041222830298,1,0,0,1,-0.00021529193212764368,-0.0067957276878019114
2685,0.8,1.0423149867764365,1,0,0,1,-0.00050414129851331,-0.0025554509599017014
2686,0.8,1.080199452949128,0,0,0,1,0.002449246433028442,0.0011598206683964805
2687,0.8,1.0743711598891508,0,1,1,0,0.01573100704702985,0.0027843842149209907
2688,0.8,1.0028074271988277,0,1,1,0,0.02179289645751915,0.003999579848098986
2689,0.8,1.0263178166750964,0,1,1,0,0.021674588087930928,0.004319231651250878
2690,0.8,0.9982763667935818,0,1,1,0,0.018447841238788475,0.0006120924854142951
2691,0.8,0.9871876181334807,0,1,1,0,0.014575151265972273,-0.004123972107081777
2692,0.8,0.9547119391976734,0,1,1,0,0.01483931439453269,-0.007214826294596595
2693,0.8,0.9356331953133795,0,1,1,0,0.0167576989867069,-0.00813684864448328
2694,0.8,0.9215178346839181,0,1,1,0,0.018069245734212102,-0.008388654620279032
2695,0.8,0.9018875040930979,0,1,1,0,0.019056256963944966,-0.00797178488982056
2696,0.8,0.8795453732166556,0,1,1,0,0.02102180843336705,-0.005775948074402398
2697,0.8,0.8792559686743554,0,1,1,0,0.02241174099277346,-0.0025521130328423876
2698,0.8,0.8837229964765342,0,1,1,0,0.02332088346589932,1.6609509424809072e-05
2699,0.8,0.877771004625163,0,1,1,0,0.02267937175249396,0.002707381190965459
2700,0.8,0.8915862017772558,0,1,1,0,0.020711738426216986,0.0047756706889112936
2701,0.8,0.9168974121500549,0,1,1,0,0.019679718821166536,0.0050770533808398985
2702,0.8,0.9558757133372754,0,1,1,0,0.01719142566891735,0.004076457953184225
2703,0.8,0.9873361000104575,0,1,1,0,0.013317607948791867,0.0031267257780587137
2704,0.8,1.0073245405549753,1,1,1,0,0.007473196088112142,0.0032023773078313123
2705,0.8,0.9669645198098935,1,0,1,1,-0.0014212730810844946,0.004819351806814621
2706,0.8,0.9648866992428308,1,0,1,1,-0.008253843157086608,0.010925598396586808
2707,0.8,0.9917695141258385,1,0,0,1,-0.015535715691180946,0.010346384962156882
2708,0.8,0.9641173957420112,1,0,0,1,-0.01939479955798047,0.005508531514241937
2709,0.8,0.9335977380079623,1,0,0,1,-0.019520904576494316,0.0009836582882223003
2710,0.8,0.9288438873872239,1,0,0,1,-0.018037837950010946,-0.004451622176297531
2711,0.8,0.9261168487246069,1,0,0,1,-0.016407121369730528,-0.011197233412999871
2712,0.8,0.9224206522927635,1,0,0,1,-0.01436652197730431,-0.01749857667490848
2713,0.8,0.9287534686772115,1,0,0,1,-0.010823557520262053,-0.022476850396107747
2714,0.8,0.9333827011143653,1,0,0,1,-0.0053863547429829515,-0.025843163935792755
2715,0.8,0.9437883684906255,1,0,0,1,-0.0014689218049440608,-0.027499972176548215
2716,0.8,0.936512537746587,1,0,0,1,0.0017656783029412133,-0.026870466266423202
2717,0.8,0.9516708133506984,1,0,0,1,0.00363149777481784,-0.025322231007989613
2718,0.8,0.949675432140661,1,0,0,1,0.006217773008987774,-0.02444238337591811
2719,0.8,0.950687666953765,1,0,0,1,0.008638392666177535,-0.021821007976922116
2720,0.8,0.9711337791579507,1,0,0,1,0.010864293095519399,-0.019843587119534236
2721,0.8,0.9962906950129948,1,0,0,1,0.013382000407956866,-0.01736046432507296
2722,0.8,1.0387628785829304,1,0,0,1,0.018145367359099975,-0.016102472430569288
2723,0.8,1.0669878397951573,0,0,1,1,0.024362664973476653,-0.015373918852565362
2724,0.8,1.0548255431131255,0,0,1,0,0.028059551440457076,-0.00938316057861168
2725,0.8,1.015797877614115,0,1,1,0,0.03239497720551704,-0.004523265401762717
2726,0.8,1.0158417347128834,0,1,1,0,0.034506038482653524,-0.002532138860494901
2727,0.8,1.0024912078161912,0,1,1,0,0.03221719155602865,0.00010171296918853037
2728,0.8,0.9870012111199225,0,1,1,0,0.02946711914832496,0.0029558636251223124
2729,0.8,0.9895375520544736,0,1,1,0,0.0308354211175814,0.00494657349143791
2730,0.8,0.9882388932162477,0,1,1,0,0.03499697327677213,0.007016526591051346
2731,0.8,0.9832222629071615,0,1,1,0,0.038219170055175236,0.008732398086506854
2732,0.8,0.9757500762741007,0,1,1,0,0.040824623391091004,0.010468200396816025
2733,0.8,0.9630541019587358,0,1,1,0,0.04251753007134245,0.012234038338360226
2734,0.8,0.9609126702373489,0,1,1,0,0.04447254605126343,0.013690608792325242
2735,0.8,0.965989867901603,0,1,1,0,0.04577166962709897,0.014995057744073054
2736,0.8,0.9783861882434566,0,1,1,0,0.044548830327110836,0.01573292584067255
2737,0.8,0.9907815980737128,0,1,1,0,0.041107200523152684,0.01552403243593369
2738,0.8,1.0062242837202886,0,1,1,0,0.036966583816257996,0.014996960331121762
2739,0.8,1.0445514013881663,0,1,1,0,0.03333142872930057,0.014181843444436886
2740,0.8,1.073551094588806,1,1,1,0,0.02856867086177681,0.012969958673931104
2741,0.8,1.0749987515696988,1,1,1,0,0.01989362297882908,0.010557716334209252
2742,0.8,1.0404630487166027,1,0,1,1,0.00862770335905,0.006914637935065861
2743,0.8,0.980146065139597,1,0,0,1,-0.0006236640105340501,0.008046813426644745
2744,0.8,0.9789064439600715,1,0,0,1,-0.00646220609593694,0.00763692390604305
2745,0.8,0.9720494745802418,1,0,0,1,-0.011047692593504528,0.0023509806105324067
2746,0.8,0.957323107226124,1,0,0,1,-0.014691265589782997,-0.004173638643501652
2747,0.8,0.94548154842087,1,0,0,1,-0.01748797922707447,-0.010608614868006233
2748,0.8,0.9343090047889818,1,0,0,1,-0.018308933847805672,-0.015961824541140503
2749,0.8,0.9356318112559304,1,0,0,1,-0.01598781153275498,-0.020246599783601632
2750,0.8,0.9472837440669992,1,0,0,1,-0.011541451779859775,-0.023759762608641218
2751,0.8,0.9601962646830793,1,0,0,1,-0.006570203976846983,-0.02626390392309632
2752,0.8,0.9614951614637277,1,0,0,1,-0.002095305755070706,-0.026729516981374997
2753,0.8,0.9656865041633031,1,0,0,1,-9.128749045373075e-05,-0.02465175057782541
2754,0.8,0.9610253398228866,1,0,0,1,0.0021907932740360013,-0.022053383176813785
2755,0.8,0.956442347378567,1,0,0,1,0.0036387997297925028,-0.017841878241961217
2756,0.8,0.9721729908429944,1,0,0,1,0.004178417565171563,-0.014311232510253753
2757,0.8,0.9699346416644757,1,0,0,1,0.003226365311047475,-0.00906818899561791
2758,0.8,1.0120016297816472,1,0,0,1,0.0009220620010135324,-0.0033165258049752825
2759,0.8,1.0528198321488667,1,0,0,1,0.0015991419511335251,-0.0003229606938066578
2760,0.8,1.0681801451323207,0,1,0,1,0.007859827776606541,0.0024746084641040006
2761,0.8,1.0757855634874571,0,1,1,0,0.01721352692197573,0.0020141751399979256
2762,0.8,1.0435331941477066,0,1,1,0,0.018578616496127007,0.0009469135758907046
2763,0.8,1.0023022706359326,0,1,1,0,0.01697252483635056,-0.0004648257290294083
2764,0.8,0.9765229439351362,0,1,1,0,0.014174720103682089,-0.0014730773914875836
2765,0.8,0.9560442261973316,0,1,1,0,0.013983769229124145,-0.0027058685282878936
2766,0.8,0.9447440769976488,0,1,1,0,0.01653576399442231,-0.0037128602329557425
2767,0.8,0.9269448604145383,0,1,1,0,0.019002519691633246,-0.004560926146263879
2768,0.8,0.9172824652159516,0,1,1,0,0.021470126310537734,-0.004663953699487389
2769,0.8,0.8964062126575594,0,1,1,0,0.022533330340014125,-0.004499332423835304
2770,0.8,0.872783001846442,0,1,1,0,0.023325110621010305,-0.0034013541590952223
2771,0.8,0.875732245532701,0,1,1,0,0.02332417736138006,-0.0023468330676407853
2772,0.8,0.8722476583736632,0,1,1,0,0.02344979373033127,-0.0008303827714256114
2773,0.8,0.8700110521454839,0,1,1,0,0.021994666434267836,0.0013295135430544428
2774,0.8,0.8833462355035779,0,1,1,0,0.019536740978922714,0.002410156764552501
2775,0.8,0.9136231855886692,0,1,1,0,0.01858491476113618,0.002673561427654265
2776,0.8,0.9514492565764141,0,1,1,0,0.016232029216618277,0.0019525306528280174
2777,0.8,0.980733282007067,0,1,1,0,0.012763578837094402,0.0014455771160927363
2778,0.8,0.995776233745634,1,1,1,0,0.007214254043689648,0.0017478035824651543
2779,0.8,0.9672667775507128,1,0,1,1,0.0002075939716454281,0.002912352247787868
2780,0.8,0.9712549581700174,1,0,1,1,-0.006819415179052616,0.007276388444182441
2781,0.8,0.9571523719934271,1,0,0,1,-0.012817217339343866,0.008514611622198819
2782,0.8,0.9725941155721177,1,0,0,1,-0.015717208621816713,0.0051521103874720454
2783,0.8,0.9617084257801247,1,0,0,1,-0.01802242960911567,-0.0015254932819656671
2784,0.8,0.9436390099462633,1,0,0,1,-0.018171203432151867,-0.007528776504612883
2785,0.8,0.9365835231054618,1,0,0,1,-0.016252012299571093,-0.013181732852984858
2786,0.8,0.9300938881608162,1,0,0,1,-0.012767776815972205,-0.0179429769854666
2787,0.8,0.9442130580331635,1,0,0,1,-0.0075360839933233965,-0.02208991578999717
2788,0.8,0.9540833987433665,1,0,0,1,-0.0018719397962199866,-0.025615028846485012
2789,0.8,0.9639074607972903,1,0,0,1,0.002866752785822215,-0.027451884826905526
2790,0.8,0.9659934956149798,1,0,0,1,0.005706452358116983,-0.027435689094219333
2791,0.8,0.961641877840892,1,0,0,1,0.007826275712247314,-0.02546294088158162
2792,0.8,0.9665165912802615,1,0,0,1,0.010116667412550148,-0.023206927836661298
2793,0.8,0.9738292406959959,1,0,0,1,0.012450262323058386,-0.02111149419534773
2794,0.8,0.9743844749930544,1,0,0,1,0.014458746709736505,-0.017762727645902032
2795,0.8,0.994610980099673,1,0,0,1,0.014831694484347844,-0.012430814761464043
2796,0.8,1.0294702446190693,1,0,0,1,0.01680265830538561,-0.00864991609300781
2797,0.8,1.075891793062584,0,0,0,1,0.023808339428749516,-0.006727331615639148
2798,0.8,1.0433106707822493,0,1,1,1,0.03762862024189573,-0.002366732361998574
2799,0.8,1.0231382543329604,0,1,1,0,0.04600798955072536,0.0037196520336079263
2800,0.8,1.045132768583876,0,1,1,0,0.04766360066186349,0.006405362226613295
2801,0.5,1.036147620710389,0,1,1,0,0.043673126610984825,0.006355411805338943
2802,0.5,1.0163972189314054,0,1,1,0,0.0386213268926279,0.006195581583461461
2803,0.5,1.00321848131527,0,1,1,0,0.03806304930412072,0.006949624032887374
2804,0.5,0.9840012945717858,0,1,1,0,0.04121950761969857,0.009853402770287806
2805,0.5,0.9775540809227108,0,1,1,0,0.04451181847556728,0.012987917998306548
2806,0.5,0.9714964832559535,0,1,1,0,0.0474055303460939,0.015375524577067852
2807,0.5,0.9687622844572346,0,1,1,0,0.052060214901426365,0.018116623082291422
2808,0.5,0.9539836141059244,0,1,1,0,0.05472255232747385,0.021536317382588915
2809,0.5,0.9422789806405857,0,1,1,0,0.057183739891550754,0.025563867556892786
2810,0.5,0.940530807865693,0,1,1,0,0.060503060600554735,0.03120568388083379
2811,0.5,0.9509374025323443,0,1,1,0,0.06318323206350965,0.0360735959711753
2812,0.5,0.946796151779279,0,1,1,0,0.06478352744177397,0.04034689984637219
2813,0.5,0.9669602270671848,0,1,1,0,0.06685371020640478,0.04437215160435628
2814,0.5,0.9772147251312238,1,1,1,0,0.06878961580976124,0.046418754310866145
2815,0.5,0.9437738695381991,1,1,1,0,0.06010400494507748,0.04217359823891875
2816,0.5,0.9199553455145099,1,1,1,0,0.04943023076071596,0.03486130752496718
2817,0.5,0.8766485179462046,1,0,1,0,0.03592096795542035,0.02601761838039344
2818,0.5,0.8279807193631255,1,0,1,1,0.018205249271846677,0.017581656070525087
2819,0.5,0.7486143317992415,1,0,1,1,0.00676586285472238,0.013498542012342537
2820,0.5,0.7301945650114905,1,0,0,1,-0.001372920563803412,0.011836758460490059
2821,0.5,0.73697841148642,1,0,0,1,-0.006711492215963874,0.0059060827998884
2822,0.5,0.709088203876659,1,0,0,1,-0.009288183971140212,-0.0021476859208224047
2823,0.5,0.6833262606211903,1,0,0,1,-0.00945722527781914,-0.008805050434753438
2824,0.5,0.6609593590983348,1,0,0,1,-0.00958151699489265,-0.01419342645264407
2825,0.5,0.6460817844745859,1,0,0,1,-0.010399886106907284,-0.01836548001736602
2826,0.5,0.6235879063415112,1,0,0,1,-0.011896067441259464,-0.019579395791995333
2827,0.5,0.6279359826746131,1,0,0,1,-0.013248288654062506,-0.019542338771931237
2828,0.5,0.6524563702359548,1,0,0,1,-0.014950182381570578,-0.01972328928987928
2829,0.5,0.652931989250891,1,0,0,1,-0.014909488972200397,-0.01946150010018124
2830,0.5,0.6831252263124352,1,0,0,1,-0.01578321743941374,-0.017855337475652062
2831,0.5,0.6372604103260594,1,0,0,1,-0.01698051350749672,-0.013187391848131053
2832,0.5,0.6412579239385355,1,0,0,1,-0.01985258577575593,-0.006108142683694853
2833,0.5,0.690633226546789,1,0,0,1,-0.02397701875283655,-0.0023842748686679653
2834,0.5,0.7048397333916759,1,0,0,1,-0.028438875831991596,0.0009926665486307395
2835,0.5,0.7065739777944408,1,0,0,1,-0.03417706386175375,0.009059954251521715
2836,0.5,0.7445072077106405,1,0,0,1,-0.03831329819761482,0.018291412714882473
2837,0.5,0.7171069533963245,0,1,0,1,-0.030359835627045265,0.02264993683429268
2838,0.5,0.7599541862241145,0,1,0,1,-0.01514681375793679,0.019965938922032557
2839,0.5,0.7719358366341217,0,1,1,1,-0.004219672371062709,0.016847021240173576
2840,0.5,0.7062190003838874,0,1,1,0,-0.004152940453022418,0.016429535792771743
2841,0.5,0.7383028244810249,0,1,1,0,-0.006084831649745008,0.012281440859457874
2842,0.5,0.7050479071855188,0,1,1,0,-0.008664865174873979,0.00487939402659262
2843,0.5,0.6899191056159718,0,1,1,0,-0.013343193408590403,-0.0016356371473535498
2844,0.5,0.6860996105560792,0,1,1,0,-0.014172174597895975,-0.007518572982716023
2845,0.5,0.6537277419141799,0,1,1,0,-0.013639543606217927,-0.010451411244983791
2846,0.5,0.6451963332512471,0,1,1,0,-0.010763608383325178,-0.012395725897087546
2847,0.5,0.6396941976924763,0,1,1,0,-0.005607047352788158,-0.013500281833334255
2848,0.5,0.6303009810464791,0,1,1,0,-0.002112072264350831,-0.014524230581760611
2849,0.5,0.6083708248773774,0,1,1,0,-0.001067633734101911,-0.014383974549829811
2850,0.5,0.5831247308112782,0,1,1,0,-0.0004387440915272101,-0.012886846902441766
2851,0.5,0.5903342399793785,0,1,1,0,-0.00018963649599967652,-0.010858032571387594
2852,0.5,0.5940161095070239,0,1,1,0,-0.00016744877822468207,-0.010153060419072595
2853,0.5,0.6003836812247358,0,1,1,0,-0.0014049806661081065,-0.009254300092517754
2854,0.5,0.6121606927464868,0,1,1,0,-0.0037534531887968067,-0.008828780925224726
2855,0.5,0.6386686769388695,0,1,1,0,-0.007277910336652121,-0.010491356085046458
2856,0.5,0.6713669397457861,0,1,1,0,-0.009788544080785647,-0.012832242506811043
2857,0.5,0.6825587245015203,0,1,1,1,-0.009198691067982753,-0.013102835619466959
2858,0.5,0.7237570492972798,0,0,1,1,-0.007658371253834321,-0.008312941140031635
2859,0.5,0.6747187020396621,1,0,1,1,-0.013270948187962992,-0.0014281380919000859
2860,0.5,0.6915896757663814,1,0,0,1,-0.019614793123185568,0.006418238960780243
2861,0.5,0.7135654058727564,1,0,0,1,-0.02324675866453238,0.009026808553669802
2862,0.5,0.708402475952636,1,0,0,1,-0.02268591465464069,0.0072529323331227595
2863,0.5,0.6833682553713764,1,0,0,1,-0.01855043838169933,0.004363712026112469
2864,0.5,0.6749477932771912,1,0,0,1,-0.014246399496518193,0.0008541763200427989
2865,0.5,0.6716824305777589,1,0,0,1,-0.012107702296527212,-0.004357488499999048
2866,0.5,0.663971034775403,1,0,0,1,-0.00997423044842915,-0.010043928150100885
2867,0.5,0.6483263054521831,1,0,0,1,-0.007401716801526905,-0.014677144132997148
2868,0.5,0.6444491268570118,1,0,0,1,-0.005169821426285308,-0.017373837680330507
2869,0.5,0.6426270509697425,1,0,0,1,-0.002305183906305002,-0.020594967505974712
2870,0.5,0.6458732185465721,1,0,0,1,0.001027276296876426,-0.025315221177847205
2871,0.5,0.6488633414087867,1,0,0,1,0.0038555204587933886,-0.029014084591643126
2872,0.5,0.6336011147047916,1,0,0,1,0.005536389333249307,-0.02947901107402029
2873,0.5,0.6319795295062788,1,0,0,1,0.007188257513455184,-0.029351651347945904
2874,0.5,0.6318222629599202,1,0,0,1,0.008600573170172838,-0.03048718266633722
2875,0.5,0.6401419161931932,1,0,0,1,0.00971256298300955,-0.03166923276376744
2876,0.5,0.6696090885323149,1,0,0,1,0.012677037258801375,-0.0335686223791424
2877,0.5,0.6726436472812121,1,0,0,1,0.019384310923191567,-0.035306192948959064
2878,0.5,0.6512485459778283,1,0,1,1,0.02518959494303373,-0.033162525427250227
2879,0.5,0.6666690067006725,1,0,1,1,0.026290308964558792,-0.02551031693434031
2880,0.5,0.662685550879094,1,0,1,1,0.026680774879463524,-0.019026078178015472
2881,0.5,0.7082653012345181,0,1,1,1,0.02901511172173124,-0.012373254053178585
2882,0.5,0.7269714195488713,0,1,1,1,0.03844378074660075,-0.007916992665517623
2883,0.5,0.761786672891617,0,1,1,1,0.0449717229414237,-0.003762349270536456
2884,0.5,0.7798811195366242,0,1,1,0,0.047980844102725594,0.00016810045437078578
2885,0.5,0.7578796311246836,0,1,1,0,0.044849697782240634,0.003018046092117114
2886,0.5,0.7784351441329577,0,1,1,0,0.038287971007895716,0.0030331472931886187
2887,0.5,0.763834034320133,0,1,1,0,0.03254190571047838,0.0014227806013799925
2888,0.5,0.7505306769782467,0,1,1,0,0.028323438740585474,0.0002969114056959529
2889,0.5,0.7407073412440184,0,1,1,0,0.027036060958312718,-0.0005678916670534401
2890,0.5,0.7304637522368717,0,1,1,0,0.027468564685949423,-0.0009151944377132604
2891,0.5,0.7280212135485483,0,1,1,0,0.02886774659023016,-7.937240501257842e-05
2892,0.5,0.7219709495059706,0,1,1,0,0.031200570750301967,0.0017289698891644742
2893,0.5,0.7166719673283977,0,1,1,0,0.03310551864967941,0.004301498779916672
2894,0.5,0.7004047659766989,0,1,1,0,0.03480952625591889,0.007595051891938466
2895,0.5,0.708894692526245,0,1,1,0,0.03544685651663588,0.01137702474884363
2896,0.5,0.7390378225443112,0,1,1,0,0.03547697332431532,0.01292851672455315
2897,0.5,0.7411193718535329,0,1,1,0,0.034314195807098255,0.013904831921780443
2898,0.5,0.7480390311188498,0,1,1,0,0.030741202621394435,0.016896413834993514
2899,0.5,0.7588913928683162,0,1,1,0,0.02603738783999853,0.018394152730460238
2900,0.5,0.7995049670235082,0,1,1,0,0.023447649792470347,0.018567975233796264
2901,0.5,0.8445062693521731,1,0,1,0,0.020540195400834328,0.01704509373964994
2902,0.5,0.823092332453828,1,0,1,1,0.007410684815722917,0.015855544421428863
2903,0.5,0.7760248960227509,1,0,1,1,-0.0020088577441005465,0.020313843956481132
2904,0.5,0.7791130504967335,1,0,0,1,-0.008335416957661938,0.020474808470835236
2905,0.5,0.7556221395657261,1,0,0,1,-0.011736105863880682,0.014658519184154294
2906,0.5,0.7295029325997217,1,0,0,1,-0.012731515826828797,0.008983109002575063
2907,0.5,0.7049011866400356,1,0,0,1,-0.01248921587513672,0.002915956610260971
2908,0.5,0.6936255804897535,1,0,0,1,-0.011990261908417227,-0.004074621760211475
2909,0.5,0.672713664464786,1,0,0,1,-0.011501547226087788,-0.010202817030799107
2910,0.5,0.6609968008990411,1,0,0,1,-0.01029531436971653,-0.015142746572424086
2911,0.5,0.6541417213672056,1,0,0,1,-0.009623547567031836,-0.018103797564315325
2912,0.5,0.6521967539192015,1,0,0,1,-0.009466054331441747,-0.019925821958316672
2913,0.5,0.6534968999984283,1,0,0,1,-0.008680423740071044,-0.021926736687220224
2914,0.5,0.6544479435334193,1,0,0,1,-0.007805957651778205,-0.023347698690475694
2915,0.5,0.662242051030173,1,0,0,1,-0.007691350750816349,-0.023683925083117674
2916,0.5,0.6658348892611363,1,0,0,1,-0.007977725268745687,-0.02319862441019747
2917,0.5,0.666299439024953,1,0,0,1,-0.00860835789174548,-0.021061934909942792
2918,0.5,0.6870102237916588,1,0,0,1,-0.009780932621745725,-0.01771422867224024
2919,0.5,0.7065270903780184,1,0,0,1,-0.01181428815418734,-0.012993867151216957
2920,0.5,0.7546262467753989,1,0,0,1,-0.01092941341200738,-0.01058696736923884
2921,0.5,0.789659231945693,1,1,0,1,-0.0072822839818225005,-0.009960399884005487
2922,0.5,0.8460036423044321,1,1,1,1,-5.8125711018947465e-05,-0.010976233430586116
2923,0.5,0.8402251082972628,0,1,1,1,0.0036463269967432306,-0.008463352025576621
2924,0.5,0.8399848834643846,0,1,1,1,0.012239384601941768,-0.004102405558022379
2925,0.5,0.8365852262879812,0,1,1,0,0.021157255649924735,0.00038540593782703555
2926,0.5,0.8173388482422943,0,1,1,0,0.024326385276867174,0.0038251544911321036
2927,0.5,0.7830688983872263,0,1,1,0,0.02341308136108295,0.006246161876266905
2928,0.5,0.8160261835426696,0,1,1,0,0.02181812328883257,0.0061500629156399375
2929,0.5,0.7750832328974374,0,1,1,0,0.020028847855286858,0.004994644144221515
2930,0.5,0.791691544486651,0,1,1,0,0.019639279713157685,0.003887041298954093
2931,0.5,0.7757111922248436,0,1,1,0,0.022778424000092373,0.001734969436570699
2932,0.5,0.7610061155847069,0,1,1,0,0.026530554333811882,0.002398894033246817
2933,0.5,0.7454418554460371,0,1,1,0,0.029633137559561543,0.004708756065614979
2934,0.5,0.733253553796938,0,1,1,0,0.032199210960981675,0.008148528393700819
2935,0.5,0.7280653674148448,0,1,1,0,0.03388120992522212,0.012101627392738033
2936,0.5,0.729706357421513,0,1,1,0,0.03660612168242393,0.016870432397991485
2937,0.5,0.7240055014510003,0,1,1,0,0.03984830403400745,0.021793558597006185
2938,0.5,0.7434106096898264,0,1,1,0,0.041806403467779876,0.025161255572039434
2939,0.5,0.7491744671207798,0,1,1,0,0.04351106281118619,0.02736864232747343
2940,0.5,0.7692431831448046,0,1,1,0,0.04421093639007145,0.02967256548767627
2941,0.5,0.8016014483339547,0,1,1,0,0.04345876382490068,0.03007422658740875
2942,0.5,0.8481084853142458,1,1,1,0,0.043325867574918624,0.03047797490056893
2943,0.5,0.8247859576581063,1,0,1,0,0.03569638620645913,0.03053202547298984
2944,0.5,0.8278858598212188,1,0,1,1,0.023627623862723723,0.02882955503053542
2945,0.5,0.7887452131010738,1,0,1,1,0.012071121224873131,0.02911916878158691
2946,0.5,0.732531743176751,1,0,0,1,0.004321737231210256,0.0293189429174881
2947,0.5,0.7240440733345462,1,0,0,1,0.002101400115826819,0.023828924915716667
2948,0.5,0.7057652037021842,1,0,0,1,0.0032957368186294685,0.013472425206845086
2949,0.5,0.6843288080876526,1,0,0,1,0.006258347017730811,0.0010306361976099058
2950,0.5,0.6591622062780972,1,0,0,1,0.010460048059404424,-0.011712401205816259
2951,0.5,0.6507719367615195,1,0,0,1,0.013982344048080029,-0.022973571342635554
2952,0.5,0.6338517313425083,1,0,0,1,0.016266274701913608,-0.03132477748853979
2953,0.5,0.6190504525969865,1,0,0,1,0.018535320330641106,-0.036527409060364266
2954,0.5,0.6125880528685147,1,0,0,1,0.02017416288320992,-0.03940228235429204
2955,0.5,0.6046393011887555,1,0,0,1,0.022613413242002688,-0.04099931761657146
2956,0.5,0.5972198643787141,1,0,0,1,0.024558678487909723,-0.04058268064627661
2957,0.5,0.6039516614249194,1,0,0,1,0.023636440397644436,-0.03982245840796104
2958,0.5,0.5921563767725588,1,0,0,1,0.02211706131688384,-0.03856914903911038
2959,0.5,0.5890568499286672,1,0,0,1,0.020252193094023777,-0.03566380136484506
2960,0.5,0.5985608440387998,1,0,0,1,0.017505656993856585,-0.03241893651241964
2961,0.5,0.604586593340821,1,0,0,1,0.014188814958707462,-0.02811594026603717
2962,0.5,0.6195454699221632,1,0,0,1,0.013905113496073334,-0.024259804473310984
2963,0.5,0.638834099816028,1,0,0,1,0.016000032908152242,-0.02154556419627937
2964,0.5,0.6333664266007207,1,0,1,1,0.014058696186350857,-0.015125658305525274
2965,0.5,0.6408044868663564,1,1,1,1,0.012819551798468625,-0.007000004200990053
2966,0.5,0.6814798826226212,0,1,1,1,0.01815366765294889,-0.0026122218210962874
2967,0.5,0.7366390029053698,0,1,1,1,0.02331821035477849,0.0001817613150581655
2968,0.5,0.7608047609831231,0,1,1,1,0.026696002968520302,0.003204373151532816
2969,0.5,0.778414628903241,0,1,1,1,0.02741238202289137,0.007310515889191781
2970,0.5,0.8045100037515296,0,1,1,1,0.026013824192452073,0.010833504291967527
2971,0.5,0.7731951935114678,0,1,1,0,0.019562618197532737,0.011045091328378985
2972,0.5,0.7799622450663659,0,1,1,0,0.012555963205143135,0.007436046763721086
2973,0.5,0.7427629186275633,0,1,1,0,0.00824861601147766,0.003378572622949256
2974,0.5,0.7174514413747182,0,1,1,0,0.005804927038265509,0.0014873006443249831
2975,0.5,0.7010807918602912,0,1,1,0,0.004712178341167116,0.00032526130380070576
2976,0.5,0.6820541683665076,0,1,1,0,0.005051786176660487,-0.0005087111484629727
2977,0.5,0.664207197557246,0,1,1,0,0.008825496661746063,0.001255495809395048
2978,0.5,0.6461594889914625,0,1,1,0,0.012367372760879692,0.004908106003529485
2979,0.5,0.6332231480622198,0,1,1,0,0.016606370190022333,0.01041269947597643
2980,0.5,0.6461533963504564,0,1,1,0,0.022514455109128976,0.016397306744454138
2981,0.5,0.6577663187191587,0,1,1,0,0.02763422497962656,0.019892622981942287
2982,0.5,0.6674320909351753,0,1,1,0,0.029898500697286827,0.02169974045417747
2983,0.5,0.685146156199173,0,1,1,0,0.030199615730434982,0.022466713264545565
2984,0.5,0.7287250646430123,0,0,1,0,0.02864005119718304,0.02211579411540864
2985,0.5,0.7475935461844386,1,0,1,0,0.01996224797911738,0.02434214748153687
2986,0.5,0.7392012865193417,1,0,1,0,0.002320882245980245,0.025749218259310435
2987,0.5,0.7136247423929517,1,0,1,1,-0.012570913468436374,0.026664136706218585
2988,0.5,0.6685320922254616,1,0,1,1,-0.019082316451372854,0.031717428243838386
2989,0.5,0.6855178298863613,1,0,0,1,-0.021890023739068582,0.03008473162524223
2990,0.5,0.6634991725566636,1,0,0,1,-0.02267324055100051,0.020239147779489017
2991,0.5,0.6484112050683719,1,0,0,1,-0.020101266827595905,0.007970692908442847
2992,0.5,0.6370431872470305,1,0,0,1,-0.01678832448157154,-0.005378153324685674
2993,0.5,0.6190949358137695,1,0,0,1,-0.013158869958356162,-0.017334819198769783
2994,0.5,0.5967942973193874,1,0,0,1,-0.01019147786397329,-0.025258194875080534
2995,0.5,0.5923679169463797,1,0,0,1,-0.009128309578510888,-0.029148869161739664
2996,0.5,0.5983306296845889,1,0,0,1,-0.008303859959424427,-0.0321027828601667
2997,0.5,0.6018731251098184,1,0,0,1,-0.005685897383550027,-0.03524728001344466
2998,0.5,0.6134064624606236,1,0,0,1,-0.0032601965522126826,-0.03725510675144178
2999,0.5,0.6372267836268803,1,0,0,1,-0.0015038291296052351,-0.03891569073332994
3000,0.5,0.6429131937727528,1,0,0,1,0.0008652986843605085,-0.040229862693720156
3001,0.5,0.6513956967453761,1,0,0,1,0.00295904809495307,-0.039202105630845585
3002,0.5,0.6667277800353575,1,0,0,1,0.004910664871363424,-0.03813181521789249
3003,0.5,0.6851263841094933,1,0,0,1,0.005912468635524876,-0.036151980101255234
3004,0.5,0.709978787746842,1,0,0,1,0.00860821879232454,-0.034508423535082766
3005,0.5,0.7452807244516695,1,0,0,1,0.014406084360697367,-0.0347320934356759
3006,0.5,0.7286197816120894,1,0,1,1,0.018843843364177795,-0.032220930605417156
3007,0.5,0.7426303577544168,1,0,1,1,0.019316731123936948,-0.023209131057249238
3008,0.5,0.7598261566010924,0,1,1,1,0.02632961700821115,-0.01640159118353176
3009,0.5,0.7939439378545524,0,1,1,1,0.034887211427102424,-0.01168734428991249
3010,0.5,0.8026153612432336,0,1,1,0,0.041370134444015896,-0.006500267421533793
3011,0.5,0.7685244141404646,0,1,1,0,0.04175083021243666,-0.001580319340529984
3012,0.5,0.7838736701545787,0,1,1,0,0.03832210233902765,0.00264975007982727
3013,0.5,0.7853395774416727,0,1,1,0,0.03541941325938041,0.004743826429642619
3014,0.5,0.7703345426473227,0,1,1,0,0.03329959127403962,0.006550679409247527
3015,0.5,0.7770467305971901,0,1,1,0,0.0326754519435443,0.0056915672267542385
3016,0.5,0.7652995598267889,0,1,1,0,0.034636865139767235,0.005129999894113428
3017,0.5,0.7607736570331252,0,1,1,0,0.037578241939872054,0.006528476446120875
3018,0.5,0.7526548773642886,0,1,1,0,0.03959039715488864,0.00860273568931161
3019,0.5,0.7457842851026254,0,1,1,0,0.0416784643055377,0.01128595990457419
3020,0.5,0.7297915780182175,0,1,1,0,0.04437600996033596,0.015236217028288075
3021,0.5,0.7589949704740324,0,1,1,0,0.045775633404453085,0.018237575701040704
3022,0.5,0.75740796539354,0,1,1,0,0.046168326337521944,0.02086620860635477
3023,0.5,0.765692445897219,0,1,1,0,0.04505318360734149,0.02560658630827998
3024,0.5,0.775091233825863,0,1,1,0,0.043218208708205835,0.0292912251306751
3025,0.5,0.8262012862983247,0,1,1,0,0.04212741941740598,0.028719286871979114
3026,0.5,0.8638694401083356,0,1,1,0,0.04087318885668731,0.026295819189394026
3027,0.5,0.8200702258676523,1,0,1,0,0.030644411062051163,0.02260465935980913
3028,0.5,0.7652425424800334,1,0,1,1,0.012030733528949148,0.018189011686000206
3029,0.5,0.7210729074651545,1,0,1,1,0.0007408198857884035,0.01913441096494513
3030,0.5,0.6870451384696958,1,0,0,1,-0.0064447392346708345,0.02021051356929748
3031,0.5,0.6782965970401111,1,0,0,1,-0.0074614923832423425,0.016290610625921065
3032,0.5,0.6668472267746723,1,0,0,1,-0.0061873486349357226,0.007609718772199483
3033,0.5,0.6462993602021597,1,0,0,1,-0.004389212449354176,-0.002190375980151453
3034,0.5,0.6270416754608666,1,0,0,1,-0.0029431828615164766,-0.011700581127416194
3035,0.5,0.609547304707136,1,0,0,1,-0.002288869717497251,-0.01958071469137436
3036,0.5,0.5954436098399721,1,0,0,1,-0.002195104430456125,-0.02512280990389998
3037,0.5,0.5894380143166127,1,0,0,1,-0.002256076301856946,-0.02876888317688432
3038,0.5,0.5832233062415974,1,0,0,1,-0.0028500118706224846,-0.03064712736627763
3039,0.5,0.5866891883176825,1,0,0,1,-0.002353342015605761,-0.03152997804118762
3040,0.5,0.5972084140958829,1,0,0,1,-0.0004961569582797394,-0.031617792173508116
3041,0.5,0.5987189717196254,1,0,0,1,0.0005843511638910537,-0.030663331683475365
3042,0.5,0.59396807652378,1,0,0,1,-0.0012731107013357365,-0.02729914924297869
3043,0.5,0.6275678205800994,1,0,0,1,-0.0031132146607666914,-0.02521540213177586
3044,0.5,0.6350222112864266,1,0,0,1,-0.004977943079186005,-0.02223873113465115
3045,0.5,0.661278265231644,1,0,0,1,-0.007632246711839912,-0.017388020517415444
3046,0.5,0.6747834993675547,1,0,0,1,-0.008183434423957416,-0.012734736360670365
3047,0.5,0.7277001466158877,1,0,0,1,-0.005690752386197854,-0.010530680014992565
3048,0.5,0.6835482066046346,1,1,1,1,-0.002055429703724393,-0.007830253988490472
3049,0.5,0.7559293680014088,0,1,1,1,0.0016069819119390245,-0.002423170034404163
3050,0.5,0.7710637448878028,0,1,1,0,0.008673809903469097,0.00014630440974717048
3051,0.5,0.7253577230269778,0,1,1,0,0.010347613598230491,0.0013727025551046415
3052,0.5,0.7322101366642034,0,1,1,0,0.008843040250510657,0.002190685424197637
3053,0.5,0.7367894093166818,0,1,1,0,0.007367472659883679,0.0006529277794847278
3054,0.5,0.7141181002545754,0,1,1,0,0.005096332338309159,-0.00031085171318113503
3055,0.5,0.7129243254218725,0,1,1,0,0.002676785080977736,-0.0020874609987243356
3056,0.5,0.6989409809594284,0,1,1,0,0.002987505465116375,-0.004503126264451619
3057,0.5,0.682675058903985,0,1,1,0,0.005276602277278635,-0.005438607403504559
3058,0.5,0.6664416523337124,0,1,1,0,0.0077674347628647515,-0.005713254674015492
3059,0.5,0.6551153327112771,0,1,1,0,0.009746008053981207,-0.0057491474537681
3060,0.5,0.6359877274262878,0,1,1,0,0.011783888896197109,-0.0052328808964341505
3061,0.5,0.6280200522919558,0,1,1,0,0.012911558691479119,-0.004557115912583251
3062,0.5,0.6319861517378232,0,1,1,0,0.013092472878732038,-0.0042148913610494014
3063,0.5,0.636461184549723,0,1,1,0,0.011099201290321286,-0.0033893681291485593
3064,0.5,0.6438326135769222,0,1,1,0,0.00786713314296439,-0.000990074943471238
3065,0.5,0.6454298803034582,0,1,1,0,0.002718882483876742,0.0014691051833725535
3066,0.5,0.6738769677266876,0,1,1,0,-0.0013845704241902117,0.0015522920271690257
3067,0.5,0.723155864255206,0,1,1,0,-0.0022612211398092188,-0.0014993232719146831
3068,0.5,0.7195081378414222,0,1,1,1,-0.00038140744271671225,-0.0022837785598193877
3069,0.5,0.7296200037395474,1,0,1,1,-0.0020435017063169672,0.001443672581813869
3070,0.5,0.7040995986775299,1,0,1,1,-0.011230303696984727,0.004281239932360692
3071,0.5,0.6816817052818691,1,0,0,1,-0.017534229189767023,0.007164708549218538
3072,0.5,0.7014019132741737,1,0,0,1,-0.01933550099932586,0.005540879263396254
3073,0.5,0.6786636972129155,1,0,0,1,-0.017983940272038746,0.0011599954271576717
3074,0.5,0.6673796811209495,1,0,0,1,-0.015232215751773357,-0.004016699947760868
3075,0.5,0.6605848298010437,1,0,0,1,-0.01315555698031457,-0.010260016803610461
3076,0.5,0.654969652453498,1,0,0,1,-0.010748737507765414,-0.01592649772550424
3077,0.5,0.6403068123763923,1,0,0,1,-0.007160706867917166,-0.0205130288528564
3078,0.5,0.621534088026578,1,0,0,1,-0.004124671132415598,-0.021922107276954584
3079,0.5,0.61683836138155,1,0,0,1,-0.0016996546521823865,-0.023066875605199735
3080,0.5,0.6145544777687764,1,0,0,1,0.0006757167842777184,-0.025497512964015204
3081,0.5,0.6301244176530324,1,0,0,1,0.0016825572643441747,-0.02873049742396442
3082,0.5,0.6250584683092688,1,0,0,1,0.002178688725909441,-0.031096533188957914
3083,0.5,0.6214644143650258,1,0,0,1,0.0022663748611447166,-0.0314742000667609
3084,0.5,0.6486118497042298,1,0,0,1,0.004518043397778888,-0.03308557998839829
3085,0.5,0.6351408242314458,1,0,0,1,0.007110128913736806,-0.03256303534564897
3086,0.5,0.6509757850069684,1,0,0,1,0.00971705744607585,-0.029729626865915217
3087,0.5,0.6672961962192833,1,0,0,1,0.013726495042761582,-0.02827375016044794
3088,0.5,0.684642999103032,1,0,1,1,0.019080522310589522,-0.02724628263789957
3089,0.5,0.6844766583880079,1,0,1,1,0.019650206560907775,-0.02274924481575826
3090,0.5,0.6930414511065285,1,0,1,1,0.019850816919571378,-0.016976430679120975
3091,0.5,0.6772927273597001,0,1,1,1,0.021914447436640994,-0.009734374255165865
3092,0.5,0.743370292022801,0,1,1,1,0.028476683548059163,-0.004363303793612161
3093,0.5,0.7303898425457345,0,1,1,0,0.035787235610558486,0.0006101443305039386
3094,0.5,0.7634365412043655,0,1,1,0,0.03806817496140824,0.0046692859845545425
3095,0.5,0.7552845624328235,0,1,1,0,0.035644816131388445,0.0053282354511373295
3096,0.5,0.7334934377061216,0,1,1,0,0.031783775001031266,0.005900947773042012
3097,0.5,0.7459596570541622,0,1,1,0,0.028498742791109297,0.0048507600699076265
3098,0.5,0.7213184701854035,0,1,1,0,0.025899347142325457,0.002677607519897897
3099,0.5,0.7219666858697692,0,1,1,0,0.024937830617574264,0.0007100604252554616
3100,0.5,0.7081876247138128,0,1,1,0,0.02489019390229345,-0.0009528599291954376
3101,0.5,0.7028304569823791,0,1,1,0,0.026788226729183566,-0.0004940677568839717
3102,0.5,0.69387994163098,0,1,1,0,0.028251805940982012,0.0007026424760041733
3103,0.5,0.6804331484080511,0,1,1,0,0.029956644773473446,0.00265904383384625
3104,0.5,0.6761253841174808,0,1,1,0,0.03204962754968546,0.005458452230621019
3105,0.5,0.6927918662271302,0,1,1,0,0.033248636257630894,0.007697547201162786
3106,0.5,0.6994961134478611,0,1,1,0,0.03283907644039402,0.009048436395753206
3107,0.5,0.711589646726287,0,1,1,0,0.030910814618309343,0.010625681433576629
3108,0.5,0.7249335771457172,0,1,1,0,0.027987100128740144,0.012395340621700812
3109,0.5,0.7549363291274368,0,1,1,0,0.024692358403335713,0.01402943434218932
3110,0.5,0.8035050781605921,0,1,1,0,0.022755733828524423,0.013172056369720648
3111,0.5,0.7922529761235751,1,0,1,0,0.01583175001291287,0.00937372688621004
3112,0.5,0.7422272920980232,1,0,1,1,0.005221783189494872,0.00828975179993815
3113,0.5,0.7287611319752684,1,0,0,1,-0.001044153293243642,0.011037548001474613
3114,0.5,0.7250667972185926,1,0,0,1,-0.0037231716681661647,0.008367538381636425
3115,0.5,0.7002031066372862,1,0,0,1,-0.004574988447404757,0.0025743600425737175
3116,0.5,0.6719540677767796,1,0,0,1,-0.004522773821823513,-0.003303675286193773
3117,0.5,0.6505295910070417,1,0,0,1,-0.00462426658305702,-0.008993025597869778
3118,0.5,0.6343389309419623,1,0,0,1,-0.004861117903258715,-0.014635625152038029
3119,0.5,0.617493508070752,1,0,0,1,-0.004681374185452328,-0.019975320658829152
3120,0.5,0.5986294579788919,1,0,0,1,-0.004516436337229225,-0.023003344442318923
3121,0.5,0.6118631408408112,1,0,0,1,-0.004614959006214304,-0.025264129302182733
3122,0.5,0.6164487287077776,1,0,0,1,-0.0031296765616550403,-0.02927398176799625
3123,0.5,0.6133405050744077,1,0,0,1,0.00020385851758679706,-0.03277281537522432
3124,0.5,0.6124524328951179,1,0,0,1,0.004321944917922408,-0.03396626377176062
3125,0.5,0.611867757252152,1,0,0,1,0.006196668525041461,-0.032782805918693265
3126,0.5,0.6078494097144315,1,0,0,1,0.004945197415988113,-0.030514012051324677
3127,0.5,0.6185609384924312,1,0,0,1,0.0032799186444624467,-0.028633485537268424
3128,0.5,0.6370953971688538,1,0,0,1,0.0019236188503530662,-0.026922142531037335
3129,0.5,0.6766289032763381,1,0,0,1,0.0022242061247991557,-0.025744496726870007
3130,0.5,0.6768320603858892,1,0,0,1,0.005257038600190645,-0.02325941782203795
3131,0.5,0.7474048424234457,1,0,1,1,0.010762768326280031,-0.022881517747207383
3132,0.5,0.6985701558561922,0,1,1,1,0.011330518890344901,-0.01723960451329652
3133,0.5,0.7858774146144486,0,1,1,1,0.016366813924959586,-0.008088333458630134
3134,0.5,0.798105323395036,0,1,1,1,0.02610359468594285,-0.002212546590515562
3135,0.5,0.7695615364640921,0,1,1,0,0.031072155371770948,0.0025922244687378686
3136,0.5,0.7808927781444421,0,1,1,0,0.030897482608668213,0.005308500423379231
3137,0.5,0.7816403859571751,0,1,1,0,0.026689249345731123,0.005523052966097712
3138,0.5,0.7773798455169225,0,1,1,0,0.022307152066144226,0.004799023982398189
3139,0.5,0.7689552165600642,0,1,1,0,0.02182507837914057,0.003576788257693122
3140,0.5,0.7553601917017722,0,1,1,0,0.022286212313779242,0.0021671747771892336
3141,0.5,0.7448666528276378,0,1,1,0,0.023194282654011557,0.001925319873913432
3142,0.5,0.7428050567038692,0,1,1,0,0.024384259022603817,0.0017435334820103726
3143,0.5,0.7322017015985236,0,1,1,0,0.026297233901546327,0.002332121411345571
3144,0.5,0.7218791325759756,0,1,1,0,0.02825578736219236,0.0040173610134903144
3145,0.5,0.7052795464454162,0,1,1,0,0.030205079521081073,0.006388609495706177
3146,0.5,0.7004031763281268,0,1,1,0,0.031657093388555636,0.009302565500560469
3147,0.5,0.7181676176722999,0,1,1,0,0.03259646639379011,0.011320006945555443
3148,0.5,0.7247824316977681,0,1,1,0,0.03183128454490825,0.012894776675606864
3149,0.5,0.7246306309290188,0,1,1,0,0.02833241385853726,0.016334865874399494
3150,0.5,0.7439799618922812,0,1,1,0,0.024210888064849598,0.01883928959300694
3151,0.5,0.7831790484513637,0,1,1,0,0.022534810393793542,0.018926884578172133
3152,0.5,0.8018328160823266,1,1,1,0,0.020816025107631753,0.01629141650059127
3153,0.5,0.7518920130458807,1,0,1,1,0.013764183161159326,0.013860877754673042
3154,0.5,0.7371819153477336,1,0,1,1,0.0063111742680010815,0.016971416514741305
3155,0.5,0.7134895520627192,1,0,0,1,-0.0013589153434787633,0.01869761665855586
3156,0.5,0.7148471121207438,1,0,0,1,-0.005384153123085286,0.015102438169094696
3157,0.5,0.6872963516688688,1,0,0,1,-0.00635686446412001,0.008377324301807421
3158,0.5,0.6625193250701396,1,0,0,1,-0.0051206767992406504,0.0019132122444638962
3159,0.5,0.6479068564943727,1,0,0,1,-0.003814916026801716,-0.005586619122485455
3160,0.5,0.6268874279710375,1,0,0,1,-0.002184555862541144,-0.012597563308794678
3161,0.5,0.6131780736078313,1,0,0,1,-0.00015177672615445306,-0.01880655032209031
3162,0.5,0.6043048663677666,1,0,0,1,0.0012444594061667173,-0.023613122150816665
3163,0.5,0.6016617500050134,1,0,0,1,0.0029250584705261787,-0.02754502446809571
3164,0.5,0.5905425491885475,1,0,0,1,0.0055734365008108236,-0.030391711074506614
3165,0.5,0.5979063196434434,1,0,0,1,0.007050601191684304,-0.03248020873089028
3166,0.5,0.6007762214462589,1,0,0,1,0.00668549708941613,-0.03409467473518442
3167,0.5,0.6048701554608463,1,0,0,1,0.00705910091040773,-0.035269476159875024
3168,0.5,0.6004161747252651,1,0,0,1,0.007368474028050497,-0.0343280769926006
3169,0.5,0.6142053991541947,1,0,0,1,0.007969130038471347,-0.032561464228127925
3170,0.5,0.634832132724396,1,0,0,1,0.00800412349722796,-0.029987206632086084
3171,0.5,0.6490057445876095,1,0,0,1,0.00939120741811919,-0.026812675666576823
3172,0.5,0.6758625771793358,1,0,0,1,0.013351820452750594,-0.024603616324387432
3173,0.5,0.6723179252407034,1,0,1,1,0.016139533947718068,-0.021030635169962047
3174,0.5,0.6903168042390513,1,1,1,1,0.015170151679723498,-0.01257453802242019
3175,0.5,0.740913965444582,0,1,1,1,0.02098486925653343,-0.006984371553976891
3176,0.5,0.7762853378279639,0,1,1,1,0.029305685954083047,-0.003052319496475512
3177,0.5,0.804301080511618,0,1,1,1,0.03537990077862479,0.001695407829929918
3178,0.5,0.8332746739306585,0,1,1,1,0.03769489376711682,0.006553817846004945
3179,0.5,0.8092852690553054,0,1,1,0,0.03371749725617788,0.009271030522787398
3180,0.5,0.8289817076033816,0,1,1,0,0.029589104683738782,0.009287147276889713
3181,0.5,0.8120400884641927,0,1,1,0,0.027103522919565397,0.007826915390389716
3182,0.5,0.7915068439398099,0,1,1,0,0.024291049619804824,0.006912633811572766
3183,0.5,0.7839732367942797,0,1,1,0,0.023631871561343915,0.005915785853806761
3184,0.5,0.7695916629757389,0,1,1,0,0.024431123361522308,0.005194461627189695
3185,0.5,0.756990617582606,0,1,1,0,0.02693072992642188,0.006806366608336132
3186,0.5,0.7472383419465023,0,1,1,0,0.0290028787123109,0.009146290854877146
3187,0.5,0.7332656019266142,0,1,1,0,0.03183498264133097,0.012727777111887216
3188,0.5,0.7094533966820951,0,1,1,0,0.03614723820503334,0.018291257412841537
3189,0.5,0.7336424818115944,0,1,1,0,0.03967937062400119,0.0229563949393796
3190,0.5,0.722617813960529,0,1,1,0,0.04331200973753882,0.027035732199265892
3191,0.5,0.7432004770977778,0,1,1,0,0.046265664527831395,0.02999650771884288
3192,0.5,0.7741271151449486,0,1,1,0,0.04813190470678317,0.029992278615462373
3193,0.5,0.8056135560615412,0,1,1,0,0.04693586611055447,0.0288980285301161
3194,0.5,0.8421269861645695,1,0,1,0,0.04379405889484536,0.02776205126836228
3195,0.5,0.808161997589354,1,0,1,0,0.028648290908255658,0.025115495633696763
3196,0.5,0.7615153130513491,1,0,1,1,0.011236514627985746,0.022299816410157644
3197,0.5,0.734082041654341,1,0,1,1,0.0009385913584034193,0.02329633827964733
3198,0.5,0.6903785608882157,1,0,0,1,-0.004576935147280472,0.02240565140098536
3199,0.5,0.6726813975979059,1,0,0,1,-0.004723509143271823,0.01622268854943069
3200,0.8,0.6531487678118348,1,0,0,1,-0.003396577177056741,0.0059660036570459716
3201,0.8,0.6352199320070154,1,0,0,1,-0.0007830577593567334,-0.005425029306141054
3202,0.8,0.6264423289754668,1,0,0,1,0.0016605313959805865,-0.017791512870371153
3203,0.8,0.6162232828533041,1,0,0,1,0.0026929773442014473,-0.02864520026570192
3204,0.8,0.6134232283578537,1,0,0,1,0.0040216071073274195,-0.0371632092958294
3205,0.8,0.6060615641841143,1,0,0,1,0.006826594503303509,-0.042828577978773215
3206,0.8,0.6176957317293893,1,0,0,1,0.011073083624530073,-0.04642467373276535
3207,0.8,0.6260604234096164,1,0,0,1,0.016377436155686004,-0.048482587829522715
3208,0.8,0.6310996838149017,1,0,0,1,0.019285317056120268,-0.048468177126871285
3209,0.8,0.6275683227540271,1,0,0,1,0.021211223301132686,-0.046784730930551265
3210,0.8,0.6497428015985108,1,0,0,1,0.022265934828438465,-0.04556054464170017
3211,0.8,0.6798230308456261,1,0,0,1,0.022919808553174686,-0.046384950767327314
3212,0.8,0.6947516106980385,1,0,0,1,0.022048195372544505,-0.045352255731769264
3213,0.8,0.7447006356650175,1,0,0,1,0.022896256529380987,-0.0442101623061176
3214,0.8,0.7656152950630047,1,0,0,1,0.02648837103646172,-0.04260956578370663
3215,0.8,0.7943489165623577,1,0,1,1,0.03043461702812085,-0.04083732371058667
3216,0.8,0.8045305889699501,0,0,1,1,0.02984628321835296,-0.03290505694694695
3217,0.8,0.8409931860400977,0,0,1,0,0.02910287083300315,-0.025597573665075157
3218,0.8,0.8441976455686813,0,1,1,0,0.02405901038568236,-0.01900257449964843
3219,0.8,0.8347764137520163,0,1,1,0,0.018283489301722716,-0.01146123008286003
3220,0.8,0.8358071604288909,0,1,1,0,0.014681930979830967,-0.004776355973787452
3221,0.8,0.8388755395743881,0,1,1,0,0.016866130200764665,0.0006506945937188671
3222,0.8,0.8444356777715819,0,1,1,0,0.022705600835653733,0.0052390178872500515
3223,0.8,0.8513757920865458,0,1,1,0,0.02794617633842762,0.008266577643475262
3224,0.8,0.8485518169503768,0,1,1,0,0.030906327347445216,0.009708251142001712
3225,0.8,0.8380920667431649,0,1,1,0,0.031242652018198383,0.009950117883910354
3226,0.8,0.8207781675003738,0,1,1,0,0.030666888596218717,0.009575594045097606
3227,0.8,0.8184556412720683,0,1,1,0,0.030195249300216595,0.009328620464201505
3228,0.8,0.8361701136267128,0,1,1,0,0.027616356199215084,0.008129635020837443
3229,0.8,0.8474686654245377,0,1,1,0,0.02317642802525094,0.004798635559975311
3230,0.8,0.8687784757159953,0,1,1,0,0.01628567079742521,0.0009365674317452074
3231,0.8,0.8995517741650374,0,1,1,0,0.009260684133551765,-0.003909184948553511
3232,0.8,0.934068025812407,0,1,1,0,0.0025330800671892507,-0.009065610758371291
3233,0.8,0.9357205034036454,0,1,1,1,-0.003482071217227815,-0.0129059910073953
3234,0.8,0.9144218483698636,1,0,1,1,-0.004858914115064107,-0.006151491404859519
3235,0.8,0.910507385456929,1,0,0,1,-0.00743220131261402,0.0021545161970075886
3236,0.8,0.9481397572170343,1,0,0,1,-0.009827460998923935,0.004633805852649431
3237,0.8,0.949013136069485,1,0,0,1,-0.013357147739503727,0.001694482603794511
3238,0.8,0.939914473374599,1,0,0,1,-0.017270773731743478,-0.0021695454481960585
3239,0.8,0.9474100584706227,1,0,0,1,-0.021960027775896458,-0.006180239776087921
3240,0.8,0.9492212580512295,1,0,0,1,-0.024648444928503446,-0.009652351201511917
3241,0.8,0.9554633070343074,1,0,0,1,-0.02279862982596409,-0.0130443944530296
3242,0.8,0.9641848781196117,1,0,0,1,-0.019115389789844013,-0.016383820976321867
3243,0.8,0.9594315691205394,1,0,0,1,-0.014706805903872239,-0.01845174136510824
3244,0.8,0.964720088052033,1,0,0,1,-0.01116733734712485,-0.018141895694546717
3245,0.8,0.9714892138809653,1,0,0,1,-0.010416570524321553,-0.01651691312582848
3246,0.8,0.9702374408932529,1,0,0,1,-0.009063745894916764,-0.015117309524493425
3247,0.8,0.975415903126767,1,0,0,1,-0.007155262035079681,-0.01395160899961764
3248,0.8,0.9830816778190484,1,0,0,1,-0.0057666612153371224,-0.013018971192864659
3249,0.8,0.9977810427972206,1,0,0,1,-0.005991670303150941,-0.010580404718304171
3250,0.8,1.0379752072748578,1,0,0,1,-0.004635012580994945,-0.009191215640328041
3251,0.8,1.080181324989435,1,0,0,1,-0.00017168504995921627,-0.00971620027322541
3252,0.8,1.113660120086831,1,0,0,1,0.0063790215453177175,-0.01048245564160396
3253,0.8,1.0294773123313914,0,1,1,0,0.007800000903617396,-0.008816021859736846
3254,0.8,1.0451112805164178,0,1,1,0,0.006826835871675152,-0.006990347378464655
3255,0.8,1.044498432101509,0,1,1,0,0.0067640009292457,-0.008086534987584966
3256,0.8,1.0278615554320496,0,1,1,0,0.006869907131804297,-0.009429229870634662
3257,0.8,1.0235217618911658,0,1,1,0,0.010535183078493215,-0.010642681602740253
3258,0.8,1.0127578548720748,0,1,1,0,0.01698767543679787,-0.01007898538041069
3259,0.8,1.0070056081805532,0,1,1,0,0.021863952518344585,-0.008615358679599682
3260,0.8,0.9917771327756585,0,1,1,0,0.022870878443557067,-0.0074276012497593875
3261,0.8,0.9725868213189963,0,1,1,0,0.02239475344348009,-0.006077451513963116
3262,0.8,0.9536259264913242,0,1,1,0,0.023502770119073393,-0.003911784764403478
3263,0.8,0.9460890050324343,0,1,1,0,0.024490235194794104,-0.0018792475963207058
3264,0.8,0.9433424374305567,0,1,1,0,0.025300194178568325,0.00025312536044360567
3265,0.8,0.9376327705918399,0,1,1,0,0.023952690244286545,0.003515372811329048
3266,0.8,0.9492963347136552,0,1,1,0,0.022638999643866335,0.006447912850682721
3267,0.8,0.9831543167316744,0,1,1,0,0.020834717295603704,0.0060864613724730295
3268,0.8,1.0157682115321722,0,1,1,0,0.01858736011587703,0.004498983600752326
3269,0.8,1.0548200465442015,0,1,1,0,0.015481768533498124,0.003430814421080119
3270,0.8,1.0403229787099675,1,1,1,1,0.009864425696508052,0.0029753903980404436
3271,0.8,0.9844408541515972,1,0,0,1,0.0045786688326935,0.00690761376978279
3272,0.8,0.9987854459208271,1,0,0,1,0.0018760914658942209,0.008132481431395396
3273,0.8,1.006140026734373,1,0,0,1,-0.0012463810064412867,0.002156431935433723
3274,0.8,0.974933988200322,1,0,0,1,-0.004215847590441568,-0.005067461306979059
3275,0.8,0.9626337974466271,1,0,0,1,-0.006428255197200648,-0.011402483808991358
3276,0.8,0.9517967858599801,1,0,0,1,-0.007468048694865893,-0.017057815706110764
3277,0.8,0.9457861076473815,1,0,0,1,-0.005312714513412053,-0.021681576567301367
3278,0.8,0.950046972871191,1,0,0,1,-0.0006003683226283204,-0.025774786806120293
3279,0.8,0.9492909633789836,1,0,0,1,0.004844493699294565,-0.02904065772832163
3280,0.8,0.9402474784388446,1,0,0,1,0.00971851250682268,-0.030025246581305426
3281,0.8,0.9423722796422077,1,0,0,1,0.0109606027788865,-0.028816217864051967
3282,0.8,0.940687602382411,1,0,0,1,0.01186224050965118,-0.02801865399881172
3283,0.8,0.9336739331075354,1,0,0,1,0.012805119515223623,-0.02643481365499135
3284,0.8,0.952490399868101,1,0,0,1,0.013692078321094692,-0.02561971374377162
3285,0.8,0.9453602993246315,1,0,0,1,0.014099743142262599,-0.02345251980274982
3286,0.8,0.978688425931314,1,0,0,1,0.013542811135787158,-0.019786226100027053
3287,0.8,1.0036949835466527,1,0,0,1,0.015901973370817366,-0.017393300578187897
3288,0.8,1.0456038478562992,1,0,0,1,0.020597913476863593,-0.016138029811586883
3289,0.8,1.0096360893618452,0,0,1,0,0.021907553590834145,-0.010782017232493174
3290,0.8,0.9999984057248955,0,1,1,0,0.020535870912715644,-0.003048570011177303
3291,0.8,1.0056671003935442,0,1,1,0,0.021473056440642353,4.4865527384836585e-05
3292,0.8,0.9867028167298473,0,1,1,0,0.02000051878861617,0.0022642714444124352
3293,0.8,0.9892012133240772,0,1,1,0,0.019572898122209907,0.002547976525775171
3294,0.8,0.9855077572446961,0,1,1,0,0.023507137104100777,0.002489726252412933
3295,0.8,0.9816710497910933,0,1,1,0,0.027800806803048857,0.002349722375929378
3296,0.8,0.972417653799728,0,1,1,0,0.03027325053300181,0.002691621930574874
3297,0.8,0.9559676419728914,0,1,1,0,0.03011956085524704,0.0030827477272913667
3298,0.8,0.9326793466646088,0,1,1,0,0.029949408935459935,0.004305964506203756
3299,0.8,0.928665635672503,0,1,1,0,0.030607684791865205,0.005826838715037302
3300,0.8,0.91559800223304,0,1,1,0,0.03065067349197841,0.006565023904893431
3301,0.8,0.9084564748732178,0,1,1,0,0.02957886662504447,0.007898587177621416
3302,0.8,0.9235682533536952,0,1,1,0,0.026792429837147372,0.009088919931272019
3303,0.8,0.9361834823534552,0,1,1,0,0.02402977563794087,0.008297007880920174
3304,0.8,0.9703683929837567,0,1,1,0,0.01986726559718479,0.005941181507637692
3305,0.8,0.9967184410271936,0,1,1,0,0.015267307438343111,0.0035882665541430766
3306,0.8,1.0195359595704527,0,1,1,0,0.009858952103051372,0.002733596411663214
3307,0.8,0.9637984791191949,1,0,1,1,0.0009309342411647353,0.003049327523143746
3308,0.8,0.9353693032559959,1,0,0,1,-0.00803738965451259,0.00719206125507401
3309,0.8,0.9646198885752333,1,0,0,1,-0.014290108568923453,0.007033138287159449
3310,0.8,0.9858879759219058,1,0,0,1,-0.018492383145734294,-0.00033695920039856695
3311,0.8,0.9678806271036192,1,0,0,1,-0.020140679569269297,-0.008590519931247573
3312,0.8,0.9589410247454477,1,0,0,1,-0.018961489276087557,-0.015771910618455492
3313,0.8,0.9525066189847152,1,0,0,1,-0.01572442479668408,-0.021555689770009587
3314,0.8,0.9595288787176808,1,0,0,1,-0.010697928561418234,-0.026281308790769387
3315,0.8,0.9702575019695436,1,0,0,1,-0.00470016607898656,-0.029795988454939363
3316,0.8,0.983364587665668,1,0,0,1,0.0010399812644856503,-0.032020730293047896
3317,0.8,0.9801435494911099,1,0,0,1,0.0053126134237164065,-0.03225054585072418
3318,0.8,0.981768986412821,1,0,0,1,0.007427111793144914,-0.030507353683126785
3319,0.8,0.9873520911877433,1,0,0,1,0.008394946661850401,-0.028774766186668903
3320,0.8,0.9952082957695831,1,0,0,1,0.009888647223801953,-0.027143678315958788
3321,0.8,1.0027907754694496,1,0,0,1,0.011616066694635099,-0.025297623174303265
3322,0.8,1.0037251135331626,1,0,0,1,0.01234226481566994,-0.02165107583208444
3323,0.8,1.045452453583161,1,0,0,1,0.013596576390219633,-0.018556215298073275
3324,0.8,1.0719064469727408,1,0,0,1,0.017648491470847034,-0.01667784637422718
3325,0.8,1.1019685449820495,1,0,0,1,0.02349556172026194,-0.01529634333720397
3326,0.8,1.039738370266994,0,0,1,0,0.022394184496241504,-0.008501861113219385
3327,0.8,1.0451193335622346,0,1,1,0,0.020804947217043138,-0.0010793611864206869
3328,0.8,1.046993549993135,0,1,1,0,0.022501850656160224,0.0014069447357004884
3329,0.8,1.037165601291925,0,1,1,0,0.023424077237435195,0.002715146811161713
3330,0.8,1.0362482208311505,0,1,1,0,0.026052195547766086,0.0027838311382671027
3331,0.8,1.0356215022607422,0,1,1,0,0.030991783644534667,0.002985309088034977
3332,0.8,1.0321200267442903,0,1,1,0,0.03466570978205066,0.003434250380862066
3333,0.8,1.0234944706615647,0,1,1,0,0.035494051633166206,0.003999971601305496
3334,0.8,1.0058533864989636,0,1,1,0,0.03532000674966613,0.005018140640339753
3335,0.8,0.991627807852521,0,1,1,0,0.03652206244888231,0.007098774575243975
3336,0.8,0.9832175810044529,0,1,1,0,0.03757198925126364,0.00904279708840401
3337,0.8,0.9831389479056498,0,1,1,0,0.038129215076156714,0.010514237865811064
3338,0.8,0.9921989715099386,0,1,1,0,0.03746162307945018,0.01156747195378083
3339,0.8,1.0001929728665369,0,1,1,0,0.0345655598460674,0.011898604093808574
3340,0.8,1.0316183876905167,0,1,1,0,0.03135873907046026,0.01153849063551382
3341,0.8,1.062930091609494,0,1,1,0,0.027644247801707367,0.009863497888389753
3342,0.8,1.091496116903821,1,1,1,0,0.02266103997388328,0.008219024624884325
3343,0.8,1.0846233262920348,1,1,1,0,0.014447265636444055,0.005435250849705069
3344,0.8,1.0312328931373105,1,0,1,1,0.005101113356693384,0.005240218820561525
3345,0.8,1.0071285735681923,1,0,0,1,-0.0021401977799863797,0.007676100360763689
3346,0.8,1.0248288458346082,1,0,0,1,-0.007327864361733479,0.003928880641213957
3347,0.8,1.0126160875538575,1,0,0,1,-0.011954825114377897,-0.0030007608539489067
3348,0.8,0.9786965233842855,1,0,0,1,-0.014616649520230136,-0.008189077122448886
3349,0.8,0.9598437225387663,1,0,0,1,-0.015588345251564622,-0.011920575059248222
3350,0.8,0.9431301412168599,1,0,0,1,-0.014232788459871835,-0.014767223840797766
3351,0.8,0.9455312646294485,1,0,0,1,-0.009941946816873779,-0.017526011072222333
3352,0.8,0.9591677187749225,1,0,0,1,-0.006125304484234054,-0.020430276922650176
3353,0.8,0.9532098917199078,1,0,0,1,-0.002172217708707248,-0.022129288487558976
3354,0.8,0.9577500585629165,1,0,0,1,0.0008555110059416536,-0.021883599418630575
3355,0.8,0.9680870158739829,1,0,0,1,0.0005924682833974086,-0.020807875914711036
3356,0.8,0.9630185007338966,1,0,0,1,0.0017598148300483599,-0.018687887496289163
3357,0.8,0.9707774895551966,1,0,0,1,0.003782641708044855,-0.016666429867538655
3358,0.8,0.9818333210722738,1,0,0,1,0.006048794487286303,-0.014195799955168674
3359,0.8,1.0016764884640321,1,0,0,1,0.0061607109834299545,-0.00962177074921968
3360,0.8,1.0461016943735926,1,0,0,1,0.007461395126889918,-0.006167912640350618
3361,0.8,1.083415064715738,1,0,0,1,0.01124053141977061,-0.003869636317576054
3362,0.8,1.0936497175825008,0,1,1,1,0.022023925542623893,-0.0008436929908108346
3363,0.8,1.0865267577978701,0,1,1,0,0.031120141579723502,0.0037541493937667237
3364,0.8,1.0420338417129151,0,1,1,0,0.035350535799092225,0.006374479654388508
3365,0.8,1.0290223435969814,0,1,1,0,0.035964740070402575,0.00599241413044983
3366,0.8,1.014475635104621,0,1,1,0,0.03268522330412998,0.0037854109873753303
3367,0.8,0.9897472125937291,0,1,1,0,0.03033320049417587,0.0018033946917822333
3368,0.8,0.9773024363264106,0,1,1,0,0.030780753650887838,0.0007457739764872807
3369,0.8,0.9651653917213401,0,1,1,0,0.0323926756652093,0.00055212211835948
3370,0.8,0.9588614979603535,0,1,1,0,0.0348804579901645,0.0011948364481950975
3371,0.8,0.9428985464067022,0,1,1,0,0.03657865572356192,0.0027939169663124624
3372,0.8,0.927023391448719,0,1,1,0,0.03851009820702623,0.0054328665761441556
3373,0.8,0.929881876117276,0,1,1,0,0.04022372859898973,0.008807415135842064
3374,0.8,0.9487716003779687,0,1,1,0,0.040749470949796016,0.011333609524097399
3375,0.8,0.94338401660994,0,1,1,0,0.03993641439392584,0.013754647994597496
3376,0.8,-0.011603473019882156,1,1,1,1,-0.00037637279160354534,-0.0010435317921076482
3377,0.8,-0.09934105910273675,1,1,1,1,-0.00044103029505587705,0.0038471621809317833
3378,0.8,-0.06857578078969044,1,1,1,1,0.00036201205942346034,0.006870542950524903
3379,0.8,-0.07935432361886494,1,1,1,1,-0.0014869061522497094,0.0042497456253603235
3380,0.8,-0.09215015669961706,1,0,0,0,-0.004065476950296653,0.001027532769607587
3381,0.8,-0.08819487310752788,0,0,0,1,-0.0037097441148337663,-0.0008377089386612661
3382,0.8,-0.06845815782221085,0,0,0,0,-0.002642919292687383,-0.000694247231126921
3383,0.8,-0.09649332823430982,0,0,0,0,-0.002320935427960654,-0.0009316798405911065
3384,0.8,-0.1457210061930761,0,0,0,0,0.0004849345982709222,0.0030347434735590478
3385,0.8,-0.07672143122045856,0,0,0,0,0.0031869174086251095,0.005454242855122384
3386,0.8,-0.08823633134428592,1,0,0,0,0.0047976540063895765,0.0027740538768446484
3387,0.8,-0.07823186984760905,1,0,0,1,0.005329469091923467,-0.0024439153981980107
3388,0.8,-0.09678832174666985,1,0,0,1,0.007853091914470917,-0.008292924892468986
3389,0.8,-0.08013074906496731,1,0,0,1,0.010902519577657617,-0.01521185649682039
3390,0.8,-0.06270520214188684,1,0,0,1,0.012932597335435007,-0.02347401035642496
3391,0.8,-0.03462507903560361,1,0,0,1,0.016078303991113853,-0.0334141566471473
3392,0.8,-0.017182124721359777,1,0,0,1,0.019448897348885278,-0.0436143753156073
3393,0.8,0.012212518159871868,1,0,0,1,0.022285869974170234,-0.052667770164448555
3394,0.8,0.03955822977898469,1,0,0,1,0.0241403669991655,-0.06020069151216127
3395,0.8,0.069671154133017,1,0,0,1,0.027310954682689906,-0.06699938488861043
3396,0.8,0.08731589943087582,1,0,0,1,0.03159307882739839,-0.07241547545918497
3397,0.8,0.12447004826456956,1,0,0,1,0.03772682769521904,-0.07822811006167851
3398,0.8,0.13720607480613156,1,0,0,1,0.04376034360628049,-0.08221952131264611
3399,0.8,0.15753550680357623,1,0,0,1,0.04868938792747436,-0.08363502603457063
3400,0.8,0.18673847667714485,0,0,1,1,0.0577143222945522,-0.0857920550938261
3401,0.8,0.23223580227564078,0,0,1,1,0.06610373487424956,-0.08065900665078261
3402,0.8,0.2669152152235921,0,0,1,1,0.07798302438401467,-0.07348293780639713
3403,0.8,0.3431769470385332,0,0,1,1,0.08915003451879122,-0.06596446158660246
3404,0.8,0.3689233124815027,0,0,1,1,0.09867482166342258,-0.05821206295645232
3405,0.8,0.398108279476823,0,0,1,0,0.10066253742916202,-0.04994094230532397
3406,0.8,0.39599660708153234,0,0,1,0,0.09147505137216864,-0.042116921014989005
3407,0.8,0.4006784324374025,0,1,1,0,0.0752388509073187,-0.03467425270310552
3408,0.8,0.40357202053151336,0,1,1,0,0.06565596682461934,-0.027005625196930044
3409,0.8,0.39906387849661634,0,1,1,0,0.06332411397686734,-0.018700982938579486
3410,0.8,0.4281172772335399,0,1,1,0,0.06681123137705923,-0.01135557397073506
3411,0.8,0.4855748463703491,0,1,1,0,0.07410836902444487,-0.007493826511698436
3412,0.8,0.4953715005792407,0,1,1,0,0.08156940030122875,-0.005203190664708199
3413,0.8,0.5185740828597876,0,1,1,0,0.08640959085589285,-0.0015256971293308437
3414,0.8,0.5714790599741874,0,1,1,0,0.08709412229558357,-0.00013874790369063135
3415,0.8,0.5868862025445942,0,1,1,0,0.0839371308999483,-0.0012080831921994302
3416,0.8,0.595921218485859,0,1,1,0,0.07793342100800574,-0.0003776134817951516
3417,0.8,0.6267238328725717,0,1,1,0,0.07013284590537505,0.0010178284779676838
3418,0.8,0.6720893261536518,0,1,1,0,0.06241910449601965,0.0011556172591691808
3419,0.8,0.7256029580123711,0,0,1,0,0.053095155922526026,0.0003221559961040289
3420,0.8,0.7202063401643668,1,0,1,0,0.03667805574049937,0.0006311301971041673
3421,0.8,0.7313801183871124,1,0,1,1,0.016516434071415235,-4.2046363970685395e-05
3422,0.8,0.7330202061076331,1,0,1,1,0.0046464216084135535,0.0017602976058016598
3423,0.8,0.7895766316179382,1,0,1,1,-0.003965716472487827,0.002044185019520957
3424,0.8,0.878834109865068,1,0,1,1,-0.013223072070441292,-0.0024123916235620347
3425,0.8,0.911860230620952,1,0,0,1,-0.016768433995678334,-0.012596843327314037
3426,0.8,0.9134095811290054,1,0,0,1,-0.014921423291121,-0.023254312375074696
3427,0.8,0.8847545882052481,1,0,0,1,-0.01063323180319683,-0.03049407908070597
3428,0.8,0.8734366160534127,1,0,0,1,-0.007557900507189073,-0.03428156505914534
3429,0.8,0.8778133150228163,1,0,0,1,-0.007374409240723252,-0.03570293430275796
3430,0.8,0.8824862350676654,1,0,0,1,-0.007711986907062956,-0.03543679846494834
3431,0.8,0.9109119867125279,1,0,0,1,-0.009349330699761318,-0.03373210864998662
3432,0.8,0.9271981434638846,1,0,0,1,-0.011829888547352264,-0.030827060449805703
3433,0.8,0.9473267513209641,1,0,0,1,-0.014408360908688822,-0.025934852489547817
3434,0.8,0.9676614717285976,1,0,0,1,-0.017462939565683584,-0.02018802135384652
3435,0.8,0.9836682424772158,1,0,0,1,-0.019183166701387387,-0.013970291556255371
3436,0.8,1.0158958734087453,1,0,0,1,-0.021827381532940792,-0.007741842669173205
3437,0.8,1.0731761749022537,1,0,0,1,-0.024189024105173554,-0.0026878009337394913
3438,0.8,1.114356240411281,1,0,0,1,-0.024194486185747162,0.001655875890290411
3439,0.8,1.0874276019475384,0,1,0,1,-0.015131691603130795,0.00436564403037378
3440,0.8,1.126062846491797,0,1,0,0,-0.0014361685611336244,0.0003475082224684074
3441,0.8,1.027677115581429,0,1,1,0,0.006249334372427783,-0.0070877865070539505
3442,0.8,0.9571717270971468,0,1,1,0,0.0031820868876236536,-0.005382639583054595
3443,0.8,0.9612691030802436,0,1,1,0,0.002360316043913798,-0.004178229158047423
3444,0.8,0.9354129725228602,0,1,1,0,0.0029296630756669127,-0.005445962004060508
3445,0.8,0.9152053787325093,0,1,1,0,0.004200130344470536,-0.007483250271157871
3446,0.8,0.9012144662364204,0,1,1,0,0.007023566949099574,-0.009854969787749334
3447,0.8,0.8817880668288685,0,1,1,0,0.00958291340613989,-0.011543393036850872
3448,0.8,0.8575341173604246,0,1,1,0,0.011612225948635339,-0.01129391011292627
3449,0.8,0.838324718251135,0,1,1,0,0.01362856935519653,-0.00927929734470038
3450,0.8,0.8425262054269057,0,0,1,0,0.015032518254231015,-0.007046636141441908
3451,0.8,0.8686792337731539,0,1,1,0,0.014955711250500114,-0.005830107596979542
3452,0.8,0.8556897628614375,0,1,1,0,0.013737194353366226,-0.004243775371981599
3453,0.8,0.8744905210242747,0,1,1,0,0.01037483400995616,-0.0025011317783206455
3454,0.8,0.9139653512855859,0,1,1,0,0.008685554915435975,-0.002057519753249099
3455,0.8,0.9577743935867352,0,1,1,0,0.005318266718161858,-0.002402146048969989
3456,0.8,0.9887288378080988,0,0,1,0,0.000405778145595787,-0.0015835481957925017
3457,0.8,1.0117932546215556,1,0,1,0,-0.010084972352463946,0.002027943109986918
3458,0.8,1.0015864465329083,1,0,1,1,-0.020732803853724082,0.00859045410312986
3459,0.8,1.0001411015490815,1,0,0,1,-0.028655414008492808,0.016238001475135717
3460,0.8,0.9999771601776238,1,0,0,1,-0.0311939542398789,0.01728239191941874
3461,0.8,0.9786496581577487,1,0,0,1,-0.029395540256550806,0.013499427529236226
3462,0.8,0.9667490658748743,1,0,0,1,-0.02554875988135367,0.007606115354291704
3463,0.8,0.9553417521514284,1,0,0,1,-0.022555472780865667,-0.00021983662873566921
3464,0.8,0.9375811213469227,1,0,0,1,-0.020582490711305797,-0.007404916690072915
3465,0.8,0.9435441332738296,1,0,0,1,-0.018169729353726224,-0.013272937618091878
3466,0.8,0.9506590765191073,1,0,0,1,-0.015032611304558526,-0.01806142893630594
3467,0.8,0.9593694492654427,1,0,0,1,-0.012198602424382053,-0.020435768285569308
3468,0.8,0.9622267675639984,1,0,0,1,-0.010030063273200484,-0.020214038055218285
3469,0.8,0.9688928069481043,1,0,0,1,-0.008832732063307643,-0.018372299321700227
3470,0.8,0.9730525117930833,1,0,0,1,-0.0064343942494700605,-0.016498106953166593
3471,0.8,0.9851165312651305,1,0,0,1,-0.002854782925779935,-0.014969514067050797
3472,0.8,0.9967645163483014,1,0,0,1,0.0004104542617896579,-0.013066897442662432
3473,0.8,1.0157186993240306,1,0,0,1,0.0018450249059425703,-0.009348415057118656
3474,0.8,1.0531274522479759,1,0,0,1,0.00518702441835661,-0.007008768009409095
3475,0.8,1.0937840660419949,1,0,0,1,0.011166946493866738,-0.006997351114151989
3476,0.8,1.0660876732578444,0,1,1,1,0.021226798077867284,-0.005779591288174192
3477,0.8,1.0465591604113957,0,1,1,0,0.027006323911453394,-0.0029804638052852803
3478,0.8,1.0656178985792355,0,1,1,0,0.029087069897104734,-0.002937872339402352
3479,0.8,1.040483824352511,0,1,1,0,0.026701112921250315,-0.0029514788518657993
3480,0.8,1.024082036215072,0,1,1,0,0.023790856541508632,-0.002348014083739904
3481,0.8,1.012998188615068,0,1,1,0,0.025360189360940925,-0.0015223193025702074
3482,0.8,1.0046644677608891,0,1,1,0,0.029414414265239955,-5.455597711651527e-05
3483,0.8,1.0020604809327938,0,1,1,0,0.033376793668668345,0.001224841963458312
3484,0.8,0.9873085836594759,0,1,1,0,0.035411364844375674,0.002464659942675356
3485,0.8,0.9742670826187104,0,1,1,0,0.03697132476082106,0.004135829553237539
3486,0.8,0.9616320156835813,0,1,1,0,0.03951414330106822,0.006984881364582493
3487,0.8,0.9727294306112207,0,1,1,0,0.04081548582333281,0.009342518679021495
3488,0.8,0.9824817338882182,0,1,1,0,0.04064892159439275,0.011170500463137768
3489,0.8,0.9882980230477689,0,1,1,0,0.0385780571324839,0.01257113830861049
3490,0.8,1.0147574171788598,0,1,1,0,0.03540779424651797,0.01330487444923875
3491,0.8,1.0588820430225383,0,1,1,0,0.03172121648516238,0.012791755287440929
3492,0.8,1.0933886045332373,0,1,1,0,0.02719867324150771,0.01225490875328362
3493,0.8,1.0604372106780429,1,0,1,0,0.017658654181324427,0.011311659478447398
3494,0.8,1.0641086684502779,1,0,1,1,0.003983949286322107,0.008789662393467854
3495,0.8,1.0354459725613467,1,0,1,1,-0.005827215037088687,0.00924467280935009
3496,0.8,1.0212915405114882,1,0,0,1,-0.011411772139509639,0.00779788518363017
3497,0.8,0.9991141287302109,1,0,0,1,-0.013087326272530416,0.0028926477638152254
3498,0.8,0.9789399619565367,1,0,0,1,-0.012938581904982998,-0.0029605036504814033
3499,0.8,0.964202427570179,1,0,0,1,-0.011829400931241324,-0.009003478412412275
3500,0.8,0.9539754514170933,1,0,0,1,-0.010536798697930123,-0.014958801386325648
3501,0.8,0.9415746007524299,1,0,0,1,-0.00954577181023794,-0.0195800275273157
3502,0.8,0.9497898742666888,1,0,0,1,-0.007084226306382999,-0.023007198599614597
3503,0.8,0.952325149038857,1,0,0,1,-0.0037875632250177166,-0.024980827417920595
3504,0.8,0.9685699638096487,1,0,0,1,-0.0019010598009096924,-0.02528559885412539
3505,0.8,0.9566977750301925,1,0,0,1,-0.00023162152212701607,-0.023467641734953998
3506,0.8,0.9607565618530977,1,0,0,1,0.0008212700163934518,-0.020145399893201937
3507,0.8,0.9676296481459266,1,0,0,1,0.0022158413510459966,-0.017374207844000834
3508,0.8,0.9810679387032978,1,0,0,1,0.0028656526074851054,-0.014307387216940689
3509,0.8,1.0069438787105447,1,0,0,1,0.0022527888957109255,-0.010543889188329013
3510,0.8,1.0412686743312132,1,0,0,1,0.0034492594921439073,-0.0066568344737868304
3511,0.8,1.0851597834987188,1,0,0,1,0.007226749136357399,-0.004178108888720066
3512,0.8,1.0847103501819904,0,1,0,1,0.015858580581072562,-0.0016177850370167085
3513,0.8,0.9752498450368172,0,1,1,0,0.022432920320630913,0.001651223604343145
3514,0.8,1.0077506627767645,0,1,1,0,0.02441284344505675,0.0038731227898802976
3515,0.8,0.9912384439649904,0,1,1,0,0.02598861782113845,0.0026248061726604315
3516,0.8,0.9981982199431559,0,1,1,0,0.02584551612761089,0.0002348451531989812
3517,0.8,0.9886840096559046,0,1,1,0,0.02593386946129097,-0.003933399190824932
3518,0.8,0.974635411828187,0,1,1,0,0.026973954514626503,-0.006333423305600662
3519,0.8,0.9665368852231075,0,1,1,0,0.02734947030865997,-0.0074028773837631345
3520,0.8,0.94771038716064,0,1,1,0,0.02630668168786389,-0.007526078348646434
3521,0.8,0.9298497723561695,0,1,1,0,0.02623125476477069,-0.006103566801411602
3522,0.8,0.9184140891107799,0,1,1,0,0.027004876247501884,-0.0035641420541925864
3523,0.8,0.9232272883184776,0,1,1,0,0.027964309590342507,-0.0012623780941869334
3524,0.8,0.9429184174409241,0,1,1,0,0.02730117410163041,-0.00010753705852755281
3525,0.8,0.9484478456963326,0,1,1,0,0.02450821150037774,0.0003120872355783355
3526,0.8,0.9801282299741191,0,1,1,0,0.0208588858847272,0.0005479629748779924
3527,0.8,1.02016966352359,0,1,1,0,0.016836873867253594,-0.0002898097868855762
3528,0.8,1.0484508929637553,0,1,1,0,0.011509193168010669,-0.00034658011694023173
3529,0.8,1.0740692511478565,1,0,1,0,0.005417764380278272,0.0007927309729338258
3530,0.8,1.0470626233756442,1,0,1,1,-0.004155443896932418,0.003723039801903732
3531,0.8,1.0306615381739859,1,0,0,1,-0.00984382537473984,0.009848854690804121
3532,0.8,1.0421250957485089,1,0,0,1,-0.01426419175336397,0.00972081409346571
3533,0.8,1.0280198154963314,1,0,0,1,-0.01815819442898574,0.004481264580311923
3534,0.8,0.9960832298358849,1,0,0,1,-0.02022813528368509,-0.001066397118607442
3535,0.8,0.9827773478098558,1,0,0,1,-0.020049007026716005,-0.006318919447052699
3536,0.8,0.9758996261543129,1,0,0,1,-0.018236318613843974,-0.011856226873934566
3537,0.8,0.9741899749804893,1,0,0,1,-0.01564158101355439,-0.016902847299428383
3538,0.8,0.9680804020028353,1,0,0,1,-0.012431670280960063,-0.02023385807561944
3539,0.8,0.977124658241808,1,0,0,1,-0.009524552158516974,-0.021553667808144945
3540,0.8,0.9824550729229653,1,0,0,1,-0.0079292154779058,-0.021390367535065444
3541,0.8,0.9839993075816345,1,0,0,1,-0.006465427765729928,-0.019756864787382738
3542,0.8,0.9844658234713461,1,0,0,1,-0.0046132485238713624,-0.01762687234296788
3543,0.8,0.9975310717793299,1,0,0,1,-0.002078952994008788,-0.01579174365350227
3544,0.8,1.0042302470634887,1,0,0,1,-0.00016810794043223902,-0.013414566255841738
3545,0.8,1.0343086373032544,1,0,0,1,-4.069076010893828e-05,-0.010165776786278325
3546,0.8,1.0758935006778785,1,0,0,1,0.002363524340544369,-0.008693542685300292
3547,0.8,1.120142712263914,1,0,0,1,0.007794809693602824,-0.008731310473062257
3548,0.8,1.1240608715358589,0,1,1,0,0.014871104903315942,-0.006763676630692424
3549,0.8,1.1139910028450553,0,1,1,0,0.0173970181451857,-0.004135299951863701
3550,0.8,1.1042097347180284,0,1,1,0,0.01704210416774685,-0.0035343189893622547
3551,0.8,1.078221638222077,0,1,1,0,0.014242574850652542,-0.0025220168916316966
3552,0.8,1.065277618339497,0,1,1,0,0.013867355525071274,-0.0017025631077420133
3553,0.8,1.0467021676600285,0,1,1,0,0.01758286595349046,-0.0004612340277874723
3554,0.8,1.0328911255648372,0,1,1,0,0.021746828212716493,0.0007520118213404491
3555,0.8,1.020085367799055,0,1,1,0,0.024573003970710727,0.0014940137530474792
3556,0.8,1.0041480738334652,0,1,1,0,0.02611373339172934,0.0017425490130001666
3557,0.8,0.9847620037616817,0,1,1,0,0.02834112324633661,0.0026116509142137326
3558,0.8,0.9730290227376683,0,1,1,0,0.02966488429800274,0.004217759016266883
3559,0.8,0.9574647674882075,0,1,1,0,0.03032958564713526,0.005971719083812272
3560,0.8,0.9641917455642662,0,1,1,0,0.030475682858988065,0.008274538763989193
3561,0.8,0.9661607899315463,0,1,1,0,0.029360152510143647,0.009842947697216622
3562,0.8,0.9923744970023038,0,1,1,0,0.027791284680458935,0.010174623833310198
3563,0.8,1.022152035740604,0,1,1,0,0.025569197639845682,0.009131729412525623
3564,0.8,1.0540123182486942,0,1,1,0,0.022044397858849013,0.008011943017234928
3565,0.8,1.0464082204154874,1,1,1,0,0.01578531531008111,0.006644744482983991
3566,0.8,1.0370491317837898,1,0,1,1,0.006863287058086999,0.004019381565980762
3567,0.8,0.9936422571615855,1,0,1,1,-0.0008834748300499217,0.006947090453774322
3568,0.8,0.9571015053320884,1,0,0,1,-0.008058614402201278,0.01099966365296203
3569,0.8,0.970682341781602,1,0,0,1,-0.012615539318812338,0.009303881849207248
3570,0.8,0.9589640930178649,1,0,0,1,-0.01601969433491844,0.0028671757362287915
3571,0.8,0.9513672498034941,1,0,0,1,-0.016321362656262474,-0.004343329304565688
3572,0.8,0.9443299796551784,1,0,0,1,-0.015040088150203955,-0.012077481670326308
3573,0.8,0.9282527539214059,1,0,0,1,-0.01240367266757903,-0.018466803982428833
3574,0.8,0.9268176676067309,1,0,0,1,-0.007703409063300195,-0.02318968628558558
3575,0.8,0.940335471753667,1,0,0,1,-0.0017601784549680858,-0.026910039148389967
3576,0.8,0.9500280558545761,1,0,0,1,0.002350847385264284,-0.02912614952613874
3577,0.8,0.9442382509376114,1,0,0,1,0.006641525091772908,-0.028655927140671507
3578,0.8,0.9643015518024148,1,0,0,1,0.00729189509686896,-0.026123257607840556
3579,0.8,0.9449928293646195,1,0,0,1,0.008972794446031676,-0.023051555954861427
3580,0.8,0.9409643115390879,1,0,0,1,0.010819676247804721,-0.01845003452858374
3581,0.8,0.9628250288244975,1,0,0,1,0.011070209919906536,-0.014640810937588756
3582,0.8,1.0032278808728226,1,0,0,1,0.00992274797190424,-0.011675048190984558
3583,0.8,1.0351083086196442,1,0,0,1,0.0117439648888397,-0.009727288627037669
3584,0.8,1.0721192310399685,0,0,0,1,0.017140036623624823,-0.007731169467534866
3585,0.8,1.0697128001652925,0,1,1,1,0.029298558189037597,-0.0042584070533461214
3586,0.8,1.0682768151221975,0,1,1,0,0.03725520480816402,0.0017270535823413003
3587,0.8,1.0351183261954995,0,1,1,0,0.03996923149534655,0.0048688385934366136
3588,0.8,1.0087231137689607,0,1,1,0,0.03864837051403572,0.005626329853092219
3589,0.8,0.9931874498907041,0,1,1,0,0.034732302754941644,0.0051981380029610435
3590,0.8,0.9774479517382781,0,1,1,0,0.03368411471058374,0.004399853154142978
3591,0.8,0.9686203442516022,0,1,1,0,0.0355865609116719,0.004032791488975315
3592,0.8,0.9623414724387792,0,1,1,0,0.037608561378212155,0.003707791128673014
3593,0.8,0.9571495032204019,0,1,1,0,0.039871128595080164,0.0037735995722887783
3594,0.8,0.9516130361128425,0,1,1,0,0.04182047056650411,0.004748394337529342
3595,0.8,0.9496574781029783,0,1,1,0,0.043756873916445435,0.006665011779844363
3596,0.8,0.9715553409427444,0,1,1,0,0.0446376727319113,0.009180476854754545
3597,0.8,0.9714879281495332,0,1,1,0,0.043536446577159896,0.0113698303510068
3598,0.8,0.9813511536593119,0,1,1,0,0.03987156869911952,0.01325683832867244
3599,0.8,1.0059468280733017,0,1,1,0,0.03646108026691323,0.013835709819250246
3600,0.8,1.0441112885682118,0,1,1,0,0.03373997156910173,0.013895848130009884
3601,0.5,1.0832436681003914,0,1,1,0,0.0295726156508437,0.013331729440534566
3602,0.5,1.0615046701997577,1,1,1,0,0.02133017269284305,0.01263668761354876
3603,0.5,1.0332362203218275,1,0,1,0,0.00890401050701938,0.011797724252958662
3604,0.5,1.022496703018468,1,0,1,1,-0.00355712848507651,0.011391553375896478
3605,0.5,0.9921358052841921,1,0,0,1,-0.011851597206334805,0.014093967228919065
3606,0.5,0.9564452997069756,1,0,0,1,-0.015507575583474183,0.01540251654374385
3607,0.5,0.9228463812270838,1,0,0,1,-0.016938170211897308,0.015139193417612773
3608,0.5,0.9049038979202187,1,0,0,1,-0.018814516386180317,0.012653991679378751
3609,0.5,0.8846131948829097,1,0,0,1,-0.022204663298706285,0.008272326408010362
3610,0.5,0.857737617605713,1,0,0,1,-0.025289957676281737,0.004666970207627873
3611,0.5,0.8322615050685375,1,0,0,1,-0.027136503782681183,0.002334357304126101
3612,0.5,0.8191272205348089,1,0,0,1,-0.029052196673348855,0.0018965453973105175
3613,0.5,0.8142018349629694,1,0,0,1,-0.02955447857131114,0.0017112329595897124
3614,0.5,0.8104713476914209,1,0,0,1,-0.02754448778432751,0.002363095140872708
3615,0.5,0.8247470630291078,1,0,0,1,-0.026860621996617037,0.0038495158197489293
3616,0.5,0.8069172123842615,1,0,0,1,-0.027522858053969573,0.0071225504587884726
3617,0.5,0.8127762485871555,1,0,0,1,-0.03078756332620432,0.012719448512602306
3618,0.5,0.8505041869759976,1,0,0,1,-0.03223492862494592,0.015826314201103916
3619,0.5,0.8521635847695184,1,0,0,1,-0.03498489905749034,0.020416039963636303
3620,0.5,0.9024299756314048,1,0,0,1,-0.037044220114602414,0.02568176314739718
3621,0.5,0.8275789250573848,0,1,0,1,-0.029801504962621437,0.02742279402211407
3622,0.5,0.8877757573943672,0,1,0,1,-0.014363790901164922,0.021371946160096987
3623,0.5,0.8074782912244951,0,1,1,1,0.002147117838539221,0.016976332419189038
3624,0.5,0.8297465597671589,0,1,1,1,0.009221851452027858,0.019013440402325155
3625,0.5,0.7516896317274107,0,1,1,0,0.011831436503359544,0.018246822558988712
3626,0.5,0.7542639886295145,0,1,1,0,0.010326360879763697,0.01836957449684349
3627,0.5,0.7399457927098614,0,1,1,0,0.007369919790059816,0.014795163567207135
3628,0.5,0.6887565576857565,0,1,1,0,0.003297624811074598,0.01180056534347544
3629,0.5,0.6940460311498978,0,1,1,0,0.0036286112451077604,0.00944814151359783
3630,0.5,0.678373173686515,0,1,1,0,0.00561272896288935,0.006306965246811932
3631,0.5,0.6779060160538896,0,1,1,0,0.008931488751631028,0.0027282465978379616
3632,0.5,0.6719198789028452,0,1,1,0,0.014230451621470935,0.0005417017814630634
3633,0.5,0.6556285659384755,0,1,1,0,0.019908892599268493,0.0010510282828664513
3634,0.5,0.6353974360608253,0,1,1,0,0.022634290813931562,0.0034942141238146034
3635,0.5,0.6237232830564859,0,1,1,0,0.023429558458461747,0.006347803188050979
3636,0.5,0.6287167378639484,0,1,1,0,0.02553306157468524,0.009926004455974406
3637,0.5,0.6364554864375087,0,1,1,0,0.027002506043187633,0.012419583147396756
3638,0.5,0.6513573460898238,0,1,1,0,0.027420727320858443,0.014404214041682921
3639,0.5,0.6709848716399422,0,1,1,0,0.027376280192937447,0.01569617854550587
3640,0.5,0.7079225787861867,0,1,1,0,0.02605858874688735,0.01553697365450781
3641,0.5,0.7400889720699938,0,1,1,0,0.025207086083672624,0.015698042822686917
3642,0.5,0.7538871571732894,1,1,1,0,0.022086889417829533,0.015677886168415634
3643,0.5,0.6714537463764699,1,0,1,1,0.015093916390742515,0.018174279265701594
3644,0.5,0.6799496998645743,1,0,1,1,0.008792033050564087,0.02510439181457898
3645,0.5,0.7305708371905709,1,0,1,1,-0.002578988577349691,0.023985315440133943
3646,0.5,0.7069036363189408,1,0,0,1,-0.010211624908192251,0.018815854063904906
3647,0.5,0.6892197192152933,1,0,0,1,-0.008764662009730756,0.012027595497871552
3648,0.5,0.6726443776220078,1,0,0,1,-0.0025656998019762535,0.0032214000596644267
3649,0.5,0.6575764305160121,1,0,0,1,0.003978520128493125,-0.006852545324907685
3650,0.5,0.6398164459099567,1,0,0,1,0.008952358715930295,-0.016718794949322876
3651,0.5,0.6256878461077054,1,0,0,1,0.012406803726898612,-0.025264101355143752
3652,0.5,0.6091886639329233,1,0,0,1,0.014613789532274709,-0.031589416247381444
3653,0.5,0.602598161786133,1,0,0,1,0.015550581675874402,-0.03528260521648653
3654,0.5,0.5954916157550368,1,0,0,1,0.017453677145604484,-0.037823402978458945
3655,0.5,0.6046160134076669,1,0,0,1,0.019574892566534677,-0.03972926936618861
3656,0.5,0.5957169195927767,1,0,0,1,0.02018304567814672,-0.040565808254247375
3657,0.5,0.5918835423812321,1,0,0,1,0.020593786450097924,-0.04078040531878852
3658,0.5,0.5903885051814567,1,0,0,1,0.020677453475668357,-0.039818976794088926
3659,0.5,0.5827103267580926,1,0,0,1,0.020154342169327422,-0.0382894240476046
3660,0.5,0.6006557883602913,1,0,0,1,0.020811399045469282,-0.03751494581873984
3661,0.5,0.599321303504325,1,0,0,1,0.020877417792409734,-0.03546492197706502
3662,0.5,0.6343757699804927,1,0,0,1,0.022559601209544,-0.03377761748512787
3663,0.5,0.6215506196106432,1,0,0,1,0.027086616648401913,-0.031001082254836127
3664,0.5,0.6281813569169682,1,0,1,1,0.030086566064832645,-0.02608836311206924
3665,0.5,0.6351907201047636,1,0,1,1,0.02879642285279856,-0.01794306911861678
3666,0.5,0.6412489048705206,0,1,1,1,0.03242944613701234,-0.009855577790470338
3667,0.5,0.704285123043369,0,1,1,1,0.04014489631843152,-0.0041571761610034
3668,0.5,0.686308090088697,0,1,1,1,0.04709922303237586,0.00149587595178984
3669,0.5,0.7387428263018692,0,1,1,1,0.04952434368727246,0.006243748641916416
3670,0.5,0.7625826653445484,0,1,1,0,0.04856640012653756,0.009470075866653865
3671,0.5,0.7422433893785423,0,1,1,0,0.04133472917047775,0.010985204846570947
3672,0.5,0.7530696878105296,0,1,1,0,0.03331251235652441,0.00969861377154633
3673,0.5,0.7337501041326602,0,1,1,0,0.028291151566042477,0.007375209510548882
3674,0.5,0.7005572395674767,0,1,1,0,0.024850898176745222,0.0064618832561705265
3675,0.5,0.6857895334951728,0,1,1,0,0.02396503429457458,0.006610853234876635
3676,0.5,0.6865676213085897,0,1,1,0,0.025326330355508932,0.005575313154549658
3677,0.5,0.6807428400596804,0,1,1,0,0.02903130925734697,0.00549299779024928
3678,0.5,0.6698213849980864,0,1,1,0,0.031511653975594855,0.0067127645439461585
3679,0.5,0.6490657450518931,0,1,1,0,0.033792780468721965,0.009649890769955203
3680,0.5,0.6523390178495282,0,1,1,0,0.03579435796612795,0.013850550977245498
3681,0.5,0.674174602505105,0,1,1,0,0.03723716432466475,0.016744107501384185
3682,0.5,0.6786287600750462,0,1,1,0,0.03749477821526752,0.01830024689185856
3683,0.5,0.6909059373093609,0,1,1,0,0.03515681475217335,0.01953491048682434
3684,0.5,0.7146571647893026,0,1,1,0,0.0320791391162232,0.01953134500139753
3685,0.5,0.7555195337059748,0,1,1,0,0.029191596527471504,0.01862276271373009
3686,0.5,0.7882576046028799,1,1,1,0,0.02563123055232566,0.016173506577564153
3687,0.5,0.7517085511584886,1,0,1,0,0.014275861871058199,0.013163069254986922
3688,0.5,0.7305283065026903,1,0,1,1,0.0033646617550996774,0.01416257728139781
3689,0.5,0.7455493749819878,1,0,1,1,-0.008131781099360127,0.014825226660919146
3690,0.5,0.6982105612164717,1,0,0,1,-0.015912040008072312,0.01471166794058435
3691,0.5,0.6990152686305231,1,0,0,1,-0.017847956777666204,0.011925734843929642
3692,0.5,0.6799514631281206,1,0,0,1,-0.016682815101459827,0.005520663816940826
3693,0.5,0.6700125632689148,1,0,0,1,-0.014233385350874414,-0.002699554971700425
3694,0.5,0.6568242352847896,1,0,0,1,-0.0120622043840612,-0.012038130821617811
3695,0.5,0.6444256180577479,1,0,0,1,-0.010263450040611603,-0.020107007859021545
3696,0.5,0.6275409577166629,1,0,0,1,-0.009061146422638614,-0.025446992778578245
3697,0.5,0.6217110864598011,1,0,0,1,-0.008121501651089921,-0.028206889166199726
3698,0.5,0.6234991261358255,1,0,0,1,-0.006770331713244049,-0.02931106554494437
3699,0.5,0.621732161837327,1,0,0,1,-0.004714071695930718,-0.029019237292356188
3700,0.5,0.6381668851196968,1,0,0,1,-0.004507878058338429,-0.02803390389018314
3701,0.5,0.6369176908560834,1,0,0,1,-0.006306899710530823,-0.026125855842277453
3702,0.5,0.6512917052460427,1,0,0,1,-0.007329788912184623,-0.023930324673562237
3703,0.5,0.6554989480445633,1,0,0,1,-0.008382468387048913,-0.021073321752918983
3704,0.5,0.6791896295935195,1,0,0,1,-0.01023737957117765,-0.017177833305911334
3705,0.5,0.7026255922585848,1,0,0,1,-0.012489674709367838,-0.01228880829940027
3706,0.5,0.7356068207272825,1,0,0,1,-0.011626679929591021,-0.008681323366438747
3707,0.5,0.7468166168375698,1,1,0,1,-0.006586493121725752,-0.006982231075870131
3708,0.5,0.7905896648456244,0,1,1,1,0.0020170885039258275,-0.008170060385245015
3709,0.5,0.8199168312653783,0,1,1,1,0.010997261968878479,-0.005851080948784282
3710,0.5,0.8211670027360802,0,1,1,1,0.02166955879410947,-0.002395875058127849
3711,0.5,0.8118110533926836,0,1,1,1,0.02870227337926537,0.0037402584552046815
3712,0.5,0.8195885348597843,0,1,1,0,0.03107602970325634,0.008633272687201158
3713,0.5,0.7913337186171729,0,1,1,0,0.0297581438460122,0.010714923844171465
3714,0.5,0.7988867800945155,0,1,1,0,0.027991690525315274,0.010792713633680322
3715,0.5,0.7776519971988852,0,1,1,0,0.026171224772593413,0.009596939114367375
3716,0.5,0.7533797688140291,0,1,1,0,0.023282636589026736,0.008567963654759767
3717,0.5,0.7472685862923324,0,1,1,0,0.02382788324151534,0.007621737291250874
3718,0.5,0.7432898413820688,0,1,1,0,0.026576160777841966,0.007544231370730232
3719,0.5,0.7458541330186697,0,1,1,0,0.030454976249326846,0.007889192183105296
3720,0.5,0.7404045940795343,0,1,1,0,0.03520894153361905,0.01038924054810879
3721,0.5,0.7322755892488542,0,1,1,0,0.04026552895903971,0.014972864632168553
3722,0.5,0.7386417890347244,0,1,1,0,0.04369364219748896,0.02066783120124206
3723,0.5,0.7385293404368575,0,1,1,0,0.04715013214589871,0.02672026468814905
3724,0.5,0.7596472054529071,0,1,1,0,0.05035542029290079,0.03127109192078354
3725,0.5,0.7774649265562152,0,1,1,0,0.05252790926332256,0.03352513347148163
3726,0.5,0.8043015764178035,0,1,1,0,0.05327532974611578,0.03492475911250781
3727,0.5,0.8438104296315705,0,1,1,0,0.052533240658346754,0.03566665586653339
3728,0.5,0.7957434771722816,1,0,1,0,0.04389652127877477,0.03720069574508487
3729,0.5,0.7616814001663361,1,0,1,0,0.025260438934429284,0.03532319054953701
3730,0.5,0.7355629285102905,1,0,1,1,0.008816861567401359,0.0319557691778425
3731,0.5,0.6837575658063937,1,0,1,1,0.002419206553172556,0.03217229622431187
3732,0.5,0.6681178908378931,1,0,0,1,0.0013398948023624828,0.02684508797656213
3733,0.5,0.6655245837002373,1,0,0,1,0.0008227692712990221,0.0132711731456719
3734,0.5,0.6575054445184173,1,0,0,1,0.0015839180045957584,-0.001900357401453218
3735,0.5,0.636569557772981,1,0,0,1,0.004625998824553314,-0.01555728461293498
3736,0.5,0.6128780923192028,1,0,0,1,0.008715358078292091,-0.026430410477557027
3737,0.5,0.5804649574550543,1,0,0,1,0.011706545719677398,-0.032432979790517825
3738,0.5,0.5667175232718756,1,0,0,1,0.012465677141260975,-0.03473232274196553
3739,0.5,0.5666569997769042,1,0,0,1,0.012594759605653975,-0.036089801755449125
3740,0.5,0.5654032606951926,1,0,0,1,0.013549544877109033,-0.03799590505715362
3741,0.5,0.5701918248666986,1,0,0,1,0.014713813576320893,-0.03941698942522074
3742,0.5,0.5852773485846758,1,0,0,1,0.015905398956477,-0.04078297444703985
3743,0.5,0.5854160246515852,1,0,0,1,0.016101553498321156,-0.04067012213753861
3744,0.5,0.5901651075802928,1,0,0,1,0.013759791380352094,-0.03906380998218076
3745,0.5,0.6057551958551446,1,0,0,1,0.01153798813258535,-0.03715126602076155
3746,0.5,0.6388250527598021,1,0,0,1,0.01150200918976234,-0.036242088179661826
3747,0.5,0.6367132550138502,1,0,0,1,0.013451849012907765,-0.03453082276266668
3748,0.5,0.6225511738597157,1,0,1,1,0.014319462766262841,-0.029997865089993685
3749,0.5,0.6602083419702773,1,0,1,1,0.011243705673106924,-0.020106092026970005
3750,0.5,0.682635339775391,0,1,1,1,0.009601247475193147,-0.013210489231439547
3751,0.5,0.758363587995612,0,1,1,1,0.013390286703990003,-0.008211199080221237
3752,0.5,0.7619473786919202,0,1,1,1,0.018752570841203357,-0.003206323412104474
3753,0.5,0.7550648532598221,0,1,1,0,0.018399016689754903,0.00136411686003127
3754,0.5,0.7590760633285183,0,1,1,0,0.013386934872660662,0.0030315774201681964
3755,0.5,0.7522410614719303,0,1,1,0,0.008178856334070523,0.0025546627573030047
3756,0.5,0.744036591038467,0,1,1,0,0.00468303495387271,0.0010947899101251182
3757,0.5,0.7219614309333311,0,1,1,0,0.0035613129469360817,-0.0009930909333869412
3758,0.5,0.6984231051743397,0,1,1,0,0.004120497701367919,-0.0018898157988222254
3759,0.5,0.6843894408326942,0,1,1,0,0.004742526555768084,-0.002586052353930359
3760,0.5,0.6716088808194612,0,1,1,0,0.005438726561006823,-0.003247920121955472
3761,0.5,0.6488756500520938,0,1,1,0,0.006837161568163034,-0.003113849767028687
3762,0.5,0.6299437770547307,0,1,1,0,0.007401322899807249,-0.0021637777446596573
3763,0.5,0.6127203793398183,0,1,1,0,0.008311687958173478,-0.0008720323144346828
3764,0.5,0.623103809915461,0,1,1,0,0.009524615991669847,0.0005808685428356557
3765,0.5,0.6201813745420167,0,1,1,0,0.008927397174619356,0.0011158488261106727
3766,0.5,0.6249541086837335,0,1,1,0,0.006108696681608791,0.002392876075229538
3767,0.5,0.6272453561302208,0,1,1,0,0.0015827937921722088,0.0031765867904888527
3768,0.5,0.6535206962873948,0,1,1,0,-0.002336755605723405,0.0025821665605880745
3769,0.5,0.7013481738830435,0,1,1,0,-0.0039028663043506992,-0.0006484565274124013
3770,0.5,0.7048840084173762,0,1,1,1,-0.004328376114502747,-0.0026864872536861368
3771,0.5,0.6558711804235018,1,0,1,1,-0.008878579630603713,0.0036686259361525067
3772,0.5,0.6539010785650788,1,0,0,1,-0.017579549349561234,0.009164237682877243
3773,0.5,0.6729848413039675,1,0,0,1,-0.02320017613344456,0.009187279633471752
3774,0.5,0.647262562435054,1,0,0,1,-0.02485055456953377,0.006277056560863997
3775,0.5,0.6243614814570776,1,0,0,1,-0.022093873698112432,0.003090423607923153
3776,0.5,0.6208952857629106,1,0,0,1,-0.01898981032700131,-0.0010774146753890952
3777,0.5,0.6164817485224378,1,0,0,1,-0.017366539490186423,-0.006505966134978424
3778,0.5,0.60645198201502,1,0,0,1,-0.01535116997804997,-0.012069937762180554
3779,0.5,0.604369436472299,1,0,0,1,-0.012302750523990656,-0.017807621091966482
3780,0.5,0.5947335223870345,1,0,0,1,-0.009815847055150078,-0.02162408214658777
3781,0.5,0.6010705710978865,1,0,0,1,-0.00762800070108432,-0.02441153198590433
3782,0.5,0.5992098383458297,1,0,0,1,-0.003965505417409501,-0.028199221191865548
3783,0.5,0.603299216689575,1,0,0,1,-0.000626283441134395,-0.031778994256212174
3784,0.5,0.615309798575914,1,0,0,1,0.0010836328547815315,-0.034097786024106756
3785,0.5,0.6138822007647264,1,0,0,1,0.0026898817264964753,-0.03557867466578154
3786,0.5,0.6138958305963673,1,0,0,1,0.0045214332964617545,-0.035626555495373476
3787,0.5,0.6183038541877681,1,0,0,1,0.00635208807238268,-0.03510803180304528
3788,0.5,0.6436468404354915,1,0,0,1,0.008690068833135245,-0.034846355767067815
3789,0.5,0.645786823147283,1,0,0,1,0.012777407287468349,-0.03401148587552733
3790,0.5,0.6792411532358409,1,0,0,1,0.019708070654846543,-0.03419358939210625
3791,0.5,0.6284359848737217,1,0,1,1,0.02149277793900573,-0.028979322183695904
3792,0.5,0.6682769918132718,1,0,1,1,0.020354913362104137,-0.019429003070784403
3793,0.5,0.6786612166722,1,1,1,1,0.020463798477877753,-0.013642755406527648
3794,0.5,0.7334805038436178,0,1,1,1,0.026437503601457704,-0.009361205197728211
3795,0.5,0.7661330619152875,0,1,1,1,0.03404651321560095,-0.005870186124386187
3796,0.5,0.7814957539624511,0,1,1,0,0.03805707972561739,-0.002065985937103898
3797,0.5,0.7653596662619676,0,1,1,0,0.03685817824258556,0.00046297057431035106
3798,0.5,0.7545383965762853,0,1,1,0,0.03335386811913496,0.0021922932737652298
3799,0.5,0.7715121454850963,0,1,1,0,0.03039031267790787,0.0016302413789115503
3800,0.5,0.7417409171717321,0,1,1,0,0.027757789427818716,0.0005722410718802716
3801,0.5,0.7267991519977911,0,1,1,0,0.026398385440709042,0.0012242304679568772
3802,0.5,0.7250376813773739,0,1,1,0,0.02665554842614673,0.0009888674135673705
3803,0.5,0.7192512858465934,0,1,1,0,0.02914198773450253,0.0016147728962879531
3804,0.5,0.7089079142456101,0,1,1,0,0.03135365860561138,0.0032780868725503652
3805,0.5,0.6960335520622378,0,1,1,0,0.033887186091454934,0.0061062978813156005
3806,0.5,0.6933975644215841,0,1,1,0,0.036847213505184384,0.009970634292538028
3807,0.5,0.7085145407650421,0,1,1,0,0.03920320834109248,0.013623321226086836
3808,0.5,0.7074956397409613,0,1,1,0,0.039899750102023714,0.016501472737193858
3809,0.5,0.7196872163401455,0,1,1,0,0.039097711556288495,0.019448294633553555
3810,0.5,0.7327635973454645,0,1,1,0,0.03748527259994052,0.021244347783005105
3811,0.5,0.765209183328948,0,1,1,0,0.03537810255522454,0.021500803307706786
3812,0.5,0.8220558850440457,0,1,1,0,0.03462786974356628,0.020286566558141397
3813,0.5,0.7941723766799911,1,0,1,0,0.026512384986502074,0.01663488187016241
3814,0.5,0.749760580951632,1,0,1,1,0.013997404611868405,0.014028189453694719
3815,0.5,0.736563676150967,1,0,1,1,0.005967695894192554,0.0161984218499707
3816,0.5,0.734043274132643,1,0,0,1,0.001341275510069848,0.013096313308910588
3817,0.5,0.7084865435846139,1,0,0,1,-0.0001756009195378836,0.006326211269811097
3818,0.5,0.6920663511955616,1,0,0,1,-0.00029051151307334094,-0.0009899915545377965
3819,0.5,0.6717762036776996,1,0,0,1,0.00042826505121391716,-0.008946284601844953
3820,0.5,0.6555144127725265,1,0,0,1,0.001648600523212688,-0.016873566033407984
3821,0.5,0.6330840530588596,1,0,0,1,0.003130482662467467,-0.023536833719206847
3822,0.5,0.6161177203347024,1,0,0,1,0.004782446806443725,-0.02820011955411137
3823,0.5,0.6068350500529209,1,0,0,1,0.005852905652100581,-0.03139405311051748
3824,0.5,0.6073383886430896,1,0,0,1,0.006454792386753905,-0.03427816510375355
3825,0.5,0.5963398210254471,1,0,0,1,0.008529670261959634,-0.03629901783649303
3826,0.5,0.6113063232972804,1,0,0,1,0.011131104537293105,-0.03738393348574519
3827,0.5,0.5987224168979698,1,0,0,1,0.011645938072144207,-0.03701282780037071
3828,0.5,0.6045478690319301,1,0,0,1,0.00959683465969331,-0.03487086773498599
3829,0.5,0.6264386081505049,1,0,0,1,0.009168696120913093,-0.03422976945624702
3830,0.5,0.6382515908138855,1,0,0,1,0.008679686177982418,-0.03295654117633931
3831,0.5,0.6513640966457267,1,0,0,1,0.008838227903721716,-0.02998860109671021
3832,0.5,0.6783859555826778,1,0,0,1,0.011630965191145511,-0.02755857260303422
3833,0.5,0.7002515867475128,1,0,1,1,0.014781640153652506,-0.02598823719232477
3834,0.5,0.7143924724168257,1,0,1,1,0.013723395850768006,-0.019098085801318065
3835,0.5,0.7130004521542719,0,1,1,1,0.016728469610960514,-0.012284545632090964
3836,0.5,0.7730012820769443,0,1,1,1,0.023355169355941802,-0.007178457904648995
3837,0.5,0.7637661896458773,0,1,1,0,0.029817033781824476,-0.0016603563281722732
3838,0.5,0.7546065916992686,0,1,1,0,0.029506201213905073,0.002991812580918717
3839,0.5,0.7744083703173126,0,1,1,0,0.02585751997241808,0.0048330872974765736
3840,0.5,0.779552842418534,0,1,1,0,0.02259787993142982,0.004047744184715279
3841,0.5,0.7672461631876362,0,1,1,0,0.019504134779488005,0.002549728394114058
3842,0.5,0.7548214372290064,0,1,1,0,0.017724036800699738,0.0004181875558947105
3843,0.5,0.7452551646920029,0,1,1,0,0.017526768869087904,-0.0012321469907463497
3844,0.5,0.7318945643565555,0,1,1,0,0.01811513652824836,-0.0013114134923248003
3845,0.5,0.7179864805229882,0,1,1,0,0.018699969866070327,-0.00047360650827692874
3846,0.5,0.6960175942339849,0,1,1,0,0.019987228470798053,0.0015372316208073816
3847,0.5,0.6860947449746163,0,1,1,0,0.02220315876137165,0.004576241752394654
3848,0.5,0.6819711929632606,0,1,1,0,0.024871809865213146,0.007357453904166699
3849,0.5,0.6810485015986019,0,1,1,0,0.027141476359938056,0.010539815323216574
3850,0.5,0.690530224059667,0,1,1,0,0.02756002239278497,0.01275513870463268
3851,0.5,0.6982783270901646,0,1,1,0,0.026095686746471246,0.014389681960499431
3852,0.5,0.7258088197286177,0,1,1,0,0.02360357378932703,0.015035048800763279
3853,0.5,0.7645838399175641,0,1,1,0,0.02138978353512706,0.013403557044361905
3854,0.5,0.8154450136861762,1,1,1,0,0.019094785791513177,0.009774226391748611
3855,0.5,0.7997246463399723,1,0,1,1,0.011399202802493904,0.00571501642959655
3856,0.5,0.770029844089391,1,0,1,1,0.00422230758356976,0.008835071596195034
3857,0.5,0.762128111355915,1,0,0,1,-0.0036492739673767154,0.013322011966693501
3858,0.5,0.7599830389137149,1,0,0,1,-0.008071322650287933,0.012371948740352107
3859,0.5,0.7303465675477016,1,0,0,1,-0.008491178940037342,0.007835571707560352
3860,0.5,0.6934108216988689,1,0,0,1,-0.006437059917937777,0.0038069564744968288
3861,0.5,0.6838058190413521,1,0,0,1,-0.00551465862464214,-0.001540278487795544
3862,0.5,0.6702113367690482,1,0,0,1,-0.0070816098230371185,-0.008065523650401167
3863,0.5,0.6531889252101186,1,0,0,1,-0.00793217625406373,-0.013872907531711713
3864,0.5,0.6435384458250103,1,0,0,1,-0.007464942744797013,-0.018907243460730437
3865,0.5,0.64088355070354,1,0,0,1,-0.006288585794398621,-0.02304979467402241
3866,0.5,0.6315862697738216,1,0,0,1,-0.003263956089651411,-0.02641277123293305
3867,0.5,0.6427140093689439,1,0,0,1,3.7237081949411215e-05,-0.029263241354409872
3868,0.5,0.6398312184197985,1,0,0,1,0.0024443784158445533,-0.031586177859044356
3869,0.5,0.6423966857002864,1,0,0,1,0.004676485997732984,-0.03305786745066368
3870,0.5,0.6495641220999637,1,0,0,1,0.005926545164374639,-0.033168681421156
3871,0.5,0.658553833171487,1,0,0,1,0.007328394037351269,-0.03296532589003184
3872,0.5,0.6614304760253102,1,0,0,1,0.008319274130974804,-0.03080633316522661
3873,0.5,0.6964620782484124,1,0,0,1,0.009938961374916446,-0.028166492996835
3874,0.5,0.716753494186366,1,0,0,1,0.013456231839271922,-0.026082187350981997
3875,0.5,0.7232676822537103,1,0,1,1,0.016666928242837515,-0.02297933863232623
3876,0.5,0.7545477079693944,0,0,1,1,0.016004684873555986,-0.015025288112998029
3877,0.5,0.7804874925848636,0,1,1,1,0.023764918776770765,-0.008941393944524636
3878,0.5,0.7995985403906356,0,1,1,1,0.03355749235315649,-0.004335962403811226
3879,0.5,0.8315404713050392,0,1,1,1,0.04004120706078638,0.001245122073644989
3880,0.5,0.861872145542636,0,1,1,0,0.04340182560598371,0.005420150915921975
3881,0.5,0.8296427233917677,0,1,1,0,0.03970470366190943,0.007639966113807809
3882,0.5,0.8337002843879298,0,1,1,0,0.034647456264922834,0.008628536072784227
3883,0.5,0.8293198514924369,0,1,1,0,0.03180877010860957,0.008028875677048965
3884,0.5,0.8050004781593174,0,1,1,0,0.030692094607455037,0.008023063922108128
3885,0.5,0.7935459359027931,0,1,1,0,0.031119011565062894,0.009166634650379344
3886,0.5,0.7903606685154241,0,1,1,0,0.03293732854090527,0.009559389123156677
3887,0.5,0.7883289929708506,0,1,1,0,0.03697967838277661,0.01097409100472686
3888,0.5,0.7748782474928457,0,1,1,0,0.03993125709559032,0.013221865236505016
3889,0.5,0.7614306987398908,0,1,1,0,0.04308381699122498,0.01689904613718338
3890,0.5,0.7526746028101283,0,1,1,0,0.04725561297020445,0.0222343942750718
3891,0.5,0.7794032212145218,0,1,1,0,0.050806347188028594,0.02667781244014708
3892,0.5,0.7682544577090736,0,1,1,0,0.05289078937474497,0.030352734504157004
3893,0.5,0.781930614225716,0,1,1,0,0.053427368857586435,0.03414836741224393
3894,0.5,0.8183383781133299,0,1,1,0,0.05425398886354044,0.03535193363171448
3895,0.5,0.8632106371479945,1,1,1,0,0.05411545161833893,0.034650808041331145
3896,0.5,0.863634000017483,1,0,1,0,0.04696851876433842,0.030816068406113648
3897,0.5,0.8610609765534835,1,0,1,0,0.0327547846797194,0.02425750870583876
3898,0.5,0.7858049760009808,1,0,1,1,0.015621891464976438,0.019288962655586807
3899,0.5,0.7429700960605863,1,0,1,1,0.0076770568337994494,0.019770932195314273
3900,0.5,0.7393844458127105,1,0,0,1,0.0012635890585915865,0.015889417120252124
3901,0.5,0.7048734813665071,1,0,0,1,-0.0009565559231404019,0.007605588485136191
3902,0.5,0.6966154183765998,1,0,0,1,-0.0005357939079214661,-0.002518488479943498
3903,0.5,0.6809741696897725,1,0,0,1,0.0007417667138200311,-0.013680917091956839
3904,0.5,0.6586689503374001,1,0,0,1,0.003694167095233233,-0.023808468794762342
3905,0.5,0.6413466738220803,1,0,0,1,0.007117619779418658,-0.03178793013695322
3906,0.5,0.6211583797079847,1,0,0,1,0.009148052753973027,-0.03617815423437947
3907,0.5,0.6193572864581951,1,0,0,1,0.010860393362143872,-0.0384559298108198
3908,0.5,0.6168003905907335,1,0,0,1,0.014099263525072212,-0.038830911340357224
3909,0.5,0.6201608687153489,1,0,0,1,0.01688508314210358,-0.037191928758861285
3910,0.5,0.5983324997272451,1,0,0,1,0.017303712522738546,-0.033407104462677924
3911,0.5,0.606274305586118,1,0,0,1,0.013407647688140872,-0.028757482219394406
3912,0.5,0.621976791100201,1,0,0,1,0.010058697448899619,-0.025221083125368693
3913,0.5,0.6348803344781668,1,0,0,1,0.006608531159047402,-0.022211304395588962
3914,0.5,0.6512101402685266,1,0,0,1,0.0020189653744538127,-0.017906937891802567
3915,0.5,0.6696793383245059,1,0,0,1,-0.0009732921572708162,-0.012630419366889158
3916,0.5,0.6789110963092199,1,0,0,1,-0.0011898405386486484,-0.006384618227593029
3917,0.5,0.7190493349697857,0,1,1,1,0.004685990141098236,-0.00297106422534501
3918,0.5,0.7450888241576225,0,1,1,1,0.012517276212093744,-8.005605205159206e-05
3919,0.5,0.770343213931823,0,1,1,1,0.019382955285829367,0.004930217258456584
3920,0.5,0.7971042646433264,0,1,1,1,0.022643473861224783,0.010379571547213324
3921,0.5,0.8029791730686268,0,1,1,0,0.02022008950867459,0.011710542331825897
3922,0.5,0.7779116261296337,0,1,1,0,0.015977931959180926,0.010449301694225017
3923,0.5,0.7634065852331117,0,1,1,0,0.012133176264135919,0.009030314069615398
3924,0.5,0.7497733425270443,0,1,1,0,0.009784691936509014,0.006690220620506132
3925,0.5,0.7487637492984885,0,1,1,0,0.010068238154230866,0.0027110312325741284
3926,0.5,0.72790513008117,0,1,1,0,0.01178808109641179,-0.0007825521555907731
3927,0.5,0.7173879550970798,0,1,1,0,0.01400604488354926,-0.0029690965897208343
3928,0.5,0.7127229608735844,0,1,1,0,0.016533856916428488,-0.0038904968869560162
3929,0.5,0.6936841087594495,0,1,1,0,0.019452409311353905,-0.0028533843515002586
3930,0.5,0.6875864810449486,0,1,1,0,0.020475601763435314,-0.0006428374488727626
3931,0.5,0.6658135204057551,0,1,1,0,0.02153466715550735,0.002859847784169342
3932,0.5,0.6776157517537587,0,1,1,0,0.02345778449325154,0.007142445987833169
3933,0.5,0.6877676956927578,0,1,1,0,0.025365041302787675,0.009388904033333648
3934,0.5,0.6914126345054309,0,1,1,0,0.02465061971279505,0.011086100346219485
3935,0.5,0.7089365061098515,0,1,1,0,0.021695957670165474,0.010942824367123781
3936,0.5,0.741851993864594,0,1,1,0,0.01928001516283857,0.010402309641424082
3937,0.5,0.7876868422818432,0,1,1,0,0.017953053741101666,0.00927375630840108
3938,0.5,0.7274161959669424,1,0,1,1,0.011616651216856429,0.011199330621877104
3939,0.5,0.7391213711754071,1,0,1,1,0.00386401200688348,0.017109164338382832
3940,0.5,0.762042566166203,1,0,0,1,-0.005141324309538073,0.01730415693035388
3941,0.5,0.7279543876336936,1,0,0,1,-0.008985105970442369,0.013360184091253193
3942,0.5,0.6978754560838379,1,0,0,1,-0.006882238202022912,0.008575798605209434
3943,0.5,0.6915975171803568,1,0,0,1,-0.004170067177475987,0.0013788426938248976
3944,0.5,0.6772893359921901,1,0,0,1,-0.0026327887020906765,-0.007643592271734019
3945,0.5,0.6621592759740856,1,0,0,1,-0.000521451315475924,-0.016499763409564105
3946,0.5,0.6407283451863833,1,0,0,1,0.002508970731579752,-0.023622379641672072
3947,0.5,0.6311587701478396,1,0,0,1,0.005422595140528252,-0.0286401320977944
3948,0.5,0.6429778742560028,1,0,0,1,0.00764923851335201,-0.033666255026545196
3949,0.5,0.6371642163597853,1,0,0,1,0.010933390188441418,-0.03869560404512456
3950,0.5,0.63452571032746,1,0,0,1,0.015872133302800004,-0.04196566143327243
3951,0.5,0.63255775431735,1,0,0,1,0.01888282459031174,-0.04365115585768907
3952,0.5,0.6382162109612136,1,0,0,1,0.020701490252413128,-0.045411884217292094
3953,0.5,0.6372964016560714,1,0,0,1,0.022086761845543312,-0.04644689505539576
3954,0.5,0.6313062666305377,1,0,0,1,0.022864056711807152,-0.045710251885925354
3955,0.5,0.6453042478892297,1,0,0,1,0.02439142361862655,-0.044445499227313494
3956,0.5,0.6594962305201423,1,0,0,1,0.027226585912689425,-0.04288336243340869
3957,0.5,0.6876253001320355,1,0,0,1,0.03313040143855541,-0.042710392975935096
3958,0.5,0.6503075159025498,1,0,1,1,0.03493538129435931,-0.03803531954800315
3959,0.5,0.6692966737659859,1,0,1,1,0.03317544480157898,-0.02746813401297687
3960,0.5,0.6894012044327462,0,0,1,1,0.0328982278876411,-0.01921369821316671
3961,0.5,0.732803008165359,0,1,1,1,0.036653577369750695,-0.011168704817434325
3962,0.5,0.7556687148916688,0,1,1,1,0.04252629974311791,-0.004200178055742465
3963,0.5,0.7849160212773442,0,1,1,0,0.04419195273041361,0.001750116743278392
3964,0.5,0.7641886611092783,0,1,1,0,0.04101663477647306,0.004716838597461633
3965,0.5,0.7738735335728609,0,1,1,0,0.03604316168237017,0.0051937223602845665
3966,0.5,0.7660502435964109,0,1,1,0,0.032324786694409274,0.004075578287652891
3967,0.5,0.7298050001058012,0,1,1,0,0.029339713326332853,0.005313858993421243
3968,0.5,0.7384411463498128,0,1,1,0,0.02879403904006189,0.005248170993287456
3969,0.5,0.7293917912660911,0,1,1,0,0.029820442701597408,0.004216507538906604
3970,0.5,0.7206772119373968,0,1,1,0,0.032187088365942265,0.005044481851176566
3971,0.5,0.7097114756590562,0,1,1,0,0.03360400426615513,0.006535170473164377
3972,0.5,0.6919888878217851,0,1,1,0,0.03479476944791483,0.008608037984830062
3973,0.5,0.6808281183367166,0,1,1,0,0.036766343102294985,0.011511265667107749
3974,0.5,0.6843744674305539,0,1,1,0,0.03845867243019138,0.014074242471467852
3975,0.5,0.698892022618997,0,1,1,0,0.03931753807818259,0.015772729277716415
3976,0.5,0.7094841144627796,0,1,1,0,0.03810546636851295,0.017207625255935333
3977,0.5,0.7107217895223618,0,1,1,0,0.03352682599563817,0.02028805175454515
3978,0.5,0.7263215501854506,0,1,1,0,0.02880748449211305,0.022851514749972
3979,0.5,0.7731850566834557,1,1,1,0,0.026817820836618947,0.022592347768057238
3980,0.5,0.7668358785276901,1,1,1,0,0.02146652770954492,0.018213942871192934
3981,0.5,0.7371088519051597,1,0,1,1,0.0147497530205808,0.0136038767906689
3982,0.5,0.6701775698015646,1,0,1,1,0.005272131864371778,0.014480115761927424
3983,0.5,0.6646028836782422,1,0,0,1,-0.004165314036013032,0.015105267725471107
3984,0.5,0.6897327127005731,1,0,0,1,-0.011449362994560876,0.008410963549214386
3985,0.5,0.6611130673952719,1,0,0,1,-0.014056847526708246,-0.0005301908530627628
3986,0.5,0.6512499883259433,1,0,0,1,-0.012682152607835943,-0.009140561045529213
3987,0.5,0.6402793622771861,1,0,0,1,-0.010724093735725585,-0.01748581220443117
3988,0.5,0.6300521713779218,1,0,0,1,-0.008046941657327208,-0.024664634147255553
3989,0.5,0.6199397946521668,1,0,0,1,-0.004701614652203846,-0.030464728146329164
3990,0.5,0.6109215509182809,1,0,0,1,-0.0012524046618264696,-0.03397975008005827
3991,0.5,0.5987280357396574,1,0,0,1,0.0017030588523742317,-0.03484615340930814
3992,0.5,0.5943722737686632,1,0,0,1,0.0037043953654743163,-0.03284399253161078
3993,0.5,0.6159115565125614,1,0,0,1,0.003083938549394885,-0.03087115960218074
3994,0.5,0.6052945948580011,1,0,0,1,0.001837631287112146,-0.028637051929367913
3995,0.5,0.6240616565453486,1,0,0,1,0.0005035299610103446,-0.026472294327500315
3996,0.5,0.6210764130024083,1,0,0,1,-0.0014399981487493868,-0.024251972052330838
3997,0.5,0.6436306747439349,1,0,0,1,-0.0027817538910229604,-0.02191737691875929
3998,0.5,0.6537698435298945,1,0,0,1,-0.0046534702442352855,-0.01832424500205627
3999,0.5,0.6830397639592968,1,0,0,1,-0.006333079702942848,-0.013238432668447268
4000,0.8,0.7003988603354013,1,0,0,1,-0.005130953658710417,-0.008707291126865486
4001,0.8,0.7657893058377928,1,1,0,1,-0.0007840165996732924,-0.008264168777694762
4002,0.8,0.7816833730459055,0,1,1,1,0.007457246486911125,-0.008291397473567962
4003,0.8,0.8420409435967964,0,1,1,1,0.015059157887926116,-0.003333830174641756
4004,0.8,0.8441506348512874,0,1,1,0,0.022327525890200223,-3.1384690892030153e-05
4005,0.8,0.8158410367645078,0,1,1,0,0.022533191838928452,0.002284977939502791
4006,0.8,0.8111271041913332,0,1,1,0,0.018610835378409643,0.0032105402158059577
4007,0.8,0.7990611653341998,0,1,1,0,0.01585423611412756,0.002039930122005681
4008,0.8,0.7943789722101413,0,1,1,0,0.016766464181996177,1.2292057412811933e-05
4009,0.8,0.781877877066676,0,1,1,0,0.019882493599922297,-0.00163313524652027
4010,0.8,0.7785104426014358,0,1,1,0,0.02252813342502711,-0.002478457358397228
4011,0.8,0.7753099891289142,0,1,1,0,0.02428123948089397,-0.0028636310061396636
4012,0.8,0.758872592407373,0,1,1,0,0.02636651154065239,-0.0019196290861310777
4013,0.8,0.7660128735417281,0,1,1,0,0.02697360292078631,-0.00045876421101756254
4014,0.8,0.7600969668566872,0,1,1,0,0.026428342840956513,0.0010866262513452235
4015,0.8,0.7559284078743957,0,1,1,0,0.02525530273645001,0.0037935529466790628
4016,0.8,0.7723023024731522,0,1,1,0,0.02349757261776658,0.00567731104321914
4017,0.8,0.7921053766861186,0,1,1,0,0.02209293440482665,0.005401255748608752
4018,0.8,0.832748445556445,0,1,1,0,0.01919734642690453,0.0033243550225725642
4019,0.8,0.8760289132161578,0,1,1,0,0.01614640786181114,0.0010998419831326986
4020,0.8,0.9180456425624859,0,0,1,0,0.011951166469584787,0.0004506706936234993
4021,0.8,0.880384701409501,1,0,1,1,0.0015518009240962096,0.003975850296703352
4022,0.8,0.8641049834367092,1,0,0,1,-0.005447531772508729,0.009319323733782647
4023,0.8,0.8937150646251821,1,0,0,1,-0.008373591035025834,0.007898985843401733
4024,0.8,0.890535041079118,1,0,0,1,-0.01048064659404972,0.0003135333574776125
4025,0.8,0.8703136033043429,1,0,0,1,-0.0111230054992501,-0.008180498298717684
4026,0.8,0.8606880900579451,1,0,0,1,-0.010193041048628311,-0.016812335330648978
4027,0.8,0.852135317924936,1,0,0,1,-0.007262620128605616,-0.025058080914098266
4028,0.8,0.8516749196624543,1,0,0,1,-0.0023261739503338355,-0.032507127007296105
4029,0.8,0.8642335900320881,1,0,0,1,0.0030777593417574945,-0.03903041808427744
4030,0.8,0.8541450775517611,1,0,0,1,0.008991315051729327,-0.04303877815096052
4031,0.8,0.8622513297628036,1,0,0,1,0.013699279580050863,-0.044229512369171706
4032,0.8,0.8779148115804626,1,0,0,1,0.014611947850906857,-0.044287918395098005
4033,0.8,0.8654883668315851,1,0,0,1,0.017967846433533583,-0.043372726749385804
4034,0.8,0.873253786617564,1,0,0,1,0.02239359863780218,-0.04231581433338418
4035,0.8,0.8860010509826513,1,0,0,1,0.026054497555252416,-0.04217427005690745
4036,0.8,0.8837503008267094,1,0,0,1,0.027867401131412717,-0.04043480319599625
4037,0.8,0.9205476479507069,1,0,0,1,0.03071288591393489,-0.03897800250970364
4038,0.8,0.9477493087153214,1,0,0,1,0.036362317666714807,-0.03879926661429618
4039,0.8,0.9550805070559538,1,0,1,1,0.042112916872442493,-0.03829869917308452
4040,0.8,0.9482779222465825,1,0,1,1,0.042320067302253975,-0.03159773991538581
4041,0.8,0.9197832317199328,0,0,1,0,0.039191166300109125,-0.022845970669744715
4042,0.8,0.9672469253090507,0,0,1,0,0.032577527730113826,-0.014798345072643155
4043,0.8,0.9601650879482386,0,1,1,0,0.02788002691899505,-0.007881820430438639
4044,0.8,0.960773838755,0,1,1,0,0.027132996437327275,-0.0023252627382351196
4045,0.8,0.9809665452529784,0,1,1,0,0.030948857298290788,0.0007527236293262371
4046,0.8,0.9851558216686437,0,1,1,0,0.037527018552601404,0.003580566066690619
4047,0.8,0.9891937284533161,0,1,1,0,0.042019586503192534,0.006200309617049704
4048,0.8,0.9849175224931146,0,1,1,0,0.04318481469884797,0.00809064548699238
4049,0.8,0.9743783368231674,0,1,1,0,0.042714894241339604,0.009290877790317703
4050,0.8,0.9548708497502237,0,1,1,0,0.0429744126447689,0.01091819872985151
4051,0.8,0.9542044197442003,0,1,1,0,0.04254337369022474,0.012583347261064188
4052,0.8,0.9748082362541457,0,1,1,0,0.041553775327478254,0.01257254211472977
4053,0.8,0.9785920831264749,0,1,1,0,0.03806672346297909,0.011879898815834173
4054,0.8,0.994894447646365,0,1,1,0,0.033069228019765425,0.011101158884535368
4055,0.8,1.0259467106833244,0,1,1,0,0.028117201357126594,0.008750913018927017
4056,0.8,1.0571720287272466,0,1,1,0,0.022814439659626908,0.006037976818562629
4057,0.8,1.0725611789658407,1,1,1,0,0.016328590487230798,0.0037214061063872536
4058,0.8,1.0218818161943115,1,0,1,1,0.007669649514091426,0.0021801243876065045
4059,0.8,1.0039784070978939,1,0,0,1,0.003933816115714464,0.005057965884910896
4060,0.8,0.9884986920611634,1,0,0,1,0.0018326844570397858,0.003658040668582343
4061,0.8,0.9650900354103534,1,0,0,1,-0.0015687056891967297,-0.0005030974724613415
4062,0.8,0.9538233713058915,1,0,0,1,-0.006471280045544252,-0.005931894717463526
4063,0.8,0.949133398201007,1,0,0,1,-0.012285520270425175,-0.01123277886759608
4064,0.8,0.945406343198077,1,0,0,1,-0.015628384633431854,-0.015508738381263713
4065,0.8,0.9452692740942196,1,0,0,1,-0.014664906136622056,-0.019346169197880642
4066,0.8,0.9460820390913766,1,0,0,1,-0.011565114919679008,-0.022532953291145835
4067,0.8,0.9337070012853628,1,0,0,1,-0.006951539546264409,-0.023943192035696226
4068,0.8,0.9424753954181934,1,0,0,1,-0.0038568897839913164,-0.023070963958046684
4069,0.8,0.9469791278580925,1,0,0,1,-0.004284783715095668,-0.020952739176151508
4070,0.8,0.9359664672508309,1,0,0,1,-0.002767934156354356,-0.01813505547476002
4071,0.8,0.9470269581563742,1,0,0,1,-0.001135340577023005,-0.015767888597402475
4072,0.8,0.9588732303682472,1,0,0,1,-0.0002596901317689941,-0.014425990361485414
4073,0.8,0.9725265734285768,1,0,0,1,-0.0007048357283222791,-0.011651156863099211
4074,0.8,1.0251309302355076,1,0,0,1,-0.001117880586222811,-0.009559193002245408
4075,0.8,1.0569408868496055,1,0,0,1,0.0013754895621919,-0.008224428683939767
4076,0.8,1.0908084538631297,1,0,0,1,0.005893446171445207,-0.006350502170232984
4077,0.8,0.9977710899942728,0,1,1,0,0.0074976127933784765,-0.0035696978864757944
4078,0.8,1.0147012637052093,0,1,1,0,0.006237626757241138,-0.001205621581466027
4079,0.8,1.0173845997168014,0,1,1,0,0.007754727871191175,-0.003033048925607423
4080,0.8,1.0018962563582374,0,1,1,0,0.009628684207209045,-0.005212045255004787
4081,0.8,0.9853606335083706,0,1,1,0,0.011853401107762134,-0.007246894927150933
4082,0.8,0.9699091240061367,0,1,1,0,0.014763967896261448,-0.00814726719647972
4083,0.8,0.9593007151243542,0,1,1,0,0.01667349274710948,-0.008393678969198331
4084,0.8,0.9413030924788642,0,1,1,0,0.0156457270373085,-0.009014940178506655
4085,0.8,0.9180088542490982,0,1,1,0,0.013926889419559859,-0.009307975841474641
4086,0.8,0.900616400305591,0,1,1,0,0.014125309712291268,-0.008289892948110706
4087,0.8,0.8799341603189673,0,1,1,0,0.014211399716178309,-0.00650273428744744
4088,0.8,0.8733269697063801,0,1,1,0,0.0146913135342358,-0.004499387791628947
4089,0.8,0.8860118012861932,0,1,1,0,0.014241789132257699,-0.003042338973368601
4090,0.8,0.8889257074477728,0,1,1,0,0.011887443001026492,-0.0025651994305826136
4091,0.8,0.9254162567207241,0,1,1,0,0.00813084776311739,-0.003637152412688583
4092,0.8,0.9478520732116584,0,1,1,0,0.00460589885590035,-0.005642241369550211
4093,0.8,0.9798520867788392,0,1,1,0,0.0004966351267555747,-0.007163859740067534
4094,0.8,0.9787584816103803,0,1,1,1,-0.0031262929142875998,-0.0065553482857718245
4095,0.8,0.9516599854401026,1,0,1,1,-0.006881598340211293,0.0012847557560267688
4096,0.8,0.953956758703357,1,0,0,1,-0.013475421360346934,0.006309196319473397
4097,0.8,0.9675689138567345,1,0,0,1,-0.01574347181897784,0.005169384558642879
4098,0.8,0.9642592576873728,1,0,0,1,-0.01769744928417452,0.00010978245248986945
4099,0.8,0.9468609502679571,1,0,0,1,-0.0195164598053247,-0.005199300885879223
4100,0.8,0.9401084155176707,1,0,0,1,-0.020207420398581543,-0.009872468338729696
4101,0.8,0.9432553847497522,1,0,0,1,-0.018624906404767244,-0.01438980555115408
4102,0.8,0.9482933605484849,1,0,0,1,-0.014601231044608242,-0.018519444204919133
4103,0.8,0.9561879476097692,1,0,0,1,-0.009704055274447058,-0.02195154194410453
4104,0.8,0.9476584179287705,1,0,0,1,-0.00456225304691775,-0.023330420314580345
4105,0.8,0.9568621691209346,1,0,0,1,-0.001515790350824682,-0.022938715302730592
4106,0.8,0.972703121540535,1,0,0,1,-0.000294611684066988,-0.023427500670357596
4107,0.8,0.9599682835001108,1,0,0,1,0.0016804814830496991,-0.02279942545981256
4108,0.8,0.9629069489768692,1,0,0,1,0.0035857025239777562,-0.021209760006953564
4109,0.8,0.9680432280571191,1,0,0,1,0.0057390082092233525,-0.01967620812651602
4110,0.8,0.9909502607575921,1,0,0,1,0.007459539279057605,-0.01790711540327022
4111,0.8,1.0163274574812353,1,0,0,1,0.011127799821822704,-0.01646616422774049
4112,0.8,1.0535710503478877,1,0,0,1,0.016535967868504774,-0.015987208276830256
4113,0.8,1.0350444061155617,1,0,1,0,0.01986614564502058,-0.013320436196106513
4114,0.8,1.0153346879298828,0,1,1,0,0.016403036720654605,-0.006518156594709718
4115,0.8,1.0530170331818893,0,1,1,0,0.015732495396152398,-0.005487410718817723
4116,0.8,1.027957285134214,0,1,1,0,0.016473417225711606,-0.005344585268785397
4117,0.8,1.013032174176596,0,1,1,0,0.01731562041198221,-0.0040699485165481076
4118,0.8,1.016018523760084,0,1,1,0,0.021487122353661174,-0.003443721387264778
4119,0.8,1.012036632685963,0,1,1,0,0.02672651062367908,-0.0024091841060885537
4120,0.8,1.0047425214506793,0,1,1,0,0.02968808882343813,-0.001089798938683128
4121,0.8,0.9886014801611338,0,1,1,0,0.029784638343489902,0.00035021313960495215
4122,0.8,0.968633390128223,0,1,1,0,0.029662753641867944,0.0021436527672988467
4123,0.8,0.9598645548356667,0,1,1,0,0.03129405976797882,0.0041645559611367036
4124,0.8,0.9453896754150063,0,1,1,0,0.03260108219623586,0.005849155645769284
4125,0.8,0.9441639987935865,0,1,1,0,0.033353577304318816,0.007772577827662257
4126,0.8,0.9479857266521647,0,1,1,0,0.03262640098728129,0.009477860973127137
4127,0.8,0.9576400680332939,0,1,1,0,0.030729052988948232,0.010394175364583211
4128,0.8,0.9948539926878193,0,1,1,0,0.028434288529957635,0.009777891556916548
4129,0.8,1.0256108711538816,0,1,1,0,0.02524047731341777,0.008048790745921613
4130,0.8,1.0594221277990012,1,1,1,0,0.02099562773391289,0.0068580590777264925
4131,0.8,1.0646886413464307,1,1,1,0,0.013426122701759882,0.005106153754005339
4132,0.8,1.0307924996929052,1,0,1,1,0.006338092569061785,0.004780757592611455
4133,0.8,0.9991040900620594,1,0,0,1,-0.000391647652175739,0.006740075253577447
4134,0.8,0.9895906020037648,1,0,0,1,-0.004213654022932889,0.005263851758485404
4135,0.8,0.9824210189295886,1,0,0,1,-0.007664490057574888,0.00013645048161672798
4136,0.8,0.9705299396607446,1,0,0,1,-0.01117406481189412,-0.005985697225277295
4137,0.8,0.9648514661328889,1,0,0,1,-0.013994630738534632,-0.011855923473569834
4138,0.8,0.9548610527996197,1,0,0,1,-0.014026863416905306,-0.016328114557122856
4139,0.8,0.9611717963719022,1,0,0,1,-0.010131101942787768,-0.020227593796033935
4140,0.8,0.9739394575255756,1,0,0,1,-0.004997155349665169,-0.023711333190620142
4141,0.8,0.9815732093600426,1,0,0,1,0.0004438565263760525,-0.026265889224251698
4142,0.8,0.9754647341201015,1,0,0,1,0.005430039489606163,-0.026895329948371977
4143,0.8,0.9853064614898848,1,0,0,1,0.006780488336893869,-0.02541965823407373
4144,0.8,0.9856624415837474,1,0,0,1,0.008305342461197471,-0.023816682386334387
4145,0.8,0.9955901111362915,1,0,0,1,0.010807531867620068,-0.021936557040745513
4146,0.8,1.007205836352669,1,0,0,1,0.013405949917080303,-0.019996207265359063
4147,0.8,1.005975708742788,1,0,0,1,0.01463230282525616,-0.01550821102876774
4148,0.8,1.0476447903874981,1,0,0,1,0.015586321937649207,-0.01072762840910634
4149,0.8,1.0744488671716892,1,0,0,1,0.019018054259799213,-0.00750403514544583
4150,0.8,1.097407119332511,0,1,1,1,0.02809782963822739,-0.0025912983576882823
4151,0.8,1.1272088331915204,0,1,1,0,0.0366404823407898,0.004262045277797635
4152,0.8,1.0636572295570503,0,1,1,0,0.04250607156115494,0.0077995785787800176
4153,0.8,1.0421985352485001,0,1,1,0,0.043913093724163944,0.009806428323052407
4154,0.8,1.025154123212366,0,1,1,0,0.04150267827311684,0.010838855005347396
4155,0.8,1.007396463000242,0,1,1,0,0.03984805307436878,0.011145128108026876
4156,0.8,0.998505216376924,0,1,1,0,0.04099503999064026,0.01126833802870144
4157,0.8,0.9909832550058528,0,1,1,0,0.04307346240271281,0.010962888034726052
4158,0.8,0.9900266346443243,0,1,1,0,0.04597320121632174,0.01106093485370266
4159,0.8,0.9780526190194584,0,1,1,0,0.0478981490711904,0.011810561280987612
4160,0.8,0.9649338839805663,0,1,1,0,0.049660257030921424,0.013674243503007198
4161,0.8,0.9781001070901746,0,1,1,0,0.05031666971817221,0.015604133150386876
4162,0.8,0.9864761359168011,0,1,1,0,0.04970669849740289,0.01740905444569218
4163,0.8,0.9850327728414318,0,1,1,0,0.04810952099878516,0.01961274775340021
4164,0.8,0.9915781078834595,0,1,1,0,0.04511249803347426,0.021485261563993246
4165,0.8,1.0317254615015572,0,1,1,0,0.0431608157620618,0.022324734195519235
4166,0.8,1.0768550904041725,0,1,1,0,0.03993299667830876,0.021592284458572506
4167,0.8,1.0601869758553375,1,1,1,0,0.0320097070220996,0.019851887150420914
4168,0.8,1.0498458228895124,1,0,1,0,0.019411193401129286,0.015532884434604464
4169,0.8,1.029850992084246,1,0,1,1,0.0033203083132494465,0.01114884426477165
4170,0.8,0.959145979011685,1,0,0,1,-0.005151380252052779,0.012129865145135494
4171,0.8,0.9581381857928574,1,0,0,1,-0.0088769226900659,0.01139753582750504
4172,0.8,0.9457206708131171,1,0,0,1,-0.012111223025765904,0.005917596114400034
4173,0.8,0.9217374732904455,1,0,0,1,-0.01307197237942772,-0.0009036336262856328
4174,0.8,0.9078909405041802,1,0,0,1,-0.013298799698135062,-0.008487788745103478
4175,0.8,0.8904657880909446,1,0,0,1,-0.01365437938354731,-0.015289750361977002
4176,0.8,0.8855717773571334,1,0,0,1,-0.012385631711070027,-0.02055729005513787
4177,0.8,0.8894483481361609,1,0,0,1,-0.008729524912099756,-0.024349530529809798
4178,0.8,0.9042603439968857,1,0,0,1,-0.0059968984926082845,-0.026548908604382658
4179,0.8,0.9051104593073244,1,0,0,1,-0.0032007473260724974,-0.026367292660502906
4180,0.8,0.9135751130056988,1,0,0,1,-0.002039085272510916,-0.02334184476762333
4181,0.8,0.945732240442155,1,0,0,1,-0.0015127369483534578,-0.021366997896871125
4182,0.8,0.9280125007111516,1,0,0,1,0.0006858732250965798,-0.01856242370195178
4183,0.8,0.9312861006308488,1,0,0,1,0.0011964561941492106,-0.013651715190116478
4184,0.8,0.9732627555995077,1,0,0,1,-0.00039556547230271805,-0.008959376289623774
4185,0.8,1.0075796530848715,1,0,0,1,-5.057955623897235e-05,-0.005538983763356548
4186,0.8,1.056164593294505,1,0,0,1,0.0031278840195125223,-0.003137603073872883
4187,0.8,1.039400922342414,0,1,1,0,0.013352186401508453,-0.002468766732846527
4188,0.8,0.9932489084437119,0,1,1,0,0.016529474929106745,-0.0024192735460658306
4189,0.8,1.0106838818873523,0,1,1,0,0.015095375430393378,-0.003534505756663353
4190,0.8,0.9869903336618115,0,1,1,0,0.011887861789072118,-0.006890168512033686
4191,0.8,0.9722243426791247,0,1,1,0,0.009125002920941976,-0.009790426258899377
4192,0.8,0.9426442509204398,0,1,1,0,0.010849620196456456,-0.01034354128116138
4193,0.8,0.9250651899790974,0,1,1,0,0.013830862779681003,-0.009532201174914655
4194,0.8,0.9041434838646524,0,1,1,0,0.01539403764108105,-0.008871283468363229
4195,0.8,0.8931501570299553,0,1,1,0,0.016467689914915578,-0.008592619175053965
4196,0.8,0.8688991259671769,0,1,1,0,0.018360580600224302,-0.007221630300142568
4197,0.8,0.8622123933676824,0,1,1,0,0.018787524231556135,-0.005453808579361798
4198,0.8,0.8535519237471275,0,1,1,0,0.018974774126305976,-0.0034273222478065453
4199,0.8,0.8560543241490253,0,1,1,0,0.017487670531187986,-0.0007285118094369232
4200,0.8,0.8709327129777292,0,1,1,0,0.01501503444359238,0.0009376825812963337
4201,0.8,0.9016690001041081,0,1,1,0,0.012767099125024054,-0.00042987918469096243
4202,0.8,0.9319600237169681,0,1,1,0,0.009253679680866659,-0.0034317814335412663
4203,0.8,0.9652824353460557,0,1,1,0,0.004580103404052066,-0.005669210955777128
4204,0.8,0.9927693518071335,0,1,1,0,-0.0011011604724289862,-0.006884096266573377
4205,0.8,0.9294653254393577,1,0,1,1,-0.006988753919716969,-0.0006572325753593226
4206,0.8,0.942319658612875,1,0,0,1,-0.012911487501872765,0.008359103344600157
4207,0.8,0.9844143069032424,1,0,0,1,-0.01726702290587207,0.00900117412441642
4208,0.8,0.9667526220391724,1,0,0,1,-0.020441902287499415,0.005271340031853691
4209,0.8,0.9373977048083897,1,0,0,1,-0.02141957510714669,0.001629331014622675
4210,0.8,0.9238298333889218,1,0,0,1,-0.021657704063330622,-0.002342169868797068
4211,0.8,0.9174805957184993,1,0,0,1,-0.02111147869328198,-0.006741514225509699
4212,0.8,0.9227035003331346,1,0,0,1,-0.018443348696696258,-0.011642820386818051
4213,0.8,0.9408121019470649,1,0,0,1,-0.01505176222847918,-0.016934079339355285
4214,0.8,0.9290426605467526,1,0,0,1,-0.010327444394480677,-0.02059830077755162
4215,0.8,0.9361967357853985,1,0,0,1,-0.006462264252151008,-0.021347375711205725
4216,0.8,0.9536257280616877,1,0,0,1,-0.005634259781438614,-0.022001365877131706
4217,0.8,0.9415004074044598,1,0,0,1,-0.0036151577875306435,-0.021341701972491314
4218,0.8,0.9511566514938392,1,0,0,1,-0.0011561942783135427,-0.02005283388228875
4219,0.8,0.9651679165274425,1,0,0,1,0.002169939477029699,-0.01968308816207475
4220,0.8,0.974756932113774,1,0,0,1,0.004164188261630177,-0.01790568881372382
4221,0.8,1.0120659156911305,1,0,0,1,0.006961749015700562,-0.01624247146246368
4222,0.8,1.04308095973683,1,0,0,1,0.01260214739579667,-0.015617075736957767
4223,0.8,1.073813569208945,1,0,1,1,0.019604835734790403,-0.015001066186185573
4224,0.8,1.0399646764361339,1,1,1,0,0.020480045737668234,-0.00858519706776242
4225,0.8,0.9941597371081571,0,1,1,0,0.022220538858777686,-0.0029181999808249167
4226,0.8,1.0002939642039712,0,1,1,0,0.024521637032028993,-0.0018848310420493057
4227,0.8,0.9838147247772028,0,1,1,0,0.026113939445841918,-0.0007377531730089668
4228,0.8,0.9948627968588705,0,1,1,0,0.027756159356366442,-0.00035997080709607924
4229,0.8,1.003470803050442,0,1,1,0,0.031220162383640594,-0.0020574834767845365
4230,0.8,1.0056246415410701,0,1,1,0,0.035601368456750666,-0.002776314555055509
4231,0.8,1.0074623594005874,0,1,1,0,0.03800473012313064,-0.0022059508729248673
4232,0.8,0.998906637598267,0,1,1,0,0.03781848943036607,-0.0008002890324526826
4233,0.8,0.9836639903866069,0,1,1,0,0.03718079843379081,0.0015975299530088414
4234,0.8,0.971198032338537,0,1,1,0,0.03722843379838454,0.0044110132901274465
4235,0.8,0.963634614381912,0,1,1,0,0.0383125405864229,0.007152908191835869
4236,0.8,0.9858957514575711,0,1,1,0,0.038625861520368815,0.008978223095637552
4237,0.8,0.9838177558425006,0,1,1,0,0.03704365616824945,0.010070550779581425
4238,0.8,0.9929612957629802,0,1,1,0,0.03395712463360302,0.011828990950737587
4239,0.8,1.0308774417004605,0,1,1,0,0.031124911733984933,0.011815641231128915
4240,0.8,1.070421894374262,0,1,1,0,0.028041141994903616,0.010914914927320742
4241,0.8,1.0810998630460489,1,1,1,0,0.023816230038500603,0.011132611544487542
4242,0.8,1.0878592435447372,1,0,1,1,0.014593095075265471,0.00979524846098548
4243,0.8,1.039790547376537,1,0,1,1,0.004949971124944723,0.011411540877185567
4244,0.8,1.0177184652883335,1,0,0,1,-0.0020161602576941715,0.011899282523218025
4245,0.8,1.0097558747618254,1,0,0,1,-0.006263110212963294,0.006707789160046052
4246,0.8,0.9936869137532095,1,0,0,1,-0.009525861614602772,-0.0006766594275971499
4247,0.8,0.9717162700729902,1,0,0,1,-0.011348333374753796,-0.007553193179786134
4248,0.8,0.9595854523673635,1,0,0,1,-0.011110965636834499,-0.013402910205656824
4249,0.8,0.955924790094887,1,0,0,1,-0.008616412526636195,-0.01847312895899192
4250,0.8,0.9578223130033295,1,0,0,1,-0.004179019017434667,-0.022583724293754662
4251,0.8,0.9671534320112699,1,0,0,1,0.00011320268565392256,-0.0253502466254071
4252,0.8,0.9649664154548755,1,0,0,1,0.0028126381670505866,-0.0261754651164972
4253,0.8,0.9630516532752885,1,0,0,1,0.004794653343351586,-0.02471430136516182
4254,0.8,0.9634057972809373,1,0,0,1,0.006147740219324282,-0.022718553334875522
4255,0.8,0.9611413691851123,1,0,0,1,0.007134886213897036,-0.020040954872504478
4256,0.8,0.9777510309983274,1,0,0,1,0.008004210475157612,-0.01793321462139636
4257,0.8,0.9838486450055902,1,0,0,1,0.007635018541415999,-0.014644584764540234
4258,0.8,1.0207215763506015,1,0,0,1,0.0071943948372019065,-0.010898107824770175
4259,0.8,1.0551247702756335,1,0,0,1,0.009790709729424312,-0.008191016270589381
4260,0.8,1.077928020614108,0,0,0,1,0.014231450880855971,-0.0050974010279694485
4261,0.8,1.0206265735505535,0,1,1,0,0.021402238953886446,-0.0005264242157764702
4262,0.8,0.9831532511369212,0,1,1,0,0.0257846346216454,0.0031014963183976256
4263,0.8,0.9715664060959366,0,1,1,0,0.02578477544058383,0.004023520842364553
4264,0.8,0.9632639634746544,0,1,1,0,0.02185239804905893,0.0030591467766811105
4265,0.8,0.9555337428548183,0,1,1,0,0.020517461927371968,0.0012005533387963502
4266,0.8,0.9467717934990358,0,1,1,0,0.022393263782239204,7.559910111892051e-05
4267,0.8,0.936872553417358,0,1,1,0,0.024240333959548152,-0.0006959561915462436
4268,0.8,0.9253198777680913,0,1,1,0,0.025256404302124245,-0.0009362092687555962
4269,0.8,0.9098196265365824,0,1,1,0,0.025483210991295982,-0.0009097935977363319
4270,0.8,0.8881181292546309,0,1,1,0,0.02664300621659101,0.0002655070721009698
4271,0.8,0.8893300894617104,0,1,1,0,0.027608888081241918,0.001883962026783165
4272,0.8,0.9023310504639842,0,1,1,0,0.028127818509750664,0.0025733140167670796
4273,0.8,0.8997206053316454,0,1,1,0,0.026162396335565562,0.0030176605102051187
4274,0.8,0.9126513516841438,0,1,1,0,0.022499057284990236,0.00368127465092384
4275,0.8,0.9475988979961216,0,1,1,0,0.02035271977362445,0.0033921237311383833
4276,0.8,0.9777437357399011,0,1,1,0,0.01658596179841416,0.0019907387545965096
4277,0.8,1.003179897394764,0,1,1,0,0.011648724849913795,0.0012248621732653328
4278,0.8,0.9931188053132947,1,1,1,0,0.0037750900765825524,-0.00021778255790070594
4279,0.8,0.9423890985118255,1,0,1,1,-0.0021977583629307876,0.0013182641372248675
4280,0.8,0.949078164123388,1,0,0,1,-0.00906569190381328,0.006275606076183956
4281,0.8,0.9712020017950123,1,0,0,1,-0.015786413312938237,0.004497814157574801
4282,0.8,0.9661816833815526,1,0,0,1,-0.019511422685010618,-0.0017775096275390635
4283,0.8,0.9564879287191274,1,0,0,1,-0.020222748635999883,-0.008787859024844344
4284,0.8,0.9506309435780546,1,0,0,1,-0.0188053568709849,-0.015174463200977619
4285,0.8,0.9469285415685506,1,0,0,1,-0.01556639549155786,-0.0207965301087372
4286,0.8,0.943416222220694,1,0,0,1,-0.010754525180259503,-0.024993357305229436
4287,0.8,0.9535649774146783,1,0,0,1,-0.005156635771777919,-0.027937561553135974
4288,0.8,0.9606153794653957,1,0,0,1,0.0003527339414181152,-0.029622866387020292
4289,0.8,0.9669124897883882,1,0,0,1,0.003909339082244451,-0.029469352147720146
4290,0.8,0.9739913263426001,1,0,0,1,0.004691547469395526,-0.027704847296017163
4291,0.8,0.9847014246021542,1,0,0,1,0.005841389759024172,-0.026046985400761908
4292,0.8,0.9825901744771448,1,0,0,1,0.00786074693943223,-0.023608634636556658
4293,0.8,0.9979706141246582,1,0,0,1,0.01039552898472801,-0.02121390606695151
4294,0.8,0.9960487182702777,1,0,0,1,0.011944312257834041,-0.017433457758478616
4295,0.8,1.042884968660614,1,0,0,1,0.01365597553215525,-0.014079395148751839
4296,0.8,1.0538354326584605,1,0,0,1,0.017871339430915383,-0.010974046539772814
4297,0.8,1.0892562479649117,0,0,1,1,0.025773973226345875,-0.007122101626153854
4298,0.8,1.0159993814935777,0,1,1,0,0.031788567248510764,-0.0006697940238610624
4299,0.8,1.0470879448175847,0,1,1,0,0.035048661587851,0.002786472767299907
4300,0.8,1.0324500890305763,0,1,1,0,0.03435843195195287,0.004582725545502686
4301,0.8,1.0111518011883265,0,1,1,0,0.03150173956537854,0.006779018364734566
4302,0.8,1.0011020113945477,0,1,1,0,0.03197940906075156,0.008519442527439264
4303,0.8,0.9958624641421605,0,1,1,0,0.03596124160127441,0.010432351285667208
4304,0.8,0.9960642660322616,0,1,1,0,0.04083153334877832,0.011703859564220539
4305,0.8,0.9849835424379887,0,1,1,0,0.04411875082210927,0.012824567207155788
4306,0.8,0.9741558202132722,0,1,1,0,0.04659829201606549,0.014192737277097288
4307,0.8,0.9678414189162383,0,1,1,0,0.04914110313343373,0.01571786523412136
4308,0.8,0.9655464802076805,0,1,1,0,0.05115349334964645,0.017048754299932977
4309,0.8,0.9768502864399444,0,1,1,0,0.051522817765854906,0.01831945757333446
4310,0.8,0.9795442444261894,0,1,1,0,0.04891432500275245,0.019163671863883222
4311,0.8,0.9893561694765872,0,1,1,0,0.0446484257332149,0.019861718949601235
4312,0.8,1.0222598884676402,0,1,1,0,0.041128297799178294,0.019661218120572258
4313,0.8,1.0608387440893152,0,1,1,0,0.03725273016087256,0.018377921072602072
4314,0.8,1.0383427085482415,1,1,1,0,0.02972785344468051,0.016346074653647576
4315,0.8,1.0197631469088226,1,0,1,0,0.019401185161367424,0.012072435900738166
4316,0.8,0.9938493151057481,1,0,1,1,0.0071928199633447785,0.008663714256504447
4317,0.8,0.9472184438760091,1,0,0,1,-0.0016231046986876457,0.009791529993409383
4318,0.8,0.9570497401224528,1,0,0,1,-0.006718977949249742,0.007540723456885315
4319,0.8,0.9502388599236757,1,0,0,1,-0.010823532865398883,0.000570913077818249
4320,0.8,0.9275909490538625,1,0,0,1,-0.0129158444615937,-0.0062974817874907885
4321,0.8,0.9115929607886888,1,0,0,1,-0.013060700971204849,-0.012231813431231149
4322,0.8,0.8983575272239326,1,0,0,1,-0.011215208326506979,-0.017192310793843684
4323,0.8,0.8984712169213579,1,0,0,1,-0.007928506907131658,-0.021465396762182065
4324,0.8,0.9078947031585417,1,0,0,1,-0.004072186348407984,-0.024938195671282633
4325,0.8,0.9118028187347201,1,0,0,1,0.00033989497215056646,-0.027115452847407337
4326,0.8,0.9173258844679952,1,0,0,1,0.003573887713785948,-0.02746123009045923
4327,0.8,0.9225089498930161,1,0,0,1,0.0047295968687228905,-0.026003995477030757
4328,0.8,0.920351356555666,1,0,0,1,0.005882756592636005,-0.023328105489026425
4329,0.8,0.9356275685788058,1,0,0,1,0.007435538182619309,-0.02103891506166797
4330,0.8,0.9479291766802888,1,0,0,1,0.008639031835228404,-0.018277964684624542
4331,0.8,0.9588089630137769,1,0,0,1,0.007635558393905973,-0.013016775401125594
4332,0.8,1.0063935622003244,1,0,0,1,0.007333041238285414,-0.008339779970019766
4333,0.8,1.0349465122891566,0,0,0,1,0.010241944848425744,-0.004324308968941146
4334,0.8,1.0790996869123,0,1,0,1,0.021133896364198195,-0.00047089815427388894
4335,0.8,1.0436275855180583,0,1,1,0,0.030475946974814885,0.005619000691636635
4336,0.8,1.0450575305153316,0,1,1,0,0.03069090312300145,0.011017366329452825
4337,0.8,1.0227440819154578,0,1,1,0,0.027096171244066245,0.01175573552976335
4338,0.8,1.008507117786818,0,1,1,0,0.024131086953321758,0.010169794190075463
4339,0.8,0.9881220459011444,0,1,1,0,0.025264273726665832,0.007821362814452245
4340,0.8,0.978195378087859,0,1,1,0,0.028207771191209586,0.0056816921394377004
4341,0.8,0.967442972463566,0,1,1,0,0.030300360932972628,0.0031808923786517144
4342,0.8,0.9593039442430008,0,1,1,0,0.03254341034023634,0.001615907950462872
4343,0.8,0.9438433608604072,0,1,1,0,0.03526756406309667,0.0019224139104871134
4344,0.8,0.9391788199358415,0,1,1,0,0.03636484897242348,0.003447180863400889
4345,0.8,0.9370085627794711,0,1,1,0,0.03656483927400442,0.005433129656896882
4346,0.8,0.9445310688162768,0,1,1,0,0.0349464092068462,0.007676946089673815
4347,0.8,0.9495096871305504,0,1,1,0,0.03230908415790625,0.009050011329306787
4348,0.8,0.9697861223833723,0,1,1,0,0.02931963335022892,0.009385213048403035
4349,0.8,1.0082539322300705,0,1,1,0,0.027100208980332822,0.00872002749114094
4350,0.8,1.0400500372644657,0,1,1,0,0.023078715762804757,0.0073821651427365565
4351,0.8,1.04150500729326,1,1,1,0,0.016600179703058784,0.006558572515245582
4352,0.8,1.0375351166037374,1,0,1,0,0.00659416779838379,0.004383185031088126
4353,0.8,1.005249997920206,1,0,1,1,-0.0031665913793707478,0.006009918908148699
4354,0.8,0.9796039690353366,1,0,0,1,-0.01043243567661958,0.009132868197291574
4355,0.8,0.9917106877802937,1,0,0,1,-0.014099469795262358,0.007087128632386821
4356,0.8,0.9815168401930995,1,0,0,1,-0.017020022218081174,0.0009621169821558699
4357,0.8,0.9575010774740822,1,0,0,1,-0.018304719354953168,-0.004940929146830689
4358,0.8,0.9375924957674261,1,0,0,1,-0.01759807421838224,-0.010003876641866187
4359,0.8,0.9290476768429067,1,0,0,1,-0.015043932717641557,-0.014523489494556344
4360,0.8,0.9357821316329641,1,0,0,1,-0.011218477480384036,-0.01874869255835196
4361,0.8,0.948803731432275,1,0,0,1,-0.00702842728712536,-0.022509103588905854
4362,0.8,0.9597108701102728,1,0,0,1,-0.003656197487860537,-0.02508556792405383
4363,0.8,0.9541388288296472,1,0,0,1,-0.0005337240515206778,-0.025347450026429047
4364,0.8,0.9594529808031477,1,0,0,1,0.0011516749543305544,-0.023106583288020312
4365,0.8,0.9694053613740383,1,0,0,1,0.00317040237355109,-0.02160036192392817
4366,0.8,0.9661794708201851,1,0,0,1,0.005412373635658442,-0.01895685889383894
4367,0.8,0.9918845535972894,1,0,0,1,0.007014058621022356,-0.016467286473273852
4368,0.8,1.0188113918203674,1,0,0,1,0.0077771780133211585,-0.01355427573112881
4369,0.8,1.053599659230181,1,0,0,1,0.010773580440364977,-0.01084275310275952
4370,0.8,1.0864298334521627,0,0,0,1,0.016680676397450335,-0.008621960924642966
4371,0.8,1.0912541243635963,0,1,1,0,0.02702171211705044,-0.0045055367151750035
4372,0.8,1.0553656830523397,0,1,1,0,0.032567537146725695,0.0008290614263582194
4373,0.8,1.0656543850449594,0,1,1,0,0.032592967179286295,0.0035119302754219196
4374,0.8,1.0556608033205503,0,1,1,0,0.028881254671310783,0.0033515668221715373
4375,0.8,1.0337522491651199,0,1,1,0,0.02655414656526526,0.003003360411703817
4376,0.8,1.019095490189284,0,1,1,0,0.027817346145960088,0.0034846165483368176
4377,0.8,-0.011603473019882156,1,1,1,1,-0.00037637279160354534,-0.0010435317921076482
4378,0.8,-0.05134716590901854,0,1,1,0,0.0003580174356823928,-0.005445170443834412
4379,0.8,-0.18397631023852104,0,1,1,0,-0.0008716036732750073,-0.001552310160454042
4380,0.8,-0.21921770020495765,0,1,1,0,-0.00037310887970460325,0.004071867234996099
4381,0.8,-0.1333548504025629,0,1,1,0,0.007685188047120998,0.0032878642250472345
4382,0.8,-0.10414712464205375,0,1,1,0,0.013797412382010104,-0.004942162205963104
4383,0.8,-0.10586833961769714,0,1,1,0,0.010764365184789447,-0.014520195138308113
4384,0.8,-0.10620250196119191,0,0,1,0,0.003896755478789398,-0.02220156782429499
4385,0.8,-0.06406410883216325,0,1,1,0,-0.0017125785747754306,-0.029079470981713845
4386,0.8,-0.05398510871718093,0,0,1,0,-0.005519004783309067,-0.03604460557000834
4387,0.8,0.0010191090087631632,0,0,1,0,-0.012071883876501061,-0.04506944500805204
4388,0.8,-0.006873130084948036,0,0,1,1,-0.02261235362615979,-0.05433598161475365
4389,0.8,-0.011599763234588131,0,0,1,1,-0.0285298420681531,-0.05783999243103329
4390,0.8,0.07016798819712079,0,0,1,1,-0.03496919908235405,-0.0611957328454648
4391,0.8,0.09669103565404892,0,0,0,1,-0.03839306531166403,-0.06898761721285807
4392,0.8,0.10155402237176703,0,0,0,1,-0.032330056028706255,-0.07775982437484459
4393,0.8,0.13218066451511157,0,0,0,1,-0.020785255468006292,-0.08562116616333985
4394,0.8,0.09862403091646924,0,0,0,1,-0.007072512233605993,-0.08990233154230957
4395,0.8,0.05732538447999343,1,0,0,1,0.005908992829334304,-0.08892810162365963
4396,0.8,0.05272198132315845,1,0,0,1,0.01265730589331705,-0.08892411368719873
4397,0.8,0.06331252839549895,1,0,0,1,0.01585115833642914,-0.09182968361574559
4398,0.8,0.08850982179621532,1,0,0,1,0.018481573955058304,-0.09826611056268321
4399,0.8,0.1216322461854269,1,0,0,1,0.020512606430543368,-0.10654857048689599
4400,0.8,0.1048786720804102,1,0,0,1,0.024869504004901222,-0.11458601748573995
4401,0.5,0.10089542608089497,1,0,0,1,0.032299693229914904,-0.12105996941771249
4402,0.5,0.13774711980116455,1,0,0,1,0.04223540219877371,-0.13020521357452433
4403,0.5,0.14335386636952935,1,0,0,1,0.05109709448594658,-0.13825100878142
4404,0.5,0.10116833185019143,1,0,0,1,0.06041522767555662,-0.14131031866561033
4405,0.5,0.028190906605242323,1,0,1,1,0.06462170086120782,-0.13637833046147535
4406,0.5,0.06570548197219471,1,0,1,1,0.06294691758062748,-0.11930950840375032
4407,0.5,0.15489737796706243,1,0,1,1,0.06324810187178405,-0.10475342065963612
4408,0.5,0.22601038267379733,1,0,1,1,0.06316826013541,-0.09371934080677718
4409,0.5,0.2947200487760222,0,0,1,1,0.06491953889354558,-0.08440908761461925
4410,0.5,0.31171640391639777,0,0,1,1,0.06935138013254011,-0.07471593231546862
4411,0.5,0.30574758398865415,0,0,1,1,0.07341654166989312,-0.06189680540200962
4412,0.5,0.34882415597616817,0,0,1,0,0.07452938344516148,-0.04995782118721342
4413,0.5,0.36063228210224907,0,0,1,1,0.0735299680558586,-0.04066674594046548
4414,0.5,0.4199828983464782,0,0,1,1,0.07270697478437223,-0.03386894844851201
4415,0.5,0.44600006916868756,0,0,1,1,0.07185146630893552,-0.029212315999310335
4416,0.5,0.42527088837843097,0,0,1,0,0.06785171558146492,-0.021798723791562516
4417,0.5,0.4631669283641511,0,1,1,0,0.06179296988085332,-0.014054790014700221
4418,0.5,0.47219224787283004,0,1,1,0,0.05540765139164878,-0.010287013223261865
4419,0.5,0.4708322568625505,0,1,1,0,0.050762408497098316,-0.0104487042982118
4420,0.5,0.45904722924510794,0,1,1,0,0.04919518997859259,-0.010397164152825029
4421,0.5,0.46708467957902183,0,1,1,0,0.04839526393597387,-0.010038579623889718
4422,0.5,0.4882115238732834,0,1,1,0,0.04931682193389272,-0.009555152080163202
4423,0.5,0.5268925747106707,0,1,1,0,0.05223089218294254,-0.009251670735624294
4424,0.5,0.5532143418626151,0,1,1,0,0.05496396061028067,-0.006923058490400952
4425,0.5,0.5869990867752176,0,1,1,0,0.05678187834973797,-0.0029915298833001398
4426,0.5,0.6235903992403289,0,1,1,0,0.057416796894138894,0.0013322652024203693
4427,0.5,0.6437537215810609,0,1,1,0,0.05709010841905877,0.00666189910788033
4428,0.5,0.6902886933305435,0,1,1,0,0.05405494695018556,0.010846468838320222
4429,0.5,0.7034464412201765,0,0,1,0,0.04630359977209016,0.0157524481646486
4430,0.5,0.7792005529581273,0,0,1,0,0.03527683561054703,0.0215094440142605
4431,0.5,0.7934152507501977,1,0,1,0,0.017846542256226658,0.02529295172343943
4432,0.5,0.8091399695949535,1,0,1,0,-0.007588883968613423,0.024284459489396615
4433,0.5,0.8088227161345705,1,0,1,1,-0.028305294997060013,0.02264755601701878
4434,0.5,0.798418153065885,1,0,1,1,-0.035641601036253946,0.025668080914739915
4435,0.5,0.8031427724637382,1,0,0,1,-0.038830181767117826,0.021674516338133675
4436,0.5,0.8040708564023107,1,0,0,1,-0.042494475933214974,0.01134632017165534
4437,0.5,0.8019885962804535,1,0,0,1,-0.04586615310183728,0.0028710891025358516
4438,0.5,0.7834740683554349,1,0,0,1,-0.048504977484418885,-0.0013306797223450355
4439,0.5,0.7592996765950839,1,0,0,1,-0.049343310923529386,-0.002132572143582999
4440,0.5,0.7422430872915495,1,0,0,1,-0.05244906127860461,0.001409201379481791
4441,0.5,0.75196847090853,1,0,0,1,-0.05778509537104483,0.006720027850529902
4442,0.5,0.7649017895737761,1,0,0,1,-0.06206464804512128,0.011699241732461684
4443,0.5,0.7864422946614977,1,0,0,1,-0.06719817675785106,0.016510376021669902
4444,0.5,0.7941992343539077,1,0,0,1,-0.07193834942953098,0.02181494947294916
4445,0.5,0.8098627118681592,1,0,0,1,-0.0755062898606605,0.027391011491929105
4446,0.5,0.822232497406557,1,0,0,1,-0.0783730899990073,0.03345463821191809
4447,0.5,0.8293224063575501,1,0,0,1,-0.08156791636195514,0.04144670688555618
4448,0.5,0.8445951330841901,1,1,0,1,-0.08364155151450949,0.048435466672023
4449,0.5,0.8640122049558715,1,1,0,1,-0.07613486131049824,0.044024040418179776
4450,0.5,0.8472835810545232,1,1,0,1,-0.06745397804648605,0.0348617147155671
4451,0.5,0.849952445431497,0,1,0,1,-0.05570858128090534,0.02418085413783838
4452,0.5,0.8378252970472106,0,1,0,1,-0.03635375338102964,0.013335600605794213
4453,0.5,0.7883013414813071,0,1,1,1,-0.014909683884940877,0.007531986038980517
4454,0.5,0.7267432998993822,0,1,1,1,-0.005043808033648995,0.008169893708672039
4455,0.5,0.7156815799852981,0,1,1,0,0.0007973495351547811,0.008526811395716188
4456,0.5,0.7147059295388736,0,1,1,0,0.005021605555206,0.004886354703333706
4457,0.5,0.7167849729909052,0,1,1,0,0.005158651527175875,-0.0029489595610059306
4458,0.5,0.7214323894438712,0,1,1,0,0.0035230094866696734,-0.01284666940134015
4459,0.5,0.6900656548066907,0,1,1,0,-0.001292707040361244,-0.02059648355148227
4460,0.5,0.6704048732853733,0,1,1,0,-0.007419110408132817,-0.025409991314045113
4461,0.5,0.6228547304863367,0,1,1,0,-0.009047213459083698,-0.023890206288147062
4462,0.5,0.61528936371793,0,1,1,0,-0.00577579954290353,-0.018170804917097397
4463,0.5,0.6448536183850384,0,1,1,0,0.0018099560062493742,-0.013213425057757225
4464,0.5,0.6100977450012707,0,0,1,0,0.008861238986534035,-0.005722174147415815
4465,0.5,0.6138390253744458,0,1,1,0,0.016428295573094415,0.004700304003147061
4466,0.5,0.6458091119228306,0,1,1,0,0.02598738947889551,0.011425897247556698
4467,0.5,0.646646773321311,0,1,1,0,0.03257124673874891,0.017090563949081736
4468,0.5,0.6597193268056462,0,1,1,0,0.03778302224610079,0.023969043028714415
4469,0.5,0.685947117275213,0,0,1,0,0.041212933808138855,0.030338061874145027
4470,0.5,0.736932487181279,0,0,1,0,0.03885675757194727,0.036721863445311566
4471,0.5,0.7962937845358484,1,0,1,0,0.03139486400152957,0.04395028753668884
4472,0.5,0.7366807920554479,1,0,1,0,0.012667530762973599,0.04716996580944166
4473,0.5,0.6988154657304532,1,0,1,1,-0.007947443902640348,0.04465985878420628
4474,0.5,0.6514033239564563,1,0,0,1,-0.011995681305084046,0.042389773784529114
4475,0.5,0.6185556559657217,1,0,0,1,-0.009043000595476403,0.0357942034569959
4476,0.5,0.6019061277092056,1,0,0,1,-0.005851946959445833,0.024511469821732378
4477,0.5,0.5717823766401241,1,0,0,1,-0.004228648685019005,0.010115932901306647
4478,0.5,0.5520616603313515,1,0,0,1,-0.004028626497444398,-0.0036406471418749843
4479,0.5,0.532213904835968,1,0,0,1,-0.004910182554366095,-0.01517692186382046
4480,0.5,0.5386771648851374,1,0,0,1,-0.004502207654673877,-0.02484418792759924
4481,0.5,0.5203157515812287,1,0,0,1,-0.00048093263777437037,-0.0328508453644874
4482,0.5,0.516791316011037,1,0,0,1,0.0046100100222699674,-0.037635210137969034
4483,0.5,0.5221071766503659,1,0,0,1,0.00958782567607162,-0.04029464769934772
4484,0.5,0.5057636908535417,1,0,0,1,0.015277841835887039,-0.04168468517598671
4485,0.5,0.5095727651809144,1,0,0,1,0.017461918597350357,-0.040901019292881646
4486,0.5,0.5378980612572747,1,0,0,1,0.02020545164667657,-0.041638586457910874
4487,0.5,0.5234703738748769,1,0,0,1,0.02178067329929541,-0.041556518126688965
4488,0.5,0.540242906949769,1,0,0,1,0.021245731367652555,-0.03906312540250855
4489,0.5,0.5639102591296837,1,0,0,1,0.02319604071886408,-0.038820231308971394
4490,0.5,0.5789178341565229,1,0,0,1,0.026718139799832827,-0.039699856514792485
4491,0.5,0.5412904875600367,1,0,1,1,0.026216099760746178,-0.037043434209049604
4492,0.5,0.5839415083726265,1,0,1,1,0.02460414448365677,-0.030103123433934714
4493,0.5,0.6099818917083842,1,0,1,1,0.02408014401913923,-0.026351082227102227
4494,0.5,0.654571416285071,0,1,1,1,0.026247197068875894,-0.021962419657757325
4495,0.5,0.6918539338745232,0,1,1,1,0.033317774045964144,-0.01797969819667509
4496,0.5,0.7338165500691046,0,1,1,1,0.039343055533946895,-0.013259487969314622
4497,0.5,0.7439992765198479,0,1,1,1,0.041989020301227815,-0.0072214869136964475
4498,0.5,0.7680232731186705,0,1,1,0,0.038873025425612724,-0.002814102352864404
4499,0.5,0.7700268049268457,0,1,1,0,0.03172223125501726,-0.0017172079489340395
4500,0.5,0.7377895417504472,0,1,1,0,0.022552867547632437,-0.0009613374313139008
4501,0.5,0.7364453390995382,0,1,1,0,0.015952970177571527,-0.0017660404032204607
4502,0.5,0.7121994399669094,0,1,1,0,0.013497573804033719,-0.0028388642841631643
4503,0.5,0.7060075402342623,0,1,1,0,0.01340036748023067,-0.0037299616542338216
4504,0.5,0.7005288350164696,0,1,1,0,0.01534646679913751,-0.003587136045181056
4505,0.5,0.6938063095464518,0,1,1,0,0.018405341764551393,-0.0019766238706332867
4506,0.5,0.67576808151637,0,1,1,0,0.019239586345507285,0.0013131197423900494
4507,0.5,0.6662446611649497,0,1,1,0,0.019175994434013452,0.005715017327597824
4508,0.5,0.684247147554779,0,1,1,0,0.019768187003935848,0.009838462046088094
4509,0.5,0.6890888010903882,0,1,1,0,0.019513378407982618,0.011662981652682869
4510,0.5,0.6962480511302652,0,1,1,0,0.017040146621263637,0.012831684501504294
4511,0.5,0.7139850204363376,0,1,1,0,0.013681666831053088,0.013044146540310796
4512,0.5,0.7474955989300232,0,0,1,0,0.006022813893195348,0.013656444376534795
4513,0.5,0.7980071280907736,0,0,1,0,-0.0063097366289347045,0.01610622836489947
4514,0.5,0.7350636740883079,1,0,1,1,-0.02379784741843484,0.02048846519057359
4515,0.5,0.7161203494613324,1,0,0,1,-0.03303727744160207,0.028789518995263143
4516,0.5,0.713425328223155,1,0,0,1,-0.03682817512825856,0.03109825669949048
4517,0.5,0.6914847664962892,1,0,0,1,-0.038101749211012656,0.027453003407957303
4518,0.5,0.6682908167258728,1,0,0,1,-0.03745508368202581,0.02116406460665644
4519,0.5,0.6629269775908309,1,0,0,1,-0.037220385963198745,0.01327160168462196
4520,0.5,0.6560433261450709,1,0,0,1,-0.038212347227437556,0.004907057528607449
4521,0.5,0.6504954536950791,1,0,0,1,-0.03954876466093634,-0.0019008798704283918
4522,0.5,0.6451809777514486,1,0,0,1,-0.039872370709234016,-0.006597191954819342
4523,0.5,0.661630564423078,1,0,0,1,-0.039330858758871615,-0.009970305431421399
4524,0.5,0.6654125281429238,1,0,0,1,-0.03711333166165149,-0.013506076101167122
4525,0.5,0.6745657698987191,1,0,0,1,-0.03363773454579332,-0.016930555023580544
4526,0.5,0.6882503585224402,1,0,0,1,-0.031456795217569375,-0.018252961905204267
4527,0.5,0.6963382113418836,1,0,0,1,-0.030317153100153385,-0.018274443135472194
4528,0.5,0.7134563321237054,1,0,0,1,-0.0274030682393325,-0.018842191016330175
4529,0.5,0.7164806907805286,1,0,0,1,-0.024509855738837936,-0.01799731211789305
4530,0.5,0.7383097651366896,1,0,0,1,-0.022354958725500942,-0.01574459066583455
4531,0.5,0.7583802836462338,1,0,0,1,-0.019282462660118214,-0.013837879588429242
4532,0.5,0.7710091271640903,1,0,0,1,-0.013960035310197526,-0.01188766680738821
4533,0.5,0.806053018090389,1,1,0,1,-0.00644276958564087,-0.012012492001992791
4534,0.5,0.7745416202132169,1,1,1,1,-0.0011059533154441955,-0.01156527527402633
4535,0.5,0.7937644492019111,0,1,1,1,0.0011347736494559126,-0.007042818651443643
4536,0.5,0.8147132209361231,0,1,1,1,0.010984615089410588,-0.0048312946950789335
4537,0.5,0.8278600794906571,0,1,1,0,0.02194145641758074,-0.003392244953095233
4538,0.5,0.8025864694892262,0,1,1,0,0.027878708380110615,-0.0020558441072577147
4539,0.5,0.8177224733647741,0,1,1,0,0.028639433879262998,-0.0022923054539706203
4540,0.5,0.7888583207995475,0,1,1,0,0.024124974279416296,-0.0021917248536455556
4541,0.5,0.8041317519058705,0,1,1,0,0.020373027194112547,-0.0025466477890379604
4542,0.5,0.7942733400026744,0,1,1,0,0.020911254659346824,-0.0035691881084943945
4543,0.5,0.7817189116161838,0,1,1,0,0.0239697938365915,-0.0031214819866747867
4544,0.5,0.7787169889076141,0,1,1,0,0.027353284804331475,-0.0013991197582501234
4545,0.5,0.7775477738996297,0,1,1,0,0.030049980328872298,0.0005504295211909585
4546,0.5,0.7651016196156978,0,1,1,0,0.03322579425305923,0.003450514683458895
4547,0.5,0.7555717477077651,0,1,1,0,0.03603289175667522,0.007480288894765334
4548,0.5,0.7547412273327783,0,1,1,0,0.038253873237868996,0.011680797579095663
4549,0.5,0.7570369545302311,0,1,1,0,0.04156240577148897,0.01695158458274689
4550,0.5,0.7694641588608315,0,1,1,0,0.04376041835034943,0.02113351822638046
4551,0.5,0.7884460710384574,0,1,1,0,0.04467847884178168,0.023411691216241218
4552,0.5,0.8135797147952989,0,1,1,0,0.044601327276755844,0.024240441987552284
4553,0.5,0.8550503494680519,0,1,1,0,0.0432107964915419,0.023576665616259925
4554,0.5,0.8946894287372599,1,1,1,0,0.0419290134583624,0.02330306746992188
4555,0.5,0.8757725051391078,1,0,1,0,0.03236308933954885,0.02294475133721725
4556,0.5,0.8811356638970633,1,0,1,1,0.018783728674253975,0.021092441562000998
4557,0.5,0.8420071156936755,1,0,1,1,0.008209696164785686,0.021984469339195872
4558,0.5,0.7956155336206294,1,0,0,1,0.0031914116693983465,0.02091199328169752
4559,0.5,0.7772087842184856,1,0,0,1,0.0017691347594382945,0.01553795280305312
4560,0.5,0.7523024605446874,1,0,0,1,0.0015377538233135207,0.007835173737120608
4561,0.5,0.7285467870442058,1,0,0,1,0.002566149945174874,-0.0017757102928917462
4562,0.5,0.6961173741340447,1,0,0,1,0.004012350742214247,-0.010910501386140385
4563,0.5,0.684814926778965,1,0,0,1,0.005307039330824635,-0.019215262983785574
4564,0.5,0.6654010763542799,1,0,0,1,0.005890886964164193,-0.02490636904334406
4565,0.5,0.6524985736804462,1,0,0,1,0.006530324349140883,-0.027896256621934994
4566,0.5,0.6630829633731099,1,0,0,1,0.007205218086687363,-0.03038737021224968
4567,0.5,0.6423526919616658,1,0,0,1,0.008693196321122412,-0.03188777119226388
4568,0.5,0.6514186717796592,1,0,0,1,0.011254040779940425,-0.03257408259529981
4569,0.5,0.6573200267949705,1,0,0,1,0.011821364993101286,-0.032489472412630054
4570,0.5,0.6540562213644492,1,0,0,1,0.011090242277079146,-0.0315591337026509
4571,0.5,0.652732887287851,1,0,0,1,0.009613543666603627,-0.028951450293072886
4572,0.5,0.6740548788831424,1,0,0,1,0.007654578363135571,-0.025376349377481643
4573,0.5,0.6821007046562408,1,0,0,1,0.007707394539935567,-0.022058723948917894
4574,0.5,0.7146696409859677,1,0,0,1,0.010456667238916084,-0.020144291421271606
4575,0.5,0.7105441154358851,1,0,1,1,0.010924748641997137,-0.016432409989107777
4576,0.5,0.7159674011305805,1,1,1,1,0.010405403138207129,-0.008610607580673436
4577,0.5,0.7578047801610895,0,1,1,1,0.014863719117138085,-0.004472021707688236
4578,0.5,0.7929848593974036,0,1,1,1,0.022792624502458784,-0.0016914535166751216
4579,0.5,0.8005447007454901,0,1,1,1,0.027740638850560034,0.0018374111252946327
4580,0.5,0.8514132801130404,0,1,1,1,0.029990717365286034,0.005230702041136874
4581,0.5,0.8508299964778853,0,1,1,0,0.02862279300983094,0.0068955335929595
4582,0.5,0.8455945085481045,0,1,1,0,0.021655526950971025,0.00575496401748901
4583,0.5,0.8181061583373943,0,1,1,0,0.013836305806226867,0.0032310664591845093
4584,0.5,0.8125557679803465,0,1,1,0,0.009085404976254673,0.0005798903874706881
4585,0.5,0.7764886600685071,0,1,1,0,0.006528343241867459,-0.0003159173258468135
4586,0.5,0.772698002782486,0,1,1,0,0.006072409012093127,-0.0020001868329928155
4587,0.5,0.7552258477293352,0,1,1,0,0.007979070746755183,-0.002617883012987967
4588,0.5,0.7464143125839571,0,1,1,0,0.012405794966870477,-0.0007933125271800966
4589,0.5,0.7226992474788136,0,1,1,0,0.015364035079891281,0.002652243581699079
4590,0.5,0.6967007779315236,0,1,1,0,0.018720602546270768,0.008488231119681668
4591,0.5,0.7184212279421518,0,1,1,0,0.023727181091270172,0.014170685836346982
4592,0.5,0.7122054804825808,0,1,1,0,0.028033969041296014,0.017837260148275153
4593,0.5,0.726223341006623,0,1,1,0,0.030953670323800676,0.02026831349922815
4594,0.5,0.7564158810797649,0,1,1,0,0.032859451937413624,0.02030731678971501
4595,0.5,0.7924156713400942,0,1,1,0,0.0318945012608216,0.019003072133697035
4596,0.5,0.8114253188674337,1,0,1,0,0.027031364116775532,0.018326608103718337
4597,0.5,0.7786158539130782,1,0,1,0,0.010775309295583473,0.01738269020958762
4598,0.5,0.7262860587273342,1,0,1,1,-0.004098869248610194,0.017264736919449915
4599,0.5,0.6875789552968563,1,0,0,1,-0.01017163309199338,0.02186207609881818
4600,0.5,0.6897518375355863,1,0,0,1,-0.012122133297601267,0.02045453057304995
4601,0.5,0.6544483319912943,1,0,0,1,-0.01211837180354168,0.01365466704259068
4602,0.5,0.6348485630611027,1,0,0,1,-0.010384852754337455,0.005048973701197421
4603,0.5,0.6192994049518727,1,0,0,1,-0.008998964688329792,-0.005151493125436049
4604,0.5,0.6059850871212291,1,0,0,1,-0.007848138895408415,-0.015501249031614055
4605,0.5,0.5830810588034997,1,0,0,1,-0.007225281450283296,-0.023378071267419444
4606,0.5,0.5769513140849514,1,0,0,1,-0.007520496150876863,-0.02824152022362559
4607,0.5,0.5835417524038873,1,0,0,1,-0.007659005488646814,-0.031840639772435314
4608,0.5,0.5828893671386086,1,0,0,1,-0.004137737235968361,-0.03583972546997289
4609,0.5,0.5969114661795184,1,0,0,1,0.00018380906625367006,-0.03959482703354936
4610,0.5,0.617189486147241,1,0,0,1,0.003428879279958358,-0.04316236242854968
4611,0.5,0.6207525130092267,1,0,0,1,0.0072815233679376905,-0.04540884147000772
4612,0.5,0.6202506505677715,1,0,0,1,0.009789773030222259,-0.04440646418525037
4613,0.5,0.645210128089689,1,0,0,1,0.012070048058307374,-0.04312118485255724
4614,0.5,0.6625236705110186,1,0,0,1,0.013619614103937415,-0.041070993020940555
4615,0.5,0.6903292057677373,1,0,0,1,0.017384342041085674,-0.03972186576706919
4616,0.5,0.7106523433295063,1,0,1,1,0.02325302692499649,-0.038907046674922674
4617,0.5,0.6768243908281761,1,0,1,1,0.022429798668878925,-0.03118674446874214
4618,0.5,0.6915924259515603,1,0,1,1,0.020829803526547733,-0.020336717441142245
4619,0.5,0.7377878398991825,0,1,1,1,0.025340026924645712,-0.012144990123011571
4620,0.5,0.7500028709885578,0,1,1,1,0.034652587190890996,-0.00579533778743297
4621,0.5,0.7888184946898094,0,1,1,1,0.040796246143271146,0.00020148433055297362
4622,0.5,0.789787845796466,0,1,1,0,0.043777562423953705,0.005573317848883791
4623,0.5,0.7830589980562598,0,1,1,0,0.041702066043148744,0.009476474402866452
4624,0.5,0.7821115383183557,0,1,1,0,0.036362504325963226,0.0102718605403078
4625,0.5,0.7633304440514755,0,1,1,0,0.03142286324195037,0.010120226337019518
4626,0.5,0.7635530033496373,0,1,1,0,0.02877845134526014,0.00906128116253599
4627,0.5,0.7381098330228322,0,1,1,0,0.02793541578137149,0.008736053225765593
4628,0.5,0.7339247164537744,0,1,1,0,0.02864275779334785,0.008823392986207107
4629,0.5,0.7291314816014899,0,1,1,0,0.031098710714491884,0.009823862645363798
4630,0.5,0.7180539331276333,0,1,1,0,0.03443885057252433,0.012346085844890909
4631,0.5,0.7064584404580813,0,1,1,0,0.03653421335658823,0.01613479584816398
4632,0.5,0.6934192212753167,0,1,1,0,0.03882030566877014,0.02098104533684671
4633,0.5,0.716283158321691,0,1,1,0,0.041885375091398204,0.025284530242142913
4634,0.5,0.7143863535153044,0,1,1,0,0.04402019736594639,0.027684183145295208
4635,0.5,0.7271625439129609,0,1,1,0,0.04363741771587359,0.029765311528128665
4636,0.5,0.7480150838117166,0,1,1,0,0.04251882859507658,0.030333572205610497
4637,0.5,0.7869023713817316,0,1,1,0,0.04067175456828065,0.02946095574329594
4638,0.5,0.79397740512711,1,0,1,0,0.0341058158544781,0.02780893800363418
4639,0.5,0.7557198169592011,1,0,1,0,0.01579011366821379,0.024738890279722998
4640,0.5,0.709876246217035,1,0,1,1,-0.0015206936640864662,0.022216581379298
4641,0.5,0.6732843732371117,1,0,1,1,-0.009034197305188835,0.024830164693167737
4642,0.5,0.6685523568173266,1,0,0,1,-0.012429277596955886,0.023682445289766485
4643,0.5,0.6612251011090334,1,0,0,1,-0.012857420242628774,0.014927622244039788
4644,0.5,0.6362469073858001,1,0,0,1,-0.01116436382196758,0.003953885565960074
4645,0.5,0.6243227199476404,1,0,0,1,-0.008524716954353025,-0.006912542162735113
4646,0.5,0.6096875848646449,1,0,0,1,-0.006695571369645533,-0.01731460427329335
4647,0.5,0.5904829279040167,1,0,0,1,-0.005670375049076726,-0.024782679124211813
4648,0.5,0.5781103606280829,1,0,0,1,-0.005852123231111673,-0.028870335135777383
4649,0.5,0.5824089228591995,1,0,0,1,-0.006873225835374347,-0.030943045036187593
4650,0.5,0.5931146011112888,1,0,0,1,-0.0057202020315842384,-0.03337009181369099
4651,0.5,0.5886581350871791,1,0,0,1,-0.0013135578579051546,-0.035573736092920215
4652,0.5,0.6145704006042236,1,0,0,1,0.0021499933823690724,-0.03698804509470659
4653,0.5,0.6197778677490787,1,0,0,1,0.003713690595490994,-0.03795303693132864
4654,0.5,0.6160691394608189,1,0,0,1,0.004047371856262766,-0.036717264259259884
4655,0.5,0.6288066403399906,1,0,0,1,0.003580802809424738,-0.03432354046244131
4656,0.5,0.6498201587801206,1,0,0,1,0.0030132995635757647,-0.031832108300176284
4657,0.5,0.6654388180802784,1,0,0,1,0.003891088107821397,-0.029391281816882404
4658,0.5,0.687768135694131,1,0,0,1,0.006778265611607283,-0.02680046726959562
4659,0.5,0.6831999680772142,1,0,1,1,0.007580413068131405,-0.022618138421261997
4660,0.5,0.7243362546568601,1,1,1,1,0.005646519831238541,-0.01361410051281502
4661,0.5,0.7800993986163735,0,1,1,1,0.01059657696727556,-0.0068338903543921975
4662,0.5,0.8424753689605684,0,1,1,1,0.018063814429955694,-0.001999364887092881
4663,0.5,0.8812389298944174,0,1,1,1,0.023747023137062444,0.0019240839927574986
4664,0.5,0.8260263242197876,0,1,1,0,0.02339848426858057,0.004662932441035695
4665,0.5,0.825681435852815,0,1,1,0,0.01978239182377521,0.006338251303050148
4666,0.5,0.8247137338730868,0,1,1,0,0.01689102940183895,0.005534107759655786
4667,0.5,0.7900853278681346,0,1,1,0,0.01474727861765203,0.005352159162823557
4668,0.5,0.7703596881251411,0,1,1,0,0.01505386299816927,0.006714888640864427
4669,0.5,0.7660715109716656,0,1,1,0,0.017072332751911067,0.006508219311747175
4670,0.5,0.7533565757424372,0,1,1,0,0.020192516256908773,0.006653135568486054
4671,0.5,0.7371716695941434,0,1,1,0,0.02299852974938988,0.00800764414861575
4672,0.5,0.712676501343671,0,1,1,0,0.026240677777786478,0.011356919135523587
4673,0.5,0.7010558512606953,0,1,1,0,0.03037227388699002,0.01599495378824798
4674,0.5,0.7180077675562554,0,1,1,0,0.035062372100192626,0.019818541573251008
4675,0.5,0.7053313176778764,0,1,1,0,0.03870504889249483,0.023179850741288612
4676,0.5,0.7142978949774987,0,1,1,0,0.04039061726304052,0.026493581813984098
4677,0.5,0.7363727176585302,0,1,1,0,0.04170965941281776,0.02777095146763385
4678,0.5,0.7667065468987249,0,1,1,0,0.04117953146599048,0.027468075306312692
4679,0.5,0.7958374952255616,1,1,1,0,0.040108539783220334,0.02625300493807365
4680,0.5,0.7856110026680341,1,0,1,0,0.03261092161901069,0.022540618671596648
4681,0.5,0.7715846912227793,1,0,1,1,0.0195410170777451,0.017990184001507665
4682,0.5,0.7068581190237232,1,0,1,1,0.009089197371059283,0.01883998699941851
4683,0.5,0.6714667845479109,1,0,1,1,0.0012583346620795434,0.02149004749858909
4684,0.5,0.6661644799546053,1,0,0,1,-0.00286219420968733,0.01805083883741748
4685,0.5,0.6645530501215207,1,0,0,1,-0.003449244631268598,0.007872504140636479
4686,0.5,0.6374738893862494,1,0,0,1,-0.0010560028491686316,-0.0038654216272125206
4687,0.5,0.6140812816416311,1,0,0,1,0.0030176115638904898,-0.015123937990373272
4688,0.5,0.5922162810982641,1,0,0,1,0.006520098332182002,-0.024912315412609506
4689,0.5,0.5671156588570772,1,0,0,1,0.008969917194728593,-0.03166334154487715
4690,0.5,0.5600794032639811,1,0,0,1,0.009936073470093194,-0.03599636323014642
4691,0.5,0.557057911508753,1,0,0,1,0.01043993019166118,-0.03963539571135376
4692,0.5,0.5612075197146402,1,0,0,1,0.013119391754331033,-0.04310037942912092
4693,0.5,0.5624326129556185,1,0,0,1,0.018678821380418188,-0.04536295188327653
4694,0.5,0.5665652796739578,1,0,0,1,0.023089440016809692,-0.04582391826062164
4695,0.5,0.5780461372957693,1,0,0,1,0.02366541029914396,-0.04594257787431659
4696,0.5,0.5890969499476307,1,0,0,1,0.0229983801996045,-0.04573573187321641
4697,0.5,0.5981041731036365,1,0,0,1,0.022479052003984833,-0.0451581272767502
4698,0.5,0.6180862560584209,1,0,0,1,0.022765668374890084,-0.04372680925871513
4699,0.5,0.6297845845252185,1,0,0,1,0.025046050806866543,-0.04153237561404446
4700,0.5,0.638498645772804,1,0,1,1,0.028503193269621863,-0.03898232649872551
4701,0.5,0.6118021280807153,1,0,1,1,0.025130787487047123,-0.029561172676655013
4702,0.5,0.6424015919170601,1,0,1,1,0.021823100120404944,-0.019235897812844596
4703,0.5,0.6704441805321716,0,1,1,1,0.02375021688753728,-0.00941177377877938
4704,0.5,0.7448565420264076,0,1,1,1,0.0295307930231179,-0.0025238502231067655
4705,0.5,0.7401399578934315,0,1,1,0,0.033759270135877,0.0029982092018645758
4706,0.5,0.726102439336757,0,1,1,0,0.03082952432521469,0.00756305110340252
4707,0.5,0.7313595073817608,0,1,1,0,0.024189751087043795,0.009489412775649714
4708,0.5,0.713970911247922,0,1,1,0,0.019144347117575868,0.010432259167058953
4709,0.5,0.6943663615686348,0,1,1,0,0.017412033144340568,0.01263593200372721
4710,0.5,0.6894783364345959,0,1,1,0,0.017805070515146154,0.01312548946185662
4711,0.5,0.6823127123794887,0,1,1,0,0.01961578969109125,0.011760384068752112
4712,0.5,0.6725808478437383,0,1,1,0,0.022862682357571124,0.011042537671376897
4713,0.5,0.6570031857180793,0,1,1,0,0.02447682425847608,0.010602113673238038
4714,0.5,0.6331054849444844,0,1,1,0,0.025184316730995315,0.010893805611549363
4715,0.5,0.6147120250039955,0,1,1,0,0.026208673607808017,0.01203334197154401
4716,0.5,0.6155091226779933,0,1,1,0,0.02751709664885116,0.012753590699512136
4717,0.5,0.622282188649007,0,1,1,0,0.027812636172598097,0.012907373743143793
4718,0.5,0.6289001414628348,0,1,1,0,0.025753509746372093,0.013764559652188325
4719,0.5,0.6232133863042594,0,1,1,0,0.021450335729900037,0.01633573490350857
4720,0.5,0.645819951293331,0,1,1,0,0.017557893519076048,0.01797879347750848
4721,0.5,0.6931799442362566,0,1,1,0,0.016380689042551584,0.015739671728161
4722,0.5,0.7164888384789231,1,1,1,0,0.01360010377188863,0.009957356570773842
4723,0.5,0.6332689767344495,1,0,1,1,0.009140664173444148,0.006642016061523287
4724,0.5,0.6117230315209298,1,0,1,1,0.004142302750919193,0.009719600062837687
4725,0.5,0.6049712284740624,1,0,1,1,-0.005551566797225016,0.011189934417361828
4726,0.5,0.6117681855422089,1,0,0,1,-0.012280432265657821,0.009082324543646972
4727,0.5,0.6156258262083631,1,0,0,1,-0.015100371517647855,0.0031850499122034375
4728,0.5,0.6045658449263346,1,0,0,1,-0.0142172474907731,-0.004345241898733027
4729,0.5,0.58481815903587,1,0,0,1,-0.011516586125804154,-0.011632872100737027
4730,0.5,0.5759449016662862,1,0,0,1,-0.009312763177124797,-0.018296634227456934
4731,0.5,0.564866747410206,1,0,0,1,-0.007176010063115544,-0.024349934982457223
4732,0.5,0.5546344948806542,1,0,0,1,-0.004445290619984018,-0.029353509995397365
4733,0.5,0.5443545191384483,1,0,0,1,-0.002539467743262692,-0.03188980777415062
4734,0.5,0.550326648379754,1,0,0,1,-0.0010209702536066708,-0.033579063462260736
4735,0.5,0.5542900494275184,1,0,0,1,0.0010277681723509758,-0.035615649499825465
4736,0.5,0.5642909049717746,1,0,0,1,0.0028612505769447143,-0.03782600720587121
4737,0.5,0.5720210676293745,1,0,0,1,0.0039216296693565635,-0.03948747443792942
4738,0.5,0.5799813120367497,1,0,0,1,0.005227620798455111,-0.04044121623664591
4739,0.5,0.5832784825158979,1,0,0,1,0.006504454853726444,-0.03975309917812881
4740,0.5,0.5903908667187607,1,0,0,1,0.007668619963718055,-0.03784735235745301
4741,0.5,0.6127925624164764,1,0,0,1,0.009187530532327183,-0.035354174161709065
4742,0.5,0.6425367929406425,1,0,0,1,0.012873916446275026,-0.03384570295532381
4743,0.5,0.64845520012071,1,0,1,1,0.017707304197412236,-0.031363450007895005
4744,0.5,0.6495918015167294,1,0,1,1,0.017031004131741845,-0.023501830077838102
4745,0.5,0.6645140895540703,1,0,1,1,0.01617828162875446,-0.014809903008101253
4746,0.5,0.681588343630468,0,1,1,1,0.022348341817466883,-0.00802187732221283
4747,0.5,0.7064232356977521,0,1,1,1,0.03108879049924407,-0.0036564946811223015
4748,0.5,0.7307531632772418,0,1,1,1,0.03648201140596871,0.0016148622681217127
4749,0.5,0.7595913827676372,0,1,1,1,0.03945763060884132,0.006546573020858614
4750,0.5,0.7467303542287212,0,1,1,0,0.03764977558322367,0.009683891621869634
4751,0.5,0.7567363350967071,0,1,1,0,0.03373320761540326,0.009824204624836744
4752,0.5,0.7474379940194593,0,1,1,0,0.03172533850111212,0.008494034862975394
4753,0.5,0.7149078270028661,0,1,1,0,0.03066160438679411,0.009266711850401208
4754,0.5,0.7214856032485629,0,1,1,0,0.030696966334894788,0.009018788167228245
4755,0.5,0.7042270339070403,0,1,1,0,0.030874775115996563,0.008389730510518507
4756,0.5,0.6889101806510679,0,1,1,0,0.032669579230538474,0.01045699917271278
4757,0.5,0.6800656902266812,0,1,1,0,0.035268999428341094,0.013350481510952849
4758,0.5,0.6711024949336126,0,1,1,0,0.039264629026453134,0.017420269731870087
4759,0.5,0.6572727599403272,0,1,1,0,0.04447869330734216,0.02331851110830557
4760,0.5,0.6797030136666874,0,1,1,0,0.04932827315883011,0.028927970653793558
4761,0.5,0.6793478075431402,0,1,1,0,0.053201472362938755,0.03282008248572495
4762,0.5,0.6986062513351765,0,1,1,0,0.055372081528970295,0.03504262422785405
4763,0.5,0.7177131826201109,0,1,1,0,0.05690914260413565,0.03569783416079388
4764,0.5,0.7464791471593323,0,1,1,0,0.055915456596715124,0.03610095899964319
4765,0.5,0.7537760963330232,1,0,1,0,0.05191965067370581,0.035457039860726486
4766,0.5,0.7109511721016377,1,0,1,0,0.03560735118204034,0.031217274788143415
4767,0.5,0.670465299765243,1,0,1,1,0.016630369451113427,0.0262691808920398
4768,0.5,0.6301373248391358,1,0,1,1,0.005901289601201175,0.024777257322126035
4769,0.5,0.5991385005705865,1,0,0,1,0.001002333877354725,0.022527521154082224
4770,0.5,0.5727582992043388,1,0,0,1,0.0010946094915985356,0.015193763258517557
4771,0.5,0.5750001236832826,1,0,0,1,0.0019178161345290274,0.003200723457592534
4772,0.5,0.5642081066728044,1,0,0,1,0.0027740458114601336,-0.010417089627166407
4773,0.5,0.550770412165767,1,0,0,1,0.004888445271501925,-0.02346098975594318
4774,0.5,0.5320967954179405,1,0,0,1,0.0076610621724145875,-0.03377372396488935
4775,0.5,0.5143844351882607,1,0,0,1,0.010252153408509745,-0.0405353804964052
4776,0.5,0.5099499918630988,1,0,0,1,0.010885812061532125,-0.04364052375905981
4777,0.5,0.5079380799259581,1,0,0,1,0.011972071556671904,-0.045510755640556386
4778,0.5,0.522081291875644,1,0,0,1,0.014589126813377042,-0.0477733815169423
4779,0.5,0.5275645166300696,1,0,0,1,0.01699499738830561,-0.04943374069451204
4780,0.5,0.5352990653791262,1,0,0,1,0.018680863477406273,-0.04989058917191393
4781,0.5,0.5537253809101893,1,0,0,1,0.01932955479296813,-0.050170293345618906
4782,0.5,0.56222666868711,1,0,0,1,0.0194940962646971,-0.049805847567317506
4783,0.5,0.5535333548862004,1,0,0,1,0.018142844608747134,-0.04663939272436115
4784,0.5,0.5986168004530266,1,0,0,1,0.01749547946961465,-0.04441527846290436
4785,0.5,0.6020168006558673,1,0,0,1,0.019171331938474572,-0.04295420822669749
4786,0.5,0.5696101712591489,1,0,1,1,0.01824823232092966,-0.03705742732727275
4787,0.5,0.5997527281623238,1,0,1,1,0.014544435291213138,-0.024983440004947413
4788,0.5,0.622624194843769,1,1,1,1,0.01270196514351783,-0.016468275995432487
4789,0.5,0.6770114302688752,0,1,1,1,0.015693322013908002,-0.010073524238153532
4790,0.5,0.7256799259133511,0,1,1,1,0.020896766052366404,-0.005002066216638666
4791,0.5,0.7277511908993339,0,1,1,0,0.02175736643909167,-0.0025846243247760687
4792,0.5,0.6863126806353975,0,1,1,0,0.017573932282946285,0.0006187644873426815
4793,0.5,0.7058988291656301,0,1,1,0,0.013396295907657571,0.003155432066736955
4794,0.5,0.6662099912877638,0,1,1,0,0.009558543957844026,0.00413359514696789
4795,0.5,0.6642833183290396,0,1,1,0,0.008112461321939244,0.003777458300461684
4796,0.5,0.6553331638044677,0,1,1,0,0.01083317245975715,0.0018714750165725353
4797,0.5,0.6328380500958517,0,1,1,0,0.01353681651284661,0.0014018611493155915
4798,0.5,0.6186718257224951,0,1,1,0,0.015090567328880556,0.00214374294148909
4799,0.5,0.5937778878252484,0,1,1,0,0.015889091787128367,0.0035992253622285403
4800,0.8,0.5645710764974253,0,1,1,0,0.017138125533829613,0.006196381111146407
4801,0.8,0.5708189803643582,0,1,1,0,0.018487290722634865,0.008335518390725787
4802,0.8,0.5874298857139585,0,1,1,0,0.01998011773718582,0.008322642696729401
4803,0.8,0.5952142029763424,0,1,1,0,0.020083173583126116,0.007072899864002897
4804,0.8,0.6108260943058972,0,1,1,0,0.017610563419409815,0.005529809538690646
4805,0.8,0.64495451346649,0,1,1,0,0.012654376250203568,0.0021015011387079743
4806,0.8,0.6805752618702643,0,1,1,0,0.007516438330583525,-0.0014010240335674544
4807,0.8,0.7199142033009971,0,0,1,0,0.0013696034000154986,-0.0032317066607213587
4808,0.8,0.6981480697422386,1,0,1,1,-0.007242409856994244,0.0029026164590124684
4809,0.8,0.7129849592731603,1,0,1,1,-0.01657267284898146,0.012403524029451747
4810,0.8,0.7508995556923609,1,0,0,1,-0.023086272059338782,0.01389818454194316
4811,0.8,0.7592525167641712,1,0,0,1,-0.024758102326532132,0.007971406931480777
4812,0.8,0.7544715327178988,1,0,0,1,-0.023327855094472043,-0.000685532199731149
4813,0.8,0.7481146793309382,1,0,0,1,-0.019710294091263566,-0.010468987398357636
4814,0.8,0.7515972130648823,1,0,0,1,-0.015088719066718763,-0.021053184838952663
4815,0.8,0.7554689333669026,1,0,0,1,-0.010137755190472057,-0.031338977789396025
4816,0.8,0.7595683001671503,1,0,0,1,-0.004313139421908414,-0.03977748211770921
4817,0.8,0.7601051179345274,1,0,0,1,0.0023381539465880097,-0.04536726930544908
4818,0.8,0.7667873967027365,1,0,0,1,0.0072040330711215204,-0.047868532414116004
4819,0.8,0.7741883872238754,1,0,0,1,0.009549941158505715,-0.048404329076561586
4820,0.8,0.7910793353246258,1,0,0,1,0.012917608692436348,-0.04958524024138195
4821,0.8,0.8051890930312654,1,0,0,1,0.01760946094504847,-0.05161168967144689
4822,0.8,0.8158132099506562,1,0,0,1,0.02297215666603096,-0.05356954188523055
4823,0.8,0.8140755677086274,1,0,0,1,0.02809765852207895,-0.05391157930674218
4824,0.8,0.8500499605373611,1,0,0,1,0.033683316177414595,-0.05477620643973205
4825,0.8,0.8727621231711872,1,0,0,1,0.041394947500961295,-0.05679380370741688
4826,0.8,0.8704931960566336,1,0,1,1,0.0489631050269115,-0.05730856646621933
4827,0.8,0.8714888220711714,1,0,1,1,0.050729474987528736,-0.05119817693306985
4828,0.8,0.8686485425481668,1,0,1,1,0.05178986798106745,-0.043728246910042005
4829,0.8,0.8908685999716913,0,0,1,0,0.050181532698887685,-0.03576965421772564
4830,0.8,0.8908190440337691,0,0,1,0,0.04682992901218905,-0.028183927454548938
4831,0.8,0.916265330447893,0,0,1,0,0.040062916510760695,-0.02010302782997388
4832,0.8,0.8910332200597232,0,1,1,0,0.02936228870575428,-0.011011408034606074
4833,0.8,0.9153851273564093,0,1,1,0,0.02470280976330186,-0.005283871468099152
4834,0.8,0.9052174631851638,0,1,1,0,0.028005631810948128,-0.0012151775491329514
4835,0.8,0.9144474675203231,0,1,1,0,0.034554828426019556,0.0018516017726356107
4836,0.8,0.9138255717724686,0,1,1,0,0.04054712485249372,0.004354716661092012
4837,0.8,0.9053437569595105,0,1,1,0,0.04412770416339133,0.006631819534619234
4838,0.8,0.8931815078393381,0,1,1,0,0.04596367023873667,0.008857104379831124
4839,0.8,0.8803191873383759,0,1,1,0,0.04783214359118317,0.011242342647544137
4840,0.8,0.88262874109838,0,1,1,0,0.04906084050403772,0.013763385038708666
4841,0.8,0.9016776941904718,0,1,1,0,0.04847861269275501,0.015120999669710238
4842,0.8,0.9136767666878933,0,1,1,0,0.04551394146841822,0.015400857295762547
4843,0.8,0.9477879167241984,0,1,1,0,0.04116139287608325,0.014912441896880705
4844,0.8,0.9839206148582469,0,1,1,0,0.03662708059117002,0.013467753519468101
4845,0.8,1.0159256258150038,1,1,1,0,0.030661466637840123,0.012914889032616828
4846,0.8,1.007401012798029,1,0,1,0,0.02053045352711046,0.011032571622640496
4847,0.8,1.0043182534302115,1,0,1,1,0.006983197853703392,0.008842799714486408
4848,0.8,0.9796926352201955,1,0,0,1,-0.001024027688749143,0.007583523707619273
4849,0.8,0.9639355568864413,1,0,0,1,-0.004557764579362489,0.003176196290746812
4850,0.8,0.9435202295146831,1,0,0,1,-0.007127340049743266,-0.003414929488180966
4851,0.8,0.9192551906635004,1,0,0,1,-0.009430899128854578,-0.00973853391861998
4852,0.8,0.9082738747750098,1,0,0,1,-0.011380662609019487,-0.015454944685396921
4853,0.8,0.8999922078518439,1,0,0,1,-0.011705122681162757,-0.020273808072896974
4854,0.8,0.9027038714679553,1,0,0,1,-0.009187825891674651,-0.024390512630719084
4855,0.8,0.916380715092424,1,0,0,1,-0.005959819845751704,-0.027569629059487236
4856,0.8,0.9190799355877154,1,0,0,1,-0.0024844425217910473,-0.029354624564407707
4857,0.8,0.9239528109411776,1,0,0,1,0.00096147163055136,-0.029139811095174124
4858,0.8,0.931577457641203,1,0,0,1,0.0030871753920362626,-0.028030685105638286
4859,0.8,0.920347930465956,1,0,0,1,0.00580196894153563,-0.02593078832533865
4860,0.8,0.9436996174195895,1,0,0,1,0.008388713929124712,-0.024751446181886464
4861,0.8,0.9510577087167373,1,0,0,1,0.009195802342453274,-0.023085604721380854
4862,0.8,0.9919949318101006,1,0,0,1,0.009088597820482231,-0.02066038590429331
4863,0.8,1.029745642857852,1,0,0,1,0.011669341365310261,-0.018944230506700768
4864,0.8,1.0704441829195899,1,0,0,1,0.01614174932368144,-0.0173868529598318
4865,0.8,1.0354829830235894,0,0,1,0,0.015495310453961358,-0.013541025166198314
4866,0.8,1.0199961384124616,0,1,1,0,0.011038196705051965,-0.007266091003425082
4867,0.8,1.0117175955474347,0,1,1,0,0.01040495488119446,-0.004484974313957308
4868,0.8,1.0061434862911376,0,1,1,0,0.01011073181189958,-0.0019434158890416023
4869,0.8,0.9923325345875068,0,1,1,0,0.011736857045880199,-0.0002308895834170465
4870,0.8,0.9895360393603629,0,1,1,0,0.016310009222065207,0.0012153111172491422
4871,0.8,0.9870463974994226,0,1,1,0,0.020797458319937054,0.002143422002352867
4872,0.8,0.9716617350546689,0,1,1,0,0.022523295630258015,0.0026675535389128
4873,0.8,0.9570998897091654,0,1,1,0,0.022548705707119282,0.0031404916428627028
4874,0.8,0.9301907364531186,0,1,1,0,0.022318740784548343,0.0039370705179177
4875,0.8,0.9187850907962726,0,1,1,0,0.022652905392595,0.00464523338671368
4876,0.8,0.9024152269768955,0,1,1,0,0.02294382241606839,0.0052041312348728155
4877,0.8,0.913894889856384,0,1,1,0,0.022520714562660492,0.005824671186837141
4878,0.8,0.9167266081175591,0,1,1,0,0.02035467374222465,0.005586123114241957
4879,0.8,0.9483350775527594,0,1,1,0,0.017891008995523074,0.004707418084208818
4880,0.8,0.977679295596712,0,1,1,0,0.01472741349884591,0.001906792382004872
4881,0.8,1.0057043629409832,0,1,1,0,0.009794798592753902,-0.0011300264057275493
4882,0.8,1.0184237808339913,1,1,1,0,0.003096565249684084,-0.0035796483988838517
4883,0.8,0.9799011081127817,1,0,1,1,-0.002631826416460329,-0.0035488511510364568
4884,0.8,0.9590011316542063,1,0,0,1,-0.008190369824617011,0.0020593071644587173
4885,0.8,0.9741227129856801,1,0,0,1,-0.013277305891390466,0.0025021382647077628
4886,0.8,0.967758327367622,1,0,0,1,-0.01668811230277285,-0.0018760520071906149
4887,0.8,0.9546190602606458,1,0,0,1,-0.01860062627106426,-0.007176723940952026
4888,0.8,0.9525708494052504,1,0,0,1,-0.020304512463580067,-0.012480197984311112
4889,0.8,0.9410734176429285,1,0,0,1,-0.02091468518670952,-0.016862576792307057
4890,0.8,0.9403491665036322,1,0,0,1,-0.01777498115214235,-0.019772542468193002
4891,0.8,0.9509318154179056,1,0,0,1,-0.012409044175219002,-0.022303116053891073
4892,0.8,0.9757657355498257,1,0,0,1,-0.007273896362863947,-0.02465884243354643
4893,0.8,0.9671402214118658,1,0,0,1,-0.0026399569383397732,-0.025328848265074356
4894,0.8,0.9815621165180599,1,0,0,1,-0.00041428826782205367,-0.023901618842756676
4895,0.8,0.9966034348511681,1,0,0,1,0.0011497915110213611,-0.02365313814098532
4896,0.8,0.9811381490473328,1,0,0,1,0.004785707952363396,-0.021905998173568843
4897,0.8,0.985005708427486,1,0,0,1,0.007600970012929528,-0.019091930431248745
4898,0.8,0.990945994578813,1,0,0,1,0.009424564320077124,-0.016070593065238788
4899,0.8,1.023752564247719,1,0,0,1,0.010396510955757839,-0.013140382128075603
4900,0.8,1.0530793013378468,1,0,0,1,0.01374974443677951,-0.01109075784651347
4901,0.8,1.0888767833944382,1,0,0,1,0.01911151748990601,-0.009711864009504533
4902,0.8,1.0675538983285418,0,0,1,0,0.02363934619871901,-0.004780775993361643
4903,0.8,1.0163659045595093,0,1,1,0,0.027062148934228834,0.0010249093083584304
4904,0.8,1.0138887665994092,0,1,1,0,0.03000954233782919,0.0025619359670568304
4905,0.8,1.0001698684356808,0,1,1,0,0.029374019718402134,0.004232785293811671
4906,0.8,0.9909230176222221,0,1,1,0,0.02855991511056947,0.005143209496753105
4907,0.8,0.9953764784173982,0,1,1,0,0.031091029436943442,0.005211119344438948
4908,0.8,0.992253952909042,0,1,1,0,0.03482808463590491,0.005364971233502726
4909,0.8,0.9921797983096069,0,1,1,0,0.03797785957442121,0.005801020523430671
4910,0.8,0.9763631285131056,0,1,1,0,0.03875413499831025,0.006405957999478952
4911,0.8,0.9631616157896881,0,1,1,0,0.039587866181594995,0.00784837605886355
4912,0.8,0.957042845074331,0,1,1,0,0.042200887880958736,0.010267758805230594
4913,0.8,0.956647727856052,0,1,1,0,0.042733880286549765,0.012540616373602856
4914,0.8,0.9635371051070125,0,1,1,0,0.042090343817942986,0.01443761422825281
4915,0.8,0.9678889961603158,0,1,1,0,0.039658031610019476,0.01591735684260042
4916,0.8,0.9904654501838966,0,1,1,0,0.03676626970629209,0.01629831986797495
4917,0.8,1.0238210544698376,0,1,1,0,0.034413156963266515,0.015488951011494667
4918,0.8,1.0591007712451896,0,1,1,0,0.030666794418735824,0.014217449812159156
4919,0.8,1.0148612059715991,1,1,1,0,0.020924523707955257,0.011279239683805788
4920,0.8,1.0026843407858868,1,0,1,0,0.009142824383472158,0.006642125638175639
4921,0.8,0.9716338685774109,1,0,1,1,-0.0016857663311561396,0.005644313600710409
4922,0.8,0.9348359280864664,1,0,0,1,-0.008472391242409604,0.007394296068933355
4923,0.8,0.9478104218352792,1,0,0,1,-0.011225309224048791,0.005192786773190142
4924,0.8,0.9356152124250086,1,0,0,1,-0.01321267766478173,-0.000996432869106301
4925,0.8,0.917587453593717,1,0,0,1,-0.013774269538889028,-0.007156015472838902
4926,0.8,0.9063147169560086,1,0,0,1,-0.013752931657213375,-0.013028878619111091
4927,0.8,0.8975203562802062,1,0,0,1,-0.012495852124028583,-0.018001385746914983
4928,0.8,0.902151245816522,1,0,0,1,-0.009289735980321106,-0.022115271980799232
4929,0.8,0.9154416512011437,1,0,0,1,-0.0056626602013734656,-0.025251949941073416
4930,0.8,0.918092658369903,1,0,0,1,-0.00206199518374016,-0.0267353997362023
4931,0.8,0.9224187693999881,1,0,0,1,0.0006039161534859911,-0.026240360744886886
4932,0.8,0.9371235109180671,1,0,0,1,0.0010101769323383166,-0.024563099425908973
4933,0.8,0.9236152141894639,1,0,0,1,0.0022015623803688096,-0.021317538914396923
4934,0.8,0.9365038582891487,1,0,0,1,0.0031221605168487362,-0.01753580288127558
4935,0.8,0.9607025636037696,1,0,0,1,0.00398552458481862,-0.014858041666520048
4936,0.8,0.9905208739712892,1,0,0,1,0.003405434829830363,-0.010843966848294584
4937,0.8,1.0375271800869397,1,0,0,1,0.0051971038902951135,-0.00795531212037852
4938,0.8,1.079554149461487,0,0,0,1,0.010536357016513016,-0.0058510986259999315
4939,0.8,1.0635056968613459,0,1,1,1,0.023061738120152376,-0.0028321039790884057
4940,0.8,1.0157504982080758,0,1,1,0,0.029900363198051477,0.00019671642462554162
4941,0.8,1.0393575927581935,0,1,1,0,0.03124621712118799,0.0006744293116216809
4942,0.8,1.0167684695595591,0,1,1,0,0.026936694995831113,-0.001532195766551353
4943,0.8,0.9977520274586038,0,1,1,0,0.02161203136779562,-0.003619982407475654
4944,0.8,0.9756041616504346,0,1,1,0,0.022100991370143395,-0.00348810751795616
4945,0.8,0.9631620662942519,0,1,1,0,0.025688096241532322,-0.001768478101562695
4946,0.8,0.9567877944999653,0,1,1,0,0.02976656483622187,0.0004192602530882493
4947,0.8,0.9394356626958992,0,1,1,0,0.031997429428319714,0.0023520016019452027
4948,0.8,0.9215118092826419,0,1,1,0,0.03363255230984821,0.004753762226439356
4949,0.8,0.919545077235716,0,1,1,0,0.035878310377331045,0.007676945541071125
4950,0.8,0.9300419979723082,0,1,1,0,0.03725894998900551,0.010053645928575012
4951,0.8,0.9301648541918689,0,1,1,0,0.03621533004604543,0.012402429968726106
4952,0.8,0.9405750493320225,0,1,1,0,0.03268540688053439,0.014846947926918585
4953,0.8,0.9578849456196287,0,1,1,0,0.029837701043366572,0.015385477733217634
4954,0.8,0.9929039625264611,0,1,1,0,0.026322529882108626,0.01418556288222934
4955,0.8,1.026816725776097,0,1,1,0,0.022400538660577642,0.012557630948533759
4956,0.8,1.01793454850935,1,1,1,0,0.01554786790427948,0.010888340824074614
4957,0.8,0.974249662548677,1,0,1,1,0.004414828669734074,0.00950183571602711
4958,0.8,0.953160302073871,1,0,1,1,-0.0031292640695269338,0.013710325020864526
4959,0.8,0.9436865275286611,1,0,0,1,-0.010042301370459585,0.015552391240327614
4960,0.8,0.9438368283725477,1,0,0,1,-0.013243665071983962,0.012838751339450817
4961,0.8,0.918948972561967,1,0,0,1,-0.014355274241997729,0.007343786302934204
4962,0.8,0.9010471545439744,1,0,0,1,-0.014198659662779223,0.0011900534335772886
4963,0.8,0.8885984906963444,1,0,0,1,-0.013910853315564782,-0.005691798772891924
4964,0.8,0.8796256539450844,1,0,0,1,-0.012404628920171317,-0.012111414976623306
4965,0.8,0.8803357345932391,1,0,0,1,-0.008703136279425976,-0.0178371339469751
4966,0.8,0.896128100744013,1,0,0,1,-0.004927082931466458,-0.022724502823272832
4967,0.8,0.8949160239655609,1,0,0,1,-0.0014092013040765963,-0.025825347438628094
4968,0.8,0.8937733797010803,1,0,0,1,0.0016682185278069149,-0.026011206675334738
4969,0.8,0.908661564420057,1,0,0,1,0.002895477478689525,-0.025247802198216193
4970,0.8,0.9009331017966372,1,0,0,1,0.004961541742401041,-0.023597160709522075
4971,0.8,0.915676068124868,1,0,0,1,0.007557800584902559,-0.022000941135779377
4972,0.8,0.9315135105829291,1,0,0,1,0.00869491711489872,-0.01958980376494986
4973,0.8,0.9633491708290156,1,0,0,1,0.008139429977188408,-0.0160256297186838
4974,0.8,1.0074731108749058,1,0,0,1,0.010655431585324802,-0.014302718514478464
4975,0.8,1.0463639177910011,1,0,0,1,0.015956777700344833,-0.013363816628131896
4976,0.8,1.0330621569730691,0,1,1,0,0.021869311771039984,-0.009162023675271426
4977,0.8,1.0275131673225797,0,1,1,0,0.024689121277671332,-0.004316732725642974
4978,0.8,1.0378043967204567,0,1,1,0,0.025329949207911765,-0.003381866395236414
4979,0.8,1.0230276665581481,0,1,1,0,0.022351847670588895,-0.0038268483881312007
4980,0.8,1.011887432057759,0,1,1,0,0.020704324189282742,-0.004711542267389991
4981,0.8,0.9974926931161185,0,1,1,0,0.022530213124549225,-0.0047149880645079145
4982,0.8,0.98546941641484,0,1,1,0,0.02487525234984504,-0.0037562629331353453
4983,0.8,0.9704741334848521,0,1,1,0,0.02639331251422716,-0.002428772796069339
4984,0.8,0.9537621446755138,0,1,1,0,0.027108182988494166,-0.0009815876367270623
4985,0.8,0.9412344345284216,0,1,1,0,0.0288144464266041,0.0005269446835106892
4986,0.8,0.9361361556462642,0,1,1,0,0.03047823915563209,0.0019444926814688422
4987,0.8,0.9474323482020911,0,1,1,0,0.03110499605562167,0.0029928988126909084
4988,0.8,0.9487316646839871,0,1,1,0,0.02902564335884475,0.0038884025313422107
4989,0.8,0.9554304738096842,0,1,1,0,0.02461974558773819,0.005248357297683945
4990,0.8,0.9802063102203576,0,1,1,0,0.021305387111818584,0.0058248310537811305
4991,0.8,1.0148439073387994,0,1,1,0,0.017664396432773545,0.004516437599811269
4992,0.8,1.0406136504601193,0,1,1,0,0.012940648896940146,0.002633040819568144
4993,0.8,1.0404475383265408,1,1,1,0,0.005920858920055068,0.0009809521273974927
4994,0.8,0.9968968891111889,1,0,1,1,-0.001607645793235154,0.0010347309115884015
4995,0.8,0.9798339659323734,1,0,0,1,-0.007976717331049108,0.00623282557039294
4996,0.8,0.9903148217561807,1,0,0,1,-0.012791565417277743,0.006453543372868516
4997,0.8,0.9739580078019674,1,0,0,1,-0.015601066141044966,0.002301262768517554
4998,0.8,0.9527535686451777,1,0,0,1,-0.017144835591787276,-0.0026104828320023914
4999,0.8,0.9469969137679454,1,0,0,1,-0.018510377047821314,-0.007850202345854701
5000,0.8,0.9446811380605329,1,0,0,1,-0.01925174717925232,-0.013072900717399409
5001,0.8,0.9470857718040275,1,0,0,1,-0.0171985664747297,-0.017449497645123824
5002,0.8,0.9564273299005065,1,0,0,1,-0.012441138266826544,-0.021187355654042703
5003,0.8,0.9721338076998115,1,0,0,1,-0.007292833227277165,-0.024135063519629633
5004,0.8,0.9586337522121962,1,0,0,1,-0.002852345689139037,-0.024514550071563893
5005,0.8,0.9692287477039871,1,0,0,1,-0.0006883401813723576,-0.022673076519836993
5006,0.8,0.980631793850855,1,0,0,1,0.0007047678009997054,-0.021976682609365483
5007,0.8,0.9736142277964325,1,0,0,1,0.0029949489844947256,-0.01995326390502627
5008,0.8,0.9908392967816329,1,0,0,1,0.004984003495215307,-0.01788467107453277
5009,0.8,0.9917362422190683,1,0,0,1,0.006213949672097481,-0.014850703311229526
5010,0.8,1.039278662547863,1,0,0,1,0.0075136031705732844,-0.011899325505396952
5011,0.8,1.061598680991194,1,0,0,1,0.011327269924445566,-0.00952624261282453
5012,0.8,1.0975653480677765,1,0,0,1,0.01717469818059846,-0.007230909912918044
5013,0.8,1.0271485315680702,0,1,1,0,0.023139815713420293,-0.0006030404308167913
5014,0.8,1.0366714016668783,0,1,1,0,0.026029855488816256,0.005832873435648639
5015,0.8,1.0468085631958057,0,1,1,0,0.02758514403616114,0.007669920933981293
5016,0.8,1.0419066313938559,0,1,1,0,0.026849713214434804,0.006547005542945603
5017,0.8,1.018384029798012,0,1,1,0,0.027104128270210918,0.005237740368369408
5018,0.8,1.0129049594883544,0,1,1,0,0.029916140075858806,0.004636754710484944
5019,0.8,1.0046353085135833,0,1,1,0,0.03348066965080195,0.004638392478843719
5020,0.8,0.9922746923332643,0,1,1,0,0.03517100722636582,0.005194763859242423
5021,0.8,0.9791404954624835,0,1,1,0,0.03644862117727232,0.00642307365599762
5022,0.8,0.9644705002337473,0,1,1,0,0.03889913815359703,0.00899727602175286
5023,0.8,0.9587225987920239,0,1,1,0,0.03971917530382589,0.01166559426462824
5024,0.8,0.9455575397341456,0,1,1,0,0.04027983531632116,0.014998931663178618
5025,0.8,0.9553883404877475,0,1,1,0,0.040901969313817656,0.018846923426001434
5026,0.8,0.9664034970237617,0,1,1,0,0.041163380703349496,0.020892836468885
5027,0.8,0.9907109256823635,0,1,1,0,0.03986311316296032,0.020987688797684156
5028,0.8,1.0295313996753686,0,1,1,0,0.03748501191225355,0.019626425381239255
5029,0.8,1.057379554224994,1,1,1,0,0.03359146584332936,0.018576135672261077
5030,0.8,1.061737563073676,1,0,1,0,0.025011366588891054,0.015620533601231737
5031,0.8,1.033195464330767,1,0,1,1,0.011735108696785164,0.01202912610895019
5032,0.8,0.9770087317156199,1,0,0,1,0.0017894140555161052,0.013420206554893871
5033,0.8,0.9887554676543712,1,0,0,1,-0.0048024897671394215,0.010941903483591812
5034,0.8,0.9761353256465685,1,0,0,1,-0.010123156419935513,0.0032983330931084724
5035,0.8,0.9464755038701709,1,0,0,1,-0.012254652375474203,-0.004118044367813488
5036,0.8,0.9261816487495906,1,0,0,1,-0.011322120218030822,-0.010949899729089545
5037,0.8,0.9127087815643906,1,0,0,1,-0.009326650812337849,-0.017288196522066007
5038,0.8,0.9042080262500668,1,0,0,1,-0.006548812645238317,-0.022341296413217762
5039,0.8,0.9059964984131055,1,0,0,1,-0.001961619578364567,-0.025870152783843355
5040,0.8,0.9192725914385534,1,0,0,1,0.0019722189096123646,-0.028295354411274693
5041,0.8,0.92220437655035,1,0,0,1,0.005457383480475145,-0.029349589768044623
5042,0.8,0.9202404267158253,1,0,0,1,0.00708059872996746,-0.027389664436243764
5043,0.8,0.9327407840734806,1,0,0,1,0.007458268149713848,-0.024773840263412537
5044,0.8,0.9361072652529482,1,0,0,1,0.010106226043567286,-0.023505819535867646
5045,0.8,0.9393499994992122,1,0,0,1,0.011908206344378044,-0.020919550332516256
5046,0.8,0.9632970585588051,1,0,0,1,0.010758221854524092,-0.016707806239699165
5047,0.8,1.0056005148249114,1,0,0,1,0.010930170295306105,-0.013644696745156384
5048,0.8,1.0446461396652738,1,0,0,1,0.014173894570125944,-0.011827698121203262
5049,0.8,1.0672644591885465,0,0,1,1,0.02230070999949425,-0.008131572817919284
5050,0.8,1.005799005749884,0,1,1,0,0.028008987079797574,-0.0032826688609027483
5051,0.8,1.003146869998071,0,1,1,0,0.02873036148480597,-0.0015827659290538094
5052,0.8,0.9836079681228128,0,1,1,0,0.025817479502933737,0.0011448522363396573
5053,0.8,0.9555240966240287,0,1,1,0,0.022341066031506207,0.004745485239733202
5054,0.8,0.9488405142859895,0,1,1,0,0.021693730759462126,0.006651439290032562
5055,0.8,0.9391641751501344,0,1,1,0,0.023789304682357713,0.007581313980383365
5056,0.8,0.9248136649410509,0,1,1,0,0.02643890952735126,0.007575747372753584
5057,0.8,0.9151619298239652,0,1,1,0,0.029206692858972233,0.007222642469582138
5058,0.8,0.9024408571787121,0,1,1,0,0.032811625762185506,0.007537541858705362
5059,0.8,0.9048275737278384,0,1,1,0,0.03518811045170092,0.007964809408833037
5060,0.8,0.9061696516472982,0,1,1,0,0.035572087395552704,0.007931576522128636
5061,0.8,0.9153925533566469,0,1,1,0,0.03296046692754417,0.008114557264602496
5062,0.8,0.9249292301573069,0,1,1,0,0.028013300064651987,0.008556047715192663
5063,0.8,0.9516509335079756,0,1,1,0,0.024252688340194832,0.008549429636651725
5064,0.8,0.9812046111981816,0,1,1,0,0.02005360803093217,0.007626983755788401
5065,0.8,1.0087687394466553,1,1,1,0,0.014186779436915493,0.00654820223842013
5066,0.8,1.0354790267507799,1,1,1,0,0.006493577491487828,0.003365548966607923
5067,0.8,1.0005710655006685,1,0,1,1,-0.0030072373302814782,0.00013592982287844306
5068,0.8,0.9581566067796378,1,0,1,1,-0.012074403424268257,0.004330281516671403
5069,0.8,0.9759977466800899,1,0,0,1,-0.021292883014949436,0.0066964687581976936
5070,0.8,0.9912887772445617,1,0,0,1,-0.026415809555567563,0.002350304270041463
5071,0.8,0.9765962277197399,1,0,0,1,-0.027801086673378172,-0.003367396516950343
5072,0.8,0.955822760109223,1,0,0,1,-0.02617683788356996,-0.007763051397155684
5073,0.8,0.9490585417694236,1,0,0,1,-0.023401350232268567,-0.011820878912333908
5074,0.8,0.9452924834781568,1,0,0,1,-0.02077289632821894,-0.015380851693505046
5075,0.8,0.9561249274488117,1,0,0,1,-0.01680554936306142,-0.0181929984911121
5076,0.8,0.9698474017375021,1,0,0,1,-0.01203036117574399,-0.02045548031793522
5077,0.8,0.9854078523534002,1,0,0,1,-0.00820815814428444,-0.021727491621230034
5078,0.8,0.9832965469958574,1,0,0,1,-0.005521090678103166,-0.021106313636672185
5079,0.8,0.9891541436102095,1,0,0,1,-0.004411009528718254,-0.018238807326619377
5080,0.8,0.9999610058956111,1,0,0,1,-0.0028461550132363686,-0.01567061200886828
5081,0.8,1.0000890858015745,1,0,0,1,-0.0009760176731832618,-0.012111974804318805
5082,0.8,1.0170565189030873,1,0,0,1,0.0007119088504872718,-0.00838065368608935
5083,0.8,1.0470108554375366,1,0,0,1,0.0004180850807550318,-0.003671078987346755
5084,0.8,1.0915297044739471,1,0,0,1,0.0023003220139417636,-0.0007558796373283634
5085,0.8,1.1321801727769876,0,1,0,1,0.008589193575506075,0.0016148553069068854
5086,0.8,1.1501969409114656,0,1,1,1,0.022890393206372435,0.0025164876473454836
5087,0.8,1.0671558976496145,0,1,1,0,0.028803435963374608,0.0038794574296945328
5088,0.8,1.0537802898028896,0,1,1,0,0.02938161529463675,0.00456839531405022
5089,0.8,1.0411641938722043,0,1,1,0,0.028392016282489652,0.00368726647529712
5090,0.8,1.0181877849703522,0,1,1,0,0.02749271177506053,0.0026447540311641433
5091,0.8,1.0030087011990332,0,1,1,0,0.02799149287227541,0.001380704520015353
5092,0.8,0.9941099291537732,0,1,1,0,0.02935137739405086,0.00033057248034070596
5093,0.8,0.9779350858927531,0,1,1,0,0.031024278937415894,-0.00025384413418856594
5094,0.8,0.9640867873835615,0,1,1,0,0.03287466106058298,0.0004998256392566556
5095,0.8,0.9521980673243774,0,1,1,0,0.03563260437001768,0.002348836744664608
5096,0.8,0.9445175497782924,0,1,1,0,0.03814391539298266,0.005424125025710922
5097,0.8,0.9724896399807643,0,1,1,0,0.03868398266341842,0.007900923376538391
5098,0.8,0.9666881306767842,0,1,1,0,0.037125788227809785,0.010213754076194502
5099,0.8,0.9862486130047038,0,1,1,0,0.034389111182443956,0.012192307876419202
5100,0.8,1.0211089042513612,0,1,1,0,0.03357115302343428,0.013123703306046624
5101,0.8,1.0608479866805773,0,1,1,0,0.031309709640974806,0.01340037604311303
5102,0.8,1.0647539776739567,1,1,1,0,0.025973216613240424,0.013004671582642208
5103,0.8,1.069578224421254,1,0,1,0,0.016974652707275995,0.010086665871046327
5104,0.8,1.072360886382395,1,0,1,1,0.0028378444767695925,0.006493488918635477
5105,0.8,1.0137551795766662,1,0,1,1,-0.008220288298712276,0.0078068114772354025
5106,0.8,1.0019382395134122,1,0,0,1,-0.01450236519395449,0.009299469448410692
5107,0.8,1.0029493457222218,1,0,0,1,-0.017374172869444253,0.005120621322564752
5108,0.8,0.983028948676096,1,0,0,1,-0.01748741699388377,-0.0008822149255036768
5109,0.8,0.9587010825001934,1,0,0,1,-0.014678694629925004,-0.006401306462302121
5110,0.8,0.9441924267601498,1,0,0,1,-0.011679453013253387,-0.01169685071862081
5111,0.8,0.9257521158761715,1,0,0,1,-0.010108531872188617,-0.015568416113736194
5112,0.8,0.9304532048416004,1,0,0,1,-0.0074685779266770655,-0.018255091630345138
5113,0.8,0.9454408960535946,1,0,0,1,-0.004797587716168029,-0.02048555272189969
5114,0.8,0.9666021039575082,1,0,0,1,-0.003587980477193986,-0.021540855485625097
5115,0.8,0.9608412682778799,1,0,0,1,-0.0011974855362260918,-0.02017172691192713
5116,0.8,0.9735049841231229,1,0,0,1,-6.251119823233654e-05,-0.01675227654621199
5117,0.8,0.9656866592917389,1,0,0,1,0.0016174370300777166,-0.013150652471103254
5118,0.8,0.9782028212090675,1,0,0,1,0.003382202883183391,-0.009068260430236775
5119,0.8,1.00097463340757,1,0,0,1,0.0026336062366839196,-0.004594684604876848
5120,0.8,1.0344909776033695,1,0,0,1,0.0017370586313440004,0.0004038677514212147
5121,0.8,1.0997370448600485,0,0,0,1,0.008525885238460373,0.0039660821408906855
5122,0.8,1.0668167428622444,0,1,0,1,0.025329821970095635,0.007132252586626582
5123,0.8,1.0220535019417416,0,1,1,0,0.036055350661122,0.010589163308351024
5124,0.8,1.018167178847284,0,1,1,0,0.03467918301354206,0.014647405315970571
5125,0.8,1.0037846637909973,0,1,1,0,0.02903780858877373,0.013788230806707682
5126,0.8,0.9872043726417152,0,1,1,0,0.02395986525645039,0.010586046466607433
5127,0.8,0.9578008856314045,0,1,1,0,0.023777719122884372,0.0076867719016729015
5128,0.8,0.9410732853409653,0,1,1,0,0.02622659478586576,0.006314443091083122
5129,0.8,0.9263072785803336,0,1,1,0,0.028916899093142486,0.0052719491613988255
5130,0.8,0.9168747336257326,0,1,1,0,0.03296632174792041,0.005266371691035012
5131,0.8,0.9094256270021484,0,1,1,0,0.038635130677241294,0.0075053882126637226
5132,0.8,0.9123951249220491,0,1,1,0,0.0412587923308384,0.010650571044548215
5133,0.8,0.9170572973950819,0,1,1,0,0.04142619706207557,0.013554992365836729
5134,0.8,0.9213666098782495,0,1,1,0,0.04067116626517705,0.016631171716202212
5135,0.8,0.9339933825602138,0,1,1,0,0.03884221775366118,0.018761405119955124
5136,0.8,0.9671149980671947,0,1,1,0,0.037889305780155404,0.019941778580510838
5137,0.8,1.003064999193568,0,1,1,0,0.03609165160030077,0.020337696300699315
5138,0.8,0.9996882268994144,1,1,1,0,0.029330614316468512,0.019337648488737064
5139,0.8,1.001850755756118,1,0,1,0,0.017555516048236512,0.014735367845764421
5140,0.8,1.0011807483327688,1,0,1,0,0.000678109375501704,0.009215485433841963
5141,0.8,0.9381988876543966,1,0,1,1,-0.01163548825402545,0.008278912025926129
5142,0.8,0.9345615555881795,1,0,0,1,-0.01738407041711235,0.008517647683415895
5143,0.8,0.9386479556541751,1,0,0,1,-0.019482106827378703,0.0026891223044783396
5144,0.8,0.9248266554247283,1,0,0,1,-0.018169830905309273,-0.005387653730291756
5145,0.8,0.9094896316193382,1,0,0,1,-0.014590832706380445,-0.013614106585514539
5146,0.8,0.8972849931018847,1,0,0,1,-0.011379657922772079,-0.021185549336472098
5147,0.8,0.8842580086733922,1,0,0,1,-0.008946011056824256,-0.026815195480121005
5148,0.8,0.884178961733373,1,0,0,1,-0.005794750142307839,-0.03021645013205839
5149,0.8,0.9002121213742637,1,0,0,1,-0.0029599464131683487,-0.0320803769028415
5150,0.8,0.9156767725834785,1,0,0,1,-0.001460008537992399,-0.03207174182502419
5151,0.8,0.9144858261179432,1,0,0,1,0.0012527619036481342,-0.029656110603905553
5152,0.8,0.9374904241197658,1,0,0,1,0.0020787088399431075,-0.026165471220030014
5153,0.8,0.9114471662489299,1,0,0,1,0.003402970282307303,-0.021341238069553112
5154,0.8,0.9193817316129691,1,0,0,1,0.00396665086489597,-0.015270349214622793
5155,0.8,0.9496429709388998,1,0,0,1,0.002544294134971181,-0.010403427916098504
5156,0.8,0.9870350343535943,1,0,0,1,0.0007767210117624961,-0.006211727776789806
5157,0.8,1.0233068456424608,1,0,0,1,0.0027880871751987412,-0.00294484717657502
5158,0.8,1.0693696919692446,0,1,0,1,0.012273967012986196,0.0006735859217543673
5159,0.8,0.9850731240926404,0,1,1,0,0.021421762223483416,0.002708783247707982
5160,0.8,1.004460491652031,0,1,1,0,0.02160018470439479,0.004789400292924077
5161,0.8,0.9748710940404777,0,1,1,0,0.018518473351532484,0.0019957994140723297
5162,0.8,0.9583936703158288,0,1,1,0,0.014544668701759153,-0.0015354803745519967
5163,0.8,0.9267898618405759,0,1,1,0,0.014733232681336039,-0.003752354829159492
5164,0.8,0.910790112182399,0,1,1,0,0.01795117724754854,-0.004562910148188443
5165,0.8,0.9020990025773186,0,1,1,0,0.021857825849371362,-0.005143467883011713
5166,0.8,0.8779905066564937,0,1,1,0,0.023591176170358785,-0.005345586015821915
5167,0.8,0.8636103954878973,0,1,1,0,0.02432623340698615,-0.004835908049940385
5168,0.8,0.8614428593991819,0,1,1,0,0.02566150773160139,-0.004258056842031636
5169,0.8,0.8534731366392989,0,1,1,0,0.026227841370396722,-0.003011989544873663
5170,0.8,0.8663793919117004,0,1,1,0,0.02483620443784095,-0.0018009968678564183
5171,0.8,0.8772303043384541,0,1,1,0,0.021249774513392338,-0.001473409245484973
5172,0.8,0.9034955429704494,0,1,1,0,0.016574618988399892,-0.002317396514618862
5173,0.8,0.9391658256402462,0,1,1,0,0.011816573864876036,-0.004181547452450204
5174,0.8,0.9713003122526052,0,1,1,0,0.006259806357260112,-0.006122486611126925
5175,0.8,0.9954308372958162,0,1,1,0,-0.00010053716842128849,-0.006954899018801313
5176,0.8,0.9866143047237912,1,0,1,1,-0.00715305711116929,-0.004965599074180191
5177,0.8,0.9483256814870248,1,0,1,1,-0.013289095380973039,0.0038639505600444237
5178,0.8,0.9809494905828925,1,0,0,1,-0.019026023133647117,0.009498352844142296
5179,0.8,1.0071237608109025,1,0,0,1,-0.023342371089314484,0.0060901816612447465
5180,0.8,0.9819341989088277,1,0,0,1,-0.025392433666632956,0.000465447405078424
5181,0.8,0.959252121407607,1,0,0,1,-0.025000685519683163,-0.00422716188171446
5182,0.8,0.9536881547474441,1,0,0,1,-0.02295516184938534,-0.008815139123243292
5183,0.8,0.953144474935088,1,0,0,1,-0.01983641213630927,-0.013619365689636835
5184,0.8,0.9594085143270803,1,0,0,1,-0.016097878221145542,-0.01789766836707268
5185,0.8,0.9640388461642951,1,0,0,1,-0.011724738991600852,-0.021032841070232358
5186,0.8,0.967119416591506,1,0,0,1,-0.007903702992379337,-0.02219657537294918
5187,0.8,0.9736677097571967,1,0,0,1,-0.005953615191440707,-0.021642364713143118
5188,0.8,0.9844340120365744,1,0,0,1,-0.005156848818889859,-0.020597211499740798
5189,0.8,0.9841000853288829,1,0,0,1,-0.003307999590293211,-0.019020271937995784
5190,0.8,0.9940612664716988,1,0,0,1,-0.0004890876791911544,-0.017361431292880872
5191,0.8,1.0060718144280523,1,0,0,1,0.002950202020748208,-0.015660465175423237
5192,0.8,1.0369941553527737,1,0,0,1,0.005357588913690513,-0.01303449063543531
5193,0.8,1.0740584779018216,1,0,0,1,0.010284659234350749,-0.011800674228028859
5194,0.8,1.106961644184559,1,0,0,1,0.016891289871296632,-0.011462942601459997
5195,0.8,1.0878529227021358,0,0,1,0,0.023017867318775392,-0.008449458481456607
5196,0.8,1.051890120704855,0,1,1,0,0.027529797519206388,-0.004098479220194476
5197,0.8,1.058200703976851,0,1,1,0,0.0317704977371908,-0.0032987601437910966
5198,0.8,1.0441076085516592,0,1,1,0,0.03174509826653795,-0.0022546645259227715
5199,0.8,1.0422093495275828,0,1,1,0,0.030280809095934724,-0.0021650771993907817
5200,0.8,1.0393471676123112,0,1,1,0,0.032248560588431195,-0.002359518937690912
5201,0.5,1.0379567526750566,0,1,1,0,0.0352228017039866,-0.0015023402072890202
5202,0.5,1.029474026413956,0,1,1,0,0.03727277902897875,4.5584079318262186e-05
5203,0.5,1.0214340567161944,0,1,1,0,0.03882092340621873,0.0025069567702024915
5204,0.5,1.0082057431025122,0,1,1,0,0.03947691538169322,0.005421078433717317
5205,0.5,0.991556856834495,0,1,1,0,0.04096867195977867,0.009281616243091732
5206,0.5,0.9867366462632315,0,1,1,0,0.04400921208840287,0.013758205685141772
5207,0.5,0.9845362525107902,0,1,1,0,0.046986375452141176,0.018592556219405414
5208,0.5,0.9965118693119922,0,1,1,0,0.048892130392959324,0.02292475926562021
5209,0.5,0.9968216816132868,0,1,1,0,0.04990120851414681,0.02640426303438711
5210,0.5,1.0163601736857597,0,1,1,0,0.05153370272735257,0.029925859038726244
5211,0.5,1.0480157046477767,1,1,1,0,0.05308641773170046,0.0317801096673563
5212,0.5,1.0234586307340607,1,1,1,0,0.045207065077204664,0.028714448123455586
5213,0.5,0.993568478098334,1,1,1,0,0.035375801695943496,0.023268004901141833
5214,0.5,0.952495148593104,1,0,1,0,0.02418284941542939,0.01836381559745857
5215,0.5,0.904110113025289,1,0,1,1,0.011257942474662838,0.013225108377016976
5216,0.5,0.8840258627647916,1,0,0,1,0.0019137638302770355,0.01053195642345685
5217,0.5,0.8750420046385636,1,0,0,1,-0.00538263397156663,0.004705077719239644
5218,0.5,0.8182134235947374,1,0,0,1,-0.009137219721934367,6.977728551327937e-05
5219,0.5,0.7931660645051287,1,0,0,1,-0.00996785470220126,-0.003575754750568329
5220,0.5,0.7817479348942105,1,0,0,1,-0.011918848718724728,-0.008046018035881824
5221,0.5,0.7611231669460413,1,0,0,1,-0.013751875874904028,-0.011578032117385895
5222,0.5,0.741350704386055,1,0,0,1,-0.0141405361977216,-0.013760892400065528
5223,0.5,0.7200393755490745,1,0,0,1,-0.01560912521241886,-0.013170149787302488
5224,0.5,0.7230118248566009,1,0,0,1,-0.016866214932937947,-0.01255236236980338
5225,0.5,0.7336294751149375,1,0,0,1,-0.015018446054693099,-0.011987371767749737
5226,0.5,0.7413457934772604,1,0,0,1,-0.013702637481529964,-0.009744481008530308
5227,0.5,0.707995885068763,1,0,0,1,-0.012828032178529618,-0.004294317339957115
5228,0.5,0.7196689703647179,1,0,0,1,-0.015450091896208844,0.0024507599276347323
5229,0.5,0.7553001240120727,1,0,0,1,-0.018547365551717935,0.0062401154509581684
5230,0.5,0.762289577110667,1,0,0,1,-0.02202334486141272,0.009875784514713755
5231,0.5,0.7688355779832328,1,0,0,1,-0.027235453402528666,0.0173641146907285
5232,0.5,0.8002979359192987,1,1,0,1,-0.031193375526575057,0.025570434363330237
5233,0.5,0.8636535847463945,0,1,0,1,-0.0236461023049267,0.027302940153046962
5234,0.5,0.8634605706503254,0,1,0,1,-0.009671954356138985,0.02567017959425648
5235,0.5,0.8500988679301071,0,1,1,1,-0.0011091177518234158,0.0278010437999834
5236,0.5,0.8690362924387153,0,1,1,0,0.0015946692388872047,0.02969591706107938
5237,0.5,0.8088101031963577,0,1,1,0,-0.0005734501979940532,0.026986460394369992
5238,0.5,0.800595887770571,0,1,1,0,-0.003218859779198494,0.022419916286440588
5239,0.5,0.7827493069844011,0,1,1,0,-0.0043921277780771375,0.014633930446323154
5240,0.5,0.7255008042577316,0,1,1,0,-0.0052013683178522355,0.009269245364215827
5241,0.5,0.7339731000424949,0,1,1,0,-0.004899978691517591,0.0031792328435304887
5242,0.5,0.6925543950583212,0,1,1,0,-0.004941645830366187,-0.0022095755224879852
5243,0.5,0.6804939650785299,0,1,1,0,-0.004559554957048478,-0.005353013223810558
5244,0.5,0.6472929816714662,0,1,1,0,-0.0024541022374157608,-0.006432749135679914
5245,0.5,0.6194993590749612,0,1,1,0,0.002139640613320791,-0.003913759164742908
5246,0.5,0.6063106599426101,0,1,1,0,0.008498496037053388,0.0006096609169579969
5247,0.5,0.6045400127591627,0,1,1,0,0.015646906667024396,0.006235103377627618
5248,0.5,0.5995642928780425,0,1,1,0,0.022830461260433636,0.012093565596681037
5249,0.5,0.60673051772703,0,1,1,0,0.02889531782666247,0.01669863948106282
5250,0.5,0.6253229867907183,0,1,1,0,0.032816015595850324,0.01905228688204781
5251,0.5,0.6665317529633965,0,1,1,0,0.03605724566234177,0.019970810576256152
5252,0.5,0.7174866876800334,1,1,1,0,0.036972206448699016,0.019022289084944997
5253,0.5,0.7192454084114218,1,1,1,0,0.03134233560462373,0.01588429055740705
5254,0.5,0.7090098291217213,1,0,1,0,0.022881624086993037,0.011603279273091106
5255,0.5,0.6594795285623063,1,0,1,1,0.011562967430963123,0.010865372562770878
5256,0.5,0.6405349842360589,1,0,1,1,0.004042217480305112,0.01486310580377835
5257,0.5,0.6186492881835809,1,0,0,1,-0.001501483467539869,0.017389462833617707
5258,0.5,0.6359415653945354,1,0,0,1,-0.003731936111827297,0.013461371612319261
5259,0.5,0.6059788467248411,1,0,0,1,-0.0037498869964348066,0.005242372828827665
5260,0.5,0.5974927238454905,1,0,0,1,-0.0014430510137825147,-0.004044290905023837
5261,0.5,0.5854197896151675,1,0,0,1,0.0008266287425166994,-0.015102459016575843
5262,0.5,0.5704151569753506,1,0,0,1,0.0033562492452558017,-0.025120500093013823
5263,0.5,0.5535667681306714,1,0,0,1,0.005773918246918418,-0.03330270572617232
5264,0.5,0.5430389829695342,1,0,0,1,0.007356022239718629,-0.038425211840309434
5265,0.5,0.5438760687837668,1,0,0,1,0.009350333520173115,-0.04158445710069171
5266,0.5,0.5511706611064019,1,0,0,1,0.012469404744288183,-0.044093846693823956
5267,0.5,0.5609243893443094,1,0,0,1,0.014752373660408569,-0.046723487038426534
5268,0.5,0.5674112477026216,1,0,0,1,0.016434038555298274,-0.04857134919093685
5269,0.5,0.5696731438025814,1,0,0,1,0.017826452607979857,-0.049082979882751725
5270,0.5,0.5716972668380552,1,0,0,1,0.018383331290927167,-0.048276416358648086
5271,0.5,0.5634239308781478,1,0,0,1,0.017986693493399347,-0.045424294206507614
5272,0.5,0.5896397389951652,1,0,0,1,0.018682501728845308,-0.043220880208282984
5273,0.5,0.5959017132285678,1,0,0,1,0.021222414729154423,-0.041707116160744864
5274,0.5,0.5753378560056669,1,0,1,1,0.021919537739216514,-0.0371554329223269
5275,0.5,0.6112031142116731,1,0,1,1,0.019278561002664923,-0.027113897000218965
5276,0.5,0.6397156663957441,0,0,1,1,0.0194216765314424,-0.01874914334491805
5277,0.5,0.7157732665581056,0,1,1,1,0.02360542313833625,-0.010559070291433693
5278,0.5,0.730735778846113,0,1,1,1,0.030695082576295062,-0.003462583582249652
5279,0.5,0.7917345444674702,0,1,1,1,0.034414924517705524,0.0026510698932729567
5280,0.5,0.8455611698821873,0,1,1,1,0.036746152430785696,0.006431454371650901
5281,0.5,0.8455172738691247,0,1,1,0,0.03228819464245315,0.006800032624062417
5282,0.5,0.8417850867205062,0,1,1,0,0.023899641857356973,0.004375838774487109
5283,0.5,0.8335793668311805,0,1,1,0,0.01736599336638131,0.0005012892835948775
5284,0.5,0.8152432212849721,0,1,1,0,0.01354921305356785,-0.0035515824200060956
5285,0.5,0.785224043190757,0,1,1,0,0.011733707865922163,-0.005525724350851297
5286,0.5,0.7795490485828293,0,1,1,0,0.011539047227331643,-0.00673608292274491
5287,0.5,0.7714966556124726,0,1,1,0,0.013587554473446235,-0.007035532439413995
5288,0.5,0.756611359539141,0,1,1,0,0.01717831983422153,-0.005373065280310561
5289,0.5,0.7389437794579413,0,1,1,0,0.01967248106744826,-0.001955480313283653
5290,0.5,0.721326116658556,0,1,1,0,0.022290181318970405,0.0028047826523483754
5291,0.5,0.7445222602864483,0,1,1,0,0.02481252219259671,0.007028121644061371
5292,0.5,0.7343968563475906,0,1,1,0,0.026437385625199865,0.010375472820085005
5293,0.5,0.7562120817585432,0,1,1,0,0.02720530967787797,0.012676431161385776
5294,0.5,0.7810546912963294,0,1,1,0,0.027495260013885393,0.012446935764070646
5295,0.5,0.8149113345175301,0,1,1,0,0.026088452051067683,0.011138669666033862
5296,0.5,0.8567639175152202,0,1,1,0,0.02446991697775742,0.00962670548405728
5297,0.5,0.7892451101925215,1,0,1,0,0.01311581521441356,0.009899762630442527
5298,0.5,0.7559120318949065,1,0,1,1,0.0006683693622512809,0.01187215189476181
5299,0.5,0.768207007317506,1,0,1,1,-0.010647686188179224,0.01428805116738482
5300,0.5,0.7281216034583478,1,0,0,1,-0.01648852285599438,0.012784223601305754
5301,0.5,0.720798270494951,1,0,0,1,-0.017429259488762026,0.006857743019256115
5302,0.5,0.7151221322663728,1,0,0,1,-0.017011470961000325,-0.0017424789652621684
5303,0.5,0.7002425869687201,1,0,0,1,-0.014569253570115787,-0.011344313471345145
5304,0.5,0.6823136476898493,1,0,0,1,-0.01066393590317995,-0.02024447175746294
5305,0.5,0.6675748941325871,1,0,0,1,-0.006905248201423658,-0.02737450203723077
5306,0.5,0.647708663209887,1,0,0,1,-0.004457562503891712,-0.030983398731891335
5307,0.5,0.6469260689181389,1,0,0,1,-0.0027245019458756676,-0.03221906922660437
5308,0.5,0.6529653005773707,1,0,0,1,-0.001447073435932977,-0.032304280640952004
5309,0.5,0.6479964198146356,1,0,0,1,0.0001858507089518689,-0.03154137853596072
5310,0.5,0.6511909373416274,1,0,0,1,0.0003161341971535188,-0.02967753689086459
5311,0.5,0.6758655980260199,1,0,0,1,-5.2682752222961154e-05,-0.02889566561822324
5312,0.5,0.671069182375093,1,0,0,1,-0.0004434568425984375,-0.02733315136098052
5313,0.5,0.665519969385878,1,0,0,1,-0.0018533494388967885,-0.023042857365090794
5314,0.5,0.6888306470861159,1,0,0,1,-0.0036612881621818066,-0.018550250667741304
5315,0.5,0.7068054686696139,1,0,0,1,-0.003977034350364214,-0.014757505558948211
5316,0.5,0.73673416671702,1,0,0,1,-0.0016812349075588232,-0.012215937331187771
5317,0.5,0.7851614895028718,1,0,1,1,0.0024101475695723733,-0.011526578838846049
5318,0.5,0.7313871105465701,1,1,1,1,0.0030137727974828663,-0.0055614675804687526
5319,0.5,0.7960186407064485,0,1,1,1,0.006769642381134184,0.0011763574932944125
5320,0.5,0.8114514259487563,0,1,1,1,0.015388945629881034,0.004782465223255304
5321,0.5,0.7816241208837498,0,1,1,0,0.018669994235354967,0.007912200014943816
5322,0.5,0.8152840874024206,0,1,1,0,0.019199301743910296,0.008090371160573939
5323,0.5,0.8044554437560167,0,1,1,0,0.018929503045795455,0.004721315453217327
5324,0.5,0.7737746207692399,0,1,1,0,0.016649677242157483,0.002524500179160781
5325,0.5,0.792989340015651,0,1,1,0,0.014355195411748865,-0.0022080768073375044
5326,0.5,0.7608183944592865,0,1,1,0,0.013236045021504503,-0.006532124786678936
5327,0.5,0.7454062046416425,0,1,1,0,0.01259678712283437,-0.007357704345492057
5328,0.5,0.7354998425551986,0,1,1,0,0.01300535633682052,-0.00785088700376982
5329,0.5,0.7234141140228121,0,1,1,0,0.014992720444294701,-0.006861984036097619
5330,0.5,0.7055524726882451,0,1,1,0,0.01709956586850733,-0.004395069047752345
5331,0.5,0.6806800532722043,0,1,1,0,0.01922746615075246,-0.0002344214314075161
5332,0.5,0.6852562852805755,0,1,1,0,0.021242104578851173,0.0041953423306330005
5333,0.5,0.6957283361683908,0,1,1,0,0.023467941096169634,0.0074155510289750535
5334,0.5,0.6934144700032652,0,1,1,0,0.02439768537582296,0.01000454655001223
5335,0.5,0.699864620786799,0,1,1,0,0.023543787462270458,0.01300526372396122
5336,0.5,0.722032968398015,0,1,1,0,0.02138601732098359,0.013717550207503055
5337,0.5,0.7655545180982606,0,1,1,0,0.02037132695103455,0.01260962313064695
5338,0.5,0.8225369208881231,0,1,1,0,0.01956354110218447,0.010476792320196335
5339,0.5,0.7283990793296171,1,0,1,1,0.011376544596186491,0.01261758525350061
5340,0.5,0.7280421124870285,1,0,1,1,0.00280749049812608,0.01827009738739946
5341,0.5,0.7510687331915358,1,0,0,1,-0.00544083944760516,0.016144335875443054
5342,0.5,0.7088731281680921,1,0,0,1,-0.008461450762394634,0.009167886978713107
5343,0.5,0.695849919069019,1,0,0,1,-0.006495003789730721,0.0023847682324327933
5344,0.5,0.6817903785416952,1,0,0,1,-0.003745079037182682,-0.005084425644637823
5345,0.5,0.66946303710782,1,0,0,1,-0.00097977929575742,-0.012990536535107329
5346,0.5,0.652204345543378,1,0,0,1,0.0017486036834798227,-0.020323342757396563
5347,0.5,0.6358898556221493,1,0,0,1,0.004724529884799144,-0.02597611154607254
5348,0.5,0.6241656625735831,1,0,0,1,0.007255155139747052,-0.0294535787900422
5349,0.5,0.62759343045118,1,0,0,1,0.009076437452184359,-0.03201091634166953
5350,0.5,0.6232357085745246,1,0,0,1,0.011611781419995994,-0.035303992352788936
5351,0.5,0.6249137196978394,1,0,0,1,0.014072187177697995,-0.03843116011988547
5352,0.5,0.6408895882113116,1,0,0,1,0.01600671448387671,-0.04129769259072941
5353,0.5,0.627507463585463,1,0,0,1,0.01794131390603324,-0.04265590397302958
5354,0.5,0.6277134681864498,1,0,0,1,0.018965548423231456,-0.041550918048310674
5355,0.5,0.6395592071553322,1,0,0,1,0.020200695631845077,-0.040874536893692866
5356,0.5,0.6593723881453168,1,0,0,1,0.021611191352845973,-0.039851948588497235
5357,0.5,0.6640612470971446,1,0,0,1,0.02500260082495697,-0.03825730663836951
5358,0.5,0.6779763384779015,1,0,1,1,0.030075212608822684,-0.036924693909971315
5359,0.5,0.6763859365845745,1,0,1,1,0.02873579211336005,-0.03010843685466841
5360,0.5,0.6817009552983155,1,0,1,1,0.027721008938225575,-0.021925990383898246
5361,0.5,0.6959470448962228,0,1,1,1,0.028613670424339013,-0.013018040169796151
5362,0.5,0.7566798100109371,0,1,1,1,0.03569807262352187,-0.006254970123764209
5363,0.5,0.7554539652536164,0,1,1,1,0.04186988815787189,-0.0002418759417985898
5364,0.5,0.7939408858243624,0,1,1,0,0.043211971355931765,0.00441170908318992
5365,0.5,0.7752865459686603,0,1,1,0,0.04116769635427541,0.0056227967885474645
5366,0.5,0.7590745037777948,0,1,1,0,0.03611911942646763,0.005806637155146015
5367,0.5,0.7522005754595351,0,1,1,0,0.030130339547635464,0.004458788260827714
5368,0.5,0.7237902972293411,0,1,1,0,0.026416878788449588,0.0038292936245271814
5369,0.5,0.7223268321300821,0,1,1,0,0.025703773216371916,0.0030550408710493904
5370,0.5,0.7148185601982456,0,1,1,0,0.026177897428652612,0.0019100310966772656
5371,0.5,0.7096069272197982,0,1,1,0,0.02875440927357354,0.002104697494868999
5372,0.5,0.6995909453822015,0,1,1,0,0.03060101924592553,0.003063249364917058
5373,0.5,0.6822178363452195,0,1,1,0,0.032181873787678596,0.004938376466490656
5374,0.5,0.6710813656520399,0,1,1,0,0.034337618296986366,0.00824965413383966
5375,0.5,0.6860703507977776,0,1,1,0,0.035151991898157126,0.010997241064661167
5376,0.5,0.6872338928669248,0,1,1,0,0.035012041660326294,0.01333269717029415
5377,0.5,0.6940238978960611,0,1,1,0,0.03357169861609434,0.016219761700798873
5378,0.5,-0.011603473019882156,1,1,1,1,-0.00037637279160354534,-0.0010435317921076482
5379,0.5,-0.0850993612801978,1,1,1,1,0.00011435438871337377,0.004814516453291649
5380,0.5,-0.06549643797202791,1,1,1,1,-0.0006660745503480706,0.005850067783224201
5381,0.5,-0.12365365227309832,1,1,1,1,-0.004995912990368679,0.0030781242643066324
5382,0.5,-0.16156372420560003,0,0,0,1,-0.008367591004539448,0.003045033623928241
5383,0.5,-0.0788249092507085,0,0,0,0,-0.010272522641552092,0.0017024022065633788
5384,0.5,-0.08773021983382333,0,0,0,0,-0.013487983043775811,-0.004266149887619359
5385,0.5,-0.14037799256544764,0,0,0,0,-0.017465232507994942,-0.005469780770616143
5386,0.5,-0.128276777564433,0,0,0,1,-0.020122974069131112,-0.0031668367621694184
5387,0.5,-0.07780877433246929,0,0,0,1,-0.020925762721621447,-0.003256481385447973
5388,0.5,-0.12915175306746204,0,0,0,1,-0.020038111120790507,-0.003743386460903072
5389,0.5,-0.14214457106625325,0,0,0,1,-0.014835065385259865,-0.0017293095840189897
5390,0.5,-0.08023763325139552,1,0,0,1,-0.009128649295061488,-0.0038980838039976034
5391,0.5,-0.09426463955250311,1,0,0,1,-0.005664104709718602,-0.008638004504452191
5392,0.5,-0.11490632251681665,1,0,0,1,-0.001791298212633748,-0.012340536272471458
5393,0.5,-0.12233261327671018,1,0,0,1,-0.0008458310604470978,-0.014452969372630083
5394,0.5,-0.09760724620869093,1,0,0,1,-0.0008284364971168538,-0.01820941747473514
5395,0.5,-0.06836274986294247,1,0,0,1,-0.0027319801351517424,-0.023708456272574154
5396,0.5,-0.06096283868144018,1,0,0,1,-0.003347713235720252,-0.02921244481990665
5397,0.5,-0.02284009705989596,1,0,0,1,-0.00309630872491903,-0.035161692789514136
5398,0.5,0.0040397198232188635,1,0,0,1,-0.002537445952333533,-0.0424833536861769
5399,0.5,0.008408092390864656,1,0,0,1,0.0008970521359056357,-0.0476383765159088
5400,0.5,0.016219293938440953,1,0,0,1,0.0042437911289870305,-0.04955345837471698
5401,0.5,0.03972460837248865,1,0,0,1,0.006569435935988076,-0.051761912980467714
5402,0.5,0.0727577875806722,1,0,0,1,0.00913024251815587,-0.05497924869091278
5403,0.5,0.08991060239802773,1,0,0,1,0.013434282094326294,-0.057827386812299014
5404,0.5,0.09380668387026567,1,0,1,1,0.01884263047993083,-0.060077294364187454
5405,0.5,0.12252818156966354,0,0,1,1,0.0194694141301564,-0.05497267627921485
5406,0.5,0.1685923534203691,0,0,1,1,0.02654208426383137,-0.04782971890988357
5407,0.5,0.20281409263247677,0,1,1,1,0.03561984917269648,-0.03858202952557314
5408,0.5,0.2667222302723125,0,1,1,1,0.044986945308345454,-0.02943816607165613
5409,0.5,0.32232548738783773,0,1,1,1,0.05421932662655297,-0.022371669211133222
5410,0.5,0.3135704390742199,0,1,1,1,0.06042209046351594,-0.014954906392845186
5411,0.5,0.3244962317582357,0,1,1,0,0.06016461558805271,-0.009097507099998329
5412,0.5,0.3416918480877744,0,1,1,0,0.05756760901686312,-0.00506200045763801
5413,0.5,0.34213317892253253,0,1,1,0,0.05358257437791129,-0.0016458332995012831
5414,0.5,0.3597125082569041,0,1,1,0,0.046614857084301645,-0.0010140531466769841
5415,0.5,0.36815850130321603,0,1,1,0,0.04131325216221403,-0.002291672280226746
5416,0.5,0.37681229935309485,0,1,1,0,0.03935266647342979,-0.003250012787790875
5417,0.5,0.38879161459733563,0,1,1,0,0.04179149772062555,-0.0031759419344877414
5418,0.5,0.4053231090122091,0,1,1,0,0.04718851663506461,-0.0016319871749345708
5419,0.5,0.42084204046645046,0,1,1,0,0.049965440571996485,0.0005281873638937967
5420,0.5,0.45100119366363384,0,1,1,0,0.04886062632582727,0.0012482155749990922
5421,0.5,0.455302123450745,0,1,1,0,0.046666622763123576,0.001864596101942766
5422,0.5,0.47618071420365743,0,1,1,0,0.0425650461915924,0.0030045749468917194
5423,0.5,0.5023274541474256,0,1,1,0,0.03702922062713632,0.003213951981961249
5424,0.5,0.5278712980720816,0,1,1,0,0.030872907559535576,0.0024454944470488483
5425,0.5,0.5595669415463383,0,1,1,0,0.022998576812999928,0.0013335395889233245
5426,0.5,0.6014252064253798,0,1,1,0,0.01615335231986204,5.7358613234287774e-05
5427,0.5,0.6032685726031172,0,0,1,1,0.007246261098459304,0.00013766625523974185
5428,0.5,0.6121872996565342,1,0,1,1,-0.0032835779831606234,0.0031794195568823924
5429,0.5,0.6744010539693105,1,0,1,1,-0.01651980549187597,0.005017652335383574
5430,0.5,0.6501233063040912,1,0,0,1,-0.029537798757543997,0.008435053267599751
5431,0.5,0.6738075831246032,1,0,0,1,-0.03593016172808164,0.009858889045681609
5432,0.5,0.667414109012612,1,0,0,1,-0.037820372604384096,0.0071078927423521504
5433,0.5,0.657912220237708,1,0,0,1,-0.036748594127832004,0.0023584950593635596
5434,0.5,0.6396792011450384,1,0,0,1,-0.03560659700000291,-0.0031220707836028838
5435,0.5,0.6333036508199054,1,0,0,1,-0.034902615114273894,-0.0075078715923381474
5436,0.5,0.6287745418417099,1,0,0,1,-0.03479006374432091,-0.011447559727722644
5437,0.5,0.6242405055158835,1,0,0,1,-0.03481055410997757,-0.013403187074783855
5438,0.5,0.6287678524887375,1,0,0,1,-0.036539138066284595,-0.012614398854198254
5439,0.5,0.6437237328981082,1,0,0,1,-0.03758167456604618,-0.012070191617738188
5440,0.5,0.649514505149829,1,0,0,1,-0.03755695923200092,-0.011766634911503062
5441,0.5,0.6773367668429681,1,0,0,1,-0.038489266348153243,-0.01057430343804135
5442,0.5,0.7063148956910849,1,0,0,1,-0.038808878272587694,-0.010597745100714071
5443,0.5,0.7004746453751951,1,0,0,1,-0.03815879418316237,-0.00826504466464001
5444,0.5,0.7061362144637675,1,0,0,1,-0.03866992912746811,-0.0021936162184822547
5445,0.5,0.7617527001518629,1,0,0,1,-0.038762172554307174,0.0012612633039893921
5446,0.5,0.7789775637204142,1,0,0,1,-0.03748959892895999,0.004025949547979541
5447,0.5,0.7738358985808514,1,1,0,1,-0.028814668540209535,0.003764002423198366
5448,0.5,0.8002201679593364,1,1,0,1,-0.018514870141863926,-0.0002407322298830631
5449,0.5,0.7774294682314531,0,1,1,1,-0.009240002770862808,-0.0014223499127070098
5450,0.5,0.8164552643489935,0,1,1,1,0.0003014897556081032,0.0006103936771736027
5451,0.5,0.7929788828922943,0,1,1,1,0.012405076697634845,0.0027371862378513046
5452,0.5,0.7939607602914344,0,1,1,0,0.020079150361285332,0.006210192443027805
5453,0.5,0.7951600158995449,0,1,1,0,0.024436899806906123,0.007932505078216374
5454,0.5,0.7555941578786318,0,1,1,0,0.023999352501548776,0.008669692180619451
5455,0.5,0.7659774963229611,0,1,1,0,0.023560113959631014,0.00897853579182051
5456,0.5,0.73619014751496,0,1,1,0,0.023532089177571703,0.00939921544623218
5457,0.5,0.7416251111967495,0,1,1,0,0.022625145205978206,0.008127221077010917
5458,0.5,0.7418657306109212,0,1,1,0,0.0239664002104904,0.005102635353571582
5459,0.5,0.7237464909536452,0,1,1,0,0.02741386979810093,0.004546360250313042
5460,0.5,0.7136335227603555,0,1,1,0,0.03246121101649416,0.00764322963068553
5461,0.5,0.7069353333737033,0,1,1,0,0.03711722463537504,0.013339206867760751
5462,0.5,0.7148018958610942,0,1,1,0,0.04130762961289369,0.020105588222859502
5463,0.5,0.7180705829014227,0,1,1,0,0.046130479021137524,0.027874461907726515
5464,0.5,0.7149645141954561,0,1,1,0,0.05214181245278659,0.035908116306675716
5465,0.5,0.7413392465189045,0,1,1,0,0.05822202086490965,0.041612655304487815
5466,0.5,0.7476854080320444,0,1,1,0,0.06378482708912511,0.04493924428309931
5467,0.5,0.7797381613142134,0,1,1,0,0.0674245254452443,0.047539470791466476
5468,0.5,0.8192270955787533,0,0,1,0,0.06795046325527039,0.049094332926141286
5469,0.5,0.7672895250567241,1,0,1,0,0.055268085595659176,0.05003903254497392
5470,0.5,0.7110467214623148,1,0,1,0,0.03394385668048903,0.0458925877276281
5471,0.5,0.6731404938058005,1,0,1,1,0.014456290800243281,0.039172819178938
5472,0.5,0.6288547707464511,1,0,1,1,0.007979959173879,0.035938375490809006
5473,0.5,0.6448946086719988,1,0,0,1,0.006065807252015066,0.02783038890874183
5474,0.5,0.6176570783943347,1,0,0,1,0.006393014349087634,0.012254436011890059
5475,0.5,0.5940645885674017,1,0,0,1,0.010857315065424065,-0.004494483372144616
5476,0.5,0.5784315979210624,1,0,0,1,0.01610028695518309,-0.020264351488869396
5477,0.5,0.5621394667623534,1,0,0,1,0.0210476015490337,-0.03375309572112554
5478,0.5,0.5356453778405507,1,0,0,1,0.024935715769309745,-0.043103917793727596
5479,0.5,0.5194092325862405,1,0,0,1,0.027102817286255198,-0.04777707521893267
5480,0.5,0.524015953278628,1,0,0,1,0.028690916443618042,-0.05057841251942976
5481,0.5,0.511433731095885,1,0,0,1,0.033673338683245596,-0.05345190812128972
5482,0.5,0.5281522728321584,1,0,0,1,0.03955186222505899,-0.05626831759838568
5483,0.5,0.518676060393787,1,0,0,1,0.04346381917675165,-0.05794194720473326
5484,0.5,0.5192352113487937,1,0,0,1,0.044625378321719554,-0.05715416008573922
5485,0.5,0.5337593227570411,1,0,0,1,0.04430140024702525,-0.05722848540837682
5486,0.5,0.5210682570161385,1,0,0,1,0.043394164439816016,-0.05729040496970628
5487,0.5,0.5189338593512616,1,0,0,1,0.04106536462435395,-0.05530207681093605
5488,0.5,0.5392097803824513,1,0,0,1,0.0412439003946516,-0.055409312335889464
5489,0.5,0.5244680509262553,1,0,1,1,0.04304963273607654,-0.05556072076634734
5490,0.5,0.5453010508684023,1,0,1,1,0.03924336841227477,-0.05067967051159956
5491,0.5,0.5393227844801577,1,0,1,1,0.03737517152022107,-0.04381778002746923
5492,0.5,0.54707860556765,1,0,1,1,0.035652555832421676,-0.034204052130441184
5493,0.5,0.5956526427102062,0,0,1,1,0.0364044735955353,-0.023522203451710005
5494,0.5,0.5999422763677498,0,1,1,1,0.04085361248441664,-0.012768672053778567
5495,0.5,0.6389849169963179,0,1,1,1,0.04288202584648626,-0.003899075028026819
5496,0.5,0.6309662807539104,0,1,1,0,0.041955914661999785,0.0033279503015199597
5497,0.5,0.6259734564591579,0,1,1,0,0.03623463822925658,0.00804096894425954
5498,0.5,0.6327894649680061,0,1,1,0,0.029208626151718868,0.008841998080467765
5499,0.5,0.5955954105350695,0,1,1,0,0.022795120232299758,0.009101807246027056
5500,0.5,0.6118788858506021,0,1,1,0,0.0187976816088491,0.00662395347461435
5501,0.5,0.5913117494595181,0,1,1,0,0.01738856571368163,0.0034887552265159124
5502,0.5,0.5850420028709764,0,1,1,0,0.016934185187361464,0.0011021019977098712
5503,0.5,0.579273794379876,0,1,1,0,0.017762524471854817,0.00015001560881980417
5504,0.5,0.5636291547943129,0,1,1,0,0.018430463823178717,0.0005266739110586949
5505,0.5,0.5463593723996657,0,1,1,0,0.018608377484362816,0.002338184395853703
5506,0.5,0.5460708127570779,0,1,1,0,0.01888131472090265,0.004628710491271118
5507,0.5,0.5623812809028546,0,1,1,0,0.018300632212587608,0.005973079828447182
5508,0.5,0.5693898098872369,0,1,1,0,0.015925198460538127,0.006189278148236312
5509,0.5,0.5801972518754401,0,1,1,0,0.012003825371225777,0.007198628835268669
5510,0.5,0.5886395752905131,0,1,1,0,0.0059561411034532484,0.008039309173928734
5511,0.5,0.6297777459141392,0,1,1,0,0.0009451623678804052,0.006590322932530862
5512,0.5,0.6708520072029324,0,1,1,0,-0.0028360675290004457,0.002307659171177659
5513,0.5,0.6459262267849338,1,0,1,1,-0.009799897126931339,0.0036074269758413205
5514,0.5,0.668140354684656,1,0,1,1,-0.018503758838631913,0.010496492607027494
5515,0.5,0.6987201316326076,1,0,0,1,-0.029963946659322158,0.013063023684145044
5516,0.5,0.6804445091436885,1,0,0,1,-0.03610256570596676,0.011843597145579482
5517,0.5,0.6492461367657563,1,0,0,1,-0.03580596338001177,0.010587459885799398
5518,0.5,0.6370764451194161,1,0,0,1,-0.03276067242389115,0.007468893480800934
5519,0.5,0.6283098494320788,1,0,0,1,-0.0310525180520708,0.0019290238579234241
5520,0.5,0.6208979207180992,1,0,0,1,-0.030166886002203113,-0.004562559068846572
5521,0.5,0.6175098193515517,1,0,0,1,-0.029220022737520175,-0.011124325651338815
5522,0.5,0.6029566414629146,1,0,0,1,-0.028465847733383162,-0.015001582018161333
5523,0.5,0.6059398249086101,1,0,0,1,-0.02702606942297942,-0.016730486230541217
5524,0.5,0.6295947668937389,1,0,0,1,-0.02539197461967178,-0.019958559576290873
5525,0.5,0.6297003946991685,1,0,0,1,-0.022405481933262708,-0.023615098097036328
5526,0.5,0.6482129559848537,1,0,0,1,-0.018855824141227034,-0.025925150024473227
5527,0.5,0.66711341893976,1,0,0,1,-0.015522190908533694,-0.028178782298659725
5528,0.5,0.6667791649849821,1,0,0,1,-0.011233994657636037,-0.02922138229484549
5529,0.5,0.6676936306902592,1,0,0,1,-0.008031788585947459,-0.026896006919543098
5530,0.5,0.6865602089719792,1,0,0,1,-0.005989283231349704,-0.024145095443496054
5531,0.5,0.720552340409959,1,0,0,1,-0.003380071924346075,-0.02272379158284797
5532,0.5,0.7491397130863697,1,0,0,1,0.0018444636979135448,-0.022663072442640493
5533,0.5,0.787813585370435,1,0,0,1,0.008539848969762646,-0.023569761169025486
5534,0.5,0.7488782071128964,1,0,1,1,0.010126734233938792,-0.01819038082393813
5535,0.5,0.7582716722819888,0,1,1,1,0.014644190716241783,-0.008488914948772358
5536,0.5,0.7889545555559411,0,1,1,1,0.02561940353252429,-0.003287881294372941
5537,0.5,0.798911617810203,0,1,1,1,0.034604924707728996,0.0006111169391484235
5538,0.5,0.7814371058229094,0,1,1,0,0.037667427158771284,0.0032465387241470507
5539,0.5,0.778878619074474,0,1,1,0,0.03602312977978342,0.004948837056913874
5540,0.5,0.8113957952552627,0,1,1,0,0.03267768086247612,0.005029955419757658
5541,0.5,0.7815213437491799,0,1,1,0,0.02805242597912612,0.004258231388751847
5542,0.5,0.7735132829217547,0,1,1,0,0.025627791659529105,0.005135790151028658
5543,0.5,0.7645452557057114,0,1,1,0,0.027071593559636956,0.00624104349242572
5544,0.5,0.7553807740541992,0,1,1,0,0.0304457913874045,0.008121017040639698
5545,0.5,0.7514855716809521,0,1,1,0,0.03374321333903462,0.010262167044924844
5546,0.5,0.7410582958042758,0,1,1,0,0.037217999578704114,0.01306460369608388
5547,0.5,0.7304320221934396,0,1,1,0,0.04084909285538025,0.01707856319884224
5548,0.5,0.729356078013001,0,1,1,0,0.04452103573217351,0.021714348235761943
5549,0.5,0.7322468197709497,0,1,1,0,0.048319819787851465,0.02699314733166726
5550,0.5,0.7421142380630075,0,1,1,0,0.051357618801896696,0.031216259064180497
5551,0.5,0.7570094508927162,0,1,1,0,0.05258332852131728,0.033795719581437
5552,0.5,0.7689596024542193,0,1,1,0,0.051811911571030454,0.035465970624267526
5553,0.5,0.8047666008316319,0,1,1,0,0.051222715957248734,0.03584080610736956
5554,0.5,0.7941738067038249,1,1,1,0,0.04516250248770244,0.03275381763503222
5555,0.5,0.7624095094286205,1,0,1,0,0.03303895328510334,0.026567820561237243
5556,0.5,0.7555200534923847,1,0,1,1,0.016203445254615537,0.021059117341711172
5557,0.5,0.7002013187471401,1,0,1,1,0.004083131135975659,0.018544362387123422
5558,0.5,0.6816638151383647,1,0,1,1,-0.0028728164180800227,0.01878732443203922
5559,0.5,0.6904335799327976,1,0,0,1,-0.008276949100401537,0.013791561627914882
5560,0.5,0.6634586455227397,1,0,0,1,-0.008730306150168472,0.004568755438519518
5561,0.5,0.6308446034853588,1,0,0,1,-0.004926841970537533,-0.0037946256111439196
5562,0.5,0.6193224635646086,1,0,0,1,-0.0013658935852484198,-0.012115074052937519
5563,0.5,0.6057007615028729,1,0,0,1,2.3447836998488403e-05,-0.02068025294181196
5564,0.5,0.5867978146303016,1,0,0,1,0.0004218582349999829,-0.026996400295675158
5565,0.5,0.5672772549600972,1,0,0,1,0.0003334326973703658,-0.030405524528906103
5566,0.5,0.574683155087373,1,0,0,1,-0.0007486008575150161,-0.031160343441353454
5567,0.5,0.5794795204722214,1,0,0,1,-0.00019380391586456305,-0.03243993301450352
5568,0.5,0.5785664421652369,1,0,0,1,0.0040364417160008445,-0.03400143945979067
5569,0.5,0.5891317829343906,1,0,0,1,0.0060292204099602065,-0.03408128075781078
5570,0.5,0.6147539806901683,1,0,0,1,0.006168287121496797,-0.03447865154820611
5571,0.5,0.613127631753514,1,0,0,1,0.005714899859210192,-0.033927489350064614
5572,0.5,0.6181330945560358,1,0,0,1,0.004514710733895638,-0.03079072461983856
5573,0.5,0.6346856271608284,1,0,0,1,0.0020191212599193777,-0.026885798078963928
5574,0.5,0.6722679964523337,1,0,0,1,0.0011915422306059166,-0.024337121882356413
5575,0.5,0.6778272337209695,1,0,0,1,0.0025130641398198863,-0.021412616104670625
5576,0.5,0.7068782280600531,1,0,1,1,0.005028466923592602,-0.019036178542102652
5577,0.5,0.705773020173048,0,1,1,1,0.008744002339616022,-0.01263640177101594
5578,0.5,0.7349233083608443,0,1,1,1,0.017578956703454423,-0.00720994702150576
5579,0.5,0.7768493748269076,0,1,1,1,0.024576822739159156,-0.00236774187495965
5580,0.5,0.7796625912368323,0,1,1,0,0.028053137690577625,0.002252926844941199
5581,0.5,0.7736463068610359,0,1,1,0,0.02448323153693657,0.005514177474966381
5582,0.5,0.8003772151463624,0,1,1,0,0.018092527311484672,0.005920625757764731
5583,0.5,0.7701620738156693,0,1,1,0,0.012605990434158743,0.005227768816457143
5584,0.5,0.7522526624742529,0,1,1,0,0.009390942673698091,0.005710060507082191
5585,0.5,0.7554149487394418,0,1,1,0,0.009663040673826588,0.002874915584571796
5586,0.5,0.7314439315578427,0,1,1,0,0.012265095075373341,0.0008397614288396479
5587,0.5,0.7256983408037457,0,1,1,0,0.015237688534847737,0.0004272797382171178
5588,0.5,0.7169247044705752,0,1,1,0,0.017913834293286975,0.0008463662727141673
5589,0.5,0.6925780302175586,0,1,1,0,0.021596343144635682,0.003479796730406436
5590,0.5,0.6924651653148154,0,1,1,0,0.024281195742316294,0.007301291524424215
5591,0.5,0.6851325480194801,0,1,1,0,0.02734032315184829,0.011739307444240569
5592,0.5,0.6851148822653347,0,1,1,0,0.0318818672111671,0.016539667932440747
5593,0.5,0.689998717760949,0,1,1,0,0.035451038063818455,0.019803757425187443
5594,0.5,0.7096757341759009,0,1,1,0,0.03722801053318158,0.020765862608896603
5595,0.5,0.7386759699438193,0,1,1,0,0.036491531448330526,0.019317110941132715
5596,0.5,0.7716737370516757,0,1,1,0,0.03481544518874654,0.01750007946059901
5597,0.5,0.7853411508417778,1,1,1,0,0.030647735549963404,0.015167508579091004
5598,0.5,0.7414503111442389,1,0,1,1,0.01965389244753718,0.012960246679390828
5599,0.5,0.7324314344387779,1,0,1,1,0.010413520291735225,0.01565771549294902
5600,0.8,0.744981898880181,1,0,0,1,0.0004277472542530085,0.014627647692565466
5601,0.8,0.7031702607869137,1,0,0,1,-0.003935591682788991,0.00990256547183697
5602,0.8,0.6866565347472293,1,0,0,1,-0.0022812610636599577,0.0030393946242053722
5603,0.8,0.6833538776752466,1,0,0,1,0.0006220876984975506,-0.007066951652616516
5604,0.8,0.6815191217228989,1,0,0,1,0.0030599306920733654,-0.019298337595662296
5605,0.8,0.6749604091660707,1,0,0,1,0.005686426180167991,-0.03122555835018958
5606,0.8,0.6680074264489412,1,0,0,1,0.009770111704285905,-0.04140320518142858
5607,0.8,0.6671053945103411,1,0,0,1,0.015162925282192747,-0.049206683170373855
5608,0.8,0.6721095159102816,1,0,0,1,0.02208548567517133,-0.054911434925766375
5609,0.8,0.6661481235301402,1,0,0,1,0.028827147364201403,-0.057760409500389846
5610,0.8,0.6693216883329355,1,0,0,1,0.033628253106543785,-0.05788340585049342
5611,0.8,0.6769049828528558,1,0,0,1,0.037868520462859295,-0.05865575474320255
5612,0.8,0.6833753194036352,1,0,0,1,0.04208373359097381,-0.05959165676206494
5613,0.8,0.6907542749716808,1,0,0,1,0.045544650065447834,-0.05993657316165055
5614,0.8,0.6999056415767873,1,0,0,1,0.04847742960907241,-0.0600178872375697
5615,0.8,0.7375664154339387,1,0,0,1,0.051152341218297384,-0.06034046658290716
5616,0.8,0.7684936311071219,1,0,0,1,0.05648464514517306,-0.06200482476393158
5617,0.8,0.7553088735328297,1,0,1,1,0.06073004545981821,-0.06085349438816229
5618,0.8,0.7755714673177712,1,0,1,1,0.06049233091306883,-0.05347760859810508
5619,0.8,0.7855637796997836,0,0,1,1,0.06172519284832788,-0.045058829005398274
5620,0.8,0.8276196081244165,0,0,1,1,0.06511091034552859,-0.034590805926401035
5621,0.8,0.8230884870894718,0,0,1,0,0.06571770950131926,-0.024060825210693918
5622,0.8,0.8337733332258399,0,0,1,0,0.05895434046756145,-0.01302276060380445
5623,0.8,0.8362451963870199,0,1,1,0,0.05026386914433523,-0.0033729558519778524
5624,0.8,0.8485904061505847,0,1,1,0,0.04701952595660111,0.0022056446176368844
5625,0.8,0.8466379001555046,0,1,1,0,0.04898514125923929,0.006185103370108475
5626,0.8,0.8557547526621303,0,1,1,0,0.05323237341003231,0.009922170540184398
5627,0.8,0.862882520390561,0,1,1,0,0.056709608161067376,0.012594201273432117
5628,0.8,0.8629184604367784,0,1,1,0,0.05887762848663606,0.014590176404440228
5629,0.8,0.8683270572239311,0,1,1,0,0.060836358319676376,0.016759687404586127
5630,0.8,0.8945193956269082,0,1,1,0,0.06095566428864211,0.018077287895968873
5631,0.8,0.9121336524265937,0,1,1,0,0.05896006124743984,0.018354775200119716
5632,0.8,0.9254032467312365,0,1,1,0,0.05475621453739144,0.018996638737481312
5633,0.8,0.9473742469371903,0,1,1,0,0.04942693490090205,0.01971024200240132
5634,0.8,0.9835079031673337,0,1,1,0,0.04362354858645467,0.01969170396400484
5635,0.8,1.0053172064437723,1,1,1,0,0.03655818854272773,0.0186837177156883
5636,0.8,1.014956210815349,1,0,1,0,0.024455892929098222,0.014639933158687292
5637,0.8,1.019544357731815,1,0,1,1,0.007618717163198502,0.009688507335635713
5638,0.8,0.986749462519152,1,0,0,1,-0.0040511386034743895,0.008895784011162795
5639,0.8,0.9796165916424147,1,0,0,1,-0.008906284087880547,0.006274963612070442
5640,0.8,0.9609067581819637,1,0,0,1,-0.011234541677160004,0.0005725845818999844
5641,0.8,0.9361716807155651,1,0,0,1,-0.012396037919239064,-0.005360191350149753
5642,0.8,0.9209333129899752,1,0,0,1,-0.013239297546804491,-0.01090120687911974
5643,0.8,0.915216150076405,1,0,0,1,-0.014210136886454252,-0.016044550160135763
5644,0.8,0.9111585212484561,1,0,0,1,-0.014436956907153197,-0.019921750173174838
5645,0.8,0.9103799772547889,1,0,0,1,-0.01265588559982362,-0.02218612076695743
5646,0.8,0.9331934620222331,1,0,0,1,-0.01094332845428218,-0.023073555973222696
5647,0.8,0.9470909120731963,1,0,0,1,-0.010938275028526453,-0.022099100946287822
5648,0.8,0.9486422188232808,1,0,0,1,-0.009525000331928952,-0.018968115721271623
5649,0.8,0.9686799187827664,1,0,0,1,-0.00701468756488271,-0.01631622019583675
5650,0.8,0.9415566618704992,1,0,0,1,-0.005521327492647723,-0.011853394527723106
5651,0.8,0.9613198724088498,1,0,0,1,-0.0062654635700878335,-0.00660120632343062
5652,0.8,0.9977813458150923,1,0,0,1,-0.009440358542635821,-0.0023973617746304884
5653,0.8,1.028967731070133,1,0,0,1,-0.010969554092294664,0.0011784307502115848
5654,0.8,1.0623537742486986,1,1,0,1,-0.01017106473817646,0.004580957690443514
5655,0.8,1.0175559875972908,0,1,0,0,-0.005648844575628498,0.002266113817709794
5656,0.8,0.9745428451682926,0,1,1,0,-0.003433311861793575,-0.0037235560288423936
5657,0.8,0.9755703869101768,0,1,1,0,-0.0057397885268146084,-0.006925171055535992
5658,0.8,0.9413505073212516,0,1,1,0,-0.008074550033146569,-0.009852082671700435
5659,0.8,0.9200448513730836,0,1,1,0,-0.008601120003667452,-0.01141599085382852
5660,0.8,0.8959881718165954,0,1,1,0,-0.006126820019617827,-0.011666301504125249
5661,0.8,0.8750449499963743,0,1,1,0,-0.004171689135488924,-0.011639797599818329
5662,0.8,0.8498707102836958,0,1,1,0,-0.005026822150285737,-0.01271589420899805
5663,0.8,0.8233358328366538,0,1,1,0,-0.006508980717410196,-0.014336722288321137
5664,0.8,0.8010087866117849,0,1,1,0,-0.005868227989260056,-0.01492655313796344
5665,0.8,0.7828907615262503,0,1,1,0,-0.005902140483400854,-0.014497228492081035
5666,0.8,0.7625102983195615,0,1,1,0,-0.0059675055202950125,-0.013388076725711302
5667,0.8,0.770146468222775,0,1,1,0,-0.006500106892117739,-0.011983421670002893
5668,0.8,0.7784417218409987,0,1,1,0,-0.007350449381918982,-0.01206063258194732
5669,0.8,0.8080064895493139,0,1,1,0,-0.00988707306846893,-0.014968721677867447
5670,0.8,0.8426944024215427,0,1,1,0,-0.01285888129771944,-0.019672968790066737
5671,0.8,0.8689604444042067,0,1,1,0,-0.017008361827907784,-0.02438664886485982
5672,0.8,0.8630089790748025,0,1,1,1,-0.019425721484140932,-0.024598704766694512
5673,0.8,0.8705434928201824,0,0,1,1,-0.02104741369418978,-0.01733608505113639
5674,0.8,0.876418573415531,1,0,0,1,-0.025508148927621016,-0.0072811724463153985
5675,0.8,0.9172259685964992,1,0,0,1,-0.02803558100938588,-0.0032070357360249745
5676,0.8,0.923658913358612,1,0,0,1,-0.030026607054970043,-0.0048461606078424166
5677,0.8,0.9210691930630797,1,0,0,1,-0.03126766726313189,-0.007924908325898138
5678,0.8,0.9304236927691166,1,0,0,1,-0.03202966678648353,-0.011900797874832798
5679,0.8,0.9318332325149455,1,0,0,1,-0.030577811314096953,-0.015763742702869475
5680,0.8,0.9400635230389873,1,0,0,1,-0.025602346278986908,-0.019267347826393416
5681,0.8,0.950387842798742,1,0,0,1,-0.01879813147976599,-0.022206826631147335
5682,0.8,0.958273098741407,1,0,0,1,-0.013070596250774643,-0.023469544457880014
5683,0.8,0.9752277099989236,1,0,0,1,-0.011179982628366959,-0.022611831553661966
5684,0.8,0.9664646209574893,1,0,0,1,-0.009097357382913927,-0.02075623009694434
5685,0.8,0.9711633159673104,1,0,0,1,-0.0070722814790741585,-0.01830140998001524
5686,0.8,0.9895717850814757,1,0,0,1,-0.0054484717357881265,-0.01671996477816569
5687,0.8,0.9995908296056378,1,0,0,1,-0.003985686801865979,-0.015048780679159436
5688,0.8,1.0231125442897289,1,0,0,1,-0.004005551994109234,-0.01237241003527477
5689,0.8,1.048114729388001,1,0,0,1,-0.0013435943767726992,-0.010458932936201898
5690,0.8,1.0914747283836808,1,0,0,1,0.004681143985485748,-0.011170918474372026
5691,0.8,1.0971007936688322,0,0,1,1,0.012403048565452277,-0.011646064553521955
5692,0.8,1.0416307251543855,0,1,1,0,0.016263696038806365,-0.009480761366182784
5693,0.8,1.0803332591377042,0,1,1,0,0.0174905530694574,-0.008275888811198642
5694,0.8,1.0509086014605218,0,1,1,0,0.017836514154492854,-0.007390769153970526
5695,0.8,1.027197674338862,0,1,1,0,0.01629314873564535,-0.004890659446596274
5696,0.8,1.0220790266318271,0,1,1,0,0.01868560059710658,-0.002378716686966269
5697,0.8,1.0169172013306242,0,1,1,0,0.024030226588126844,0.0004903647368987616
5698,0.8,1.0061080094761783,0,1,1,0,0.02841064424978509,0.0031045989688984026
5699,0.8,0.9947230537954969,0,1,1,0,0.03145503088874841,0.005667523627521203
5700,0.8,0.9785136545880716,0,1,1,0,0.0345863576175701,0.008431339653125914
5701,0.8,0.9674621267266537,0,1,1,0,0.037954238663924014,0.011288581886889004
5702,0.8,0.9830913717836761,0,1,1,0,0.040429089091988044,0.01339797804694253
5703,0.8,0.9876882735359305,0,1,1,0,0.04154351274714253,0.015360467280727503
5704,0.8,0.9950150723290653,0,1,1,0,0.04000542260228027,0.01696919253223282
5705,0.8,1.0170514567445579,0,1,1,0,0.037576147861620404,0.017608404006117236
5706,0.8,1.0497730392527072,0,1,1,0,0.035115789325452416,0.017653659121763084
5707,0.8,1.0865689769044065,1,1,1,0,0.031235815581894574,0.01699869541353785
5708,0.8,1.0879944476404555,1,1,1,0,0.023478614860240936,0.014317483305796028
5709,0.8,1.0514203326643228,1,0,1,0,0.010364112951629133,0.011387703936014109
5710,0.8,1.0144145519946806,1,0,1,1,-0.00236881967377925,0.0095291519566709
5711,0.8,1.011424190094437,1,0,0,1,-0.01081732639800768,0.008864088355579927
5712,0.8,1.0161359139532227,1,0,0,1,-0.015507249900906985,0.004004890159092037
5713,0.8,0.9945442071249553,1,0,0,1,-0.016239884977812008,-0.003123355083336227
5714,0.8,0.9662239806869986,1,0,0,1,-0.013589409391434801,-0.009897647892546336
5715,0.8,0.9432988751849144,1,0,0,1,-0.009703352363119594,-0.015902299788113566
5716,0.8,0.9298142359499402,1,0,0,1,-0.006288747676938885,-0.020839273740830763
5717,0.8,0.9304043198352261,1,0,0,1,-0.0027653057442913946,-0.02459709502440117
5718,0.8,0.9430567195768962,1,0,0,1,0.0006481491194863699,-0.027396698399145075
5719,0.8,0.9498836999254915,1,0,0,1,0.0033789407919215483,-0.028754484071772744
5720,0.8,0.9418100038120814,1,0,0,1,0.006743208848605813,-0.02747956436752387
5721,0.8,0.962049882899976,1,0,0,1,0.006996238367572972,-0.024539705782049052
5722,0.8,0.939810848527612,1,0,0,1,0.009031537794268164,-0.02093877730789889
5723,0.8,0.9498253986571085,1,0,0,1,0.01140858695407871,-0.017029206930525523
5724,0.8,0.9565969836934358,1,0,0,1,0.010950653373442374,-0.012897314718569605
5725,0.8,0.9795458902844862,1,0,0,1,0.008814107736083017,-0.008105576620568997
5726,0.8,1.01764475658813,1,0,0,1,0.009404884214263774,-0.00492562706616723
5727,0.8,1.0498982860218788,0,0,0,1,0.013897239286662172,-0.002433247279792
5728,0.8,1.0248334518509556,0,1,1,0,0.02341825850957968,0.0006550825001327454
5729,0.8,0.9909927518459625,0,1,1,0,0.027041215389672402,0.004103194658080823
5730,0.8,0.9727371034260541,0,1,1,0,0.02518069803723513,0.005778172566881329
5731,0.8,0.9698575169296735,0,1,1,0,0.020173222551749186,0.005411368822569032
5732,0.8,0.9498146218317466,0,1,1,0,0.01816769158035677,0.004297855831703389
5733,0.8,0.940279339012123,0,1,1,0,0.01953343433432394,0.003207756161693987
5734,0.8,0.9275615056124695,0,1,1,0,0.021957471676180153,0.002304138189459282
5735,0.8,0.9113311767558601,0,1,1,0,0.02313364483556884,0.0014374009303882002
5736,0.8,0.9011028791795991,0,1,1,0,0.024417189945984692,0.0006299300115487687
5737,0.8,0.8911346111115807,0,1,1,0,0.027468678722719717,0.0012756302416975804
5738,0.8,0.8879685167973617,0,1,1,0,0.02835344860565467,0.003048581542624312
5739,0.8,0.8848510716960064,0,1,1,0,0.02813584639903115,0.00476967484281074
5740,0.8,0.8820673579449793,0,1,1,0,0.02591983573850456,0.006773651632466821
5741,0.8,0.8978660379315171,0,1,1,0,0.022883117199112717,0.008106232755106739
5742,0.8,0.929270865250581,0,1,1,0,0.021986894077697643,0.007564810976038301
5743,0.8,0.9545045838238587,0,1,1,0,0.018559519558476012,0.005688604214960922
5744,0.8,0.9850954720502856,0,1,1,0,0.013852123550896258,0.0034191894545595723
5745,0.8,0.9907256756011195,1,1,1,0,0.0068243716218831085,0.0005790618567333523
5746,0.8,0.9584346088092585,1,0,1,1,-0.0017648903774704664,-0.0010094530813195175
5747,0.8,0.9448672199034962,1,0,0,1,-0.008999132318664598,0.002547425867185277
5748,0.8,0.9579751335880186,1,0,0,1,-0.012984934502335992,0.002232601649108173
5749,0.8,0.9493820606076914,1,0,0,1,-0.014847932775919826,-0.0016692704464007562
5750,0.8,0.9195977986610395,1,0,0,1,-0.01559634927555023,-0.005445762099344593
5751,0.8,0.9152623901875363,1,0,0,1,-0.01655568085761293,-0.009072727494396455
5752,0.8,0.9144085861464001,1,0,0,1,-0.017625904772370075,-0.013028960749842194
5753,0.8,0.9168491096483834,1,0,0,1,-0.016177592459443967,-0.016796243662582602
5754,0.8,0.9268492758294785,1,0,0,1,-0.012750195938026664,-0.020414122683179978
5755,0.8,0.9328839060655072,1,0,0,1,-0.008584682802886696,-0.02310465463789484
5756,0.8,0.9315264127278683,1,0,0,1,-0.004870428719155051,-0.0238536881300085
5757,0.8,0.9393336497808493,1,0,0,1,-0.0034522883143558968,-0.022729751737128944
5758,0.8,0.9423493997149999,1,0,0,1,-0.002182723737090545,-0.021188021356126924
5759,0.8,0.951462051327936,1,0,0,1,0.0005155676124063799,-0.01981208641266784
5760,0.8,0.9621287204418748,1,0,0,1,0.003626534891171737,-0.018368039532005866
5761,0.8,0.9706407382208926,1,0,0,1,0.005261568245343524,-0.015386348958863667
5762,0.8,1.010609562393934,1,0,0,1,0.006758725115945798,-0.012684464818628534
5763,0.8,1.0509981395288308,1,0,0,1,0.01125202082196304,-0.011967832182197317
5764,0.8,1.0808363487279928,1,0,0,1,0.017829946219736794,-0.011290124524419617
5765,0.8,1.0668558874452962,0,1,1,0,0.023721355203811457,-0.0059823492549303334
5766,0.8,1.040382891881298,0,1,1,0,0.0287769719529377,-0.0007041372899023884
5767,0.8,1.0299840193472274,0,1,1,0,0.030851142854922783,0.0016138724964649374
5768,0.8,1.019738446571136,0,1,1,0,0.028091448284105962,0.0033776623523001205
5769,0.8,1.0137409137953335,0,1,1,0,0.026444969831008042,0.0038878130088370088
5770,0.8,1.0071487363948997,0,1,1,0,0.028598568500960844,0.004353718800654149
5771,0.8,0.9997175320316799,0,1,1,0,0.03141857212672749,0.005051438003183353
5772,0.8,0.9883319840012283,0,1,1,0,0.03366545852413134,0.005975043945251618
5773,0.8,0.9799908530491784,0,1,1,0,0.035197304090558074,0.0068987534086692275
5774,0.8,0.9622861783666949,0,1,1,0,0.03774537170590659,0.008894715838209156
5775,0.8,0.96574022525886,0,1,1,0,0.040134843303918956,0.01126966985556803
5776,0.8,0.9777718694619517,0,1,1,0,0.04164977220185567,0.013406375970603044
5777,0.8,0.97704254297321,0,1,1,0,0.041081332022344506,0.015564382520813538
5778,0.8,0.9906802105106556,0,1,1,0,0.03839281386553629,0.017064234709922126
5779,0.8,1.0133220464156463,0,1,1,0,0.03690974093836525,0.017916415820955375
5780,0.8,1.0483143290675205,0,1,1,0,0.03392962092593188,0.018044951186377785
5781,0.8,1.048356086055246,1,1,1,0,0.027659706943846066,0.016881356880030163
5782,0.8,1.045307428239721,1,0,1,0,0.017481837319745046,0.012820227738972106
5783,0.8,1.048782897507568,1,0,1,1,0.003154875308881939,0.00785611291582619
5784,0.8,0.9992008744758215,1,0,0,1,-0.00887415856305945,0.00698509723386757
5785,0.8,0.9928378349553689,1,0,0,1,-0.014456405749928045,0.006439847495453913
5786,0.8,0.9761547037701515,1,0,0,1,-0.01702484936273085,0.002702623352780719
5787,0.8,0.9645073049499016,1,0,0,1,-0.01659790108859604,-0.0025259027786199437
5788,0.8,0.9600695277394069,1,0,0,1,-0.015626665264276047,-0.009400863813877995
5789,0.8,0.9477310758785424,1,0,0,1,-0.015516326120281898,-0.015737692626413103
5790,0.8,0.9476024611146653,1,0,0,1,-0.013683387187086591,-0.02046363400918802
5791,0.8,0.9588221411837983,1,0,0,1,-0.009264826060549024,-0.024093008285233853
5792,0.8,0.972202725505569,1,0,0,1,-0.004852554842320167,-0.02645222244256995
5793,0.8,0.9693525198322402,1,0,0,1,-0.0006439053206040344,-0.026188725713007767
5794,0.8,0.9829100638197411,1,0,0,1,0.0005418565271898731,-0.023183303409996567
5795,0.8,0.9736342389019474,1,0,0,1,0.0034817201866193096,-0.020656241836850095
5796,0.8,0.9624052285340853,1,0,0,1,0.006484537515277094,-0.01623946908300119
5797,0.8,0.9861920630592976,1,0,0,1,0.00721639186108112,-0.012379350413288607
5798,0.8,1.0045205672934463,1,0,0,1,0.006165239337868047,-0.008991047883417234
5799,0.8,1.0378053198359822,1,0,0,1,0.00636855765987704,-0.005682040220505672
5800,0.8,1.06618016129505,1,0,0,1,0.009725976015945338,-0.0026347916545781135
5801,0.8,1.095751700451667,0,1,0,1,0.02022346237232785,0.0008412150872164996
5802,0.8,1.0614844822621654,0,1,1,0,0.028817191901717876,0.0063554084686107196
5803,0.8,1.07054971139401,0,1,1,0,0.028991659982263534,0.01118259718016969
5804,0.8,1.0356176304922062,0,1,1,0,0.024780649204040814,0.012485069158738824
5805,0.8,1.0279954264305542,0,1,1,0,0.02107513567592401,0.012266738347234015
5806,0.8,1.0068506729110718,0,1,1,0,0.02247977354144274,0.011245750563889777
5807,0.8,0.9985630486193482,0,1,1,0,0.026488924823149712,0.010018496507065188
5808,0.8,0.9880264554275107,0,1,1,0,0.029702836565468196,0.008485818593083096
5809,0.8,0.9748495813142428,0,1,1,0,0.03165808832021082,0.007232099261903646
5810,0.8,0.960731617358696,0,1,1,0,0.03411866937283029,0.007324580802940513
5811,0.8,0.9465106149740281,0,1,1,0,0.03495491062228206,0.008561789356519377
5812,0.8,0.9396359457031975,0,1,1,0,0.03587743814501535,0.010830418469819185
5813,0.8,0.9423788945756653,0,1,1,0,0.03660247943712211,0.014007642789787734
5814,0.8,0.9483903176074616,0,1,1,0,0.03671314765525057,0.016423321264756492
5815,0.8,0.9710999670028565,0,1,1,0,0.03664772907730527,0.017578828815858785
5816,0.8,1.0071310901610466,0,1,1,0,0.03622297568287534,0.017712317325641554
5817,0.8,1.0369930738476392,0,1,1,0,0.03355748661931496,0.01672971024515393
5818,0.8,1.0143852260017017,1,1,1,0,0.02497761895404934,0.014158895461168306
5819,0.8,1.0093742271270245,1,0,1,0,0.014837736024115086,0.009377688324175775
5820,0.8,0.9880445846865188,1,0,1,1,0.0014913747052014196,0.005369615966947443
5821,0.8,0.9445600285645974,1,0,0,1,-0.007061005158330218,0.006655840847213198
5822,0.8,0.9623194709979617,1,0,0,1,-0.012014605829005215,0.0048444369423455615
5823,0.8,0.9567282983988087,1,0,0,1,-0.015527334023589327,-0.0015656897402093683
5824,0.8,0.936735640446691,1,0,0,1,-0.01600101600780843,-0.007779455231716176
5825,0.8,0.928380127372343,1,0,0,1,-0.01427720592127137,-0.013751878296600876
5826,0.8,0.9209064602253884,1,0,0,1,-0.012408816167156037,-0.019072083606066482
5827,0.8,0.9214682091345703,1,0,0,1,-0.009728374532965298,-0.022821997253803777
5828,0.8,0.9312044943802523,1,0,0,1,-0.005519424806603501,-0.025265014449315216
5829,0.8,0.949525116687115,1,0,0,1,-0.0019694977256458353,-0.026687475756901703
5830,0.8,0.9532255728930199,1,0,0,1,0.0006988166125574378,-0.02628973981734323
5831,0.8,0.9655235869737487,1,0,0,1,0.00158797455333697,-0.023950471794063444
5832,0.8,0.9466531899738038,1,0,0,1,0.004587537094755511,-0.020721496429572175
5833,0.8,0.9450306124049122,1,0,0,1,0.007544849973374769,-0.01608439105398349
5834,0.8,0.9632280373794876,1,0,0,1,0.008538368144365156,-0.012179930187862537
5835,0.8,0.9818741640961072,1,0,0,1,0.0070201895227639645,-0.00783801375287879
5836,0.8,1.0100748594545639,1,0,0,1,0.007387665002392347,-0.004068717491490683
5837,0.8,1.0501067327484541,0,0,0,1,0.01304558215102144,-0.0004151062205667798
5838,0.8,1.056764562704436,0,1,1,0,0.02630093419824442,0.001508569943862356
5839,0.8,1.005473613078943,0,1,1,0,0.03158485664127703,0.003975176193487297
5840,0.8,1.0158706120046215,0,1,1,0,0.030023621524699052,0.0054727381892138716
5841,0.8,0.9977475092564521,0,1,1,0,0.025717953751196558,0.004174681178267082
5842,0.8,0.9781682700680355,0,1,1,0,0.02223923430234734,0.0023628371946586603
5843,0.8,0.9578111846571008,0,1,1,0,0.02253015985662518,0.0011994139293711075
5844,0.8,0.9440121911883735,0,1,1,0,0.025040785851999467,0.001072919658836565
5845,0.8,0.934078348667851,0,1,1,0,0.027991758105768674,0.001200170903043412
5846,0.8,0.9190238853118459,0,1,1,0,0.029805760841933104,0.0016501106310120714
5847,0.8,0.9001535488406026,0,1,1,0,0.03148839435367247,0.003044102340275559
5848,0.8,0.9111775835595323,0,1,1,0,0.032462668648491934,0.0047522463284494715
5849,0.8,0.9156169242273304,0,1,1,0,0.03253771926613782,0.006197235897202817
5850,0.8,0.9104684059180855,0,1,1,0,0.030436348516058694,0.008146753355214378
5851,0.8,0.9260305764443532,0,1,1,0,0.027098557716595507,0.0095195771224679
5852,0.8,0.9517336247185627,0,1,1,0,0.025601471626352932,0.009533303881799692
5853,0.8,0.9855891812649819,0,1,1,0,0.022322909053599283,0.008142927153960816
5854,0.8,1.0143051382987256,0,1,1,0,0.017317186097749456,0.006492476469080638
5855,0.8,1.0099054420860412,1,1,1,0,0.009093183084536997,0.004326982121843191
5856,0.8,0.9912968562526805,1,0,1,1,-0.001636727152267146,0.0016848143637665687
5857,0.8,0.9598501312901699,1,0,1,1,-0.010351839774445258,0.004986022327133738
5858,0.8,0.9476134284444474,1,0,0,1,-0.016238653810929784,0.008257052182997791
5859,0.8,0.9619440815478757,1,0,0,1,-0.018969433002367083,0.006943292941527002
5860,0.8,0.9489301376384331,1,0,0,1,-0.020792047450652714,0.0023408639932639605
5861,0.8,0.9341540555152908,1,0,0,1,-0.02155762947528817,-0.002359533920732766
5862,0.8,0.9258290796890694,1,0,0,1,-0.021587014217136373,-0.00734937744281706
5863,0.8,0.9240309437315026,1,0,0,1,-0.019888238327086142,-0.012044058269971025
5864,0.8,0.9306786107692547,1,0,0,1,-0.016053493839000264,-0.01653116360618943
5865,0.8,0.9497498719735407,1,0,0,1,-0.012455474314563116,-0.02044052799340591
5866,0.8,0.9481774496264512,1,0,0,1,-0.008553454788445599,-0.02256121472642288
5867,0.8,0.9540810529693098,1,0,0,1,-0.005803832393249448,-0.021976515141612002
5868,0.8,0.9714863271931711,1,0,0,1,-0.004483532430455691,-0.020931806648248116
5869,0.8,0.9645468947333136,1,0,0,1,-0.0017444442563572013,-0.018422204535867112
5870,0.8,0.9801707339539224,1,0,0,1,0.0014134554258778598,-0.01574615742399064
5871,0.8,0.9911431720830642,1,0,0,1,0.0034718948049602683,-0.01250904075746572
5872,0.8,1.0303461827095062,1,0,0,1,0.0031368238564856822,-0.0087070999960786
5873,0.8,1.0734389780596933,1,0,0,1,0.006019929011242283,-0.007315977342045023
5874,0.8,1.111949990383331,0,0,0,1,0.013147759041432332,-0.00605873077426888
5875,0.8,1.1061763671429146,0,1,1,1,0.028076880409294548,-0.0046909246160098
5876,0.8,1.0547408057768421,0,1,1,0,0.03700820347683497,-0.0012676934774018237
5877,0.8,1.071902399683704,0,1,1,0,0.03875832379596817,0.0009450521259288102
5878,0.8,1.0602380866440635,0,1,1,0,0.03385195267933892,0.0007698705594746325
5879,0.8,1.0464743644005687,0,1,1,0,0.02805714795305324,-3.857076576041692e-05
5880,0.8,1.0276059972058313,0,1,1,0,0.02804410252927712,0.0007619445693606584
5881,0.8,1.0183617496422461,0,1,1,0,0.031619453559380305,0.0028313107434308426
5882,0.8,1.0140735171753337,0,1,1,0,0.036367235565099576,0.005395198479354585
5883,0.8,1.0002262381760016,0,1,1,0,0.03954731613576917,0.007953407069060751
5884,0.8,0.9875104664682685,0,1,1,0,0.04232106007634313,0.010901722102080047
5885,0.8,0.985729441614602,0,1,1,0,0.044785641074917754,0.014142400071446877
5886,0.8,0.9905433044441599,0,1,1,0,0.045669334066636424,0.017025715877606797
5887,0.8,0.9963315966943298,0,1,1,0,0.045446202813176004,0.019963463527471265
5888,0.8,1.0065007503805505,0,1,1,0,0.04384233294707126,0.02212257206063254
5889,0.8,1.0263905165280014,0,1,1,0,0.04111027749566914,0.022546174917632836
5890,0.8,1.055387264423233,0,1,1,0,0.036766476807838525,0.021701780744345624
5891,0.8,1.0840241278118516,0,1,1,0,0.03192600544343563,0.021370790469244314
5892,0.8,1.0495916451315723,1,0,1,0,0.021178036938112876,0.01991148162536025
5893,0.8,1.0438277232437607,1,0,1,1,0.004509691342379593,0.016268473503893127
5894,0.8,1.0049378750540943,1,0,1,1,-0.006548240104355604,0.016053549153874188
5895,0.8,0.9858081884488431,1,0,0,1,-0.011870512751552976,0.015788563396133888
5896,0.8,0.9895694087224166,1,0,0,1,-0.013423003245807922,0.010399549539517536
5897,0.8,0.9714109320065994,1,0,0,1,-0.013997955414765353,0.0024863117832590377
5898,0.8,0.9454863082140134,1,0,0,1,-0.012589443573871123,-0.0048186654493039185
5899,0.8,0.9312603164316137,1,0,0,1,-0.010651179514765807,-0.011445949184560643
5900,0.8,0.9198564469594247,1,0,0,1,-0.008839955838422954,-0.016799712439957083
5901,0.8,0.9195831377670471,1,0,0,1,-0.006109791132291955,-0.020580828601922417
5902,0.8,0.9284684673262026,1,0,0,1,-0.0035805918967266796,-0.022979451306668133
5903,0.8,0.9348045922052286,1,0,0,1,-0.0018800680243006257,-0.02375035013265628
5904,0.8,0.9311729630135359,1,0,0,1,-5.2894109539330106e-05,-0.022276788002188554
5905,0.8,0.9469015749722799,1,0,0,1,0.0006606734830686747,-0.020196379098387215
5906,0.8,0.932274458794063,1,0,0,1,0.0020060014871013236,-0.017192920428672997
5907,0.8,0.9386528354975326,1,0,0,1,0.0028956745103677715,-0.013401392025337853
5908,0.8,0.9612248397544126,1,0,0,1,0.001480310248414268,-0.009611049001668563
5909,0.8,1.0045381024559499,1,0,0,1,0.0006707103126188051,-0.006992595277006584
5910,0.8,1.031633375003704,1,0,0,1,0.002794752183291154,-0.00479795787210505
5911,0.8,1.061517695466295,1,1,0,1,0.007504837066568422,-0.002911771168067532
5912,0.8,1.0458818236987015,0,1,1,0,0.012253765377968712,-0.001484139175646054
5913,0.8,1.0424308540335776,0,1,1,0,0.010289266305104319,0.000638790135565053
5914,0.8,1.0240443469156926,0,1,1,0,0.00773070368828471,-0.0005917714161282205
5915,0.8,0.9988479201539944,0,1,1,0,0.006332530273802753,-0.002077740075046855
5916,0.8,0.9674667861259866,0,1,1,0,0.008516172663108787,-0.002674938005848309
5917,0.8,0.9488348685609628,0,1,1,0,0.011863154695625523,-0.002667475897875844
5918,0.8,0.9306255322593204,0,1,1,0,0.01421058183004751,-0.003139169940783013
5919,0.8,0.9100000442360628,0,1,1,0,0.01464483639457016,-0.004039025729318563
5920,0.8,0.8865803027899234,0,1,1,0,0.015245267861478907,-0.004468483941856233
5921,0.8,0.869244825110559,0,1,1,0,0.016204326830146953,-0.003578870215483987
5922,0.8,0.8522641985925843,0,1,1,0,0.01664218094771039,-0.002116561316057154
5923,0.8,0.8485696796774923,0,1,1,0,0.016580704805994072,8.15262290316577e-06
5924,0.8,0.8580799742393114,0,1,1,0,0.015808623996260224,0.001866179897241346
5925,0.8,0.8698561663363286,0,1,1,0,0.014932000655091367,0.002142255467907155
5926,0.8,0.90357538323679,0,1,1,0,0.013217359243864956,0.0008073926997035135
5927,0.8,0.9330100127847127,0,1,1,0,0.009977089741417838,-0.0014425066321812634
5928,0.8,0.9591336839661065,0,1,1,0,0.004921159448226265,-0.002836967276192607
5929,0.8,0.9840548062548145,1,1,1,0,-0.0011593509401862509,-0.003053597062515051
5930,0.8,0.9722583128550972,1,0,1,1,-0.007836807754404094,-0.0009679882229924341
5931,0.8,0.9549610922171015,1,0,1,1,-0.01629091653389425,0.004869815047090106
5932,0.8,0.9784246163215417,1,0,0,1,-0.0233326656520974,0.005688982134467914
5933,0.8,0.9844864021583147,1,0,0,1,-0.027902592091172004,0.0003697549280558684
5934,0.8,0.960560691897305,1,0,0,1,-0.02935512675853734,-0.0053211454601976025
5935,0.8,0.9524812618919241,1,0,0,1,-0.028132267661903392,-0.010252922848936141
5936,0.8,0.9470758592440409,1,0,0,1,-0.025592704937282294,-0.015072520823485569
5937,0.8,0.9429486979972331,1,0,0,1,-0.02162149158091719,-0.018897810640085323
5938,0.8,0.9515603341231278,1,0,0,1,-0.016482347773266078,-0.021692866995065476
5939,0.8,0.9537017620659393,1,0,0,1,-0.011453941816364535,-0.022992865952751896
5940,0.8,0.9614223300676852,1,0,0,1,-0.008947722554414077,-0.022273896295872685
5941,0.8,0.9620957280402321,1,0,0,1,-0.008004893854154402,-0.020045397687542283
5942,0.8,0.9699683869196053,1,0,0,1,-0.007333012210483358,-0.017098362514019666
5943,0.8,0.9835931815914415,1,0,0,1,-0.005259721680884943,-0.015081178390056859
5944,0.8,0.9851166230837007,1,0,0,1,-0.0032468506572264906,-0.012226409469947158
5945,0.8,1.0065897251857427,1,0,0,1,-0.0026877725469620626,-0.008810390146441914
5946,0.8,1.0356218374981045,1,0,0,1,-0.0007589931787771207,-0.005902520690320251
5947,0.8,1.0732694215209804,1,0,0,1,0.003758752258740128,-0.004594952988304135
5948,0.8,1.097683430512855,0,1,0,1,0.009954071635166187,-0.004080267868390696
5949,0.8,1.0326773331015595,0,1,1,0,0.016588174638840332,-0.003912871751435915
5950,0.8,1.0395204592125022,0,1,1,0,0.01811652382829878,-0.0030593437930813597
5951,0.8,1.0281707974803782,0,1,1,0,0.018263942786008465,-0.0034088671427956437
5952,0.8,1.0170075698946364,0,1,1,0,0.016921145156078808,-0.004234398824047256
5953,0.8,1.0065804699523828,0,1,1,0,0.01878551465683685,-0.004744358017102909
5954,0.8,0.9946742197041959,0,1,1,0,0.02245902162794718,-0.0037631926741288325
5955,0.8,0.9816958659849718,0,1,1,0,0.025243117238913163,-0.0023249971308391816
5956,0.8,0.9641245460133216,0,1,1,0,0.02612081964487663,-0.0006392459592183186
5957,0.8,0.9443199884756306,0,1,1,0,0.027132913054647007,0.0014950040413538237
5958,0.8,0.9401023130734036,0,1,1,0,0.029403079592388272,0.003710838928283567
5959,0.8,0.9306509074599442,0,1,1,0,0.03128254299544895,0.005834013854430533
5960,0.8,0.9402729926637399,0,1,1,0,0.03171560972045274,0.008141999576882586
5961,0.8,0.9482988916054408,0,1,1,0,0.029857913708032847,0.00951972286043886
5962,0.8,0.9592135282797886,0,1,1,0,0.02646674895395891,0.009844525992125206
5963,0.8,0.991329178799959,0,1,1,0,0.022762405482385697,0.009119476980655046
5964,0.8,1.0214446821123782,0,1,1,0,0.01850334392314812,0.007636893248412752
5965,0.8,1.0470042218205997,0,1,1,0,0.013102872373379723,0.007048608209509381
5966,0.8,1.0224820418839151,1,0,1,0,0.002891948552819566,0.006227200078271144
5967,0.8,0.985750500554567,1,0,1,1,-0.008435171620327074,0.007206613257931445
5968,0.8,0.9813904495250997,1,0,0,1,-0.01751906960147672,0.010446514752991787
5969,0.8,0.9884201413710972,1,0,0,1,-0.02273001859221642,0.008351663511008092
5970,0.8,0.9755621183114015,1,0,0,1,-0.02441546194085223,0.0027536764519323783
5971,0.8,0.9597864214586641,1,0,0,1,-0.023424535913486446,-0.0037400633456843406
5972,0.8,0.9459533012289713,1,0,0,1,-0.020801334962059295,-0.010350956268482276
5973,0.8,0.9370816664989664,1,0,0,1,-0.017113439149043234,-0.016215987765072874
5974,0.8,0.9427431291289275,1,0,0,1,-0.012807335417061111,-0.02114650823474768
5975,0.8,0.9501108574892216,1,0,0,1,-0.008473079844850498,-0.024766974738428614
5976,0.8,0.9588316536231921,1,0,0,1,-0.005019827048096007,-0.02647459938966752
5977,0.8,0.9526880261641859,1,0,0,1,-0.0029952270581277882,-0.025481430841693867
5978,0.8,0.9555393319668679,1,0,0,1,-0.0015285572905967806,-0.022422914822326532
5979,0.8,0.959425797197878,1,0,0,1,-0.0006132606192904755,-0.019184883138330704
5980,0.8,0.9599096282323227,1,0,0,1,0.0003090398591175502,-0.015371896957230463
5981,0.8,0.9768223657954819,1,0,0,1,0.0006164702532446633,-0.011876124490476243
5982,0.8,0.9968719311740726,1,0,0,1,-0.0015059775234581034,-0.007873351843565482
5983,0.8,1.0355138352025361,1,0,0,1,-0.0015034112216170152,-0.005253493539931665
5984,0.8,1.0735157136452425,1,0,0,1,0.002429695718701692,-0.004179919539752506
5985,0.8,1.0796245770053294,0,1,0,1,0.01099734718608188,-0.003252677086492005
5986,0.8,1.0717067918840932,0,1,1,0,0.020692825718712334,-0.002578432001630445
5987,0.8,1.0569669508878612,0,1,1,0,0.02287271023093527,-0.0013331395901912601
5988,0.8,1.0312498044020268,0,1,1,0,0.021067543168446806,-0.0013947482666492486
5989,0.8,1.0167974019799968,0,1,1,0,0.01787961025952917,-0.0025273718166407473
5990,0.8,1.0056136772098592,0,1,1,0,0.017473847786798877,-0.004879872072780958
5991,0.8,0.9971871123562918,0,1,1,0,0.01894760642306475,-0.007156476529498246
5992,0.8,0.9802616248983813,0,1,1,0,0.019824134480756154,-0.0087531532566261
5993,0.8,0.9651154933809587,0,1,1,0,0.020057046281397,-0.00907505169081782
5994,0.8,0.9484940403098834,0,1,1,0,0.02059478293139553,-0.008369476265491787
5995,0.8,0.9293045933882136,0,1,1,0,0.022532178733272783,-0.006092458958255993
5996,0.8,0.9454077937381246,0,1,1,0,0.023044944528089282,-0.0038551159900773774
5997,0.8,0.949892839274135,0,1,1,0,0.022416500451793865,-0.0015516478617503373
5998,0.8,0.9552788170934023,0,1,1,0,0.021100514568750693,0.0004586244601814282
5999,0.8,0.9784207701814183,0,1,1,0,0.019632577222861543,0.0012719332972259373
6000,0.8,1.0157350147407789,0,1,1,0,0.017975793220685488,0.0012905920616058746
6001,0.5,1.0512774470199606,0,1,1,0,0.013315765316125643,0.0004989292419294894
6002,0.5,1.0716244515664954,0,1,1,0,0.007701577591791505,0.0010339260706474802
6003,0.5,1.058624788867925,1,0,1,0,-0.002077237920010122,0.002281389318375186
6004,0.5,1.0190675086968966,1,0,0,1,-0.012936189142872548,0.005034620449432589
6005,0.5,0.9900087093387968,1,0,0,1,-0.016611919165691054,0.009567980683247006
6006,0.5,0.9577486500239549,1,0,0,1,-0.017912542039680103,0.010876606608411764
6007,0.5,0.92409245570786,1,0,0,1,-0.019605856819438966,0.010281583776806165
6008,0.5,0.8924378368121917,1,0,0,1,-0.02223598267259361,0.008850746118055553
6009,0.5,0.8729783610862367,1,0,0,1,-0.02563693340578023,0.0062567770246065675
6010,0.5,0.8515550035100008,1,0,0,1,-0.02889735212365331,0.0036718731646200003
6011,0.5,0.8368278725812276,1,0,0,1,-0.03045593145951755,0.0013539544900563855
6012,0.5,0.8300078612350423,1,0,0,1,-0.03202943447561415,0.0009639928436998736
6013,0.5,0.8283303346100829,1,0,0,1,-0.03241337381398775,0.0007562845645614475
6014,0.5,0.8288981723549999,1,0,0,1,-0.02981282439073642,0.0006918147364413366
6015,0.5,0.8286526273824175,1,0,0,1,-0.027996331858668084,0.0023351200311983703
6016,0.5,0.8455659123711338,1,0,0,1,-0.027193831013309695,0.003912840550527039
6017,0.5,0.832401219828783,1,0,0,1,-0.02652103849957704,0.006982473865299011
6018,0.5,0.8284594050901066,1,0,0,1,-0.027693829865196386,0.012528321898782705
6019,0.5,0.8522414131204397,1,0,0,1,-0.028869015858433853,0.016874007540634048
6020,0.5,0.870067792216196,1,0,0,1,-0.03013696484199833,0.02074966856672895
6021,0.5,0.8653672353243554,1,1,0,1,-0.027638253695269514,0.023369683729802623
6022,0.5,0.9107792555563297,0,1,0,1,-0.018254194006994705,0.019045389997253668
6023,0.5,0.8951600666348897,0,1,1,1,-0.00408553166543225,0.013139393164146475
6024,0.5,0.8081953177963925,0,1,1,0,0.003314720899758632,0.010912444607247093
6025,0.5,0.8444819994934593,0,1,1,0,0.0076571049132302185,0.00650466430755565
6026,0.5,0.7796450789839855,0,1,1,0,0.008253371781253524,0.0006422398163564286
6027,0.5,0.7614836467963153,0,1,1,0,0.005419030524113497,-0.0024462581230714543
6028,0.5,0.7697078355628206,0,1,1,0,0.0016575693545610364,-0.0070525225334988565
6029,0.5,0.7237870651905642,0,1,1,0,-0.002834757332505015,-0.010705036462219531
6030,0.5,0.7104536328707928,0,1,1,0,-0.00364373543754465,-0.01170366907584114
6031,0.5,0.6907852115759738,0,1,1,0,-0.0004200018385121092,-0.011535186368727553
6032,0.5,0.6733895356542988,0,1,1,0,0.003395497902702716,-0.009997128374759726
6033,0.5,0.660224054636065,0,1,1,0,0.006268925315717608,-0.0080097380347859
6034,0.5,0.639928031534992,0,1,1,0,0.009423122696261232,-0.00503204578503662
6035,0.5,0.6359147756012558,0,1,1,0,0.01302136110256781,-0.0005653025122760486
6036,0.5,0.6279955849866347,0,1,1,0,0.016743553716753904,0.0044726593660493015
6037,0.5,0.6331507796709502,0,1,1,0,0.02014908796126568,0.009545351042906209
6038,0.5,0.6445407562409669,0,1,1,0,0.0227774804083464,0.012544651324254075
6039,0.5,0.6595303797933121,0,1,1,0,0.023255559463333575,0.013641286986728611
6040,0.5,0.6941682476657388,0,1,1,0,0.022563688171650706,0.012500074601048032
6041,0.5,0.7337513437224216,0,1,1,0,0.021579592226461154,0.01062986004168375
6042,0.5,0.7563488433498493,1,1,1,0,0.018821898836780003,0.008366972244159363
6043,0.5,0.7264278333895904,1,1,1,1,0.014380528399030644,0.0063446422313961914
6044,0.5,0.7011855543314509,1,0,1,1,0.011133597334975607,0.00975204336063301
6045,0.5,0.7048423679083939,1,0,1,1,0.0033830998808628337,0.013423932602112507
6046,0.5,0.7292659358704721,1,0,0,1,-0.006779439160372988,0.012968345297865789
6047,0.5,0.6980693254352305,1,0,0,1,-0.01053220485316225,0.008608102959972525
6048,0.5,0.6815593927864103,1,0,0,1,-0.007840379294832911,0.004290278019435428
6049,0.5,0.6691833875393616,1,0,0,1,-0.003330016473381895,-0.0019855720410704904
6050,0.5,0.6433382082603747,1,0,0,1,0.0006865836845199102,-0.008735512018525989
6051,0.5,0.626225488077233,1,0,0,1,0.003442960320595297,-0.015305174289686583
6052,0.5,0.6129974849451165,1,0,0,1,0.004945770311622618,-0.021279637279210773
6053,0.5,0.6019410380306239,1,0,0,1,0.006087195260584688,-0.025970174086891718
6054,0.5,0.5987367550669295,1,0,0,1,0.007212977568546306,-0.028762237060581
6055,0.5,0.5991355612565694,1,0,0,1,0.009336141605720888,-0.0310711933387077
6056,0.5,0.6049873343906415,1,0,0,1,0.011176859083403346,-0.03348821679001789
6057,0.5,0.6113057482847604,1,0,0,1,0.012374940088748246,-0.03579135902241137
6058,0.5,0.6143546618271323,1,0,0,1,0.014362957840101808,-0.037753630335967174
6059,0.5,0.6089614870101686,1,0,0,1,0.015903768301673296,-0.037784712869916574
6060,0.5,0.6034295203058914,1,0,0,1,0.01665713979526786,-0.03621474477672269
6061,0.5,0.6076668070046439,1,0,0,1,0.01692206131213702,-0.0334582233463596
6062,0.5,0.6379282722091051,1,0,0,1,0.01873362175015487,-0.03181532302967155
6063,0.5,0.6487934939475605,1,0,0,1,0.02281796303355465,-0.030835321941736667
6064,0.5,0.6383449815924666,1,0,1,1,0.024852446210036704,-0.02635266627757604
6065,0.5,0.6669194546232973,0,0,1,1,0.024404049415135326,-0.017828303773765593
6066,0.5,0.6881524766018599,0,1,1,1,0.03062232831855567,-0.01047943248514532
6067,0.5,0.7314224176469433,0,1,1,1,0.039629681593469,-0.005226505332321022
6068,0.5,0.7405526469332453,0,1,1,1,0.046906018695210334,-6.551529319161473e-05
6069,0.5,0.7820312279419122,0,1,1,1,0.050730079128855514,0.004498377972809667
6070,0.5,0.8112375710869523,0,1,1,0,0.0507829337325206,0.007591746663561662
6071,0.5,0.7833943354756593,0,1,1,0,0.044299419005713,0.009108856706975609
6072,0.5,0.7884062483493177,0,1,1,0,0.036986644121677556,0.008650904928069907
6073,0.5,0.7733704279781791,0,1,1,0,0.03276103168903195,0.006742258305083231
6074,0.5,0.7410372946806618,0,1,1,0,0.030832714620963125,0.006779140632304036
6075,0.5,0.7421650657988632,0,1,1,0,0.030554610757063682,0.007031639507161393
6076,0.5,0.7291996960612076,0,1,1,0,0.03140891012890071,0.007238008997587554
6077,0.5,0.7232165737002444,0,1,1,0,0.03435097780107382,0.009101902036724676
6078,0.5,0.7086837441372167,0,1,1,0,0.03715406960194153,0.012636089268536441
6079,0.5,0.688216613370892,0,1,1,0,0.040846969435104206,0.018398024478477618
6080,0.5,0.7027326439913278,0,1,1,0,0.045604630515129765,0.025022722255134088
6081,0.5,0.7047790293075548,0,1,1,0,0.04976045730895536,0.030238552253253694
6082,0.5,0.7100032246612166,0,1,1,0,0.054394931761745285,0.03492757564765128
6083,0.5,0.7186790750954696,0,1,1,0,0.05854418873195878,0.037932592493997434
6084,0.5,0.7580290474228343,0,1,1,0,0.0616278580769469,0.0395680229215918
6085,0.5,0.7788583681321767,1,1,1,0,0.06061313081571368,0.03902929653751026
6086,0.5,0.765224675275926,1,0,1,0,0.04994869403588224,0.0339977557999932
6087,0.5,0.7674169781065174,1,0,1,0,0.03364892703775174,0.027982181885774983
6088,0.5,0.7020161742601219,1,0,1,1,0.016441071175801212,0.02236316191401956
6089,0.5,0.656929239055912,1,0,1,1,0.008402120511998363,0.02127244866615242
6090,0.5,0.6688601619418663,1,0,0,1,0.0007912476153176197,0.016199578655743625
6091,0.5,0.6349655549931259,1,0,0,1,-0.002380569058462272,0.006672822170047257
6092,0.5,0.6372417706447242,1,0,0,1,-0.002310858067751269,-0.004706418923765872
6093,0.5,0.6281453763628466,1,0,0,1,-0.00035997716494494853,-0.017275909168184608
6094,0.5,0.6091548126988702,1,0,0,1,0.0029795479739875945,-0.02833481930744359
6095,0.5,0.5839853235925225,1,0,0,1,0.005992199695465946,-0.03565705394513567
6096,0.5,0.5715415100542445,1,0,0,1,0.008102757558061316,-0.03981373876954226
6097,0.5,0.5677406832075733,1,0,0,1,0.009699927823801717,-0.04128971521696417
6098,0.5,0.578730048104803,1,0,0,1,0.012113916089394643,-0.04180483376703408
6099,0.5,0.5801337945327162,1,0,0,1,0.014686989016796567,-0.041158615317346686
6100,0.5,0.5816863289837527,1,0,0,1,0.015652571527131592,-0.03958128409168109
6101,0.5,0.5849169775280323,1,0,0,1,0.014777857093588526,-0.03780356730791604
6102,0.5,0.608606007229767,1,0,0,1,0.012053414069036407,-0.03633604455997673
6103,0.5,0.6129988640628581,1,0,0,1,0.008405760341137308,-0.0342705428163381
6104,0.5,0.624055880023956,1,0,0,1,0.003627679918035952,-0.03038576796084747
6105,0.5,0.6639956979892865,1,0,0,1,0.0020308387670161937,-0.02819232292554973
6106,0.5,0.6667110768319107,1,0,0,1,0.0032094560888379212,-0.025672135108973218
6107,0.5,0.6922214033113644,1,0,1,1,0.005915546508580074,-0.02325686851522164
6108,0.5,0.670421690101798,0,1,1,1,0.004618825881829245,-0.013796387194486021
6109,0.5,0.7445981949863609,0,1,1,1,0.009224513766611367,-0.004468203304627861
6110,0.5,0.7214562274399434,0,1,1,0,0.016968007157656673,0.002185184378436704
6111,0.5,0.721387421671531,0,1,1,0,0.018269863746255385,0.006624577315512994
6112,0.5,0.7269868112292582,0,1,1,0,0.014647677810547325,0.008016010951221054
6113,0.5,0.727375800512905,0,1,1,0,0.010604111011977039,0.007018308376588782
6114,0.5,0.713669077164653,0,1,1,0,0.008327781926174867,0.005836286274004437
6115,0.5,0.7017423371703424,0,1,1,0,0.006774952104333686,0.003738372968278452
6116,0.5,0.6935886153250497,0,1,1,0,0.006119573852651554,0.0012561707491309968
6117,0.5,0.6824981997086969,0,1,1,0,0.00574547491260642,-0.0017124558718909606
6118,0.5,0.6699271974431364,0,1,1,0,0.0057549026114272605,-0.0034377432010302784
6119,0.5,0.6508442575922131,0,1,1,0,0.005233498848755407,-0.004130709306768354
6120,0.5,0.623722804491574,0,1,1,0,0.005492512684675115,-0.003055845592014583
6121,0.5,0.610502491422004,0,1,1,0,0.007245249792516679,-0.0006646922162227904
6122,0.5,0.6031263841894403,0,1,1,0,0.009866940220579533,0.002112327300328917
6123,0.5,0.613952964431229,0,1,1,0,0.01194148818579102,0.004314640105758059
6124,0.5,0.620559940779438,0,1,1,0,0.01232144498810924,0.00548862722430303
6125,0.5,0.6252734474689923,0,1,1,0,0.010488802177663653,0.0066736494796159045
6126,0.5,0.6581665667127407,0,1,1,0,0.008128495796403668,0.006023037183523715
6127,0.5,0.7035318155127162,0,1,1,0,0.006178668945419328,0.003117032168734696
6128,0.5,0.7449170336946738,0,1,1,0,0.0032119894570945134,-0.0007944857832333243
6129,0.5,0.679277719268313,1,0,1,1,-0.002494471362960527,0.000196617259947033
6130,0.5,0.6548454563698042,1,0,1,1,-0.011109710149915948,0.006025524976241105
6131,0.5,0.6709574305571652,1,0,0,1,-0.018184211463391203,0.009569620869065314
6132,0.5,0.6873198242217277,1,0,0,1,-0.021354895279089466,0.006259312578389147
6133,0.5,0.66370803389569,1,0,0,1,-0.020216133291325808,0.000711849994247777
6134,0.5,0.6395512942420931,1,0,0,1,-0.0161622831714202,-0.004052363019479941
6135,0.5,0.6362200330835901,1,0,0,1,-0.012776695975432949,-0.00999924146221856
6136,0.5,0.6283673723907826,1,0,0,1,-0.011239684569955643,-0.01671410500081321
6137,0.5,0.618930468197907,1,0,0,1,-0.009610789277772867,-0.022530822825422396
6138,0.5,0.6064612661722193,1,0,0,1,-0.008180528621852558,-0.026254927331974924
6139,0.5,0.6024052044599633,1,0,0,1,-0.0062002040991640025,-0.02795665276232402
6140,0.5,0.6230140275503471,1,0,0,1,-0.00475552237984999,-0.030144942327101767
6141,0.5,0.620845477745226,1,0,0,1,-0.0030844931891149687,-0.03286522026308199
6142,0.5,0.6290807740736326,1,0,0,1,2.3460132818243754e-05,-0.03515218137660751
6143,0.5,0.6444045754975112,1,0,0,1,0.002969205662767708,-0.037134940786344835
6144,0.5,0.6474901681973854,1,0,0,1,0.0061466734834410295,-0.038299201311602526
6145,0.5,0.650243758630179,1,0,0,1,0.008795949358452135,-0.0376760663058048
6146,0.5,0.6588241739383559,1,0,0,1,0.011224504946221828,-0.035973255793487535
6147,0.5,0.6896903926513098,1,0,0,1,0.015727126585230775,-0.03560933248571411
6148,0.5,0.6964566286503411,1,0,0,1,0.021514127136660764,-0.034687806076206376
6149,0.5,0.6716852993997336,1,0,1,1,0.023394461917415604,-0.029438368869995
6150,0.5,0.7217420836756268,1,0,1,1,0.022109969985706968,-0.02171383698996073
6151,0.5,0.7386151370947392,0,0,1,1,0.022643644558656938,-0.015740632837424964
6152,0.5,0.7716820368593179,0,1,1,1,0.029735663052205364,-0.009551059103741738
6153,0.5,0.7720249306208486,0,1,1,1,0.038136693804379444,-0.003902930752187064
6154,0.5,0.8133358328870945,0,1,1,1,0.04248842579329517,0.0015809905776249555
6155,0.5,0.8246213807472947,0,1,1,0,0.04450437954902387,0.005784912770074915
6156,0.5,0.8099579668256073,0,1,1,0,0.040227890455123864,0.007952250337850141
6157,0.5,0.8131278247884687,0,1,1,0,0.033395735051619774,0.00730854790185218
6158,0.5,0.7985131343030725,0,1,1,0,0.029758400748953976,0.0064043977222599064
6159,0.5,0.8046798253844797,0,1,1,0,0.02842103960001334,0.004153296214621725
6160,0.5,0.7878541657315086,0,1,1,0,0.027913151687357397,0.0026402633610190717
6161,0.5,0.785465499712717,0,1,1,0,0.027782657493862262,0.001880719857483809
6162,0.5,0.7779922543659485,0,1,1,0,0.029341857993332165,0.002830990463925577
6163,0.5,0.7630333066672799,0,1,1,0,0.0325204700113848,0.006034313981601694
6164,0.5,0.7657600775756332,0,1,1,0,0.035042192903893,0.010789275171727035
6165,0.5,0.7688042594357608,0,1,1,0,0.037236485629496156,0.015915699645961377
6166,0.5,0.7654276772474679,0,1,1,0,0.040332907715076874,0.02123064240813796
6167,0.5,0.7753326979504058,0,1,1,0,0.04311063614563297,0.02505411323647013
6168,0.5,0.7903276126957707,0,1,1,0,0.044238456986887616,0.026592227640060136
6169,0.5,0.827891168404369,0,1,1,0,0.04422790674705093,0.026562140561869355
6170,0.5,0.8624237481264858,1,1,1,0,0.0430390427353938,0.02583002749221411
6171,0.5,0.8336504355001599,1,0,1,0,0.03143189529189133,0.024099229772264304
6172,0.5,0.8422587866565102,1,0,1,1,0.01466184071570024,0.019873987129291577
6173,0.5,0.80308583941582,1,0,0,1,0.00326320822735757,0.015532458993250798
6174,0.5,0.7552435690610433,1,0,0,1,0.0002824958192838456,0.011598751322481707
6175,0.5,0.7150437464200714,1,0,0,1,0.0008572292885888949,0.0071711576182709146
6176,0.5,0.699622170564218,1,0,0,1,0.001024736383528602,0.0004351982898474387
6177,0.5,0.6779302327052816,1,0,0,1,-0.00024895582464880847,-0.008302484804297516
6178,0.5,0.6572458614965814,1,0,0,1,-0.001321933056671632,-0.01644480326822743
6179,0.5,0.6399668422300464,1,0,0,1,-0.0017106572658902941,-0.023349020342457418
6180,0.5,0.6346168491082391,1,0,0,1,-0.0022276152157939526,-0.028206743824799867
6181,0.5,0.6333967636076983,1,0,0,1,-0.0005261715220621273,-0.03287019640611588
6182,0.5,0.6349647878917951,1,0,0,1,0.005778406587188554,-0.03712154856456908
6183,0.5,0.655607248014705,1,0,0,1,0.012283093571455784,-0.03935465274273273
6184,0.5,0.6368351193646185,1,0,0,1,0.017351898092322043,-0.03989548632080382
6185,0.5,0.631271651923431,1,0,0,1,0.02004930712314037,-0.03915532852891402
6186,0.5,0.6484519882400095,1,0,0,1,0.02316751480683012,-0.03816003681333164
6187,0.5,0.6764673143942393,1,0,0,1,0.024994666352618856,-0.03803417097051362
6188,0.5,0.6771955275832263,1,0,0,1,0.02470878087438627,-0.03684281868435325
6189,0.5,0.6902791919910842,1,0,0,1,0.025270214518811944,-0.034862633888473105
6190,0.5,0.6964908458986573,1,0,1,1,0.02775201819673745,-0.03245176126259604
6191,0.5,0.7123130652608601,1,0,1,1,0.026753976336030914,-0.028194027346531276
6192,0.5,0.7460785707147793,0,0,1,1,0.028153410578616783,-0.01971035211982343
6193,0.5,0.7700845005134859,0,1,1,1,0.03571806696934798,-0.010032354863130144
6194,0.5,0.7820540183621595,0,1,1,0,0.042480747715673214,-0.001692575720052585
6195,0.5,0.7705317939397628,0,1,1,0,0.0416189158383575,0.005108632589636657
6196,0.5,0.7829099625916371,0,1,1,0,0.03621670757499381,0.009622602454401155
6197,0.5,0.7836314748967584,0,1,1,0,0.029544899816652755,0.012062743920632044
6198,0.5,0.7640874735483413,0,1,1,0,0.023641987530131213,0.014069640037014886
6199,0.5,0.7530469203051533,0,1,1,0,0.022838119479367192,0.016071875114213992
6200,0.5,0.7557047285565004,0,1,1,0,0.025670490080457055,0.01693858707964444
6201,0.5,0.7522257004199315,0,1,1,0,0.029711045335754974,0.017437643248925855
6202,0.5,0.7419816841116135,0,1,1,0,0.031996353220704724,0.01771567153662895
6203,0.5,0.7293952395196575,0,1,1,0,0.03360401805815753,0.018178075904919547
6204,0.5,0.7181172808742015,0,1,1,0,0.0361358764709109,0.019671977226988796
6205,0.5,0.706162064558429,0,1,1,0,0.03826848419566225,0.02149904557371218
6206,0.5,0.6982096830510376,0,1,1,0,0.0402307974535367,0.02381247265390035
6207,0.5,0.7082376571953422,0,1,1,0,0.041178510205921295,0.02616432492335901
6208,0.5,0.7205683533999594,0,1,1,0,0.0407804775053044,0.027959200211567416
6209,0.5,0.730626496159328,0,1,1,0,0.03814812338180059,0.029801843496595842
6210,0.5,0.762015046766629,0,1,1,0,0.03616467844445302,0.02974468680719929
6211,0.5,0.7630392302170889,1,1,1,0,0.03145498915271921,0.02566440558835827
6212,0.5,0.7335326864692724,1,1,1,0,0.022361134487634046,0.018702083002936652
6213,0.5,0.7195985368952419,1,1,1,1,0.01380068525522936,0.013644747495192974
6214,0.5,0.6824425422789432,1,0,1,1,0.005301022255591659,0.013119204874001904
6215,0.5,0.6828591614790405,1,0,1,1,-0.005271470282200113,0.013199286638899303
6216,0.5,0.700148899263596,1,0,0,1,-0.01554336593734346,0.009563064643275884
6217,0.5,0.6843531115872739,1,0,0,1,-0.019779644179732117,0.0035817732617637603
6218,0.5,0.662070190431674,1,0,0,1,-0.017797759970778163,-0.0027112050634620893
6219,0.5,0.6505968762283214,1,0,0,1,-0.013435248696237623,-0.009684292831900183
6220,0.5,0.6434791649687424,1,0,0,1,-0.010087678297931531,-0.017193519947794878
6221,0.5,0.6371037593317922,1,0,0,1,-0.007957513507128713,-0.023987118877711485
6222,0.5,0.6305089138811891,1,0,0,1,-0.005991486250700829,-0.0290440385067575
6223,0.5,0.6233628211319797,1,0,0,1,-0.0035825131009904684,-0.031630653715088546
6224,0.5,0.6102704102927039,1,0,0,1,-0.0007888511459008395,-0.030694418830107595
6225,0.5,0.6238303722280932,1,0,0,1,0.0011853557453142948,-0.028567168650869855
6226,0.5,0.6279735696447246,1,0,0,1,0.0022140104972964533,-0.027131718372394073
6227,0.5,0.6289748517176256,1,0,0,1,0.0015836180968742816,-0.02467315091968379
6228,0.5,0.6606916236472877,1,0,0,1,-0.00013654996653982194,-0.023156793596844357
6229,0.5,0.6451925986961191,1,0,0,1,-0.002094107145306586,-0.02051412395387513
6230,0.5,0.6521642585629679,1,0,0,1,-0.004892085374489223,-0.015060405663464407
6231,0.5,0.6896253827470038,1,0,0,1,-0.007551497923380477,-0.010290074369587815
6232,0.5,0.7079671298969418,1,0,0,1,-0.00897015120140492,-0.006022046989807012
6233,0.5,0.734205066699931,1,1,0,1,-0.007252413054407395,-0.001962934461809796
6234,0.5,0.8201251998918867,0,1,0,1,0.0017760449063544596,-0.0017589705122088189
6235,0.5,0.8245710264270718,0,1,1,1,0.014863240381401776,-0.0011862170248497996
6236,0.5,0.754621689771888,0,1,1,0,0.023304013993985837,0.0021519082840070554
6237,0.5,0.7810281737560671,0,1,1,0,0.026938775197480586,0.0029713961623152644
6238,0.5,0.7358483404092081,0,1,1,0,0.025203012485779327,0.002787887591695937
6239,0.5,0.7285565299156244,0,1,1,0,0.021152062044594272,0.004005410096276315
6240,0.5,0.7416971937211028,0,1,1,0,0.019170223691433515,0.0029705536677975897
6241,0.5,0.7223955460868694,0,1,1,0,0.018542276396249,0.0011556537119791453
6242,0.5,0.7094381255612875,0,1,1,0,0.019843460322516784,0.001436623713576095
6243,0.5,0.7152613622772609,0,1,1,0,0.022817115671201902,0.000731045970335259
6244,0.5,0.7104359216160785,0,1,1,0,0.02629382601577679,0.0008031237562017918
6245,0.5,0.6978726908986678,0,1,1,0,0.028550181436427794,0.002172123088630634
6246,0.5,0.68133370628867,0,1,1,0,0.029514974297596724,0.0049563572233574694
6247,0.5,0.6654566216595889,0,1,1,0,0.03139751060638111,0.009207362189341888
6248,0.5,0.6838010655296806,0,1,1,0,0.03374764295469852,0.013241658810907891
6249,0.5,0.6742037781350432,0,1,1,0,0.03513391705072016,0.016517566139926283
6250,0.5,0.6841236010322781,0,1,1,0,0.035635775970868526,0.019707983046447324
6251,0.5,0.703383161853224,0,1,1,0,0.03642963097278469,0.02105794999741652
6252,0.5,0.7342447280247312,0,1,1,0,0.03585058633483827,0.020653203814389454
6253,0.5,0.7802692085149836,0,1,1,0,0.03581370804086716,0.01948114663309667
6254,0.5,0.7727062531329699,1,1,1,0,0.03125469217872418,0.016802464461761056
6255,0.5,0.7339352620950391,1,0,1,1,0.022013903818935518,0.012808665510147896
6256,0.5,0.7000770243390789,1,0,1,1,0.013778166674095189,0.014481194018393428
6257,0.5,0.6635898077539056,1,0,0,1,0.006695438893361301,0.016803912733544684
6258,0.5,0.6897526886328427,1,0,0,1,0.0030435079818528503,0.012410061451530034
6259,0.5,0.6778615675527944,1,0,0,1,0.0012479549059819083,0.002037039132450423
6260,0.5,0.6546929870616546,1,0,0,1,0.00199911204591157,-0.007816765608783341
6261,0.5,0.6347155583119001,1,0,0,1,0.004224627237412208,-0.017172702295364748
6262,0.5,0.623274159703386,1,0,0,1,0.006705336736755071,-0.025566159060466352
6263,0.5,0.6058520284731196,1,0,0,1,0.009471376421783318,-0.03263892785834989
6264,0.5,0.5876877584840949,1,0,0,1,0.012250372536195231,-0.037355822343551545
6265,0.5,0.5783088418859557,1,0,0,1,0.01416262586769617,-0.03987518626840412
6266,0.5,0.5813034671982678,1,0,0,1,0.016171102476515892,-0.041553457238843544
6267,0.5,0.5775493598194624,1,0,0,1,0.018844339508104005,-0.042853197048484094
6268,0.5,0.5816134070742945,1,0,0,1,0.020559958917966817,-0.04370066086066042
6269,0.5,0.5866304447910075,1,0,0,1,0.021650745713132552,-0.04376843653336453
6270,0.5,0.6026537226874897,1,0,0,1,0.022944966666555662,-0.04429775812227866
6271,0.5,0.6011882972284514,1,0,0,1,0.023760396006061786,-0.0435183854743182
6272,0.5,0.5880912469488421,1,0,0,1,0.022871538244146603,-0.039752010398226546
6273,0.5,0.6227992094983511,1,0,0,1,0.022930514668789048,-0.03730615249998768
6274,0.5,0.6232327612360294,1,0,0,1,0.024919023246297887,-0.03506800302105325
6275,0.5,0.6500086123599984,1,0,1,1,0.026958512096755385,-0.03305520760129593
6276,0.5,0.655997779275245,1,0,1,1,0.025712014605435485,-0.026934905346623683
6277,0.5,0.6637895042509002,0,0,1,1,0.025711253463194653,-0.01790879866880859
6278,0.5,0.7188120661687734,0,1,1,1,0.03052668912458517,-0.008193150691822717
6279,0.5,0.7101868897559181,0,1,1,0,0.036888741649565716,0.0006018609539491173
6280,0.5,0.7514742125694253,0,1,1,1,0.03962116763922383,0.00801546284980298
6281,0.5,0.7302586481564679,0,1,1,0,0.03957373478953017,0.011253007890281448
6282,0.5,0.713534075603584,0,1,1,0,0.03497550032884531,0.01276596339692217
6283,0.5,0.7244828195694789,0,1,1,0,0.029154606598098317,0.011608108044567121
6284,0.5,0.6926750237168166,0,1,1,0,0.02450431552514893,0.010736469745242718
6285,0.5,0.6860446465305209,0,1,1,0,0.022472670536816283,0.010809377151564608
6286,0.5,0.6863965009346261,0,1,1,0,0.023420218548408624,0.009064530290996345
6287,0.5,0.6796230824354097,0,1,1,0,0.02653226330122941,0.007966815012270067
6288,0.5,0.668414428391848,0,1,1,0,0.028219799306293685,0.007601778363502201
6289,0.5,0.6535327222406428,0,1,1,0,0.02970246107545514,0.008525596475614586
6290,0.5,0.6291275379025486,0,1,1,0,0.03196411060901655,0.011198115925313038
6291,0.5,0.6405361781869843,0,1,1,0,0.03355249573179326,0.01370990905235164
6292,0.5,0.6529314806022779,0,1,1,0,0.034814069340723806,0.015208421436891946
6293,0.5,0.6523034640762644,0,1,1,0,0.034229270940537834,0.017253371598782388
6294,0.5,0.6562308121385088,0,1,1,0,0.03188486019268108,0.020313537889938692
6295,0.5,0.678078000526888,0,1,1,0,0.029384740716618507,0.021730029097768822
6296,0.5,0.7245409454529806,0,1,1,0,0.02826976047983277,0.0199151001094741
6297,0.5,0.7564017642200106,1,1,1,0,0.025591702444238473,0.01479422313583997
6298,0.5,0.7056945168590794,1,0,1,1,0.016801171970578052,0.008913963221091552
6299,0.5,0.6842676247331042,1,0,1,1,0.008005800711855115,0.008794041651729837
6300,0.5,0.6756817203294925,1,0,1,1,-0.002623171285496933,0.010280786241530202
6301,0.5,0.6755094589654956,1,0,0,1,-0.00974476662139616,0.008591721425861778
6302,0.5,0.6830186494126473,1,0,0,1,-0.012587199815202284,0.002322263477755323
6303,0.5,0.6653292093770775,1,0,0,1,-0.011425412287257375,-0.005631595030494265
6304,0.5,0.6465928625029838,1,0,0,1,-0.008272540945746025,-0.013463365255485837
6305,0.5,0.6341662696648728,1,0,0,1,-0.005621696822219725,-0.020719229067517112
6306,0.5,0.6264704844105751,1,0,0,1,-0.003868078584735036,-0.027041490610035933
6307,0.5,0.6133026915728514,1,0,0,1,-0.002317475400877068,-0.03127447789037211
6308,0.5,0.6053605537916931,1,0,0,1,-0.00045818048374004014,-0.03348730407467771
6309,0.5,0.6079809049955306,1,0,0,1,0.0006988021460586369,-0.03385743567507582
6310,0.5,0.6045831460909399,1,0,0,1,0.0026095795656191335,-0.03342956184099493
6311,0.5,0.6163716944461737,1,0,0,1,0.0047271476664830486,-0.03279028511568981
6312,0.5,0.6125090625885056,1,0,0,1,0.0040494577001536445,-0.03170387273590125
6313,0.5,0.6136491374833569,1,0,0,1,0.00256468444066866,-0.029789802523586317
6314,0.5,0.6193994651268241,1,0,0,1,0.000863221273266638,-0.02717006142106911
6315,0.5,0.6470611250619602,1,0,0,1,0.0003470603445424266,-0.025718253185163152
6316,0.5,0.6609319001149361,1,0,0,1,5.16748611572286e-06,-0.023330778525090332
6317,0.5,0.6965927135894763,1,0,0,1,0.00232834585974676,-0.021229992192660602
6318,0.5,0.7099895295875362,1,0,0,1,0.005932504448383977,-0.019034889216540105
6319,0.5,0.7100159540075656,1,0,1,1,0.0054505166650237755,-0.01289410212269988
6320,0.5,0.7151894366947374,0,1,1,1,0.008370499336419241,-0.004104388986767162
6321,0.5,0.7485155618176375,0,1,1,1,0.017769508956689117,0.0009211706769881757
6322,0.5,0.7817004101427911,0,1,1,1,0.024237300984178204,0.004624345839800858
6323,0.5,0.7998609604927777,0,1,1,0,0.02802287458774065,0.007617855580763556
6324,0.5,0.7703522021927904,0,1,1,0,0.026890618251805665,0.008194392111429938
6325,0.5,0.7774518978093634,0,1,1,0,0.023019284445416788,0.006528475144545047
6326,0.5,0.7518531789902971,0,1,1,0,0.019265710700841123,0.00450593580975053
6327,0.5,0.7367436647190841,0,1,1,0,0.016355246907100263,0.003503509864962659
6328,0.5,0.7464350121328868,0,1,1,0,0.015789520324703894,0.00029013824834646655
6329,0.5,0.7246917391651221,0,1,1,0,0.016418953908318323,-0.0018752141822351853
6330,0.5,0.7185409461397544,0,1,1,0,0.01841272754885617,-0.0011735812356224314
6331,0.5,0.7054980356384297,0,1,1,0,0.020358614045762224,0.0008454301579068825
6332,0.5,0.6836758245624084,0,1,1,0,0.02315698891164351,0.005124027238261161
6333,0.5,0.6874087381537458,0,1,1,0,0.026854995713918,0.010359816285404489
6334,0.5,0.7013037379854862,0,1,1,0,0.03135989164231792,0.014755269377127058
6335,0.5,0.6886089224855269,0,1,1,0,0.03570210973953312,0.01878646029124323
6336,0.5,0.7042785478068255,0,1,1,0,0.03870580969277038,0.02209274807490827
6337,0.5,0.7236902184030235,0,1,1,0,0.04023646454797754,0.023089954398740353
6338,0.5,0.7568772348571273,0,1,1,0,0.03945231462753867,0.02254887254480131
6339,0.5,0.7904672098016322,1,1,1,0,0.03824290744928762,0.02149603911831014
6340,0.5,0.7789825119614563,1,0,1,0,0.02840422042230147,0.018886275264068865
6341,0.5,0.7564316287913676,1,0,1,1,0.014638827673085856,0.016121404508584288
6342,0.5,0.7186298901468605,1,0,0,1,0.006813849848777566,0.01676694985391796
6343,0.5,0.6960487796691543,1,0,0,1,0.004517857403422579,0.01388943858552628
6344,0.5,0.6637339333201755,1,0,0,1,0.004916687644864091,0.007855506632412539
6345,0.5,0.6432698208259873,1,0,0,1,0.0060246477541516345,-6.543455360230047e-05
6346,0.5,0.6326380076215466,1,0,0,1,0.005925877502324015,-0.009786408835030331
6347,0.5,0.6088439112634565,1,0,0,1,0.005798615212752065,-0.018897674110665796
6348,0.5,0.5909388231106197,1,0,0,1,0.007013700478062529,-0.026648473895403712
6349,0.5,0.588197627057322,1,0,0,1,0.008174450666900278,-0.03303169554922006
6350,0.5,0.5873971511109377,1,0,0,1,0.010254079509833033,-0.0390848495774046
6351,0.5,0.5907637869376393,1,0,0,1,0.015085395017394178,-0.04455941178942203
6352,0.5,0.5918069698105906,1,0,0,1,0.022504946180841968,-0.04789900786800829
6353,0.5,0.5782506700049116,1,0,0,1,0.028944911454809735,-0.04910949943693527
6354,0.5,0.5783234747367905,1,0,0,1,0.031110599329511136,-0.04908727799648375
6355,0.5,0.596265721257066,1,0,0,1,0.033876837597838994,-0.04916293397211579
6356,0.5,0.6042999738672319,1,0,0,1,0.03568547750973866,-0.048914381033216464
6357,0.5,0.6139631698339105,1,0,0,1,0.036138182558850894,-0.047833701254734795
6358,0.5,0.6421666734275215,1,0,0,1,0.03796997130832848,-0.047596010553999396
6359,0.5,0.6434289994152849,1,0,1,1,0.04151108029836463,-0.047183615606159544
6360,0.5,0.6318017559250382,1,0,1,1,0.040209370193779584,-0.04262439276683216
6361,0.5,0.6393235979252813,1,0,1,1,0.03828931962473536,-0.034796703411136116
6362,0.5,0.6715503190198605,0,0,1,1,0.03989369180793827,-0.026249447449801993
6363,0.5,0.6988722403540375,0,1,1,1,0.04456062493700239,-0.016307194451330373
6364,0.5,0.7243942925932337,0,1,1,1,0.049215273140648524,-0.006643787295998801
6365,0.5,0.7198233954729037,0,1,1,0,0.05047278832782999,0.002755546880127337
6366,0.5,0.708615102823141,0,1,1,0,0.04689060097137553,0.010192855278989969
6367,0.5,0.7129690877225675,0,1,1,0,0.04108749578962598,0.014632954088666331
6368,0.5,0.6860422210314464,0,1,1,0,0.03602445171199776,0.017704203987052945
6369,0.5,0.6983119437992171,0,1,1,0,0.03390920530239284,0.018183132310697785
6370,0.5,0.6832110487564377,0,1,1,0,0.034704025830419205,0.018000006039092634
6371,0.5,0.6904521018229245,0,1,1,0,0.036530105858998387,0.016634897625765168
6372,0.5,0.6905791510968733,0,1,1,0,0.03899940820370396,0.01580209161660808
6373,0.5,0.6925198540550441,0,1,1,0,0.04176190250645785,0.015948355100950228
6374,0.5,0.6745365849016915,0,1,1,0,0.04153155128901675,0.01718477573911867
6375,0.5,0.6653380869907484,0,1,1,0,0.04015633744718122,0.01942718660909429
6376,0.5,0.687267180075221,0,1,1,0,0.040044443595345015,0.021109523345048283
6377,0.5,0.6913877368946021,0,1,1,0,0.039005317052612884,0.021607428195951597
6378,0.5,0.6898835865707297,0,1,1,0,0.03499581666145372,0.023873569608337464
6379,0.5,-0.011603473019882156,1,1,1,1,-0.00037637279160354534,-0.0010435317921076482
