step,vx_cmd,vx_actual,LF,RF,LH,RH,roll,pitch
243,0.6,-0.07347057287601419,1,1,0,1,0.020418467778106762,-0.013138427697260332
244,0.6,-0.17776119750490738,1,1,0,1,0.03634073574034979,-0.02339192587153575
245,0.6,-0.13637199677432243,1,1,0,1,0.040440175650697505,-0.03250544683380536
246,0.6,-0.10056689158049145,1,0,0,1,0.04164156640743142,-0.04519723498723012
247,0.6,-0.06495501932678807,0,0,0,1,0.04458558670566422,-0.055182011236609055
248,0.6,-0.053285393601980084,0,0,0,1,0.05009869582868414,-0.06258490863925913
249,0.6,-0.037921234214177174,0,0,0,1,0.05799854630856878,-0.06818881971563297
250,0.6,-0.03703238203112427,0,0,0,1,0.06829074544621094,-0.07121684518655841
251,0.6,-0.00044943967022835436,0,0,0,1,0.0790360196502382,-0.07380495013488127
252,0.6,-0.08509500709820299,0,0,1,0,0.08638123145029082,-0.07496481226688605
253,0.6,-0.10415700764585666,0,0,1,0,0.07910758075598733,-0.0597268138832766
254,0.6,-0.09646652492164892,0,0,1,0,0.06877341495772556,-0.04199194457993916
255,0.6,-0.07961412463583241,0,0,1,0,0.05568462620619235,-0.024866075456172414
256,0.6,-0.09183862783496545,0,0,1,0,0.04100149502902399,-0.00477986169072699
257,0.6,-0.12614014924473924,0,0,1,0,0.025366783895493045,0.022327516194089188
258,0.6,-0.1273481604124263,0,0,1,0,0.013077287516500022,0.05387567012590496
259,0.6,-0.09965504649390364,0,0,0,0,0.005638950361688535,0.08469249005098949
260,0.6,-0.09535545427429977,0,0,0,0,-0.0029907102493691292,0.11502762224941397
261,0.6,-0.12562280224176545,0,0,0,0,-0.011315908845504045,0.1480924699279078
262,0.6,-0.11821943713336225,0,0,0,0,-0.016540779918030525,0.18085975069235222
263,0.6,-0.1193945861994801,0,0,0,0,-0.019426025268287347,0.21224966743709386
264,0.6,-0.2034479116043617,1,0,0,0,-0.02498397048261226,0.23984019187985528
265,0.6,-0.25184152747634836,1,0,0,0,-0.03808460234285113,0.2557035346399619
266,0.6,-0.2862936009118675,1,0,0,0,-0.05770780489269719,0.2571806748172478
267,0.6,-0.326090601882367,1,0,0,1,-0.0766739124599914,0.24954477124667226
268,0.6,-0.3317365137884525,1,0,0,1,-0.08466153730601611,0.24047762236715253
269,0.6,-0.2914672168297072,1,0,0,1,-0.09442953627474941,0.22108767139862429
270,0.6,-0.2568106362407277,1,0,0,1,-0.10945853931419373,0.18866801784955325
271,0.6,-0.27403983559522643,1,0,0,1,-0.12062419365676429,0.15005870752982509
272,0.6,-0.2611568908109216,1,0,0,1,-0.1259352260018072,0.1106161679464398
273,0.6,-0.2178351501504491,1,0,1,1,-0.1285235808725413,0.07366047780430866
274,0.6,-0.21513656030182018,1,0,1,1,-0.1278831654745409,0.04512697841880754
275,0.6,-0.19728129683888881,0,0,1,1,-0.12286321065271985,0.023327921237608386
276,0.6,-0.17047717039456886,0,0,0,1,-0.11401978346479733,0.00334776915273538
277,0.6,-0.16040753021254373,0,0,0,1,-0.1012490395077598,-0.016933317194346223
278,0.6,-0.13110603950493038,0,0,1,1,-0.08681711183946265,-0.038566157468914494
279,0.6,-0.11155310407344052,0,0,1,1,-0.07786318635319814,-0.05904188513360765
280,0.6,-0.08662868370471909,0,0,1,1,-0.07339666528702454,-0.07673456222924495
281,0.6,-0.037454599001810536,0,0,1,1,-0.07055475845660662,-0.09465073389990845
282,0.6,0.003992336304969769,0,0,1,1,-0.06831770898556164,-0.1152002503672603
283,0.6,0.0405658321440126,0,0,1,1,-0.06460658524268666,-0.13730814493721774
284,0.6,0.05070636285421967,0,0,0,1,-0.06052482229256239,-0.1589032154411122
285,0.6,0.04283737131634557,0,0,0,0,-0.05695523346430518,-0.18003774973947195
286,0.6,0.023200821894554066,0,0,0,0,-0.0546648831015931,-0.2029133690577014
287,0.6,0.03160377912009427,0,0,0,0,-0.05326179285847734,-0.22690512310108793
288,0.6,0.05324815270855464,0,0,0,0,-0.05240827470233624,-0.25144026871626046
289,0.6,0.07057123874743099,0,0,0,0,-0.051011811259501924,-0.2739109482795785
290,0.6,0.06581539671338109,0,0,0,0,-0.04677350178698464,-0.2919955980964929
291,0.6,0.048668006108903615,0,0,0,0,-0.038967549762586505,-0.30444542156047455
292,0.6,0.03172117681312442,0,0,0,0,-0.02993031509496376,-0.31300763678231797
293,0.6,0.007323479669164131,0,0,0,0,-0.01978597641245178,-0.31865566691815334
294,0.6,-0.008562554714174808,0,0,0,0,-0.009946406037753834,-0.32359411941137156
295,0.6,-0.018097743599522126,0,0,0,0,-0.0020944629092478862,-0.32972181613831947
296,0.6,-0.022220699725039997,0,0,0,1,0.00485731986657826,-0.33777708246548954
297,0.6,-0.09330832230319289,0,0,0,1,0.01738307783583349,-0.3404325515472439
298,0.6,-0.10895886349809392,0,1,0,1,0.03488631248161553,-0.3398471991387848
299,0.6,-0.03355506957616632,0,0,0,1,0.06037268718259692,-0.33617568288913163
300,0.6,0.0026247468697664796,0,0,1,1,0.0836716192982748,-0.3221923524737098
301,0.6,0.01327870676580659,0,0,1,1,0.09483119553458684,-0.30431652221827366
302,0.6,0.05225710889563674,0,0,1,1,0.10245432890308089,-0.2834091508310419
303,0.6,0.04145993547971609,0,0,1,1,0.10893570343089115,-0.26110835062524634
304,0.6,0.011204220247320578,1,0,1,1,0.11348406612075683,-0.23527352440561722
305,0.6,-0.03919757733584492,1,0,1,1,0.11005001604985629,-0.2152024087450141
306,0.6,-0.03676571120003084,1,0,1,1,0.10634570416307007,-0.20325796454538705
307,0.6,-0.016568717538573068,1,0,1,1,0.1049209483840391,-0.19650824089178162
308,0.6,0.0029944342314377603,1,0,1,1,0.10250723672110024,-0.1915973728447321
309,0.6,0.03223836140083384,1,0,1,1,0.09688424160379966,-0.1868932311667212
310,0.6,0.07610359658597836,0,0,1,1,0.09057085332772885,-0.1834368110338643
311,0.6,0.1250562970960248,0,0,1,1,0.08464084771673584,-0.18323666778349815
312,0.6,0.15639225205794105,0,0,1,1,0.07826887360583813,-0.18600203029810414
313,0.6,0.18441807898219253,0,0,1,1,0.07111315245205618,-0.19097667707640423
314,0.6,0.2095751947331243,0,0,1,1,0.06380542964057416,-0.1980861582338021
315,0.6,0.2290596000014285,0,0,1,1,0.05606511911785741,-0.20685009445164362
316,0.6,0.23239412913668042,0,0,1,1,0.048173993630686036,-0.21619055255909064
317,0.6,0.2326857934110948,0,0,0,1,0.040024666074321875,-0.22546881806926553
318,0.6,0.22031469661272124,0,0,0,1,0.03197741213516695,-0.2343599933444982
319,0.6,0.20775618516257838,0,0,0,1,0.024078105545405185,-0.24236008563328587
320,0.6,0.2007085431688991,0,0,0,1,0.016449012458038967,-0.24985467309160211
321,0.6,0.2003753993515687,0,0,0,1,0.009349709885290705,-0.25685787004295746
322,0.6,0.2078098602732663,0,0,0,1,0.00293876816009147,-0.26303314931468835
323,0.6,0.20255342056735154,0,0,0,1,-0.0028718477302347857,-0.2676214263160704
324,0.6,0.18211474420866927,0,0,0,0,-0.008991917770637197,-0.26948445514159275
325,0.6,0.19056066078128053,0,0,0,1,-0.014008620177256546,-0.27007231508821977
326,0.6,0.23943651646409725,0,0,0,0,-0.021084134141061688,-0.2741278411099122
327,0.6,0.22172951977773148,0,0,0,0,-0.029830025060357857,-0.28179736862713534
328,0.6,0.25241348776824674,0,0,0,0,-0.04016472154006627,-0.28972672415886935
329,0.6,0.24127005084820985,0,0,0,0,-0.0516632909413944,-0.2994238430260281
330,0.6,0.23051415878643758,0,0,0,0,-0.06188720443580447,-0.3059120578844697
331,0.6,0.22086335302926813,0,0,0,0,-0.06865931358768985,-0.30770804451566763
332,0.6,0.2301156003105883,0,0,0,0,-0.07127242584156027,-0.3040803222614806
333,0.6,0.26938174161092204,0,0,0,0,-0.07119950694681484,-0.2975535773161347
334,0.6,0.23531811046708614,0,0,0,0,-0.07046346489143673,-0.2883043906998322
335,0.6,0.23273541578831117,0,0,0,0,-0.07107067927817204,-0.2760515437771878
336,0.6,0.1692280799048412,0,0,0,0,-0.07430824469373083,-0.2608944028500467
337,0.6,0.18361000509588815,0,0,0,0,-0.08073771885885317,-0.24469821238213382
338,0.6,0.09616243927369615,0,0,0,1,-0.08315616294787376,-0.22635955024552104
339,0.6,-0.11823532521570079,0,1,1,1,-0.08472762120147334,-0.19087078992927914
340,0.6,-0.155061872761775,0,1,1,1,-0.08036210346801259,-0.15375039287895953
341,0.6,-0.13316815898674603,0,1,1,1,-0.06926469534155867,-0.13338322634141547
342,0.6,-0.0754100440430678,0,1,1,1,-0.05842611056014672,-0.12956301664555314
343,0.6,-0.04131570863175799,0,1,1,1,-0.05197128972096975,-0.13698423857818512
344,0.6,0.012444271441923166,0,1,1,1,-0.04975080510395883,-0.15043582425696425
345,0.6,0.04873717828084435,0,1,1,1,-0.052165899131539135,-0.16570505407970904
346,0.6,0.05579298983996453,0,0,1,1,-0.06213247532604415,-0.1800770626746903
347,0.6,0.06293490129050229,0,0,1,1,-0.07720064654020908,-0.1943709906164611
348,0.6,0.10317598006807309,0,0,1,1,-0.09022256081369501,-0.20996209688654374
349,0.6,0.12594984528424524,0,0,1,1,-0.0999916431061407,-0.22635022010984981
350,0.6,0.12971830487306926,0,0,1,1,-0.10531786793837468,-0.2418727321427451
351,0.6,0.16286710802056023,0,0,1,1,-0.10576920635193868,-0.25665453233551067
352,0.6,0.1582689437800917,0,0,1,1,-0.1032567289983275,-0.2705912452934851
353,0.6,0.16087258203931268,0,0,1,1,-0.09748816534362087,-0.2824851615068149
354,0.6,0.17163265769434918,0,0,1,1,-0.08871045248266166,-0.29331073910052347
355,0.6,0.17754011427758956,0,0,1,1,-0.07820650380850547,-0.3033487152593576
356,0.6,0.1831162270264846,0,0,1,1,-0.06645983876436759,-0.31279370749637314
357,0.6,0.17005383530958573,0,0,1,1,-0.05470900598304196,-0.32082593743633236
358,0.6,0.1718965558387092,0,0,0,1,-0.042744789048284916,-0.32707415784078386
359,0.6,0.1832079181570156,0,0,1,1,-0.03059758307851595,-0.33353106473393085
360,0.6,0.1743991729065512,0,0,0,1,-0.020311515796386525,-0.3399597325664456
361,0.6,0.15637873411163808,0,0,0,1,-0.00910039322831274,-0.34556195502863096
362,0.6,0.16813330658200293,0,0,0,1,0.0035420743111764597,-0.35133264411032095
363,0.6,0.19156249115660248,0,0,0,1,0.016559994179886763,-0.35979997022363736
364,0.6,0.14985332530221968,0,0,0,1,0.029617946023735395,-0.3669217669870117
365,0.6,0.11042593154792964,0,0,0,1,0.04308899372855011,-0.3685566481864849
366,0.6,0.10291217599318787,0,0,0,1,0.05463739514719694,-0.3675707400117091
367,0.6,0.09775720335367925,0,0,0,1,0.06369301759706138,-0.3653236430261969
368,0.6,0.08166997907230779,0,0,0,1,0.0707430709778964,-0.36022331719735956
369,0.6,0.0315926164567166,0,0,0,1,0.07715146551966771,-0.35137829471891635
370,0.6,0.01633919961037068,0,0,0,1,0.08364101459939577,-0.3398352990985832
371,0.6,0.024386278800383947,0,0,0,1,0.08918269567600874,-0.32736776791426025
372,0.6,-0.03395556712519787,0,0,0,1,0.09437692865150915,-0.31159848736116724
373,0.6,-0.007441242086666118,0,0,0,0,0.09824460900577399,-0.29481230130214153
374,0.6,0.03205902768399567,0,0,1,0,0.10005716534996381,-0.28230453615719264
375,0.6,0.05304754252214157,0,0,1,0,0.09296037153268366,-0.2666672428700447
376,0.6,0.06897288302667628,0,0,1,0,0.08269702010804456,-0.2468180303659697
377,0.6,0.10621872063652904,0,0,1,0,0.07142211878064282,-0.22456961272503315
378,0.6,0.0915905625863739,0,0,1,0,0.06132612170983531,-0.19861327127683154
379,0.6,0.13026259788714273,1,0,1,0,0.05440449612551247,-0.16971565548202855
380,0.6,0.16703732804052981,1,0,1,0,0.05178040556321145,-0.14375843449671147
381,0.6,0.23595379342025008,0,0,1,0,0.0575473288092786,-0.11745948318448134
382,0.6,0.24221265741687545,0,1,1,0,0.07101572533264201,-0.09596835370501694
383,0.6,0.2787536928841395,0,1,1,0,0.08553391672976195,-0.08492779027285265
384,0.6,0.2715019791384783,0,1,1,0,0.09736099374052413,-0.08056487663041732
385,0.6,0.2871294044217433,0,1,1,0,0.10309687799065007,-0.08107205536944864
386,0.6,0.30833456800421377,0,1,1,0,0.10291202092247398,-0.08659529100414999
387,0.6,0.27452153635076015,0,1,1,1,0.10129321343798373,-0.09152791735276694
388,0.6,0.31086263046456847,0,1,1,1,0.10348859558349038,-0.09171980452232752
389,0.6,0.35038642182097496,0,1,1,1,0.10437767163686268,-0.0921145747390812
390,0.6,0.3820753261985657,0,0,1,1,0.10232924788664373,-0.09340233816283754
391,0.6,0.41929344278209923,0,0,1,1,0.10015987096686746,-0.0956306273489464
392,0.6,0.4326914922378681,0,0,1,1,0.09911866283928716,-0.09671824713408436
393,0.6,0.4780095780404805,0,0,1,1,0.09700345689384798,-0.09688444356056905
394,0.6,0.46722100030986485,0,0,1,1,0.09036782490017048,-0.09722017898986429
395,0.6,0.48731635253754535,0,0,1,1,0.0820115603720521,-0.09724024790682127
396,0.6,0.5240149793291715,0,0,0,1,0.07783161265604104,-0.10116044923200591
397,0.6,0.5160326362127297,0,0,0,1,0.07851548075507846,-0.10478523790612786
398,0.6,0.5168764937220994,0,0,0,1,0.08042445473917606,-0.10497411121160417
399,0.6,0.42666402405306053,0,0,0,1,0.08224420368945691,-0.09831156098132818
400,0.6,0.4966656985293718,0,0,0,1,0.08780420388647897,-0.09034735215002744
401,0.6,0.47983989977427255,0,0,0,1,0.0908121608654866,-0.08372904470163221
402,0.6,0.41224737537875156,0,0,0,1,0.09062570789979922,-0.06822745153858094
403,0.6,0.4362946920163467,0,0,0,1,0.08981914621735584,-0.049262594283948635
404,0.6,0.4059587602437638,1,0,0,1,0.08532068792779014,-0.030537926304939275
405,0.6,0.38140986721492853,1,0,0,1,0.07865986574897364,-0.019086579162837385
406,0.6,0.36032340561193177,1,0,0,1,0.0725517624998804,-0.013269536489453717
407,0.6,0.36385557344175556,1,0,0,1,0.0650545446254338,-0.0116581277161416
408,0.6,0.35930329560978763,1,0,0,1,0.06287580901172855,-0.01614523753459903
409,0.6,0.3500933432662263,1,0,0,1,0.06308500997047421,-0.020697000788087873
410,0.6,0.3262674481187672,1,0,0,1,0.06675472090420012,-0.026734325764211593
411,0.6,0.3271964030827344,1,0,1,1,0.07168398865076901,-0.03410247436063639
412,0.6,0.310422714699322,1,0,1,1,0.06778532096057611,-0.035975926335286686
413,0.6,0.3342782095841133,1,0,1,1,0.06272916394941497,-0.034573826813275206
414,0.6,0.3535917757140749,1,0,1,1,0.058240364400395456,-0.03445115023077672
415,0.6,0.4054956535931508,1,0,1,1,0.053248775581240575,-0.03454941474681927
416,0.6,0.43342466132025353,1,0,1,1,0.047814058378879,-0.03589453380285292
417,0.6,0.48379727640167136,1,0,1,1,0.043267956334961465,-0.037049289784115036
418,0.6,0.5054381629607302,1,0,1,1,0.041122010312668544,-0.038037962932096804
419,0.6,0.5595446526077421,1,0,1,1,0.0388218358847364,-0.037873566846763865
420,0.6,0.5624312291350797,0,0,1,0,0.037398723320249336,-0.035901221105809865
421,0.6,0.5979410045728782,0,0,1,0,0.03294636781391476,-0.032110590646241874
422,0.6,0.6149947224536327,0,0,1,0,0.024244175296402166,-0.027795711850967488
423,0.6,0.6177463569154589,0,1,1,0,0.014255533028215748,-0.02183112631413245
424,0.6,0.6226923691513029,0,1,1,0,0.007685713498233443,-0.018758242207600757
425,0.6,0.6027476005325753,0,1,1,0,0.0021754765948023788,-0.017190728609939653
426,0.6,0.5986373235919051,0,1,1,0,-0.0035357825821029265,-0.017886248913435824
427,0.6,0.5846333968637825,0,1,1,0,-0.00901730696289943,-0.020046494047529898
428,0.6,0.5721181026106466,0,1,1,0,-0.014738070330003317,-0.02341978638681478
429,0.6,0.5463586811425716,0,1,1,0,-0.020220661701876114,-0.026649501811824027
430,0.6,0.5414156796624141,0,1,1,0,-0.026211811609394765,-0.03170090967634598
431,0.6,0.5193810776524801,0,1,1,0,-0.03223471120657576,-0.03611056042194284
432,0.6,0.5196005517700347,0,1,1,0,-0.039885718897143006,-0.04053536839523661
433,0.6,0.539202735864889,0,1,1,0,-0.04883413136721707,-0.04651740097984029
434,0.6,0.5501133688587532,0,1,1,0,-0.05831385334176573,-0.05230198379608541
435,0.6,0.5771778286786426,0,1,1,0,-0.06837230610787862,-0.057594511437979105
436,0.6,0.5661617828783995,0,1,1,1,-0.07833027185327078,-0.06322593165911745
437,0.6,0.5116293524002037,0,1,1,1,-0.08139623724137086,-0.061204346671414965
438,0.6,0.5526024954502377,0,1,1,1,-0.08587617593025103,-0.05959061870437021
439,0.6,0.5383351542578703,0,0,1,1,-0.09368320365882456,-0.05784133182041281
440,0.6,0.5813286797291941,0,0,1,1,-0.10089057340997372,-0.05440637956691878
441,0.6,0.5672832037922765,0,0,1,1,-0.10979139236450176,-0.048541939237649205
442,0.6,0.5918337370400095,0,0,0,1,-0.115242156490772,-0.04092145748542778
443,0.6,0.5580903007112233,0,0,0,1,-0.11402913683180907,-0.033142953459040295
444,0.6,0.5438580165143563,0,0,0,1,-0.10661650359796805,-0.022201524890958592
445,0.6,0.5299113046759306,1,0,0,1,-0.09859739833332705,-0.010594075363794439
446,0.6,0.5346903040097752,1,0,0,1,-0.09547872946152765,-0.0017472119950203882
447,0.6,0.553427744213005,1,0,0,1,-0.0974976560280996,0.004883300608912263
448,0.6,0.5841906845410131,1,0,0,1,-0.10344215409422337,0.009431759354304913
449,0.6,0.599944862942895,1,0,0,1,-0.1104672195463753,0.014785343620309957
450,0.6,0.6019140272674395,1,0,0,1,-0.11567931362903758,0.02297377542600124
451,0.6,0.5982951422128439,1,0,0,1,-0.11881055339853354,0.034207769621870235
452,0.6,0.607973740532622,0,0,0,1,-0.12081771092110873,0.04735785433248864
453,0.6,0.6321509056908882,1,0,0,1,-0.12339332964779955,0.06117602548580995
454,0.6,0.582928242118975,1,1,0,1,-0.11873374187866008,0.06966080980437152
455,0.6,0.5728787494572375,0,1,0,1,-0.1035992316126767,0.06446309452229214
456,0.6,0.5327555014512422,0,1,0,1,-0.08699035589767395,0.052963558390258
457,0.6,0.5363354258156203,0,1,0,1,-0.06700112189955187,0.03806831129619379
458,0.6,0.4963425407698581,0,1,0,1,-0.0465400933939308,0.024035167183537254
459,0.6,0.49389212953314415,0,1,0,1,-0.027869500848029943,0.011863384617917565
460,0.6,0.4613819982201858,0,1,1,1,-0.014863262076550223,0.002832297288804521
461,0.6,0.4671739548548228,0,1,1,0,-0.007964566791701681,-0.001836382857157142
462,0.6,0.4562972920281347,0,1,1,0,-0.004888840914850724,-0.008251904172425209
463,0.6,0.4860929085642118,0,1,1,0,-0.004468281220537828,-0.016692593316770137
464,0.6,0.4771911524271434,0,1,1,0,-0.0047074001308597966,-0.023167720752808443
465,0.6,0.48102141299680473,0,1,1,0,-0.0056176669729563295,-0.025696073675489782
466,0.6,0.4859589897515034,0,1,1,0,-0.005651668729377299,-0.02536720622563819
467,0.6,0.49841024165515124,0,1,1,0,-0.003138320284519211,-0.02276172383526317
468,0.6,0.5275481562981238,0,1,1,0,0.0037346868442735097,-0.01909678626790076
469,0.6,0.5508505799767806,0,0,1,0,0.013286737015152733,-0.014694630438798553
470,0.6,0.5818045530168792,0,0,1,0,0.02251615470070933,-0.008505199438138848
471,0.6,0.6090747735605049,0,0,1,0,0.03042406641107318,-0.0006518117005115259
472,0.6,0.6416561345790642,0,0,1,0,0.03646127465655599,0.009891233845311384
473,0.6,0.6635848823009934,0,0,1,0,0.041588356246102125,0.02451483979228972
474,0.6,0.676545100891388,1,0,1,0,0.03957840008062417,0.0373029867005034
475,0.6,0.699080549107651,1,0,1,0,0.02721815288154899,0.03998332189146002
476,0.6,0.6984191039486185,1,0,1,0,0.013789554664117385,0.03706391995501392
477,0.6,0.7337146064770362,1,0,1,0,0.0004688200448802436,0.03005519686261035
478,0.6,0.796748389035201,1,0,1,1,-0.013954901623135627,0.01954177955580828
479,0.6,0.8209120277948492,1,0,1,1,-0.021849258633209873,0.012147617246040566
480,0.6,0.8346649784158174,1,0,0,1,-0.02377437055671512,0.005628844136427017
481,0.6,0.775822269928141,1,0,0,1,-0.018856810717503142,-0.002117882754948291
482,0.6,0.7638737891738808,1,0,0,1,-0.012572878340014115,-0.008469654904024605
483,0.6,0.7295400409636773,1,0,0,1,-0.00930067194292316,-0.014319316042107198
484,0.6,0.6957423536022627,1,0,0,1,-0.0073708431251982166,-0.017326569308143004
485,0.6,0.6737074893302781,1,0,0,1,-0.010352034908316071,-0.016265791196176983
486,0.6,0.7168058493590346,1,0,0,1,-0.019770598257254215,-0.013466471690601627
487,0.6,0.6773589090378933,1,0,0,1,-0.027473436082478153,-0.008175225819487271
488,0.6,0.6848055673311776,1,0,0,1,-0.03349243015348406,0.0004159998224270639
489,0.6,0.7297439565362372,1,0,0,1,-0.039806626142590694,0.007937245861776387
490,0.6,0.707033532926132,1,0,0,1,-0.04687468686068052,0.01803242370707326
491,0.6,0.7517826081482266,1,0,0,1,-0.05380015350133366,0.02886348200278645
492,0.6,0.7496547604970873,1,1,0,1,-0.057409624941405925,0.03430930476633824
493,0.6,0.7832720484929214,1,1,0,1,-0.05124750954963607,0.028671031380152753
494,0.6,0.7456431789510072,0,1,0,1,-0.0415320254273326,0.020868473425924353
495,0.6,0.7716250378079038,0,1,0,1,-0.025190125479034164,0.011031347477923677
496,0.6,0.7248797486953452,0,1,1,1,-0.005068768965798954,0.0024117518651373144
497,0.6,0.7181218403925028,0,1,1,1,0.006570508222332421,-0.0003943963782655292
498,0.6,0.638945164034803,0,1,1,0,0.008420315745094845,-0.0023483698046633857
499,0.6,0.627894987025607,0,1,1,0,0.0053480701628970916,-0.0037867144664559256
500,0.6,0.6045834958317519,0,1,1,0,-0.0009638676475857798,-0.009219936169105469
501,0.6,0.5776926755934902,0,1,1,0,-0.006960898617734791,-0.015483058452806555
502,0.6,0.5608360185282213,0,1,1,0,-0.009449164043662698,-0.020281376697311303
503,0.6,0.5530721330666162,0,1,1,0,-0.009387121788373039,-0.023213684591464383
504,0.6,0.5669544431644321,0,1,1,0,-0.006904799718603093,-0.025066056754547376
505,0.6,0.5706418082663586,0,0,1,0,-0.005115951254312316,-0.02545261640738535
506,0.6,0.588400162791582,0,1,1,0,-0.004904380537773444,-0.02418719624868374
507,0.6,0.5715651874303473,0,1,1,0,-0.0035002043316992573,-0.019118663895507242
508,0.6,0.6091591143138251,0,1,1,0,-0.0009238670942439824,-0.014277771893562689
509,0.6,0.6324046933719518,0,1,1,0,-8.447151917861371e-05,-0.012419353940221114
510,0.6,0.6504866097536883,0,1,1,0,1.8970298212245753e-05,-0.008920990221177772
511,0.6,0.6935852724021948,0,0,1,0,0.00011156288938965048,-0.004412643756798973
512,0.6,0.740251406948666,0,0,1,0,-0.003511554878620392,0.0014091268073108119
513,0.6,0.7703636865619439,1,0,1,0,-0.013081215551944055,0.008372640915283508
514,0.6,0.8044764231081144,1,0,1,0,-0.03016927654178653,0.011303570914759512
515,0.6,0.7961497096421696,1,0,1,1,-0.044405813577979916,0.013602615104528515
516,0.6,0.8385189295975303,1,0,1,1,-0.04980937130808607,0.01767818863027424
517,0.6,0.8899395995482468,1,0,1,1,-0.05532054825871908,0.01617302415965489
518,0.6,0.9090628521845471,1,0,0,1,-0.05714017979700977,0.010832129633553903
519,0.6,0.8875297244776348,1,0,0,1,-0.052118668048628594,0.0021229998600300498
520,0.6,0.8529318030931516,1,0,0,1,-0.04447453878826059,-0.004490617689253603
521,0.6,0.8174186841920291,1,0,0,1,-0.03747781420816187,-0.006788150589311854
522,0.6,0.8007322770300758,1,0,0,1,-0.03361577252719078,-0.00610661598223511
523,0.6,0.787061493365488,1,0,0,1,-0.03371640169633367,-0.003410780626725931
524,0.6,0.7937635310001815,1,0,0,1,-0.03771768869138051,0.0010439000492919392
525,0.6,0.8099606083341102,1,0,0,1,-0.043707480795914015,0.007452195923536793
526,0.6,0.7984338954325838,1,0,0,1,-0.04892477909258418,0.016462415936399473
527,0.6,0.7992083736590312,1,0,0,1,-0.053666635583818234,0.027860845899569983
528,0.6,0.7981181273411856,1,0,0,1,-0.06068929564475199,0.041670726459489216
529,0.6,0.8231880116108417,1,0,0,1,-0.06995617348155482,0.05501859074946419
530,0.6,0.8078621949705752,1,1,0,1,-0.07657653209732809,0.06317393331291384
531,0.6,0.826331524916298,1,1,0,1,-0.07131292433895761,0.05827269874089224
532,0.6,0.7799774394525205,0,1,0,1,-0.06202139787923636,0.049655186621504185
533,0.6,0.7734503874367723,0,1,0,1,-0.04911461069138076,0.038280148432709146
534,0.6,0.7474567072853597,0,1,0,1,-0.029630799466172336,0.024563976043380367
535,0.6,0.7037854921484008,0,1,1,1,-0.008770345287765659,0.013107380936000853
536,0.6,0.6429294398117896,0,1,1,0,0.0007837260359196378,0.005965232032997515
537,0.6,0.6415326718906819,0,1,1,0,0.0024145302355193287,-0.00018426992089249085
538,0.6,0.6108620933413446,0,1,1,0,-0.0008544285128491138,-0.008218924774299382
539,0.6,0.6033330281023493,0,1,1,0,-0.006349183175095675,-0.016670243195153055
540,0.6,0.5827165063465777,0,1,1,0,-0.01129594956080114,-0.02490839116718789
541,0.6,0.5598998224263871,0,1,1,0,-0.013926756482035717,-0.03035766758047354
542,0.6,0.5692145914442773,0,0,1,0,-0.012473475478611001,-0.03255533177748129
543,0.6,0.5905169814022732,0,1,1,0,-0.008952284381439302,-0.033741678491221394
544,0.6,0.587566025896508,0,0,1,0,-0.006344682391344862,-0.03299779693967313
545,0.6,0.5793135911356332,0,0,1,0,-0.0035787955241509918,-0.0282236521245201
546,0.6,0.6229158190060102,0,0,1,0,0.0009895666217402401,-0.023364179309435833
547,0.6,0.6512733759582976,0,1,1,0,0.0021573631915748504,-0.02002495036541055
548,0.6,0.6419725943614886,0,0,1,0,0.0016321141673847728,-0.014311896570052137
549,0.6,0.6948058524703075,0,1,1,0,0.0004541935146540704,-0.00793508791041506
550,0.6,0.7129751853323161,0,0,1,0,-0.003119951816499127,0.0005908079033692836
551,0.6,0.7910639961146345,0,0,1,0,-0.010298118141595135,0.00937502622024107
552,0.6,0.8031340003780578,1,0,1,0,-0.0259635025728773,0.014568165195923764
553,0.6,0.7817092745781458,1,0,1,1,-0.03742013360225127,0.020134982655736905
554,0.6,0.8062939013446789,1,0,1,1,-0.042698536253892035,0.025763357680089017
555,0.6,0.8431674336121874,1,0,1,1,-0.04753195371158232,0.02487752394834289
556,0.6,0.8688520999725693,1,0,0,1,-0.05120021328347121,0.01956506406565966
557,0.6,0.8516912526452886,1,0,0,1,-0.04907471146813699,0.01006941642263554
558,0.6,0.830866018160785,1,0,0,1,-0.042513182233490265,0.0010386460016050243
559,0.6,0.7964738657009406,1,0,0,1,-0.033953403970793355,-0.004688616947803175
560,0.6,0.768234941396553,1,0,0,1,-0.026290774502613964,-0.007350019592611096
561,0.6,0.7402773159264021,1,0,0,1,-0.023263449102899403,-0.00635092297972634
562,0.6,0.7591557359271903,1,0,0,1,-0.027741426594947466,-0.00282933314227592
563,0.6,0.7489644287201266,1,0,0,1,-0.03374069983026496,0.0016031250626384423
564,0.6,0.7664117545065136,1,0,0,1,-0.039309819954590756,0.006990106812886653
565,0.6,0.7787001995825525,1,0,0,1,-0.044429499108356835,0.013045165844714655
566,0.6,0.7661062003234911,1,0,0,1,-0.0507521765341548,0.02261061628052323
567,0.6,0.78750886342376,1,0,0,1,-0.05807780060446606,0.03300711047565531
568,0.6,0.8218425666123255,1,0,0,1,-0.06453085066305245,0.039776043029611914
569,0.6,0.7846270997184317,1,1,0,1,-0.06541857521561073,0.04334235281432236
570,0.6,0.826225721353365,1,1,0,1,-0.05680661472712367,0.0356157997784174
571,0.6,0.8034487620737434,0,1,0,1,-0.046458513878411295,0.024566995305964442
572,0.6,0.8127923039316944,1,1,0,1,-0.03287794974222132,0.012182037499681811
573,0.6,0.747025029681786,0,1,1,0,-0.018732565415198906,0.001677746213412434
574,0.6,0.7101312467475906,0,1,1,0,-0.013518993745433031,-0.004054230226647223
575,0.6,0.7096565856557411,0,1,1,0,-0.011742049280143935,-0.010923601747749208
576,0.6,0.6752556878014178,0,1,1,0,-0.012275927876490381,-0.018245970246344556
577,0.6,0.6574105589519718,0,1,1,0,-0.013808935304002066,-0.02469918537643265
578,0.6,0.6217385160371222,0,1,1,0,-0.015043130537253917,-0.029710455193236396
579,0.6,0.6071039254364372,0,1,1,0,-0.014515534082053217,-0.03285092134273858
580,0.6,0.5946444366469688,0,1,1,0,-0.012175312826964225,-0.03456912791024566
581,0.6,0.5839920307020527,0,1,1,0,-0.010366395199458847,-0.034275904192077794
582,0.6,0.5856170846637252,0,1,1,0,-0.008951703422786329,-0.03204868067908487
583,0.6,0.6076001588270209,0,1,1,0,-0.008376903109999239,-0.03072940379934662
584,0.6,0.6115491846150001,0,1,1,0,-0.008487657872977837,-0.029298386084766426
585,0.6,0.6330181427841014,0,1,1,0,-0.00810189706116501,-0.027659860034273658
586,0.6,0.6568712751345762,0,1,1,0,-0.007714304233449513,-0.02651809067316063
587,0.6,0.694972504914186,0,1,1,0,-0.00658598468518156,-0.024644437971855244
588,0.6,0.7363117966322115,0,1,1,0,-0.0060167377197350505,-0.02198030137265061
589,0.6,0.7716591213522324,0,1,1,0,-0.007077641228959482,-0.01843712117354591
590,0.6,0.8030330778411543,0,1,1,0,-0.01015064712691009,-0.014220327798379045
591,0.6,0.8206330632377474,1,0,1,0,-0.017560449607641998,-0.008415052747116404
592,0.6,0.8305683084795109,1,0,1,1,-0.02713209074959134,-0.0011287964731608836
593,0.6,0.8669675833269718,1,0,1,1,-0.03639080282798602,0.005476153940846875
594,0.6,0.9061136515198784,1,0,0,1,-0.04455728672689516,0.006576187600328683
595,0.6,0.9003532794045535,1,0,0,1,-0.04617211020518776,0.0030890631945876697
596,0.6,0.8557590592030141,1,0,0,1,-0.040677131272557614,0.0016763861032285969
597,0.6,0.8277761330426114,1,0,0,1,-0.03289652838337791,0.0021983605597406227
598,0.6,0.7964831938565408,1,0,0,1,-0.02705332781949957,0.0022850690905679197
599,0.6,0.7882943491229636,1,0,0,1,-0.02581416937910659,0.002410329353899719
600,0.6,0.7849238701389764,1,0,0,1,-0.029030715550314633,0.0030350982076294063
601,0.6,0.8043807116836179,1,0,0,1,-0.033522482399922775,0.003943231929287996
602,0.6,0.802883498691224,1,0,0,1,-0.036778748760398175,0.005608882795845885
603,0.6,0.8046457954911292,1,0,0,1,-0.03903709635176511,0.009145774051963202
604,0.6,0.805867780153926,1,0,0,1,-0.04157677660967255,0.014605250436176513
605,0.6,0.7941205613863002,1,0,0,1,-0.044811919787549455,0.022678690833922554
606,0.6,0.7996438847611989,1,0,0,1,-0.04941416988784822,0.03227534770121568
607,0.6,0.8212710462845667,1,1,0,1,-0.055436572524691315,0.03956400722800784
608,0.6,0.8356882394701061,1,1,0,1,-0.047571771776218144,0.03207513810940973
609,0.6,0.7217847207785735,0,1,0,1,-0.032677768465889434,0.017468459521194718
610,0.6,0.7160884576502381,1,1,0,1,-0.013865018770611992,0.0006201386290967812
611,0.6,0.656710395783869,0,1,1,1,0.007067880673839041,-0.013843590915467248
612,0.6,0.6641836001778059,0,1,1,1,0.02317174579655264,-0.023345992111477306
613,0.6,0.6111761591360226,0,1,1,0,0.03394772532712446,-0.029918303715717895
614,0.6,0.6105443846289809,0,1,1,0,0.0386420865660458,-0.03475322684531398
615,0.6,0.5773471365874131,0,1,1,0,0.03798467043962156,-0.039838976328937334
616,0.6,0.5700915126036159,0,1,1,0,0.03428968856458557,-0.04428712006653119
617,0.6,0.5552304111590844,0,1,1,0,0.030514014560750233,-0.04908054089105628
618,0.6,0.5366920287875916,0,1,1,0,0.02830429520237272,-0.052715344704606794
619,0.6,0.5096292378279255,0,1,1,0,0.031164363610715614,-0.051645049542300606
620,0.6,0.5168958780806222,0,1,1,0,0.03686196649480617,-0.04822857740780205
621,0.6,0.5304855382995904,0,1,1,0,0.04107086870626358,-0.045322214961766936
622,0.6,0.5077753682501556,0,1,1,0,0.04327758026351035,-0.03998517839164842
623,0.6,0.5250757309656051,0,1,1,0,0.04909291861454504,-0.03282856866021303
624,0.6,0.5562930698565437,0,1,1,0,0.05436162804577173,-0.029234164212930472
625,0.6,0.5721263143307471,0,1,1,0,0.05704664628785781,-0.02668771092827742
626,0.6,0.5938369868497927,0,1,1,0,0.060161275496234595,-0.023400712018742872
627,0.6,0.6411200839032587,0,1,1,0,0.06355270445696651,-0.019780361335881475
628,0.6,0.684759368117855,0,1,1,0,0.06465169181902274,-0.014908046123288303
629,0.6,0.7045165214409942,1,0,1,0,0.05673198546273908,-0.007880373803919774
630,0.6,0.7850228946165854,1,0,1,0,0.041474186594493104,-0.0012159593778013923
631,0.6,0.7564226007148241,1,0,1,1,0.028696770685771148,0.007428884245352205
632,0.6,0.7901555169597514,1,0,1,1,0.02271670531239259,0.0173740037440218
633,0.6,0.8140193678681439,1,0,1,1,0.01848567804264342,0.02103532217530314
634,0.6,0.8456448293729437,1,0,1,1,0.0177987005043328,0.02097482303574055
635,0.6,0.8595009256698728,1,0,0,1,0.020124449123089513,0.018566728091599042
636,0.6,0.8506883407723091,1,0,0,1,0.027463708199635454,0.011364217060499376
637,0.6,0.8039667412798638,1,0,0,1,0.037946662710337316,0.0030517866289168035
638,0.6,0.7736706555560212,1,0,0,1,0.04778099345005704,-0.0027472274559707773
639,0.6,0.7451115370390523,1,0,0,1,0.05290653295693179,-0.005837687073049878
640,0.6,0.7278533577155921,1,0,0,1,0.05441536523424642,-0.0068073170526160905
641,0.6,0.7156543979224547,1,0,0,1,0.05226326948385516,-0.005697416365155703
642,0.6,0.7293457531354329,1,0,0,1,0.048146959685291285,-0.003727037053378063
643,0.6,0.7332958235906593,1,0,0,1,0.044618954597146133,-0.0008188608309184698
644,0.6,0.7286447841003126,1,0,0,1,0.04043026024464501,0.0046496592164728045
645,0.6,0.7277451097155178,1,0,0,1,0.03660408632764576,0.011470017244291319
646,0.6,0.7395403927290478,1,0,0,1,0.03386707340666377,0.017524920261349025
647,0.6,0.7401624458620039,1,0,0,1,0.03003943864267872,0.024247228721665317
648,0.6,0.8014722530631077,1,1,0,1,0.02787770810372649,0.02680825428294283
649,0.6,0.7323670882372606,1,1,0,1,0.035585327326232374,0.023867667217282913
650,0.6,0.7652727563301203,1,1,0,1,0.04563273005371794,0.01750982223893604
651,0.6,0.7638294528869995,1,1,0,1,0.05818264494264393,0.008596384807091018
652,0.6,0.7492826485650261,1,1,1,1,0.07085150382065415,0.0025794273371495587
653,0.6,0.7366522752595519,1,1,1,1,0.07718886568497715,0.0030377738909862046
654,0.6,0.6598681611426317,0,1,1,0,0.08033575727870258,0.004795303451989797
655,0.6,0.6795761176090076,0,1,1,0,0.08683588401713811,0.005107082227028089
656,0.6,0.6297017507583184,0,1,1,0,0.09516178706259117,0.002724195502692552
657,0.6,0.6251733263117312,0,1,1,0,0.10214146183686615,0.0007744980344045071
658,0.6,0.6235327463590934,0,1,1,0,0.10754798006030193,-0.0016892665522879593
659,0.6,0.6132134410118045,0,1,1,0,0.11201994265228378,-0.002465936379117056
660,0.6,0.6239730740575546,0,1,1,0,0.1157345633213909,-0.0015595123638333078
661,0.6,0.6477084075221923,0,1,1,0,0.11781397126754843,0.00039851670271833466
662,0.6,0.6510333069254061,0,1,1,0,0.11802419970801997,0.003503853741334011
663,0.6,0.6623495858127317,0,1,1,0,0.11879795906441455,0.008485423509764486
664,0.6,0.7083418797205503,0,1,1,0,0.11946390798851844,0.011990076628649057
665,0.6,0.7379462951555547,0,1,1,0,0.11945940535668584,0.014177099696091744
666,0.6,0.7628234547491993,0,1,1,0,0.11919615353305119,0.016795393424199598
667,0.6,0.8014390383394461,0,1,1,0,0.11793285454584185,0.01964085405311432
668,0.6,0.8406872726732706,0,1,1,0,0.11687132064703296,0.02304086313134146
669,0.6,0.8524561654984423,0,0,1,0,0.11642196735635105,0.031042357741689057
670,0.6,0.8585091365622645,1,0,1,0,0.1098730864762301,0.03807068959541856
671,0.6,0.8735479528140557,1,0,1,0,0.09639761678605169,0.03753417943838808
672,0.6,0.8853747813709734,1,0,1,0,0.08358493659417962,0.032986599092893774
673,0.6,0.8969233317541432,1,0,1,1,0.07244219375803046,0.025557633553561946
674,0.6,0.8893771346044881,1,0,1,1,0.06962352169808288,0.02085599061161713
675,0.6,0.8803796290453572,1,0,0,1,0.07140505632877102,0.012997958200761273
676,0.6,0.8126763911137278,1,0,0,1,0.07541276074544412,0.002705092310137565
677,0.6,0.7925572951508204,1,0,0,1,0.07918423949234595,-0.005382880783928487
678,0.6,0.7612783155771721,1,0,0,1,0.08082064859808102,-0.013145285729978523
679,0.6,0.7270616238244388,1,0,0,1,0.08057525716454443,-0.017675791069003532
680,0.6,0.7185015452588212,1,0,0,1,0.07794357100819074,-0.01991394913668434
681,0.6,0.6885061017661099,1,0,0,1,0.07722644483627543,-0.0207546117169003
682,0.6,0.7081870371348286,1,0,0,1,0.07691012319734078,-0.020778392870668523
683,0.6,0.6839212080159243,1,0,0,1,0.07571501756925067,-0.018726467581280624
684,0.6,0.6859356487504273,1,0,0,1,0.07365142791661727,-0.014392232258735402
685,0.6,0.6896480256597469,1,0,0,1,0.06969186504699157,-0.009003660562034898
686,0.6,0.6873366766944708,1,0,0,1,0.06692996612538671,-0.003841943841601569
687,0.6,0.6749666791744182,1,0,0,1,0.06288638804088155,0.00345540595633008
688,0.6,0.7516147648816462,1,0,0,1,0.0603200426745173,0.0059830154248226896
689,0.6,0.7517503160862434,1,0,0,1,0.060929342558827385,0.00543536235451872
690,0.6,0.7927312904716718,1,0,0,1,0.06466255513590083,0.004498635246715365
691,0.6,0.7716454608388721,1,0,1,1,0.07152056660308746,0.0042619483953864855
692,0.6,0.8183069254742328,0,0,1,1,0.0782596723209276,0.009492956506630608
693,0.6,0.8176376088992601,0,0,1,1,0.08668470790466384,0.01778833351856747
694,0.6,0.8511736632131386,0,1,1,1,0.09276645477763273,0.028001173111068228
695,0.6,0.7973231467532085,0,1,1,0,0.09431332189305916,0.03595634787896526
696,0.6,0.795402956202606,0,1,1,0,0.09264122181048358,0.0415909886350037
697,0.6,0.8109946419941425,0,1,1,0,0.08825017394024404,0.04232788262253632
698,0.6,0.8028636941420574,0,1,1,0,0.08308568948517302,0.03985252077259432
699,0.6,0.8030700735235378,0,1,1,0,0.0792765121381697,0.03637536025721144
700,0.6,0.8040717015614202,0,1,1,0,0.07779083648473469,0.034188177260924116
701,0.6,0.8089125450487265,0,1,1,0,0.07857936016857436,0.03381095041213784
702,0.6,0.8345628132038451,0,1,1,0,0.08015941508938618,0.034740743891695965
703,0.6,0.8605091406186052,0,1,1,0,0.08198071506089431,0.03567960118647713
704,0.6,0.8938156154649676,0,1,1,0,0.08188334087479619,0.036527049880817786
705,0.6,0.9020871948778642,0,1,1,0,0.08093551316954042,0.03839873807902853
706,0.6,0.9454566682452882,0,1,1,0,0.07761022898742741,0.039624165721359385
707,0.6,0.9533665687888352,0,1,1,0,0.0745942372234619,0.04154954099176022
708,0.6,0.9864684930834288,1,1,1,0,0.07211464919520158,0.04435770856455473
709,0.6,0.962222429951962,1,1,1,0,0.06353282175041905,0.042169836807428106
710,0.6,0.9433917216061143,1,0,1,0,0.05097543668796193,0.037644240622531626
711,0.6,0.9443448950052513,1,0,1,0,0.03477926776338258,0.030954451508229577
712,0.6,0.9510519076553122,1,0,1,0,0.016577116780015826,0.021384138594074502
713,0.6,0.9419585359342195,1,0,1,1,-0.0028989340776536454,0.009872531559741906
714,0.6,0.8654020238589403,1,0,0,1,-0.008294835689785725,0.0020787679782743548
715,0.6,0.8518600220099632,1,0,0,1,-0.009118680934949495,-0.003938549042910469
716,0.6,0.8271672487581825,1,0,0,1,-0.009044579888620247,-0.009896980177805225
717,0.6,0.8023702082972451,1,0,0,1,-0.009411302101767728,-0.015185466184586258
718,0.6,0.7585618361772039,1,0,0,1,-0.013105579334509315,-0.016342875856903524
719,0.6,0.758224660443664,1,0,0,1,-0.018504835227933794,-0.015595571685877795
720,0.6,0.7494176343228057,1,0,0,1,-0.021834236071968077,-0.015459106734962525
721,0.6,0.7638582678815081,0,0,0,1,-0.022622026992428004,-0.014433011943955899
722,0.6,0.8059816931868921,1,0,0,1,-0.02364672126395442,-0.01288450149013596
723,0.6,0.7538739977111265,1,0,0,1,-0.024351284593850903,-0.007155736983918362
724,0.6,0.7760015207364527,1,0,0,1,-0.025803807307617763,0.00015574516166806464
725,0.6,0.7736164080085806,1,0,0,1,-0.03032995680630833,0.00816608607244699
726,0.6,0.8092326880146399,1,0,0,1,-0.035560459554531104,0.015243370164362897
727,0.6,0.8184797838396854,1,0,0,1,-0.040587915103837725,0.02156420846457198
728,0.6,0.8701243847739896,1,0,0,1,-0.04352619491725152,0.025868239549927757
729,0.6,0.8346616009085943,0,1,0,1,-0.038634037618112634,0.025502356976563726
730,0.6,0.8882846126050101,0,1,0,1,-0.0267595431934027,0.018947860550294182
731,0.6,0.8753223640539052,1,1,1,1,-0.0125297168640208,0.014417604289488548
732,0.6,0.7707188490266277,1,1,1,0,-0.01549979812667304,0.017494772550603874
733,0.6,0.793466711211231,0,1,1,0,-0.020506511967118432,0.014654786307257209
734,0.6,0.7400005935111409,0,1,1,0,-0.021037021937362132,0.005222418328026709
735,0.6,0.7173145824149947,0,1,1,0,-0.019215545970912656,-0.0035265535710765922
736,0.6,0.7014270173543707,0,1,1,0,-0.014762516336256087,-0.011359740229234905
737,0.6,0.6855781183994489,0,1,1,0,-0.010852168585349153,-0.018216361715401
738,0.6,0.671011627557205,0,1,1,0,-0.008006924265902151,-0.0224268794424032
739,0.6,0.6506809996198236,0,1,1,0,-0.006262580442967019,-0.024203959111444
740,0.6,0.6435188534274092,0,1,1,0,-0.005086081866039249,-0.024602273244098874
741,0.6,0.6292530860169204,0,1,1,0,-0.005045083409183296,-0.02275097441286782
742,0.6,0.6453680727668265,0,1,1,0,-0.00485252822266977,-0.020313101361467554
743,0.6,0.6455884113460045,0,1,1,0,-0.006030284935831135,-0.018536011007612055
744,0.6,0.6654136202217493,0,1,1,0,-0.008069959302102778,-0.018159948998544617
745,0.6,0.6905041635213173,0,1,1,0,-0.009649488944767765,-0.018966062567655945
746,0.6,0.719270965980904,0,1,1,0,-0.009884282904050228,-0.01891145152787612
747,0.6,0.7513805921301836,0,1,1,0,-0.010600901013176973,-0.018208831876920895
748,0.6,0.776678862743859,0,1,1,0,-0.013182599114216697,-0.01743090234393065
749,0.6,0.7969927380566861,0,1,1,0,-0.016910432046123625,-0.01573555219615417
750,0.6,0.7674077456060635,1,0,1,1,-0.019423587265349356,-0.011669147713218898
751,0.6,0.7770264916563964,1,0,1,1,-0.023213612737969264,-0.004241783286510045
752,0.6,0.7611283012006499,1,0,0,1,-0.028956777073466066,0.003176312302113192
753,0.6,0.7897972295682656,1,0,0,1,-0.031007752889212654,0.006031968315959469
754,0.6,0.7721014006491931,1,0,0,1,-0.0314071626482988,0.005231703493962333
755,0.6,0.748086039856312,1,0,0,1,-0.03027578047629388,0.005201471415364205
756,0.6,0.729388756385666,1,0,0,1,-0.02926115441583892,0.004258674811980471
757,0.6,0.7146837417704843,1,0,0,1,-0.028551291380464774,0.002772817220791176
758,0.6,0.7041683586196693,1,0,0,1,-0.028673087529119224,0.000393853592345566
759,0.6,0.7107899537191306,1,0,0,1,-0.02921248301765664,-0.0025347199409259517
760,0.6,0.712383174150027,1,0,0,1,-0.02784412619346384,-0.006672094583875713
761,0.6,0.723250619462412,1,0,0,1,-0.024838403375148647,-0.01119665105814447
762,0.6,0.7254382615018417,1,0,0,1,-0.022688353339374853,-0.013101591251958963
763,0.6,0.7258825053014021,1,0,0,1,-0.02034952962129527,-0.012215734681417324
764,0.6,0.731129382020764,1,0,0,1,-0.019034792741926612,-0.010551777636964885
765,0.6,0.7147431159218283,1,0,0,1,-0.01878772092299369,-0.007636532535304309
766,0.6,0.6951153170020644,1,0,0,1,-0.020233320987862034,-0.0015120476174034902
767,0.6,0.7798086807022787,1,0,1,1,-0.020428764109341527,-0.0007714151917442121
768,0.6,0.7032968275035884,1,0,1,1,-0.02940619966916114,0.008564372560995652
769,0.6,0.7469260019473483,1,1,1,1,-0.04235174146686133,0.028063616190111808
770,0.6,0.7845734641369755,0,1,1,0,-0.04746525534981454,0.04024150131718479
771,0.6,0.8161264576637339,0,1,1,0,-0.04916825157454076,0.047814230977842584
772,0.6,0.8269732415104903,0,1,1,0,-0.05060227684120885,0.052691246530603905
773,0.6,0.8132561871462928,0,1,1,0,-0.05439784915941659,0.05516601621273578
774,0.6,0.820270438698906,0,1,1,0,-0.05937070546862446,0.054553496637434196
775,0.6,0.8166591567144488,0,1,1,0,-0.06287401333677266,0.051765704361540064
776,0.6,0.8405223200202759,0,1,1,0,-0.06550502712247679,0.046034330077737676
777,0.6,0.8401949826591364,0,1,1,0,-0.07002599422899809,0.03911273449285196
778,0.6,0.8323393722058007,0,1,1,0,-0.07538030585067859,0.03386842493175622
779,0.6,0.8203554418378876,0,1,1,0,-0.08000569344527064,0.031059916969018605
780,0.6,0.796332467448814,0,1,1,0,-0.08276775761875324,0.030766823014781893
781,0.6,0.7728272454947772,0,1,1,0,-0.08387737643135668,0.03309944472657036
782,0.6,0.7725706329772779,0,1,1,0,-0.08354523212577007,0.03483771674771338
783,0.6,0.7675046182267202,0,1,1,0,-0.08280192170878746,0.03658622559120913
784,0.6,0.7638327238007387,0,1,1,0,-0.08340636187883028,0.03785316024889383
785,0.6,0.7874893252353998,0,1,1,0,-0.08559319959445853,0.0376108619011941
786,0.6,0.8176670520582651,0,1,1,0,-0.08951373999079083,0.03426064322409856
787,0.6,0.841285394169462,0,1,1,0,-0.09565111596539742,0.02910103778826997
788,0.6,0.8614145584154066,0,1,1,0,-0.1037942780086583,0.023609416541767018
789,0.6,0.875560717755924,0,1,1,0,-0.11367983239783343,0.019204124833757195
790,0.6,0.8361477848814352,0,1,1,1,-0.12209535266118939,0.01959658790766176
791,0.6,0.798601482146944,0,0,0,1,-0.12794684160981326,0.02589524101940202
792,0.6,0.8361703933910514,0,0,0,1,-0.13128396354638544,0.030297457200359586
793,0.6,0.8417816512268789,0,0,0,1,-0.13358904789332005,0.03242216342675148
794,0.6,0.8464501803463178,0,0,0,1,-0.13421245675482965,0.03735371237755809
795,0.6,0.8691017085931243,1,0,0,1,-0.13400267035957333,0.04368813184048174
796,0.6,0.8856240311442736,1,0,0,1,-0.13648074749413938,0.0496542214758545
797,0.6,0.9115053876484378,1,0,0,1,-0.1385690841339228,0.05610746121319263
798,0.6,0.9376597206371754,1,0,0,1,-0.13961044068461925,0.06273344704752032
799,0.6,0.9735878757537748,1,0,0,1,-0.14250576570639598,0.07019282571494971
800,0.6,1.0114457567008788,1,0,0,1,-0.14858144625919467,0.07818112798965655
801,0.6,1.033388252742956,1,0,0,1,-0.15519990447258206,0.08735006947644817
802,0.6,1.058720026997702,1,0,0,1,-0.16186215229767928,0.09819324349287357
803,0.6,1.0786545930026148,1,0,0,1,-0.16740004116736534,0.10973896431034892
804,0.6,0.9788359495333238,1,1,0,1,-0.16433732105663032,0.11865554787256842
805,0.6,0.9476510254854221,0,1,0,1,-0.15010025459538057,0.11431800516288215
806,0.6,0.8474707183347788,0,1,0,1,-0.1322630593606979,0.10153885081665392
807,0.6,0.796134352037512,0,1,0,1,-0.11230742735812642,0.08453995378288134
808,0.6,0.7644719942142156,0,1,0,1,-0.08824964957323345,0.06255326874595493
809,0.6,0.732766269904215,0,1,0,1,-0.06508949013449346,0.038039763843967324
810,0.6,0.730243110107863,0,1,0,0,-0.04575865017303206,0.01203502107883517
811,0.6,0.7361203612171566,0,0,0,0,-0.029017064261779562,-0.016040386999440773
812,0.6,0.7453018627909362,0,0,1,0,-0.018047859518041505,-0.04308272576395169
813,0.6,0.7429651872418377,0,0,1,0,-0.016937023458812116,-0.06300682611939268
814,0.6,0.7250716926258,0,0,1,0,-0.023201539397218692,-0.07448151979548394
815,0.6,0.705978012906145,0,0,1,0,-0.03373656359141839,-0.0785205239339736
816,0.6,0.6812509336644835,0,0,1,0,-0.04459563829918398,-0.07647478515890707
817,0.6,0.6743735242067377,0,0,1,0,-0.05266391916097694,-0.0714670626788484
818,0.6,0.6671717644256328,0,0,1,0,-0.05747376295827428,-0.06376334141488868
819,0.6,0.6598813094296809,0,0,0,0,-0.061121886300913295,-0.05434560250770845
820,0.6,0.6631322393137866,0,1,0,0,-0.06368649447295865,-0.0465990122499542
821,0.6,0.6660101491503454,0,1,1,0,-0.06348559192524789,-0.043251742189777335
822,0.6,0.674643447024305,0,1,1,0,-0.06321167938574102,-0.04137768556350288
823,0.6,0.6924730928117027,0,1,1,0,-0.06140986539318078,-0.039037166069674896
824,0.6,0.7250149276202943,0,1,1,0,-0.060813549335213275,-0.03762074618371669
825,0.6,0.7290902240609922,0,1,1,1,-0.062361245307917104,-0.036059670094597096
826,0.6,0.6823669332963884,0,0,1,1,-0.06311614099730009,-0.024235402921601524
827,0.6,0.7618327272602987,1,0,1,1,-0.06729757494218393,-0.01024865763617761
828,0.6,0.7376566993914497,1,0,0,1,-0.07347537300682092,-0.001966107895545918
829,0.6,0.7614762530551423,1,0,0,1,-0.07371477988838133,0.0014120831459309795
830,0.6,0.7102744663633442,1,0,0,1,-0.06865130995092539,0.0036950933492956957
831,0.6,0.678183385264259,1,0,0,1,-0.059301395750077,0.008823623179045014
832,0.6,0.6590332589029622,1,0,0,1,-0.051190367885415144,0.01140458897526571
833,0.6,0.657673022464358,1,0,0,1,-0.04719753639949201,0.012468193938038465
834,0.6,0.6697325842357542,1,0,0,1,-0.0474927449321976,0.011520054976270672
835,0.6,0.6842650021518133,1,0,0,1,-0.0482237261835197,0.00938964759626291
836,0.6,0.6946593420348065,1,0,0,1,-0.04785179970749117,0.007225209989616743
837,0.6,0.7004642158661051,1,0,0,1,-0.04709182947236647,0.005796140072737825
838,0.6,0.706531406448806,1,0,0,1,-0.0463594829148472,0.005733949445119469
839,0.6,0.7079626042583499,1,0,0,1,-0.045116278390869666,0.007433295769374656
840,0.6,0.7061107370394888,1,0,0,1,-0.04308243044048568,0.010643876309255049
841,0.6,0.7252040010130534,1,0,0,1,-0.04054318305973912,0.014155713192339098
842,0.6,0.7379116007126697,1,0,0,1,-0.03452659007768916,0.015471853843874762
843,0.6,0.7546289828247318,1,0,0,1,-0.026977329970765507,0.01589242938122864
844,0.6,0.7464248178197362,1,1,0,1,-0.018511742896578098,0.014250521416663478
845,0.6,0.71455631294964,1,1,1,1,-0.007302952815625974,0.006886015400939164
846,0.6,0.694844645073665,1,1,1,1,-0.001645559953275392,0.0009432553671697383
847,0.6,0.7424464528686849,0,1,1,1,0.005814937607630287,-0.004293989396479195
848,0.6,0.7108302320020936,0,1,1,0,0.016174890141601256,-0.007998445727133796
849,0.6,0.7024655967862181,0,1,1,0,0.01894748796197442,-0.008661306633366258
850,0.6,0.7277443886366419,0,1,1,0,0.019601900911548967,-0.00914923037400997
851,0.6,0.7225442141756382,0,1,1,0,0.0182702515735461,-0.010324976198766718
852,0.6,0.710927032138987,0,1,1,0,0.0158708929981526,-0.011629375416396826
853,0.6,0.7070542489955651,0,1,1,0,0.014793301921012823,-0.012685290135900185
854,0.6,0.7080478101113199,0,1,1,0,0.015758684129148496,-0.013043462154852137
855,0.6,0.7085148595094578,0,1,1,0,0.01875941284353844,-0.012572441664438196
856,0.6,0.698721964364085,0,1,1,0,0.02204549046733716,-0.010317819096557308
857,0.6,0.7031430286915314,0,1,1,0,0.02500680786575639,-0.006645719464193125
858,0.6,0.7222793264771461,0,1,1,0,0.027920756623717003,-0.003075926300132266
859,0.6,0.7409955772643936,0,1,1,0,0.028455551258032334,-0.0005646641864648745
860,0.6,0.7603987517135535,0,1,1,0,0.026999530881800564,0.0007713874167855738
861,0.6,0.7858924518443674,0,1,1,0,0.024314451317257905,0.0011295422391939458
862,0.6,0.8160263415057342,0,1,1,0,0.02271722018262221,0.0020276470146096365
863,0.6,0.8601929015072631,0,1,1,0,0.02176362205814658,0.003525353486794032
864,0.6,0.9038136442512725,1,1,1,0,0.019911377716475515,0.004594401561432039
865,0.6,0.9174487692959895,1,1,1,0,0.013538695966325485,0.004157344603042768
866,0.6,0.9215677132441844,1,0,1,0,0.00395013290417729,0.0034372707142785418
867,0.6,0.9011136891333095,1,0,1,1,-0.009009522534411505,0.004976684582111379
868,0.6,0.8988070769347201,1,0,0,1,-0.01788112306820581,0.008133090397514661
869,0.6,0.8724132736203254,1,0,0,1,-0.02209184679639007,0.006961576354554698
870,0.6,0.8453919376114983,1,0,0,1,-0.0223836515515356,0.005802200005883182
871,0.6,0.8214737930976955,1,0,0,1,-0.022390562414209194,0.004885213490721854
872,0.6,0.8045544837110593,1,0,0,1,-0.023586033662309394,0.002509855091866591
873,0.6,0.7816881680575212,1,0,0,1,-0.026451882682623166,0.0006813570079436484
874,0.6,0.7878278836012,1,0,0,1,-0.029420306449278382,-0.001389197751060623
875,0.6,0.7732923984389779,1,0,0,1,-0.030800653855074103,-0.003425701360784326
876,0.6,0.7840589968579778,1,0,0,1,-0.03122905799169753,-0.004334820659280835
877,0.6,0.7742777753501471,1,0,0,1,-0.030940617924505052,-0.00498179199745058
878,0.6,0.7946179742595277,1,0,0,1,-0.029391555889259072,-0.00559650951912486
879,0.6,0.7869639535793527,1,0,0,1,-0.030058678393521814,-0.004088961581269974
880,0.6,0.802495005944242,1,0,0,1,-0.030981876843247446,-0.0012839153616599085
881,0.6,0.7995147601684309,1,0,0,1,-0.0325988099076225,0.0027564620742315583
882,0.6,0.8220671587347896,1,0,0,1,-0.03440588824965481,0.007153074769338016
883,0.6,0.8562190983600247,1,0,0,1,-0.03384508539454087,0.009148618313415612
884,0.6,0.8975776550958733,1,0,0,1,-0.030710707996826212,0.009849576283336414
885,0.6,0.8832698172201768,1,1,0,1,-0.021128609394104544,0.007756782808003694
886,0.6,0.9121602463390643,1,1,1,1,-0.011838157446490534,0.002900861004173189
887,0.6,0.932601322053328,0,1,1,0,-0.009891472927324924,-0.0005396781383748759
888,0.6,0.8581430657636789,0,1,1,0,-0.006825393692072998,-0.00654782100320037
889,0.6,0.8484618351094865,0,1,1,0,-0.003658319045201228,-0.011816922561054417
890,0.6,0.8527303483158685,0,1,1,0,-0.0026870870897381864,-0.01611190810434486
891,0.6,0.8387350132193273,0,1,1,0,-0.002977517892444245,-0.019060624079833225
892,0.6,0.8154283084662676,0,1,1,0,-0.0032342778676397225,-0.019829235885005906
893,0.6,0.8052445330847785,0,1,1,0,-0.003272597627401641,-0.019379095721462337
894,0.6,0.7929420795877935,0,1,1,0,-0.002923287276980542,-0.018513444862275515
895,0.6,0.7775103875230076,0,1,1,0,-0.0026702032409198994,-0.01764731315821705
896,0.6,0.7525833627344564,0,1,1,0,-0.0016352692716162928,-0.015940455497784438
897,0.6,0.7362757504999575,0,1,1,0,0.0007059566562589494,-0.013307132285700048
898,0.6,0.733137961690359,0,1,1,0,0.003345531499705074,-0.010668762941361305
899,0.6,0.7241348908476684,0,1,1,0,0.0052333051583105744,-0.007650794285514004
900,0.6,0.7250475224327302,0,1,1,0,0.0060540609426331885,-0.005325283063975107
901,0.6,0.7375403491622397,0,1,1,0,0.005914332442144769,-0.004301562688665399
902,0.6,0.7553989266621859,0,1,1,0,0.007169525787551024,-0.002921592211486331
903,0.6,0.7956978620818815,0,1,1,0,0.007903667086040114,-0.001975759365924732
904,0.6,0.8181177914486917,0,1,1,0,0.007002947333671294,-0.0013605532620697112
905,0.6,0.8373417045931438,1,1,1,0,0.0047430603009569385,0.00011018409862139543
906,0.6,0.8435681689011294,1,1,1,1,0.0009052574307406943,0.0004167461034676244
907,0.6,0.8365896525676424,1,0,1,1,-0.0019319839375027531,0.0025935207506951313
908,0.6,0.7946360108820991,1,0,0,1,-0.007277244868685556,0.006322161974973679
909,0.6,0.809604851544714,1,0,0,1,-0.010559936711912785,0.00689190354046467
910,0.6,0.794098813557546,1,0,0,1,-0.012342526725194687,0.0022763055682341075
911,0.6,0.7830249568404313,1,0,0,1,-0.012563688351158484,-0.0032779222276077035
912,0.6,0.7716180256476146,1,0,0,1,-0.012684721704866642,-0.010121387806158184
913,0.6,0.7458510026782916,1,0,0,1,-0.011161538941274269,-0.015552561663180952
914,0.6,0.7295118821865104,1,0,0,1,-0.007681396006838028,-0.020484147680526747
915,0.6,0.7048762728055693,1,0,0,1,-0.0049497127777866174,-0.022873406998217084
916,0.6,0.7092144845110254,1,0,0,1,-0.0032460575863915513,-0.02365255190647408
917,0.6,0.6969935022976244,1,0,0,1,-0.0005433491880351675,-0.02445472153661903
918,0.6,0.7053186915319529,1,0,0,1,0.0012676822218908568,-0.02503839035007806
919,0.6,0.7085038648211424,1,0,0,1,0.000655856213397556,-0.025313032603309
920,0.6,0.7058446173523406,1,0,0,1,-0.00047957839635893095,-0.02381725377035563
921,0.6,0.7058673885858285,1,0,0,1,-0.0020211989899202093,-0.02052780111532425
922,0.6,0.7042170289967357,1,0,0,1,-0.002899406776288276,-0.01651374169671406
923,0.6,0.7290174845150061,1,0,0,1,-0.002906870603977207,-0.013143591379578625
924,0.6,0.7494128999235892,1,0,0,1,0.00047182738899048595,-0.012734144135543675
925,0.6,0.7737821497463953,1,0,0,1,0.0058265548145434954,-0.012997044447340646
926,0.6,0.7817543314383195,1,0,1,1,0.010299361883661326,-0.012089400016138141
927,0.6,0.7990922005850535,1,0,1,1,0.009866888179976777,-0.006740156860364502
928,0.6,0.7682817405711064,0,1,1,1,0.01216253508170278,-0.0007421707927366934
929,0.6,0.8219544599452597,0,1,1,0,0.015072909217206165,0.001405441425674391
930,0.6,0.824761748327659,0,1,1,0,0.015057926196576888,-0.0009440591057040236
931,0.6,0.8248558638039832,0,1,1,0,0.01363374045605018,-0.003606766467719116
932,0.6,0.8149505522890332,0,1,1,0,0.01127225795360148,-0.006041315449778358
933,0.6,0.8127783687396315,0,1,1,0,0.010308536792605714,-0.00845584348788145
934,0.6,0.8035895484803521,0,1,1,0,0.010153886388590536,-0.009444757454908508
935,0.6,0.7931929376252129,0,1,1,0,0.008805493575058086,-0.010363147194596646
936,0.6,0.7813304354108705,0,1,1,0,0.0076325580459595714,-0.010763980789273583
937,0.6,0.7580420820312447,0,1,1,0,0.007151795127703556,-0.01026820629961926
938,0.6,0.7425914898014652,0,1,1,0,0.007031879495370441,-0.009139013205723183
939,0.6,0.7258546924465952,0,1,1,0,0.007524747006890849,-0.008756225285761603
940,0.6,0.7166026147343991,0,1,1,0,0.007990672089586297,-0.007035936456602448
941,0.6,0.7020413468120953,0,1,1,0,0.007950404067196194,-0.005031667666170344
942,0.6,0.7094537531507018,0,1,1,0,0.007144174875176013,-0.003336140550297298
943,0.6,0.7216143221439147,0,1,1,0,0.007073445139128543,-0.003255071395898449
944,0.6,0.7488787578129462,0,1,1,0,0.0072417201348260385,-0.003790287106786731
945,0.6,0.7764214638250776,0,1,1,0,0.005594759525104129,-0.00545714209239254
946,0.6,0.8005168081254447,0,1,1,0,0.0026858739969063032,-0.006910706052687132
947,0.6,0.8086864512062565,1,1,1,1,-0.001345112479071554,-0.007415724901332299
948,0.6,0.7852787808055157,1,1,1,1,-0.0020241409602026797,-0.004305878916916441
949,0.6,0.7930091353307044,1,0,1,1,-0.005453725196506236,-0.001622016802807738
950,0.6,0.782228390579613,1,0,0,1,-0.00966991374466744,-0.002677679401168177
951,0.6,0.7966624706379242,1,0,0,1,-0.010795170831852302,-0.008011556931820483
952,0.6,0.773318038120999,1,0,0,1,-0.010970836065988282,-0.014504072680103954
953,0.6,0.7407956711084563,1,0,0,1,-0.009990119155625497,-0.017184166369284347
954,0.6,0.7208051009547021,1,0,0,1,-0.009208136291983315,-0.01806955281941484
955,0.6,0.7138045065774912,1,0,0,1,-0.009237623260890681,-0.01955413790138164
956,0.6,0.6914308292010949,1,0,0,1,-0.009780828942892865,-0.019791606299020565
957,0.6,0.690351383856963,1,0,0,1,-0.008739234256831494,-0.020317883029174855
958,0.6,0.6865020900044244,1,0,0,1,-0.005821282452285462,-0.02170001349968206
959,0.6,0.6901775800791843,1,0,0,1,-0.003311119065017397,-0.023259720350424697
960,0.6,0.6880731853420955,1,0,0,1,-0.002204260016862832,-0.02360885614377849
961,0.6,0.6775006965665783,1,0,0,1,-0.003269054390031375,-0.021982988782376284
962,0.6,0.6764227977570194,1,0,0,1,-0.0055490472636121925,-0.019515254107810114
963,0.6,0.6685876967612214,1,0,0,1,-0.008373860185348013,-0.015454224119636801
964,0.6,0.6852390445235944,1,0,0,1,-0.010602534173087088,-0.01101113854989086
965,0.6,0.7051466626261992,1,0,0,1,-0.008851909158814519,-0.00940585311105264
966,0.6,0.7136905402272273,1,0,0,1,-0.0046241095663720165,-0.008088349444413582
967,0.6,0.7545308563423102,1,0,0,1,0.0006747119236717282,-0.008223813965375365
968,0.6,0.745923607987555,1,0,1,1,0.0014893454656344054,-0.005738886080115796
969,0.6,0.7699533645464501,1,1,1,1,0.0008791841065121582,-0.0007708933625622244
970,0.6,0.77835672490127,0,1,1,0,0.004901230003147356,-0.00014303450204882517
971,0.6,0.793763417811908,0,1,1,0,0.00583644363812883,-0.0032566627249938545
972,0.6,0.7919815912851826,0,1,1,0,0.004640351082967892,-0.006109623526447461
973,0.6,0.784925235928542,0,1,1,0,0.001145787792690724,-0.008770868457690014
974,0.6,0.7803630116852402,0,1,1,0,-0.0025792227133170378,-0.012124194182934585
975,0.6,0.7694795442871415,0,1,1,0,-0.0030431836410043708,-0.014652721258185748
976,0.6,0.7636297428864127,0,1,1,0,-0.0021990549778832342,-0.01576559396571775
977,0.6,0.7495501448583962,0,1,1,0,-0.0021718914762055208,-0.016721468763752457
978,0.6,0.7399851545056896,0,1,1,0,-0.002910176259841622,-0.017732408218809666
979,0.6,0.709056854349594,0,1,1,0,-0.003399767816597822,-0.017932175000671593
980,0.6,0.694091589039341,0,1,1,0,-0.0038343529434987874,-0.016755912289917314
981,0.6,0.6799494283547695,0,1,1,0,-0.004035914304449844,-0.016797421177767943
982,0.6,0.6630281405869771,0,1,1,0,-0.004528035364218977,-0.015883855938171782
983,0.6,0.6610038579061057,0,1,1,0,-0.005650887653133038,-0.015003933817316583
984,0.6,0.6581731417834705,0,1,1,0,-0.007483444543520441,-0.014612596221713138
985,0.6,0.6760272885670834,0,1,1,0,-0.008999894318149597,-0.014789795135986016
986,0.6,0.7015158234274995,0,1,1,0,-0.01058320899314732,-0.016389860343315733
987,0.6,0.730022208418007,0,1,1,0,-0.012861644499181467,-0.018921194159495204
988,0.6,0.7372302815136016,0,1,1,1,-0.014820037906155721,-0.020328784036449776
989,0.6,0.7434542267041147,0,1,1,1,-0.014499397236955432,-0.01640008320027775
990,0.6,0.7482566138534238,1,0,1,1,-0.01580826331853578,-0.011781025744619224
991,0.6,0.7706300181640325,1,0,1,1,-0.020807832419434152,-0.008266107355800389
992,0.6,0.7564461023505957,1,0,0,1,-0.025610225035799072,-0.007198606707384294
993,0.6,0.7665728194780033,1,0,0,1,-0.027385533936914532,-0.008098078934478725
994,0.6,0.7411917272790554,1,0,0,1,-0.02630350253604276,-0.008888808105466281
995,0.6,0.7334095341940757,1,0,0,1,-0.02405833944757351,-0.009719611652381763
996,0.6,0.7229552010606254,1,0,0,1,-0.023079557681336037,-0.012035351376559441
997,0.6,0.706888444504804,1,0,0,1,-0.021359505327175173,-0.013544394221641675
998,0.6,0.6902987940614739,1,0,0,1,-0.018234104732292786,-0.014965445186024292
999,0.6,0.6864990596400011,1,0,0,1,-0.0163840314687956,-0.015054347962012875
1000,0.6,0.6890640927357569,1,0,0,1,-0.015535627041665018,-0.01624921171763831
1001,0.6,0.701161737015705,1,0,0,1,-0.013835488200075739,-0.018638354107741707
1002,0.6,0.706044692179451,1,0,0,1,-0.013104843725853512,-0.020234648286587924
1003,0.6,0.7052906737022536,1,0,0,1,-0.01321969639110108,-0.01987603007379149
1004,0.6,0.7052737001147178,1,0,0,1,-0.01329560240331455,-0.018059260371631816
1005,0.6,0.7113212876073393,1,0,0,1,-0.012916464368462157,-0.015417546101024781
1006,0.6,0.7273533650706208,1,0,0,1,-0.011987187449773078,-0.012827286393135118
1007,0.6,0.7442228392800065,1,0,0,1,-0.008131443432646821,-0.011688638856217615
1008,0.6,0.7778381654207286,1,0,0,1,-0.0015737450030205112,-0.012084301769562626
1009,0.6,0.7815911861624061,1,0,1,1,0.004670126266145828,-0.011559931880564958
1010,0.6,0.8066158189059797,1,0,1,1,0.004714119033018188,-0.006667340622142245
1011,0.6,0.7815184186966131,1,1,1,1,0.005922790600166771,-0.0017853640657507154
1012,0.6,0.8280897940481244,0,1,1,0,0.009876692620604718,0.0001497486112089507
1013,0.6,0.792535309426165,0,1,1,0,0.013156818110871398,-0.0014005198744400892
1014,0.6,0.79157694519945,0,1,1,0,0.014185276798916941,-0.0029534519327935925
1015,0.6,0.8040933075605514,0,1,1,0,0.01280793566655498,-0.0048189414011316845
1016,0.6,0.7980782505668914,0,1,1,0,0.011476421846817492,-0.007010634493260228
1017,0.6,0.7925487026368515,0,1,1,0,0.01138788082069848,-0.008344039327491793
1018,0.6,0.7848387717928088,0,1,1,0,0.011413561836691153,-0.00881493365837495
1019,0.6,0.7753143910792406,0,1,1,0,0.01198146352325838,-0.008310492658476516
1020,0.6,0.7707293129684502,0,1,1,0,0.012340205665689472,-0.007979795876715115
1021,0.6,0.7541108678817273,0,1,1,0,0.012683881078819613,-0.008021328734129467
1022,0.6,0.7349568184194106,0,1,1,0,0.013104011565169686,-0.006643862752613413
1023,0.6,0.7230354117594114,0,1,1,0,0.0130012252382639,-0.005811439667566769
1024,0.6,0.7163502073679591,0,1,1,0,0.013104278668380225,-0.0035420024191340836
1025,0.6,0.7076019247816913,0,1,1,0,0.012917052865970826,-0.0012518265037962286
1026,0.6,0.7224116849098395,0,1,1,0,0.01151625522997178,0.00010870266665247117
1027,0.6,0.7422404460667368,0,1,1,0,0.011093933112041978,-0.00011696620637294878
1028,0.6,0.7806883855619741,0,1,1,0,0.01042815940885706,-0.0013451603062131583
1029,0.6,0.8067764630164448,0,1,1,0,0.008831159476771988,-0.002921966014387342
1030,0.6,0.8435626742147807,1,1,1,0,0.006424471816504277,-0.003907790599597819
1031,0.6,0.8211546509312508,1,1,1,1,0.004682841904398768,-0.0025550686811467173
1032,0.6,0.8257353993827636,1,0,1,1,0.0017295651541340727,0.0008341379723787687
1033,0.6,0.7993690768522427,1,0,0,1,-0.004273180602043683,0.0005240383264435234
1034,0.6,0.8081041300078373,1,0,0,1,-0.006695671095697187,-0.003260349674128012
1035,0.6,0.7841664371148824,1,0,0,1,-0.007052405345289419,-0.007640538407093006
1036,0.6,0.7740973423486875,1,0,0,1,-0.006597194091392793,-0.011926102445275939
1037,0.6,0.7495404385255406,1,0,0,1,-0.007604674373567993,-0.01607188534116487
1038,0.6,0.7367198368766474,1,0,0,1,-0.007069489798376943,-0.01887985180940426
1039,0.6,0.7239811422074476,1,0,0,1,-0.004055650301814631,-0.022385320291277194
1040,0.6,0.7066335579658363,1,0,0,1,-0.0020282327683244783,-0.023910696012008688
1041,0.6,0.7070682698792365,1,0,0,1,-0.00011525472834728108,-0.02498575117925116
1042,0.6,0.7089111509405904,1,0,0,1,0.0018493600917884932,-0.026731281830408002
1043,0.6,0.7008422975328555,1,0,0,1,0.0027739821216320177,-0.027310439461090557
1044,0.6,0.7028195175144193,1,0,0,1,0.002301440202259662,-0.026614744558640435
1045,0.6,0.6932578210374115,1,0,0,1,0.0004045458745879081,-0.024682138721995307
1046,0.6,0.6947313299754017,1,0,0,1,-0.000953998586064652,-0.02163572128989377
1047,0.6,0.7042522300439727,1,0,0,1,-0.0019321183089769582,-0.01823366420881689
1048,0.6,0.7161416057725658,1,0,0,1,0.0008004476764406994,-0.01726468857727334
1049,0.6,0.7397024471488786,1,0,0,1,0.006536537191255359,-0.018130674875966674
1050,0.6,0.7443211913509292,1,0,1,1,0.01067703904831085,-0.018105441798766993
1051,0.6,0.7467892757896464,1,1,1,1,0.010530863902666636,-0.013852081610792745
1052,0.6,0.7466213442366357,1,1,1,1,0.013929200387701728,-0.012576718477622376
1053,0.6,0.694661730990356,0,1,1,0,0.013653074355550073,-0.01443765859029019
1054,0.6,0.719133114899243,0,1,1,0,0.01068827059971886,-0.018499138374753844
1055,0.6,0.7387793666685684,0,1,1,0,0.010231333260846012,-0.024613000190424804
1056,0.6,0.727289833185355,0,1,1,0,0.009900777785630884,-0.029775940258319752
1057,0.6,0.7295571671065669,0,1,1,0,0.010029773008651259,-0.033582393411162086
1058,0.6,0.7168076135862852,0,1,1,0,0.012530473799263333,-0.03462195184390899
1059,0.6,0.7125917019537729,0,1,1,0,0.014051133068691456,-0.03429976442492779
1060,0.6,0.7085043696504605,0,1,1,0,0.013110073477290282,-0.0342684721856265
1061,0.6,0.6937488132042151,0,1,1,0,0.01070030839576529,-0.034852380056391484
1062,0.6,0.6663036775189333,0,1,1,0,0.00808088396534726,-0.034433566344467266
1063,0.6,0.6576590082170812,0,1,1,0,0.0066972316199382835,-0.03482304638398529
1064,0.6,0.6207617857046726,0,1,1,0,0.006174051390655991,-0.03355826179456191
1065,0.6,0.6197489053917409,0,1,1,0,0.006047572756767401,-0.03190336561536338
1066,0.6,0.6205339107261548,0,1,1,0,0.005218997037989916,-0.031132337494982693
1067,0.6,0.6218230500125789,0,1,1,0,0.002714765186388978,-0.030611547077992927
1068,0.6,0.634542530560559,0,1,1,0,-0.0009165638809230933,-0.03038575426039962
1069,0.6,0.6663223690171063,0,1,1,0,-0.003825819114829754,-0.03130923001300337
1070,0.6,0.6898998038404017,0,1,1,0,-0.005977124141100005,-0.03388258342251202
1071,0.6,0.7210026345429201,0,1,1,1,-0.00804686968417857,-0.036256654228056885
1072,0.6,0.7099975611530391,0,1,1,1,-0.008300016567802859,-0.03366064555164995
1073,0.6,0.7337825650174825,0,1,1,1,-0.009250365691630479,-0.02940484615927372
1074,0.6,0.7134367890374642,1,0,1,1,-0.011754478986448222,-0.022591441771670145
1075,0.6,0.7696844443491639,1,0,0,1,-0.01628588683481818,-0.017074458247301468
1076,0.6,0.7631645714177756,1,0,0,1,-0.019455842843319367,-0.015692320128097577
1077,0.6,0.734614177624094,1,0,0,1,-0.019121407261915777,-0.013614858716807277
1078,0.6,0.7141143358309024,1,0,0,1,-0.017366359072157445,-0.012555830558731317
1079,0.6,0.7043442286663949,1,0,0,1,-0.016424163101921876,-0.01360088514430545
1080,0.6,0.6923098987814273,1,0,0,1,-0.015537573631882181,-0.016296973906034202
1081,0.6,0.6760245886947369,1,0,0,1,-0.013831592693519058,-0.018911410156631028
1082,0.6,0.6364970181423542,1,0,0,1,-0.01134517406896158,-0.01936207630033576
1083,0.6,0.6407933810993119,1,0,0,1,-0.00957866094631144,-0.018555039354063635
1084,0.6,0.6335867597219368,1,0,0,1,-0.0093775291296893,-0.018801455265512728
1085,0.6,0.6514348921790504,1,0,0,1,-0.008948844293961743,-0.02070505084199497
1086,0.6,0.6520076034431942,1,0,0,1,-0.009956778620441226,-0.02182630803956879
1087,0.6,0.6596657004465458,1,0,0,1,-0.011636913458978897,-0.02106373930266514
1088,0.6,0.6705316095377122,1,0,0,1,-0.011744778918192268,-0.019748331852617894
1089,0.6,0.6800385843151355,1,0,0,1,-0.011356439072421929,-0.017409740357916457
1090,0.6,0.7133999926770593,1,0,0,1,-0.009505841356655609,-0.015849691364666196
1091,0.6,0.7276638915279893,1,0,0,1,-0.004894795466375954,-0.01546727306224352
1092,0.6,0.7613644018518995,1,0,0,1,0.000827230961418254,-0.015245068963208807
1093,0.6,0.7548488723440208,1,0,1,1,0.0045423424805111825,-0.01326080552396872
1094,0.6,0.7319484144561612,1,1,1,0,0.0002884326726182736,-0.010098565543411311
1095,0.6,0.7809693496594222,0,1,1,0,-0.004913437852026076,-0.012654376377164501
1096,0.6,0.7502563323539244,0,1,1,0,-0.007545405337140347,-0.015344451821148887
1097,0.6,0.7248389563108486,0,1,1,0,-0.008102864807602257,-0.014021700306109977
1098,0.6,0.7269041601613611,0,1,1,0,-0.005116909562012617,-0.011517798708997865
1099,0.6,0.7151919278807102,0,1,1,0,0.00037239133201344584,-0.008057459451137405
1100,0.6,0.7074522866816749,0,1,1,0,0.003961145047121403,-0.005291338611729133
1101,0.6,0.7059515655793299,0,1,1,0,0.005536901258922303,-0.004444346208292274
1102,0.6,0.6943173485782205,0,1,1,0,0.005544845730903455,-0.0057168840738118735
1103,0.6,0.6702999604388119,0,1,1,0,0.0046454940346024095,-0.006799818870314656
1104,0.6,0.655644984939504,0,1,1,0,0.0036868511346708163,-0.008616682962949658
1105,0.6,0.6353722039791578,0,1,1,0,0.0029550015099463803,-0.009843971056916093
1106,0.6,0.6268542688069701,0,1,1,0,0.0017762609522162605,-0.010716815155676858
1107,0.6,0.6222591302680719,0,1,1,0,-0.0007388896273154479,-0.01171933407733496
1108,0.6,0.6146554684303882,0,1,1,0,-0.004761565597555922,-0.012270761539071438
1109,0.6,0.6172052251161781,0,1,1,0,-0.009207214333424136,-0.011414418060043802
1110,0.6,0.6400355110397188,0,1,1,0,-0.01247404245458105,-0.011513407184011825
1111,0.6,0.6693010554708937,0,1,1,0,-0.015117534819206115,-0.013789007677274007
1112,0.6,0.6826301287150716,0,1,1,1,-0.0174855325012574,-0.016861112467414167
1113,0.6,0.6756862539035251,0,1,1,1,-0.016030237567645492,-0.014624892756682252
1114,0.6,0.7210632635258666,1,1,1,1,-0.016369691195420987,-0.012319880292694164
1115,0.6,0.6900375942401048,1,0,1,1,-0.017828500087814884,-0.008330235141163583
1116,0.6,0.7354978206074446,1,0,1,1,-0.024147317775545445,-0.0038431365611990512
1117,0.6,0.7315600251313198,1,0,1,1,-0.03322667987360484,-0.0020943309039889862
1118,0.6,0.743287925950681,1,0,0,1,-0.03709080369948803,-0.0014073650737449405
1119,0.6,0.7367753566195333,1,0,0,1,-0.034949876149999226,-0.0030944589149013934
1120,0.6,0.7207570846396052,1,0,0,1,-0.02987407872067549,-0.005424567014757368
1121,0.6,0.7022645056296759,1,0,0,1,-0.024511848997047215,-0.008410981771409972
1122,0.6,0.6872601469541046,1,0,0,1,-0.02038348564399239,-0.011128748696494056
1123,0.6,0.6780334715996446,1,0,0,1,-0.017865043401848843,-0.013317510415656165
1124,0.6,0.664809096985122,1,0,0,1,-0.014975602633989242,-0.014583832619057508
1125,0.6,0.6695503681878261,1,0,0,1,-0.011982445465468354,-0.015099045848168431
1126,0.6,0.6723652030109768,1,0,0,1,-0.010871426272064876,-0.016920022025842703
1127,0.6,0.669842836754434,1,0,0,1,-0.011132052410114472,-0.018588174415582085
1128,0.6,0.6829127663185126,1,0,0,1,-0.012268235723004776,-0.01878081132740705
1129,0.6,0.6941036763101126,1,0,0,1,-0.011932521882959405,-0.0189984035002073
1130,0.6,0.6787060772150799,1,0,0,1,-0.010789496317038353,-0.016861447610305464
1131,0.6,0.6841493277913674,1,0,0,1,-0.009876815419951415,-0.012613124320726405
1132,0.6,0.710276576781175,1,0,0,1,-0.00787129905751156,-0.010230634609922604
1133,0.6,0.714053974595665,1,0,0,1,-0.0033634691266476585,-0.008871517104672936
1134,0.6,0.7517540440953829,1,0,0,1,0.002764349470938261,-0.008943627193608117
1135,0.6,0.7294050603290293,1,0,1,1,0.007291703265463474,-0.007674000290261321
1136,0.6,0.7582922322937676,1,0,1,1,0.00558162393755061,-0.0011823124368463632
1137,0.6,0.7146581413626764,0,1,1,0,0.007866345107761342,0.003332136967378647
1138,0.6,0.7648843574529297,0,1,1,0,0.01084537184109663,0.0026442139856831413
1139,0.6,0.7534976956902323,0,1,1,0,0.010820313169527598,-0.0007390205792611384
1140,0.6,0.7553324386007262,0,1,1,0,0.008234998346129608,-0.0034719429484494258
1141,0.6,0.7437327848283448,0,1,1,0,0.0055809166688935,-0.005639425130458708
1142,0.6,0.7445356692452666,0,1,1,0,0.005497303526523579,-0.007959512567294906
1143,0.6,0.7300164296974957,0,1,1,0,0.006653979809189879,-0.00878848113397066
1144,0.6,0.7268092996527387,0,1,1,0,0.006707299154584347,-0.009479361082241114
1145,0.6,0.7122814364175143,0,1,1,0,0.006779749080654283,-0.009942685869982456
1146,0.6,0.6936755072671099,0,1,1,0,0.0066484660148512795,-0.009711242792884963
1147,0.6,0.6829585285799521,0,1,1,0,0.006963596868902831,-0.009958369373809102
1148,0.6,0.6522060807189183,0,1,1,0,0.0077383829741410936,-0.009091921282165861
1149,0.6,0.6503438615814173,0,1,1,0,0.008464387193771458,-0.008071273292586379
1150,0.6,0.6574113689252367,0,1,1,0,0.008134928361109057,-0.007729627395361809
1151,0.6,0.6548088955964052,0,1,1,0,0.006002709749834961,-0.007704136481065773
1152,0.6,0.6561131687701048,0,1,1,0,0.00273450282567303,-0.0071246549837438436
1153,0.6,0.6861296927940674,0,1,1,0,0.0009599285009782186,-0.006783544452724199
1154,0.6,0.7065105010436399,0,1,1,0,-0.001013434608894048,-0.007327339018508265
1155,0.6,0.7325175368017065,0,1,1,0,-0.003465438270924087,-0.007704527642983633
1156,0.6,0.7430213082219462,1,1,1,1,-0.006002629267010733,-0.0080059200527226
1157,0.6,0.7366480539273937,1,1,1,1,-0.00613434427028483,-0.004831606874372474
1158,0.6,0.774521381743983,1,0,1,1,-0.008630306062659158,-0.003069235460945659
1159,0.6,0.7390509620511028,1,0,1,1,-0.014507463745574356,-0.0006850829591123744
1160,0.6,0.7750196577509068,1,0,0,1,-0.01888947763264133,0.0005422360931883235
1161,0.6,0.7748324689324261,1,0,0,1,-0.02093032762616913,-0.0034289119453382146
1162,0.6,0.7665256659374576,1,0,0,1,-0.020299631591402207,-0.007877349941057198
1163,0.6,0.7411437810792506,1,0,0,1,-0.018383808967445632,-0.011900560402994477
1164,0.6,0.7190855649201409,1,0,0,1,-0.014929096476165705,-0.014707815866674318
1165,0.6,0.7000234550863605,1,0,0,1,-0.011188061251855787,-0.017690265042642157
1166,0.6,0.6736942026199598,1,0,0,1,-0.008949301692874901,-0.01818321572391643
1167,0.6,0.6861990937028836,1,0,0,1,-0.008348667888783981,-0.017827351924852165
1168,0.6,0.6906848392014696,1,0,0,1,-0.006812863460021807,-0.0199994800113744
1169,0.6,0.6882878021708033,1,0,0,1,-0.0050338018314681505,-0.022642600148125785
1170,0.6,0.6909134859875978,1,0,0,1,-0.004299818714517218,-0.023367502011776578
1171,0.6,0.6895041011046487,1,0,0,1,-0.004376263189896987,-0.022056174344278572
1172,0.6,0.684085670263477,1,0,0,1,-0.004582906523909587,-0.01958898269286031
1173,0.6,0.6875164936924483,1,0,0,1,-0.004427647970086812,-0.016532650028115325
1174,0.6,0.681167186738792,1,0,0,1,-0.0048038042768601755,-0.012506740536258231
1175,0.6,0.7257736725218042,1,0,0,1,-0.0031705107709184264,-0.011025650321148666
1176,0.6,0.7011351179493712,1,0,0,1,0.0012167234705303064,-0.00965727342698479
1177,0.6,0.7306297546985229,1,0,0,1,0.005894545413284567,-0.0067651496844397824
1178,0.6,0.72712323039541,1,0,1,1,0.006865642629900316,-0.0037429429702906646
1179,0.6,0.7579947946825072,1,1,1,1,0.0054873051342614245,0.0019866089818053774
1180,0.6,0.7794529494611893,0,1,1,0,0.010816314353260692,0.004301581601315867
1181,0.6,0.7879953957604352,0,1,1,0,0.01422463460955439,0.0021001647514719154
1182,0.6,0.8063340808806797,0,1,1,0,0.013817036226836594,-0.0014879888489128486
1183,0.6,0.8009252248822435,0,1,1,0,0.010682673499218849,-0.004845867606363267
1184,0.6,0.7828317200254299,0,1,1,0,0.005158365648511335,-0.007359657521232626
1185,0.6,0.7740929219693783,0,1,1,0,0.0024787072758242316,-0.009619846566541565
1186,0.6,0.7643878135423058,0,1,1,0,0.002703472901293387,-0.01065222480231799
1187,0.6,0.7453747991214902,0,1,1,0,0.003488309811470584,-0.010777002169131031
1188,0.6,0.7385799873293135,0,1,1,0,0.0037263349977028084,-0.01098567214195697
1189,0.6,0.7180445404009862,0,1,1,0,0.003534401459455788,-0.01197157023960853
1190,0.6,0.6939429797580527,0,1,1,0,0.0033758151924643148,-0.011192527247698623
1191,0.6,0.6870734156940353,0,1,1,0,0.0035763897700720193,-0.011339678369974687
1192,0.6,0.6672830650239392,0,1,1,0,0.003382151567376816,-0.010572089301564277
1193,0.6,0.6807313445167625,0,1,1,0,0.002494181597997194,-0.010209640831201407
1194,0.6,0.6622992275376322,0,1,1,0,0.0001099326899846162,-0.0095115841689833
1195,0.6,0.6691203152992802,0,1,1,0,-0.003102761391463062,-0.007429366935164472
1196,0.6,0.6970428891926239,0,1,1,0,-0.004031608755144435,-0.007374201296190905
1197,0.6,0.7247188010095578,0,1,1,0,-0.005742454999500923,-0.009015904152293109
1198,0.6,0.7572717707224671,0,1,1,0,-0.008177800354216969,-0.011769730138463802
1199,0.6,0.737403410861241,0,1,1,1,-0.00832662521055829,-0.010457987318298946
1200,0.6,0.7529989356647945,1,1,1,1,-0.009587869529672223,-0.006886024885155557
1201,0.6,0.7223860093213973,1,0,1,1,-0.013844019966031922,-0.0035568038989096497
1202,0.6,0.7619830002862427,1,0,1,1,-0.020453198536684477,0.0002283615084606192
1203,0.6,0.7536731494704538,1,0,0,1,-0.026025194241441178,0.0013757217890219425
1204,0.6,0.784617094246075,1,0,0,1,-0.027325062143365407,-0.0009170900870412816
1205,0.6,0.7583331089833225,1,0,0,1,-0.02634442243931651,-0.0050372549583817434
1206,0.6,0.7468201097524562,1,0,0,1,-0.022433235404958285,-0.008503800018414978
1207,0.6,0.7358828423039119,1,0,0,1,-0.01897798630729554,-0.013103028164102032
1208,0.6,0.7151630466501822,1,0,0,1,-0.015640904578060374,-0.015888783388317777
1209,0.6,0.7132632616359987,1,0,0,1,-0.011355819565493537,-0.018654449651124165
1210,0.6,0.7046004561256767,1,0,0,1,-0.008220681898965382,-0.019662868521969957
1211,0.6,0.7024525067704511,1,0,0,1,-0.006295377733819544,-0.019068376937942513
1212,0.6,0.7082231170339167,1,0,0,1,-0.00488726332826371,-0.018182516988665777
1213,0.6,0.7129051610686681,1,0,0,1,-0.00565449568776741,-0.017332794654791615
1214,0.6,0.7046919782745371,1,0,0,1,-0.007527678081350559,-0.015363338009547228
1215,0.6,0.7034375281617907,1,0,0,1,-0.009365923816764418,-0.012201207672804634
1216,0.6,0.6953230129587661,1,0,0,1,-0.0112801421950425,-0.008095691035474464
1217,0.6,0.7148498567970551,1,0,0,1,-0.011744897936917974,-0.004833190350863279
1218,0.6,0.7086794831205596,1,0,0,1,-0.009481159715126504,-0.002470317077823168
1219,0.6,0.7466970957305842,1,0,0,1,-0.0045902470058547876,-0.002353153240295808
1220,0.6,0.7501030539412039,1,0,1,1,0.0008129284994270441,-0.0031339094212257924
1221,0.6,0.7738278899237304,1,0,1,1,0.0006551687149565691,0.00014464146897511022
1222,0.6,0.726357812657791,1,1,1,1,0.004055595775361603,0.0025343651511923813
1223,0.6,0.7253221749046334,0,1,1,0,0.007973911265413813,0.0005426495606796709
1224,0.6,0.7594504196596527,0,1,1,0,0.008322913231319694,-0.004882928142120241
1225,0.6,0.7418502482665063,0,1,1,0,0.007293214650900698,-0.009273016383136075
1226,0.6,0.7376012616864686,0,1,1,0,0.003842592193960041,-0.011268302607013805
1227,0.6,0.726580400605268,0,1,1,0,0.001827303312111145,-0.012373087411306617
1228,0.6,0.7194692552220039,0,1,1,0,0.0022277481454996573,-0.012297276475773571
1229,0.6,0.7119080222695794,0,1,1,0,0.002814496421318737,-0.011758863422916604
1230,0.6,0.7053165259389776,0,1,1,0,0.0028476729806048997,-0.01175180820300588
1231,0.6,0.6831232629436155,0,1,1,0,0.003149318422949431,-0.011225858840674431
1232,0.6,0.6703827682387029,0,1,1,0,0.0037411192900742227,-0.010144912715239646
1233,0.6,0.6548304600877007,0,1,1,0,0.0041443033851490466,-0.010239921648763303
1234,0.6,0.6327008053897826,0,1,1,0,0.004520856450369111,-0.00870512964504957
1235,0.6,0.6457904237598727,0,1,1,0,0.00506053039481439,-0.007801735583714486
1236,0.6,0.6353387428684381,0,1,1,0,0.0034176995658067224,-0.007424701350207839
1237,0.6,0.6464077819589144,0,1,1,0,0.0002969175256668285,-0.006619007179289205
1238,0.6,0.6686896177938432,0,1,1,0,-0.0004612860071103272,-0.006557436325812694
1239,0.6,0.7005928939807302,0,1,1,0,-0.002225504580556267,-0.007761821103098742
1240,0.6,0.722833139366857,0,1,1,0,-0.004974675268622575,-0.00980933147500722
1241,0.6,0.7448065953903816,0,1,1,1,-0.00801901563928753,-0.011243815112311505
1242,0.6,0.7182487669812195,1,1,1,1,-0.008864170558599734,-0.008668393267790443
1243,0.6,-0.011603015249077543,1,1,1,1,-0.000376080547404381,-0.0010434179619363557
1244,0.6,-0.0560147470737501,1,1,1,1,-0.002828343091596613,0.0061357765881898925
1245,0.6,-0.030398275388333108,1,0,1,1,-0.00976137362143356,0.014688103942765533
1246,0.6,-0.004077694745990035,1,0,1,1,-0.01996101561714042,0.017358273766447833
1247,0.6,-0.06387831377788862,1,0,0,1,-0.027263297344887517,0.01912061932752204
1248,0.6,-0.08552711290043216,1,0,0,1,-0.030095331004636332,0.02251919825962694
1249,0.6,-0.026578717724214676,1,0,0,1,-0.032957012917856666,0.021529288736430566
1250,0.6,-0.020533768784931815,1,0,0,1,-0.03411421353576653,0.016815380186023743
1251,0.6,-0.02763498354662769,1,0,0,1,-0.02905440437775604,0.011513022790677042
1252,0.6,-0.007585761973084199,1,0,0,1,-0.02065449324312808,0.0038459324964207754
1253,0.6,-0.001661653905837297,1,0,0,1,-0.009985480912029195,-0.005700398617622021
1254,0.6,-0.025024885447426582,1,0,0,1,0.0007485091938002862,-0.012432831163629072
1255,0.6,-0.010885733393240605,1,0,0,1,0.0075384935034489816,-0.016096567023479696
1256,0.6,0.00205834697668606,1,0,0,1,0.01082557879884445,-0.020288320380913584
1257,0.6,0.03976272480143197,1,0,0,1,0.01296722591395423,-0.025345960649473642
1258,0.6,0.03254001184236706,1,0,0,1,0.0128598478118309,-0.028471014580597705
1259,0.6,0.10858864984378995,1,0,0,1,0.013276830880343973,-0.03289663918915154
1260,0.6,0.07272110240405488,1,0,0,1,0.01334184958946092,-0.03501993563764041
1261,0.6,0.11594984783377302,0,0,0,1,0.013651097583766538,-0.03357791971827546
1262,0.6,0.2012771583634508,0,0,0,1,0.020388740927501987,-0.03573371075058577
1263,0.6,0.19230954231312772,0,0,0,1,0.032784985113041,-0.03333233724237243
1264,0.6,0.21062812628929867,0,0,1,1,0.03988603669469857,-0.019503004951025648
1265,0.6,0.27319929446835967,0,1,1,1,0.04572555383041359,0.00010009756830661446
1266,0.6,0.33666087925857807,0,1,1,0,0.05152982259479811,0.012661743380291838
1267,0.6,0.3282910605828983,0,1,1,0,0.05081478118519508,0.01840832919825621
1268,0.6,0.35399633054066837,0,1,1,0,0.04819262557823081,0.020512236739698674
1269,0.6,0.37394410292785496,0,1,1,0,0.04288836761231349,0.01820138096241395
1270,0.6,0.3779429348701425,0,1,1,0,0.0370092114313644,0.013801700972564588
1271,0.6,0.3732421473140039,0,1,1,0,0.034072643461914125,0.010907293067864783
1272,0.6,0.38401191761512643,0,1,1,0,0.03538128791419492,0.00960125212595758
1273,0.6,0.40846016959900366,0,1,1,0,0.03957816255741198,0.00810913407902733
1274,0.6,0.4230195019277585,0,1,1,0,0.042974604988058406,0.006820882573292776
1275,0.6,0.4420687147169752,0,1,1,0,0.04482818024594186,0.00476318356483665
1276,0.6,0.4654373488527189,0,1,1,0,0.04415363567102135,0.00178681417429718
1277,0.6,0.48128613306587986,0,1,1,0,0.03914423820398913,-0.0012851971076314939
1278,0.6,0.4955682482892326,0,1,1,0,0.03025885639998816,-0.005262812332344374
1279,0.6,0.509895156614451,0,1,1,0,0.019067050512850504,-0.010506002493959039
1280,0.6,0.5307927502098128,0,1,1,0,0.008033060685836223,-0.015740104533523456
1281,0.6,0.5548278982161732,0,1,1,0,-0.001802044177811807,-0.020497901255415504
1282,0.6,0.5872131197633398,0,1,1,0,-0.011505833275547302,-0.025739154619944
1283,0.6,0.6110425040696844,0,1,1,1,-0.02206692434588024,-0.03182837888713148
1284,0.6,0.559101087055618,0,1,1,1,-0.025364176516073006,-0.03097799677173667
1285,0.6,0.5732762017163473,0,1,1,1,-0.02702411502068174,-0.024451626512238225
1286,0.6,0.627936630324463,1,0,1,1,-0.032339533822067904,-0.020355470702841036
1287,0.6,0.6253907036778217,1,0,1,1,-0.044482649818141276,-0.01732708401206943
1288,0.6,0.6452110542272282,1,0,1,1,-0.055987689592240264,-0.01215699220417584
1289,0.6,0.6791961290031135,1,0,0,1,-0.06583974188547059,-0.009161864272511418
1290,0.6,0.6996212647294558,1,0,0,1,-0.06939998528715972,-0.009376887455293982
1291,0.6,0.6821773911087222,1,0,0,1,-0.06812811357357752,-0.00957611433751492
1292,0.6,0.67703684800143,1,0,0,1,-0.06422766887768054,-0.009348210197385177
1293,0.6,0.6796171130371771,1,0,0,1,-0.06100427553758125,-0.010303631357532284
1294,0.6,0.6792123125526942,1,0,0,1,-0.05942366632457605,-0.010488773659378852
1295,0.6,0.6807617036752589,1,0,0,1,-0.05733431128410666,-0.010063654203852126
1296,0.6,0.6776576559073665,1,0,0,1,-0.05638283803176907,-0.007003533968738785
1297,0.6,0.7062296583732821,1,0,0,1,-0.05925628754189289,-0.0027593502185201332
1298,0.6,0.7243250527846818,1,0,0,1,-0.0621012298607993,0.0007939496947767266
1299,0.6,0.7428693549490919,1,0,0,1,-0.06566386802900004,0.005384917960552245
1300,0.6,0.7732076386050525,1,0,0,1,-0.06849712879252193,0.010307298419614318
1301,0.6,0.8243631113730384,1,0,0,1,-0.06894298339802031,0.01295156277198518
1302,0.6,0.7311293763701658,1,1,0,1,-0.06348236883664272,0.015574430207927877
1303,0.6,0.7051757156147891,1,1,0,1,-0.05014778957803189,0.010941371597341444
1304,0.6,0.6869584970283139,0,1,0,1,-0.02932928003727366,-0.004889218422175319
1305,0.6,0.6091215069701292,0,1,0,1,-0.005001268395229219,-0.01977749323065097
1306,0.6,0.5945479784275508,0,1,0,0,0.020081680332056286,-0.034832018916072724
1307,0.6,0.5432169715500547,1,1,1,0,0.04280594889760675,-0.04912707612573743
1308,0.6,0.5090785968010356,0,1,1,0,0.04888898834986949,-0.0543077252190193
1309,0.6,0.4906784661207263,0,1,1,0,0.05303678666519598,-0.06079783314187088
1310,0.6,0.5271695037218388,0,1,1,0,0.06022203573014988,-0.07022731722013807
1311,0.6,0.4651971888541722,0,1,1,0,0.06581506005476959,-0.0765753982707628
1312,0.6,0.47374258077338277,0,1,1,0,0.06769508637271293,-0.07842172047647639
1313,0.6,0.45474413115006834,0,1,1,0,0.0706122389840757,-0.07821039006563602
1314,0.6,0.434152673536875,0,1,1,0,0.07362502904279826,-0.07421400083244199
1315,0.6,0.4566387566652386,0,1,1,0,0.07823659999946772,-0.07055359134078219
1316,0.6,0.45719803378339663,0,1,1,0,0.08454805342368524,-0.06681748812187192
1317,0.6,0.44670703223981323,0,1,1,0,0.08950858264734478,-0.06181241074530184
1318,0.6,0.4670131390807644,0,1,1,0,0.0941420323544807,-0.05680160018634175
1319,0.6,0.4897459127445523,0,1,1,0,0.09874152419844243,-0.05411279824564012
1320,0.6,0.5191170003790697,0,1,1,0,0.10388574008334717,-0.05173261058107389
1321,0.6,0.5429109541551224,0,1,1,0,0.10696734424443634,-0.05001497986113888
1322,0.6,0.5788065752372736,0,1,1,0,0.10789946250732203,-0.0474394776646654
1323,0.6,0.6021051607058251,0,1,1,0,0.1091651516703865,-0.044049053232589064
1324,0.6,0.6595343638714704,0,1,1,0,0.1092814495325553,-0.03950948713862984
1325,0.6,0.6095346726418633,1,0,1,0,0.09953333931574912,-0.03301039135399834
1326,0.6,0.6657012536611159,0,0,1,0,0.08084858638176173,-0.02752153356837175
1327,0.6,0.6974991150984204,0,0,1,1,0.05876258880555447,-0.022544959621489162
1328,0.6,0.6343555016859473,0,0,1,1,0.049728617148529226,-0.005433889478362894
1329,0.6,0.6385475451864778,1,0,0,1,0.04667016198004346,0.015058469939107047
1330,0.6,0.684678441975212,1,0,0,1,0.04419219495223684,0.02442190807285982
1331,0.6,0.642179268457755,1,0,0,1,0.04710778674826891,0.028884386477941323
1332,0.6,0.6628508388661731,1,0,0,1,0.05588324840244659,0.030819809513080183
1333,0.6,0.6513629165215442,1,0,0,1,0.06647520441087551,0.026772144382986772
1334,0.6,0.6230771846722034,1,0,0,1,0.07835042838030865,0.020917415605434867
1335,0.6,0.6006836185519938,1,0,0,1,0.08565514817420072,0.016745597981897897
1336,0.6,0.6115174925546428,1,0,0,1,0.08786209771339105,0.013578863010140347
1337,0.6,0.612869503806949,1,0,0,1,0.09047857839693829,0.010386790079988304
1338,0.6,0.6136990419213204,1,0,0,1,0.09353234568063021,0.007289837904598332
1339,0.6,0.6293941991751548,1,0,0,1,0.0965986490903479,0.005669988171066004
1340,0.6,0.6398592313340286,1,0,0,1,0.10033152243975275,0.0041614072029202325
1341,0.6,0.6395562427940439,1,0,0,1,0.10422965369967724,0.0033830539055638795
1342,0.6,0.6329885046588597,1,0,0,1,0.10797662499592485,0.0039056643149701013
1343,0.6,0.6278386771981365,1,0,0,1,0.11261079846614709,0.004877246063741634
1344,0.6,0.6769638675963419,1,0,0,1,0.1196982482762339,0.0030598329876894356
1345,0.6,0.6463645047767338,1,0,0,1,0.12886458947517473,0.0011274221773678657
1346,0.6,0.6651625795586252,1,0,0,1,0.13982077498993492,-0.0009879057577664462
1347,0.6,0.6542987636125143,1,0,0,1,0.15158946387692834,-0.0043395533251446294
1348,0.6,0.6429923350330771,1,0,1,1,0.16003628721104524,-0.005096901604640515
1349,0.6,0.5890632909072621,1,1,1,1,0.16490002713844745,-0.00025213630891487634
1350,0.6,0.6405044575170752,0,1,1,1,0.16955161426604962,0.0039055603300195123
1351,0.6,0.6348115041560829,0,1,1,1,0.1796534595846866,0.006698055413935652
1352,0.6,0.6645736374315548,0,1,1,1,0.18910357072039202,0.011316753719009013
1353,0.6,0.6868695333995609,0,1,1,0,0.19595058080900488,0.016257222499283377
1354,0.6,0.6517068048894032,0,1,1,0,0.19780775374659804,0.022667501991922405
1355,0.6,0.6815086600984329,0,1,1,0,0.1978162979185222,0.026698501356374988
1356,0.6,0.6902810892812964,0,1,1,0,0.1995387168715124,0.026889809039381787
1357,0.6,0.6999659726046092,0,1,1,0,0.20143470849657227,0.026808034535709832
1358,0.6,0.7094696921293091,0,1,1,0,0.2036440369194912,0.028951484913504893
1359,0.6,0.7524986031373093,0,1,1,0,0.2058860395385454,0.032377976351317644
1360,0.6,0.791532214883396,0,1,1,0,0.2093977999032971,0.03592376386380142
1361,0.6,0.8360303559051757,0,1,1,0,0.2120131083912731,0.039026412882517764
1362,0.6,0.878978067960221,0,1,1,0,0.21334347478691382,0.04182164908826401
1363,0.6,0.9152005616236747,0,1,1,0,0.21268665557598593,0.045171749597487466
1364,0.6,0.9523173502113104,0,1,1,0,0.21098924099924046,0.0491262330422991
1365,0.6,0.9850780677137752,0,1,1,0,0.20836906477665673,0.053484036059971214
1366,0.6,0.9840505182289786,1,0,1,0,0.2040498546823478,0.0611569933592012
1367,0.6,0.9767774536455198,1,0,1,0,0.19088754825014018,0.06285914572762567
1368,0.6,0.9566262977238101,1,0,1,0,0.17447679657634205,0.05646515083662084
1369,0.6,0.928952415514283,1,0,1,0,0.16093254123548417,0.045480092126798315
1370,0.6,0.918708550194711,1,0,1,0,0.1503875058107597,0.03138019411179046
1371,0.6,0.9180733052469242,1,0,1,0,0.14064524283341587,0.015361951264993215
1372,0.6,0.8596634528669097,1,0,0,1,0.13393610165030034,-0.002608369357433975
1373,0.6,0.7976933328183293,1,0,0,1,0.1359648778229926,-0.01421185941263741
1374,0.6,0.7835417641800944,1,0,0,1,0.13985995551045574,-0.025025640544333448
1375,0.6,0.7157227304699807,1,0,0,1,0.14394926441560996,-0.033517171891557736
1376,0.6,0.6787235098004507,1,0,0,1,0.14635195219152866,-0.0385910736751578
1377,0.6,0.641293552931822,1,0,0,1,0.14581565519442471,-0.04083339569341109
1378,0.6,0.6052821064505778,1,0,0,1,0.1461298117457861,-0.03961029278144923
1379,0.6,0.6073157436665118,0,0,0,1,0.14647088382205667,-0.03724478475002312
1380,0.6,0.6487319358007542,0,0,0,1,0.1449372070042915,-0.036119105659553605
1381,0.6,0.6492758232919802,0,0,0,1,0.1427726795590539,-0.03395096915904021
1382,0.6,0.6085792909092457,1,0,0,1,0.1413761488014963,-0.027029182527621494
1383,0.6,0.6132480041301482,1,0,0,1,0.14094786246258492,-0.020866622771702054
1384,0.6,0.6166053926447507,1,0,0,1,0.13919059470828432,-0.015708180192335233
1385,0.6,0.6350533925851304,1,0,0,1,0.13934152099171226,-0.013057874084769184
1386,0.6,0.6756809799173106,1,0,0,1,0.14331426736399377,-0.014707810925142187
1387,0.6,0.6464347354806965,1,0,0,1,0.14773857988222835,-0.01564169848824225
1388,0.6,0.6309023164201695,1,0,1,1,0.15006264298503083,-0.011378548217106198
1389,0.6,0.6522011188141252,1,0,1,1,0.15188942570633573,-0.005657883480782705
1390,0.6,0.6554774693625899,0,0,1,1,0.15520863887100247,0.001191237145345354
1391,0.6,0.7253845315304498,0,0,1,1,0.16017907098793163,0.00944746744727064
1392,0.6,0.7261681960336872,0,0,1,1,0.16582245152513206,0.020592913828346653
1393,0.6,0.732669641770982,0,0,1,1,0.16839742615010095,0.03492095710568457
1394,0.6,0.7506379718283125,0,0,1,0,0.167622187255305,0.049200055985162285
1395,0.6,0.7640807075040649,0,0,1,0,0.16413372831697803,0.06280378201071453
1396,0.6,0.7656708066106962,0,1,1,0,0.15498733825672215,0.0760526519658434
1397,0.6,0.7786197755974068,0,1,1,0,0.14802355509643625,0.0833302518386632
1398,0.6,0.7851635327193874,0,1,1,0,0.14464253952622583,0.08549125100597038
1399,0.6,0.7924224207174926,0,1,1,0,0.14238999402715158,0.0866082977702881
1400,0.6,0.8354426021629909,0,1,1,0,0.1423077889330721,0.0880047872682174
1401,0.6,0.8833021526367477,0,1,1,0,0.14436612880741145,0.08959476044123749
1402,0.6,0.940778926639609,0,1,1,0,0.14781807205675804,0.09212041104999766
1403,0.6,0.9968929019789334,0,1,1,0,0.15019764330225113,0.09477367841602485
1404,0.6,1.0363809898719782,0,0,1,0,0.14855148817088498,0.09950368595595836
1405,0.6,1.0151501273755743,1,0,1,0,0.1419137456946655,0.1077371717559978
1406,0.6,0.8937933679128021,1,0,0,0,0.12437093649895202,0.11150991195206253
1407,0.6,0.823496176420947,1,0,0,0,0.10143497464245034,0.10510981288953222
1408,0.6,0.8112616519722468,1,0,0,0,0.07463929915418416,0.08791431407249442
1409,0.6,0.7696145972358841,1,0,0,0,0.04804648893218778,0.06294486784416228
1410,0.6,0.7605740238342684,1,0,0,0,0.022972360529881563,0.033184545748746484
1411,0.6,0.7626072337119949,0,0,0,0,0.0017449695389292145,-0.0007817503312751677
1412,0.6,0.7916017892557474,0,0,0,0,-0.016556337657671238,-0.03812609467833098
1413,0.6,0.7292604699436861,0,0,0,1,-0.02597644905785027,-0.07135728567613212
1414,0.6,0.7024606425374266,0,0,0,1,-0.02673084179943754,-0.09322834806252484
1415,0.6,0.655328130519073,0,0,0,1,-0.023727459981641427,-0.10692675770427505
1416,0.6,0.6137260884797898,0,0,0,1,-0.018198658269650593,-0.11181264563448871
1417,0.6,0.6000346761614351,0,0,0,1,-0.010857120957260208,-0.11128278287028122
1418,0.6,0.6145722232480222,0,0,0,1,-0.0020748667572394654,-0.10898544985007641
1419,0.6,0.6445461079698295,0,0,0,1,0.0056481158888378215,-0.1063653071551221
1420,0.6,0.5889024785771176,0,0,0,1,0.014714598510731232,-0.10057303126918755
1421,0.6,0.6054648655362327,0,0,0,1,0.020664850965157452,-0.09218539725753927
1422,0.6,0.6133171525024909,0,0,0,1,0.025287106112069663,-0.08482005543094476
1423,0.6,0.6429795624162572,0,0,0,1,0.026515970109444967,-0.07641820211029006
1424,0.6,0.7103389979065708,0,0,0,1,0.02884623747150608,-0.07206923923081443
1425,0.6,0.7350154630218382,0,0,0,1,0.03405813034368523,-0.06748765388454003
1426,0.6,0.7296175849226293,0,0,1,1,0.03974913736084631,-0.059701525220081604
1427,0.6,0.7545161318792748,0,0,1,1,0.04177489317604496,-0.0441061853968714
1428,0.6,0.8397818172728673,0,0,1,1,0.048028787557003,-0.0283964915772152
1429,0.6,0.839471939924097,0,1,1,1,0.05654130249758315,-0.010920417593182631
1430,0.6,0.8322918060348192,0,1,1,0,0.058246445298571044,0.004831531685254262
1431,0.6,0.8598295352379162,0,1,1,0,0.05527966719524368,0.01664906839403459
1432,0.6,0.8671626586083339,0,1,1,0,0.05199261809262934,0.022538609570000454
1433,0.6,0.8720650255161814,0,1,1,0,0.04889936445670772,0.02304973873898923
1434,0.6,0.8700808663602506,0,1,1,0,0.048202695965657134,0.02117742026301067
1435,0.6,0.8825698915124152,0,1,1,0,0.04958543065591977,0.019286868430864235
1436,0.6,0.8942382680153892,0,1,1,0,0.051852625313872594,0.017534545011910686
1437,0.6,0.9196526366139088,0,1,1,0,0.054191535879092506,0.01636902420536437
1438,0.6,0.9416171276528035,0,1,1,0,0.05587817632380809,0.01588885445502421
1439,0.6,0.9494024134376724,0,1,1,0,0.05586913545138795,0.0162726864903232
1440,0.6,0.9618307788887224,0,1,1,0,0.052902433678543206,0.017444428892175585
1441,0.6,0.9819868583968911,0,1,1,0,0.048443001121228936,0.017273542603482562
1442,0.6,1.0043603332102478,0,1,1,0,0.04412585975187303,0.016756140136596064
1443,0.6,1.0306163381915723,0,1,1,0,0.039538688078326105,0.01654509357967423
1444,0.6,0.9985852022534307,1,1,1,0,0.03183635741283688,0.01609032227064374
1445,0.6,0.9941869156978362,1,0,1,0,0.02184751575831553,0.013914886356046343
1446,0.6,0.9988572734583163,1,0,1,0,0.007673503802924985,0.010222680806351523
1447,0.6,0.995785346811656,1,1,1,0,-0.00908147221430771,0.004711558077423992
1448,0.6,0.9125502465333063,1,0,0,1,-0.020548122651392935,-0.0004754573359666696
1449,0.6,0.874317762896365,1,0,0,1,-0.021162188894719835,-0.0016919119249602934
1450,0.6,0.8395897223571802,1,0,0,1,-0.02145061497384349,-0.0034391052842953533
1451,0.6,0.7994320370559821,1,0,0,1,-0.022935412114269874,-0.005145776583214477
1452,0.6,0.7713205270132437,1,0,0,1,-0.027436873495907683,-0.006357668614082484
1453,0.6,0.7604586181186048,1,0,0,1,-0.03402906481318543,-0.007068435483117644
1454,0.6,0.762545788623448,1,0,0,1,-0.03888415756513266,-0.009045694830764051
1455,0.6,0.7621803988859117,1,0,0,1,-0.041830006853139055,-0.011238371457582655
1456,0.6,0.7611697763954843,1,0,0,1,-0.04181188229197971,-0.012069826641748063
1457,0.6,0.8042062220407465,1,0,0,1,-0.041793595117368416,-0.011669281980578983
1458,0.6,0.7791648983360395,1,0,0,1,-0.04039874316500167,-0.009315429338318715
1459,0.6,0.8112475005494957,1,0,0,1,-0.03917817618003245,-0.006298074208756631
1460,0.6,0.8437125114776877,1,0,0,1,-0.03887643744208089,-0.004738219879972947
1461,0.6,0.8698201763005909,1,0,0,1,-0.03819433147374204,-0.003133397084733453
1462,0.6,0.7694812131414014,1,1,0,1,-0.03166235325894078,-0.002504819127870533
1463,0.6,0.7751992250401066,1,1,0,1,-0.015808117897745465,-0.011933520055970656
1464,0.6,0.7264119667880196,0,1,0,1,0.0017936797936748178,-0.022400907947158055
1465,0.6,0.7347916592180513,0,1,0,1,0.020858314737767916,-0.03189211610511641
1466,0.6,0.6742021928002735,0,1,1,0,0.03495090155520843,-0.03728122453965339
1467,0.6,0.6791560716390254,0,1,1,0,0.04366978552725068,-0.041104747350853225
1468,0.6,0.666355356358209,0,1,1,0,0.04977733420452873,-0.04903761359770732
1469,0.6,0.6692556861082315,0,1,1,0,0.052193129757555363,-0.05710786160490836
1470,0.6,0.652024862037471,0,1,1,0,0.051208218055176564,-0.06518394512323687
1471,0.6,0.6274551923335698,0,1,1,0,0.04756998668215423,-0.07121489628686586
1472,0.6,0.6120712890519852,0,1,1,0,0.04513407566288318,-0.07451399006521424
1473,0.6,0.5850434026269333,0,1,1,0,0.0452155606001648,-0.07450517550621777
1474,0.6,0.581857165406942,0,1,1,0,0.04766580222507792,-0.0726925720529678
1475,0.6,0.5835225024771975,0,1,1,0,0.0508995399378327,-0.06989027791404963
1476,0.6,0.5782470831759288,0,1,1,0,0.05451248760650213,-0.06519935701591305
1477,0.6,0.5889729769704191,0,1,1,0,0.05890575497074341,-0.06017160917789218
1478,0.6,0.60652480379448,0,1,1,0,0.06423730681627425,-0.05631711842273725
1479,0.6,0.6326733490996179,0,1,1,0,0.06892679887532548,-0.05481423006729925
1480,0.6,0.642590843376891,0,1,1,0,0.07109644774189443,-0.052467419545360494
1481,0.6,0.6758227292655015,0,1,1,0,0.07268618569482116,-0.04862128379754661
1482,0.6,0.7217879972054025,0,0,1,0,0.07305000360114731,-0.042873408526221284
1483,0.6,0.7600138560897813,0,0,1,0,0.0684106730309008,-0.0342977740757153
1484,0.6,0.8155389263105018,0,0,1,0,0.05839095654999852,-0.0242360709064564
1485,0.6,0.776696037393074,0,0,1,1,0.05204110741554117,-0.006871579038410514
1486,0.6,0.807377360230989,1,0,1,1,0.04814145765162544,0.012372928131803759
1487,0.6,0.7976057199155718,1,0,0,1,0.0453046385283671,0.023413138153524127
1488,0.6,0.7680151442145399,1,0,0,1,0.05060014062140406,0.0301652974984011
1489,0.6,0.7446924109651069,1,0,0,1,0.05971280312046328,0.0309155757363241
1490,0.6,0.7314670793878285,1,0,0,1,0.0672393368345058,0.025236082003536883
1491,0.6,0.7004127190304993,1,0,0,1,0.0701782928158452,0.017665565758418537
1492,0.6,0.7045901381012111,1,0,0,1,0.06951810418285166,0.01021139208085371
1493,0.6,0.7033611908439332,1,0,0,1,0.0707307395363769,0.0014732476956406874
1494,0.6,0.7162885171264219,1,0,0,1,0.07402812339778478,-0.007781108214100712
1495,0.6,0.7136827475793482,1,0,0,1,0.07741064906787291,-0.014699630458244456
1496,0.6,0.7294754347183301,1,0,0,1,0.08197712936414227,-0.019027434071075187
1497,0.6,0.7229327426777411,1,0,0,1,0.08685272535417898,-0.022386269963802982
1498,0.6,0.7308173108347158,1,0,0,1,0.09260343794480236,-0.02412264360594263
1499,0.6,0.7260992107853215,1,0,0,1,0.09784742595692965,-0.023970770035130914
1500,0.6,0.7143584480915474,1,0,0,1,0.10249555028951036,-0.02228388793862693
1501,0.6,0.7570672461907056,1,0,0,1,0.10917930515599127,-0.023221774724340304
1502,0.6,0.7405559398338404,1,0,0,1,0.11770939335618007,-0.024799300675479984
1503,0.6,0.777775916339721,1,0,0,1,0.12754286525579545,-0.02726268023069304
1504,0.6,0.7131113708265111,1,0,1,1,0.134348271313878,-0.02651261711780071
1505,0.6,0.7398167652456163,1,0,1,1,0.13728211042330876,-0.020614688396159608
1506,0.6,0.7253733839188904,1,0,1,1,0.13995598091857278,-0.016315306566204994
1507,0.6,0.7524503013596049,0,0,1,1,0.1408227271307235,-0.010672883567068739
1508,0.6,0.7818885161041484,0,0,1,1,0.14464828867214838,-0.004595852884204386
1509,0.6,0.7670088889131293,0,0,1,0,0.14363502416383195,0.0032318285062455806
1510,0.6,0.7886513248861522,0,0,1,0,0.13700325289254014,0.01265831999567817
1511,0.6,0.8222504576069097,0,0,1,0,0.12899339636754475,0.02116134419970634
1512,0.6,0.8292066661681117,0,1,1,0,0.11716949823678184,0.030088415135236635
1513,0.6,0.8286958440036473,0,1,1,0,0.10920818298812947,0.039574415933510305
1514,0.6,0.8294887995842334,0,1,1,0,0.10839354817823178,0.048244353215838844
1515,0.6,0.8454905580107622,0,1,1,0,0.11269633931679193,0.05571926535440808
1516,0.6,0.881756508250541,0,1,1,0,0.11898074680626991,0.06127688565921728
1517,0.6,0.919084498680305,0,1,1,0,0.12392288122401723,0.0649427186935935
1518,0.6,0.9546287407234947,0,1,1,0,0.12672835617212652,0.06817897468649319
1519,0.6,0.9915245678838424,0,1,1,0,0.1277030885241169,0.07171345415415747
1520,0.6,1.0389381886868154,0,1,1,0,0.12638974067808553,0.07509372466937274
1521,0.6,0.963047241856897,1,1,1,0,0.11495838799651958,0.07450200450169525
1522,0.6,0.8898313590952793,1,0,1,0,0.09630172549772062,0.06702372642735824
1523,0.6,0.8607001082429445,1,0,1,0,0.07743491069796149,0.05697676102235418
1524,0.6,0.8199892297107568,1,0,1,1,0.05875832660896098,0.0428453183434019
1525,0.6,0.7273898669272315,1,0,0,1,0.054685432006234436,0.03809262128824034
1526,0.6,0.7536861611322924,1,0,0,1,0.053195399672889214,0.0353166966084158
1527,0.6,0.7661371048723851,1,0,0,1,0.05152295291012679,0.02588740354908214
1528,0.6,0.7219702681491172,1,0,0,1,0.05219064640688978,0.018049858954368697
1529,0.6,0.7098768383693534,1,0,0,1,0.05531835091784219,0.01617668413067144
1530,0.6,0.6987994474165878,1,0,0,1,0.05582361539234439,0.01692982281532417
1531,0.6,0.6831747480331347,1,0,0,1,0.05514942606772791,0.019721732679948735
1532,0.6,0.662563899525875,1,0,0,1,0.05435227825109844,0.024675613336151373
1533,0.6,0.6647207409468572,1,0,0,1,0.05312301316442889,0.03085824237732502
1534,0.6,0.6586365244391282,1,0,0,1,0.0534448151631813,0.036102733334202185
1535,0.6,0.6581099635046445,1,0,0,1,0.05385336803692101,0.04136269242042723
1536,0.6,0.6460389581753738,1,0,0,1,0.050180228462844235,0.04797144729189138
1537,0.6,0.654376315645341,1,0,0,1,0.044594482409877415,0.054632985891663224
1538,0.6,0.6287869098164104,1,0,0,1,0.03582232665988071,0.062126798238739095
1539,0.6,0.6506247789982369,1,0,0,1,0.02888051928173986,0.06838028054796812
1540,0.6,0.6450000567737129,1,0,0,1,0.021722446486862113,0.07403109551466579
1541,0.6,0.6881639994647002,1,0,0,1,0.016493363059115248,0.07792770782691259
1542,0.6,0.704372494856644,1,0,0,1,0.014621738338549708,0.0801682372271931
1543,0.6,0.7215576290457469,1,1,0,1,0.017807354667981397,0.08048949982372465
1544,0.6,0.7840630916973603,1,1,0,1,0.02502453385465314,0.0744645792554454
1545,0.6,0.7963584759333845,0,1,0,1,0.03337891471521991,0.06847004446064126
1546,0.6,0.8416020909778446,0,1,0,1,0.046384773307647294,0.06320875114163331
1547,0.6,0.7883636306266331,0,1,1,0,0.05843551184509407,0.054691364590833964
1548,0.6,0.7546400069957481,0,1,1,0,0.06325068394906169,0.048319334420799685
1549,0.6,0.7642500409232403,0,1,1,0,0.06418425941839745,0.04048463736899468
1550,0.6,0.7404687356364819,0,1,1,0,0.06223371379644468,0.0324381671568021
1551,0.6,0.7315000173330869,0,1,1,0,0.05947844681157884,0.026029134022800732
1552,0.6,0.713026583935218,0,1,1,0,0.057615607082794985,0.022474061237171907
1553,0.6,0.6861715883443009,0,1,1,0,0.056147523071185736,0.02191931754418495
1554,0.6,0.6793465366094433,0,1,1,0,0.05660748229638595,0.023185141880670182
1555,0.6,0.6850474539507206,0,1,1,0,0.05898929265188001,0.02448524588657203
1556,0.6,0.6952027664286969,0,1,1,0,0.061076947394230606,0.026046929335836133
1557,0.6,0.711044030015854,0,1,1,0,0.06280047144130183,0.027777218701494855
1558,0.6,0.7367115101977153,0,1,1,0,0.06356712027959777,0.029514692130190295
1559,0.6,0.7674024291486711,0,1,1,0,0.06384101653643856,0.03111871737449821
1560,0.6,0.8095184214415095,0,1,1,0,0.06575196793117799,0.03407833760439718
1561,0.6,0.7993715764747235,1,1,1,0,0.06319783336348023,0.0358225693279166
1562,0.6,0.7937307436201634,1,1,1,0,0.05370293650944406,0.031586221794630824
1563,0.6,0.7943690901879441,1,0,1,0,0.04228109879103515,0.026045941206905007
1564,0.6,0.7993816631721967,1,0,1,0,0.02801094191801126,0.020512043354892238
1565,0.6,0.7874975301093541,1,0,1,0,0.013261192735843986,0.014522681703708108
1566,0.6,0.7670337020166014,1,0,1,1,0.004064460488646159,0.010752691885629837
1567,0.6,0.7752741171466655,1,0,0,1,-0.0009732645341611928,0.007019477847694486
1568,0.6,0.758995904033195,1,0,0,1,-0.0022359704636182266,4.751562400645281e-05
1569,0.6,0.7581654266557255,1,0,0,1,-0.0025488322007934505,-0.008753487065614211
1570,0.6,0.741719754826145,1,0,0,1,-0.0027198341890858732,-0.01777333153028259
1571,0.6,0.7219362991790423,1,0,0,1,-0.002789612690168774,-0.024710800169771677
1572,0.6,0.7045266237260526,1,0,0,1,-0.0030736937851205803,-0.02931355802032558
1573,0.6,0.6838184062147129,1,0,0,1,-0.0054785457395452875,-0.030135244837105998
1574,0.6,0.6924060402669665,0,0,0,1,-0.008409591235814263,-0.028849742942739474
1575,0.6,0.7197608464437865,1,0,0,1,-0.0098701423926793,-0.027685999666503862
1576,0.6,0.6919424286665521,1,0,0,1,-0.010908127313028126,-0.02397854766458985
1577,0.6,0.7101391239724001,1,0,0,1,-0.013377305300661994,-0.017259158672463082
1578,0.6,0.7587388993980356,1,0,0,1,-0.017904838308043427,-0.012667590341506545
1579,0.6,0.7509194345176653,1,0,0,1,-0.02172550229705521,-0.007281951853719526
1580,0.6,0.7576635763571605,1,0,0,1,-0.028004623452607846,0.0023852686154000216
1581,0.6,0.8510073045014618,1,0,0,1,-0.03343891942585656,0.007740126955189898
1582,0.6,0.8208480042072936,1,1,0,1,-0.03353312660381697,0.010654914818686087
1583,0.6,0.8768739537195414,0,1,0,1,-0.023675428060949733,0.011298950290650407
1584,0.6,0.9275862621989736,0,1,1,1,-0.008848005414730607,0.006984211982108895
1585,0.6,0.8800340558296851,0,1,1,0,-0.004657800314638983,0.004845061580511516
1586,0.6,0.8561448648475115,0,1,1,0,-0.008572024953214678,0.0026120380703152984
1587,0.6,0.825147648546763,0,1,1,0,-0.014240552759687213,-0.0019385265597857261
1588,0.6,0.7952176262306911,0,1,1,0,-0.018392478802071687,-0.008079175806972783
1589,0.6,0.7632458569979319,0,1,1,0,-0.019889431549038265,-0.014075057250497179
1590,0.6,0.7318412296489549,0,1,1,0,-0.018850051408537145,-0.018524245643085774
1591,0.6,0.7107564896734251,0,1,1,0,-0.01594739495309689,-0.021214076322912567
1592,0.6,0.697147601158641,0,1,1,0,-0.012556449787249513,-0.023074877841499638
1593,0.6,0.6774296474183562,0,1,1,0,-0.00922285965146441,-0.02341292144456793
1594,0.6,0.6783456149212352,0,1,1,0,-0.00668529437737821,-0.02200712596132316
1595,0.6,0.6756301128739873,0,1,1,0,-0.005537170203491814,-0.01984654368446564
1596,0.6,0.6888006613719949,0,1,1,0,-0.006750251473336823,-0.01812020794447946
1597,0.6,0.7005300359274229,0,1,1,0,-0.008679540233207933,-0.017773093413618185
1598,0.6,0.725619163696095,0,1,1,0,-0.009729512924209456,-0.017163595755167082
1599,0.6,0.7565152131902587,0,1,1,0,-0.010600921659495194,-0.01666268294748986
1600,0.6,0.7798776562958389,0,1,1,0,-0.012894349170700843,-0.01601709296139858
1601,0.6,0.797656400897217,0,1,1,0,-0.01682377072451918,-0.014560226483282845
1602,0.6,0.8037663876908442,1,1,1,1,-0.021048962898996933,-0.012794347219326999
1603,0.6,0.7553485917880254,1,0,1,1,-0.022092050166334677,-0.00386376922143772
1604,0.6,0.8321711103986765,1,0,1,1,-0.028697720442219122,0.0022754935600135485
1605,0.6,0.8117527028099095,1,0,0,1,-0.03456574281569837,0.002177937223217758
1606,0.6,0.8271872489726151,1,0,0,1,-0.035117374350013185,0.0005329739637332134
1607,0.6,0.7768359976914596,1,0,0,1,-0.03268680997207541,-0.0010901355889168713
1608,0.6,0.7607086169156545,1,0,0,1,-0.027737712345037902,-0.0011425174427742047
1609,0.6,0.7403188226414483,1,0,0,1,-0.024701763180492435,-0.002896353695885723
1610,0.6,0.7224417622482345,1,0,0,1,-0.024229781601191384,-0.00355869037765882
1611,0.6,0.737148327681052,1,0,0,1,-0.0248005068512383,-0.00489282055748419
1612,0.6,0.7384926995896084,1,0,0,1,-0.02344786804228824,-0.008187205098954056
1613,0.6,0.7498064343520011,1,0,0,1,-0.02141766227743706,-0.011668344320050183
1614,0.6,0.7517783983610914,1,0,0,1,-0.020184946252734943,-0.014325278531327989
1615,0.6,0.756292909836604,1,0,0,1,-0.017679811212056994,-0.015176008314043286
1616,0.6,0.7493792609193177,1,0,0,1,-0.015725921070904276,-0.01370198916113433
1617,0.6,0.7422753074132327,1,0,0,1,-0.014350488777849547,-0.011301592785342677
1618,0.6,0.7241414882185289,1,0,0,1,-0.013673095064517866,-0.007307012643528565
1619,0.6,0.7640171397963351,1,0,0,1,-0.012435272298944325,-0.005210500279628257
1620,0.6,0.7686088857204809,1,0,0,1,-0.007888607899362781,-0.006206109354522549
1621,0.6,0.7960955236765008,1,0,0,1,-0.001781298376221502,-0.006554676004958444
1622,0.6,0.7853156102993369,1,0,1,1,0.0011377335818868357,-0.004536954011993909
1623,0.6,0.7431226463439604,0,1,1,1,0.006255136799055493,0.0008478421510569995
1624,0.6,0.8223506782800477,0,1,1,1,0.015841815577970937,0.0005576331210285791
1625,0.6,0.7724815373814672,0,1,1,0,0.023362166394623553,-0.0032020195517434642
1626,0.6,0.7928796355037242,0,1,1,0,0.025544601642321526,-0.007038116264657198
1627,0.6,0.7775758445917249,0,1,1,0,0.022896846114341972,-0.010141536462535683
1628,0.6,0.7754636004865971,0,1,1,0,0.01876238213913379,-0.011823410280534996
1629,0.6,0.7702778100242952,0,1,1,0,0.016900768586674518,-0.013423014693540276
1630,0.6,0.7584440937038466,0,1,1,0,0.01646643944705444,-0.013105235884342016
1631,0.6,0.7479048294056063,0,1,1,0,0.017398218861213892,-0.01131884221243262
1632,0.6,0.7504297823632334,0,1,1,0,0.018140333480372004,-0.010150771853650334
1633,0.6,0.7380399561294528,0,1,1,0,0.01835504910402207,-0.009968708006123397
1634,0.6,0.7260979495236669,0,1,1,0,0.018854088853413636,-0.008477504036629883
1635,0.6,0.7265733264039328,0,1,1,0,0.018884631460429947,-0.008149860321122578
1636,0.6,0.7159016330773132,0,1,1,0,0.01846728218146049,-0.005709370629589123
1637,0.6,0.724414083418239,0,1,1,0,0.017104668317542794,-0.0034654775366176303
1638,0.6,0.7341478641753219,0,1,1,0,0.014658552839041822,-0.0021172094350750724
1639,0.6,0.7492117047839641,0,1,1,0,0.012198900551410262,-0.0011409673336808968
1640,0.6,0.7825498685585217,0,1,1,0,0.010430058658013566,-0.0008895359789008378
1641,0.6,0.8204977562652972,0,1,1,0,0.008940023258138672,-0.0017269622686063987
1642,0.6,0.8518993219965786,1,1,1,0,0.007044560257132949,-0.002258750813937984
1643,0.6,0.8389615759287792,1,1,1,1,0.0063703745386781835,0.0007900205967235881
1644,0.6,0.8538536679376938,1,0,1,1,0.004385785190322243,0.004513054174752319
1645,0.6,0.8356855172242862,1,0,0,1,-0.0012291216128669125,0.006986868089949089
1646,0.6,0.8497809494583471,1,0,0,1,-0.005564040394849174,0.005638181497093381
1647,0.6,0.8200494328231007,1,0,0,1,-0.008129270184962505,0.002496420016164763
1648,0.6,0.8017716137637345,1,0,0,1,-0.009814799230260464,-0.00015574012628647474
1649,0.6,0.7856986514921872,1,0,0,1,-0.012429798806779187,-0.0036485563721541333
1650,0.6,0.7601894461334031,1,0,0,1,-0.0142690823961076,-0.006111032007731257
1651,0.6,0.7518755476634079,1,0,0,1,-0.01395238725951125,-0.009013429062161512
1652,0.6,0.7309765509440573,1,0,0,1,-0.012925802987079356,-0.011724295392208947
1653,0.6,0.7208921213062071,1,0,0,1,-0.011125703648141468,-0.013583784918331239
1654,0.6,0.7115085061551815,1,0,0,1,-0.008294295656153234,-0.014958013645221896
1655,0.6,0.7144713691087753,1,0,0,1,-0.006395352728263146,-0.016509107299915653
1656,0.6,0.7072728322571856,1,0,0,1,-0.007166286101691275,-0.018086300526661308
1657,0.6,0.7074761059885605,1,0,0,1,-0.008239409045356269,-0.018475076434170668
1658,0.6,0.7094210115779959,1,0,0,1,-0.009531928169594516,-0.01765587972377547
1659,0.6,0.71072899431919,1,0,0,1,-0.01006487465270823,-0.015547580648100301
1660,0.6,0.7145566823588928,1,0,0,1,-0.010643689661700784,-0.01165033709199942
1661,0.6,0.7712837341406236,1,0,0,1,-0.008002862365258562,-0.011009776623484095
1662,0.6,0.7610455691778266,1,0,0,1,-0.003940493838238659,-0.010099585528877528
1663,0.6,0.8025393487634086,1,0,1,1,0.0002514362161080515,-0.007289020807086812
1664,0.6,0.7864083027381658,1,1,1,1,-0.0021923170835747483,-0.0007295258866070397
1665,0.6,0.8288547925331025,1,1,1,0,-0.006072166307880024,0.003915730521371693
1666,0.6,0.7889342157841022,0,1,1,0,-0.010476416090579314,0.0035203936193509205
1667,0.6,0.8157414363226511,0,1,1,0,-0.012973674553262357,0.0008269181631214665
1668,0.6,0.8089716942212932,0,1,1,0,-0.012485511621210038,-0.0026542558008181474
1669,0.6,0.7938621442705279,0,1,1,0,-0.010580170197254797,-0.004799015839456817
1670,0.6,0.7813682655991786,0,1,1,0,-0.006937823376806924,-0.006284826843281653
1671,0.6,0.767631293577205,0,1,1,0,-0.0036408364407046366,-0.006801939246707658
1672,0.6,0.7480868081426056,0,1,1,0,-0.003043882715052,-0.007048425824719516
1673,0.6,0.7327818053519783,0,1,1,0,-0.005011846793247398,-0.008623459134723808
1674,0.6,0.6999099566035578,0,1,1,0,-0.008071596785899015,-0.011041643288521894
1675,0.6,0.6704318636450625,0,1,1,0,-0.010812953108868172,-0.012754819129113186
1676,0.6,0.6434356659895153,0,1,1,0,-0.012196822717669848,-0.015021396207598675
1677,0.6,0.6165171178823912,0,1,1,0,-0.01256587157114458,-0.01649969588506934
1678,0.6,0.6138722049798513,0,1,1,0,-0.012877148115899628,-0.01823543536372217
1679,0.6,0.5870572282393965,0,1,1,0,-0.015278520958728328,-0.01895129609415878
1680,0.6,0.578936594757448,0,1,1,0,-0.01842142616167271,-0.01724699547419215
1681,0.6,0.6051261828507131,0,1,1,0,-0.019726644815824736,-0.017598121686680675
1682,0.6,0.6256265680024081,0,1,1,0,-0.02111354191835303,-0.019695172008068595
1683,0.6,0.6551256049761258,0,1,1,1,-0.022616803880271964,-0.022416004845496284
1684,0.6,0.6611861717082073,0,1,1,1,-0.022050700873339095,-0.021629889174281308
1685,0.6,0.6830771921226976,0,1,1,1,-0.021273054316707483,-0.017908349467903276
1686,0.6,0.6911405174410487,1,0,1,1,-0.021615202504709562,-0.01225875641487594
1687,0.6,0.6994712174786205,1,0,1,1,-0.027648421137243546,-0.006996260303788038
1688,0.6,0.7104171394034272,1,0,0,1,-0.03222819243798032,-0.005222202405858309
1689,0.6,0.7050038682677825,1,0,0,1,-0.03353013720989732,-0.006263458276008432
1690,0.6,0.6844689955111862,1,0,0,1,-0.031235311892384435,-0.007301764980195687
1691,0.6,0.66864808303268,1,0,0,1,-0.027165629070364693,-0.00874592411271955
1692,0.6,0.6612152219145379,1,0,0,1,-0.023691189458316043,-0.011654482516696131
1693,0.6,0.6524292275602169,1,0,0,1,-0.021154281811704954,-0.015246382068279586
1694,0.6,0.6359818881981574,1,0,0,1,-0.019028999514846143,-0.017465302852412688
1695,0.6,0.62514411199267,1,0,0,1,-0.015836787308619975,-0.018482261756180125
1696,0.6,0.6372400419112091,1,0,0,1,-0.012736399816540487,-0.019976218797892235
1697,0.6,0.6409408652348638,1,0,0,1,-0.011737386910730339,-0.02283294825908837
1698,0.6,0.6387225734534479,1,0,0,1,-0.011242821872929225,-0.02541632873729043
1699,0.6,0.6502054829606994,1,0,0,1,-0.011892482991512526,-0.025997983767784172
1700,0.6,0.6657942685799624,1,0,0,1,-0.011045966921016255,-0.027381756852164013
1701,0.6,0.6484675235734065,1,0,0,1,-0.008130931142082637,-0.0266512690794034
1702,0.6,0.6719921704434999,1,0,0,1,-0.004887109875843806,-0.024322625916855356
1703,0.6,0.6920441554305031,1,0,0,1,0.0010808971882904747,-0.02512748013230353
1704,0.6,0.6901594042984163,1,0,0,1,0.00934514907187233,-0.025048628475570236
1705,0.6,0.6761247780344556,1,0,1,1,0.012890387812713153,-0.02086529377701843
1706,0.6,0.712960632339761,1,0,1,1,0.011387392254439944,-0.01272657459444993
1707,0.6,0.7328965855503489,0,1,1,1,0.011331819874868435,-0.006432083334581647
1708,0.6,0.8129622592941081,0,1,1,0,0.01566779296694472,-0.0033113748554346244
1709,0.6,0.7679963999569142,0,1,1,0,0.017786596933824048,-0.003039062462720594
1710,0.6,0.7718630654373286,0,1,1,0,0.016039845134888882,-0.0021185973870536247
1711,0.6,0.7685529025095589,0,1,1,0,0.012022739464882408,-0.0016280052422776453
1712,0.6,0.7665770517311746,0,1,1,0,0.009892660455017705,-0.0020395274975725866
1713,0.6,0.7563868985477562,0,1,1,0,0.011278846787393031,-0.002128128038784435
1714,0.6,0.7513747215329897,0,1,1,0,0.013196761135605032,-0.0017996877784400252
1715,0.6,0.7352427436273262,0,1,1,0,0.015235526230757376,-0.0008810547977375422
1716,0.6,0.7313641114738317,0,1,1,0,0.01635431689057976,-0.00032219362331213896
1717,0.6,0.7156664055370768,0,1,1,0,0.016735446271843243,-0.0014126785901575597
1718,0.6,0.6956607443195143,0,1,1,0,0.017057429763655343,-0.00130917775694376
1719,0.6,0.6889766432039861,0,1,1,0,0.01728858898766793,-0.002239709884691462
1720,0.6,0.6743093726099845,0,1,1,0,0.01638206548115178,-0.0025507997384854276
1721,0.6,0.6792246683170645,0,1,1,0,0.013726589155001362,-0.0033434300788636965
1722,0.6,0.668953553457138,0,1,1,0,0.009701795339343962,-0.003849703698520757
1723,0.6,0.6776526981432254,0,1,1,0,0.0055196287028641535,-0.0033516128294183915
1724,0.6,0.6998312182176352,0,1,1,0,0.003467663617737828,-0.003276892348855782
1725,0.6,0.727359827550262,0,1,1,0,0.0014839395789411865,-0.004031082519215259
1726,0.6,0.7625156299829902,0,1,1,0,-0.00034540130923122413,-0.005582142341333048
1727,0.6,0.7421106114853511,1,1,1,1,-0.0004758164179848446,-0.004822436466170718
1728,0.6,0.7635447623428445,1,1,1,1,-0.001199221696157326,-0.0023496812854033925
1729,0.6,0.75210624704155,1,0,1,1,-0.003677839898763187,-0.0012398242632799868
1730,0.6,0.7778433332611996,1,0,0,1,-0.009721363510811726,-0.001005211507765266
1731,0.6,0.7698091195112551,1,0,0,1,-0.012950415671070161,-0.00378058657930722
1732,0.6,0.7447605003492154,1,0,0,1,-0.013390347668631269,-0.004878155714861226
1733,0.6,0.7255078565049708,1,0,0,1,-0.012373969107839809,-0.005302326371818271
1734,0.6,0.7197909434592691,1,0,0,1,-0.01194644253558427,-0.006714405666366697
1735,0.6,0.6937502928692034,1,0,0,1,-0.012209656587954774,-0.008302687527110443
1736,0.6,0.6883437438770944,1,0,0,1,-0.01121721882501197,-0.010328246753720396
1737,0.6,0.6744318548252392,1,0,0,1,-0.008742774521474959,-0.012959815657574283
1738,0.6,0.6675106743568081,1,0,0,1,-0.004922599644081481,-0.015402719732302205
1739,0.6,0.6694854621031704,1,0,0,1,-0.0022121148098440883,-0.01885802765758667
1740,0.6,0.6753024396950769,1,0,0,1,-0.0009362967017119668,-0.023026435666061523
1741,0.6,0.6714309034118374,1,0,0,1,-0.0009397473504477759,-0.025713377034629028
1742,0.6,0.6679986044052472,1,0,0,1,-0.0015314546026089326,-0.02644937048258412
1743,0.6,0.6637728783373562,1,0,0,1,-0.0019655026452139674,-0.02552544671421729
1744,0.6,0.6818205866005623,1,0,0,1,-0.0002789874721618875,-0.02490390989932129
1745,0.6,0.6778816180752555,1,0,0,1,0.0019166594659636197,-0.023403292702051912
1746,0.6,0.6886161188637661,1,0,0,1,0.0055509704607166754,-0.020987293299514074
1747,0.6,0.7380050689734027,1,0,0,1,0.011793607339228865,-0.02168162648961946
1748,0.6,0.6999788505771636,1,0,1,1,0.016952658614843807,-0.02064201352005931
1749,0.6,0.7292691902788829,1,0,1,1,0.014753120446644183,-0.012891556108726677
1750,0.6,0.737344881973136,1,1,1,0,0.01230942567911492,-0.007432947080231769
1751,0.6,0.7830521210225845,0,1,1,0,0.011036972105476198,-0.006309953597319176
1752,0.6,0.7911106037765238,0,1,1,0,0.007624922152020001,-0.009235465038299282
1753,0.6,0.7624598621962089,0,1,1,0,0.0028769950462621736,-0.009986204848690476
1754,0.6,0.7439573628776445,0,1,1,0,-0.0005744428170734456,-0.00837259109616162
1755,0.6,0.7423373568236293,0,1,1,0,0.0012413595012613014,-0.007356134502935048
1756,0.6,0.7310446758546802,0,1,1,0,0.005158466056328786,-0.005866512259996645
1757,0.6,0.7190108136615834,0,1,1,0,0.007176824907934485,-0.005132121923906725
1758,0.6,0.712231345988958,0,1,1,0,0.007729689879765909,-0.005481999810683414
1759,0.6,0.6881214085684406,0,1,1,0,0.0074765017489983945,-0.006356925833649789
1760,0.6,0.6678533485957393,0,1,1,0,0.007231034427965915,-0.006383422121360734
1761,0.6,0.6531101753558953,0,1,1,0,0.0066339955446704235,-0.00784804159031753
1762,0.6,0.6204093168395705,0,1,1,0,0.005795631162703639,-0.008166880430952062
1763,0.6,0.6147420846872041,0,1,1,0,0.005627181555584419,-0.008274440972239054
1764,0.6,0.616330227573861,0,1,1,0,0.004119698593335322,-0.009019583929373005
1765,0.6,0.6061581486075076,0,1,1,0,0.00042630675522897907,-0.009242767570964283
1766,0.6,0.6204022195853818,0,1,1,0,-0.0028011812946589832,-0.008440375658847993
1767,0.6,0.6470916943111149,0,1,1,0,-0.005426617299948904,-0.009057691486303837
1768,0.6,0.6748566203856756,0,1,1,0,-0.007980058159056455,-0.010864074077386302
1769,0.6,0.6929277683121057,0,1,1,1,-0.010281221110916573,-0.012391884451996966
1770,0.6,0.7030210811813997,1,1,1,1,-0.01028319126708584,-0.010147431291191443
1771,0.6,0.6858406621656133,1,0,1,1,-0.011694735339883217,-0.0067743367514485715
1772,0.6,0.7311363928732401,1,0,1,1,-0.016678053522075544,-0.0033639612182660298
1773,0.6,0.6956799712798717,1,0,0,1,-0.023779788738086047,0.00038515044469743275
1774,0.6,0.7527960481004506,1,0,0,1,-0.02760124966217693,0.00018552423807085468
1775,0.6,0.7343147222545536,1,0,0,1,-0.028950617384110304,-0.004641931364962502
1776,0.6,0.7210575574555365,1,0,0,1,-0.026625192484286703,-0.0080086653260194
1777,0.6,0.7050460076236351,1,0,0,1,-0.02329256407298855,-0.011811846256090892
1778,0.6,0.6917866726852797,1,0,0,1,-0.01873510553653181,-0.015050601105632708
1779,0.6,0.6748254427409699,1,0,0,1,-0.013940263873785056,-0.01826963858973949
1780,0.6,0.6569392418084179,1,0,0,1,-0.011030133699171312,-0.01888255702636477
1781,0.6,0.6772867928156532,1,0,0,1,-0.00959468356152267,-0.02016675837853276
1782,0.6,0.6940151953479713,1,0,0,1,-0.00798604435960951,-0.024098504815593776
1783,0.6,0.6929168779831368,1,0,0,1,-0.005591126536256483,-0.026833880719010998
1784,0.6,0.6828973011716839,1,0,0,1,-0.0028477108533744694,-0.025147473728997706
1785,0.6,0.6805044731187824,1,0,0,1,-0.0009683258713029432,-0.021123337816058643
1786,0.6,0.6729748153961345,1,0,0,1,-0.0002864813719355551,-0.017994874738837565
1787,0.6,0.6656525989029536,1,0,0,1,-0.00037523644718428004,-0.014488371215793968
1788,0.6,0.6821919200505835,1,0,0,1,-0.002035822380720946,-0.011165981906035957
1789,0.6,0.7084868226772391,1,0,0,1,-0.0013869940735947487,-0.010752788266799996
1790,0.6,0.7317157865418661,1,0,0,1,0.00262365267303852,-0.01154219037736078
1791,0.6,0.7678932879029644,1,0,1,1,0.008550510253490963,-0.013114859203116079
1792,0.6,0.7175732240921016,1,1,1,1,0.009830654110051736,-0.008455478900243762
1793,0.6,0.7642797796419687,0,1,1,0,0.01047055277333624,-0.0060252095847714736
1794,0.6,0.7721397822695273,0,1,1,0,0.00993988061238595,-0.008973842230467375
1795,0.6,0.7649912913894618,0,1,1,0,0.008124593247006234,-0.011913870081531648
1796,0.6,0.7352406616314782,0,1,1,0,0.005046252630959062,-0.011672954930658007
1797,0.6,0.729023970896188,0,1,1,0,0.004557643449202358,-0.009702508195161719
1798,0.6,0.7111881298185799,0,1,1,0,0.007352153396758966,-0.006931641893128782
1799,0.6,0.7073230735497263,0,1,1,0,0.010283177389719941,-0.005062281919820005
1800,0.6,0.7044119127914583,0,1,1,0,0.013114708179797915,-0.004894052444834771
1801,0.6,0.6889374155576862,0,1,1,0,0.01524123706569252,-0.005310948424660013
1802,0.6,0.6819415497258297,0,1,1,0,0.01627316986106695,-0.006239083001656402
1803,0.6,0.6727398991462183,0,1,1,0,0.01592096121214735,-0.008504464084472793
1804,0.6,0.6466925871173597,0,1,1,0,0.014523446277863056,-0.008914364033846522
1805,0.6,0.6510952021743145,0,1,1,0,0.012823895997253849,-0.009663002581322664
1806,0.6,0.6447264052192536,0,1,1,0,0.009367822699151724,-0.010651338347337905
1807,0.6,0.6439755635675887,0,1,1,0,0.0043997365286219114,-0.010325360337480018
1808,0.6,0.6489025299843543,0,1,1,0,0.0004941659390045906,-0.009083882383164406
1809,0.6,0.6355346948969105,1,1,1,0,-0.003641453953341349,-0.008215622022632211
1810,0.6,0.6141155474573122,1,1,1,0,-0.013955435613421562,-0.012697692580133573
1811,0.6,0.5987509363293102,1,1,1,0,-0.024381256264817727,-0.017777592345487814
1812,0.6,0.5551930397266637,1,1,1,1,-0.03075212341290984,-0.01891395394065168
1813,0.6,0.5951543298847428,1,1,1,1,-0.033929583757258595,-0.01928459804452215
1814,0.6,0.5661189838079014,1,0,1,1,-0.03362420218256078,-0.019176207579646803
1815,0.6,0.6150054093702833,0,0,1,1,-0.035454511378842694,-0.016870153465071647
1816,0.6,0.6387269041717805,1,0,1,1,-0.0429176278655368,-0.01564231824724426
1817,0.6,0.6688216979777566,1,0,0,1,-0.05122126880124843,-0.0154565617329883
1818,0.6,0.6773391608387275,1,0,0,1,-0.05480557663152366,-0.017866892680731036
1819,0.6,0.6650729501448169,1,0,0,1,-0.05399588806939704,-0.019395769858418403
1820,0.6,0.6520160250529989,1,0,0,1,-0.04989619867797421,-0.020092142352769387
1821,0.6,0.6543970434303755,1,0,0,1,-0.04564249764101858,-0.02103989526239187
1822,0.6,0.6601564875007032,1,0,0,1,-0.04249694481872147,-0.021543244686918667
1823,0.6,0.6627929224153503,1,0,0,1,-0.03812530590314021,-0.021596350297661913
1824,0.6,0.6476083077428675,1,0,0,1,-0.03472186952792683,-0.019096664425028605
1825,0.6,0.6674334574476399,1,0,0,1,-0.034625554128174016,-0.014548203423828428
1826,0.6,0.6736347938650545,1,0,0,1,-0.03586725048927795,-0.009950407300985434
1827,0.6,0.7004168226454522,1,0,0,1,-0.03880840132817924,-0.004763262184917914
1828,0.6,0.7242244393426059,1,0,0,1,-0.042367746648871295,-0.00029813163163324883
1829,0.6,0.7304664080888359,1,0,0,1,-0.045532226584507146,0.006030685121382193
1830,0.6,0.757798078770716,1,0,0,1,-0.04841565358514653,0.012516599092425579
1831,0.6,0.712069080823278,1,1,0,1,-0.04328011403197397,0.014412065330900066
1832,0.6,0.6900252725494,1,1,0,1,-0.028725539548855792,0.008149510496600664
1833,0.6,0.687546957251143,1,0,0,1,-0.012382169928159343,0.0008365656293524902
1834,0.6,0.6062201545936975,1,0,0,1,0.004364549348608204,0.0032186159493483722
1835,0.6,0.56554719100421,1,1,1,0,0.018013011169838094,0.014290399069928468
1836,0.6,0.5317714428907084,1,1,1,0,0.029364555090899705,0.02449902433406248
1837,0.6,0.4323508660366558,0,1,1,0,0.04059950167673032,0.032902600921175494
1838,0.6,0.449615739210889,0,1,1,0,0.05544988961674864,0.039816837416300245
1839,0.6,0.42745359165618535,0,1,1,0,0.07147164554546964,0.04224470538170502
1840,0.6,0.4629852894880293,0,1,1,0,0.08412805664125195,0.041431327174066376
1841,0.6,0.4839076666617553,0,1,1,0,0.09449672456612387,0.03842595439167928
1842,0.6,0.503944198333401,0,1,1,0,0.10063303076081227,0.036296059727625445
1843,0.6,0.5095020409589428,0,1,1,0,0.10328118338861901,0.036585065185059405
1844,0.6,0.5447788060362663,0,1,1,0,0.10548934379752181,0.038747457990585904
1845,0.6,0.5483297494838775,0,1,1,0,0.10758904566186539,0.04257295413357907
1846,0.6,0.5897726896358675,0,1,1,0,0.10822190544161481,0.04632430549623829
1847,0.6,0.6350614298163382,0,1,1,0,0.1074136305435712,0.047078084747475595
1848,0.6,0.6526553950233368,0,1,1,0,0.10612156605298902,0.04866126520113753
1849,0.6,0.6982583608332849,0,1,1,0,0.10365087323582677,0.05064800325839324
1850,0.6,0.7185216269789326,0,1,1,0,0.10093059582275826,0.053851514239223255
1851,0.6,0.7098761976828806,1,1,1,0,0.09605989790362443,0.05749762304239722
1852,0.6,0.6261800111587674,1,1,1,0,0.07908941618500177,0.0556409390167665
1853,0.6,0.5485725356448747,1,1,1,0,0.060951770575422,0.051868179800123745
1854,0.6,0.48022336694924667,1,0,1,0,0.04598115558029908,0.041685472163124265
1855,0.6,0.4648333822519401,1,0,1,0,0.030468211829008822,0.022984470643311637
1856,0.6,0.466317700978677,1,0,1,0,0.01586905482781677,-0.001505452225926359
1857,0.6,0.4622008694209179,1,0,1,0,0.0052198483600704865,-0.025476290291291448
1858,0.6,0.47011218842548597,1,0,1,0,-0.0011771355526550037,-0.04667718803782276
1859,0.6,0.4634106206862178,1,0,0,1,-0.0034934088160144686,-0.06795006916361775
1860,0.6,0.44338673081472335,0,0,0,1,-0.006099661800125175,-0.08651302292700068
1861,0.6,0.46127850856041314,0,0,0,1,-0.008146840779671292,-0.1035603966200605
1862,0.6,0.4597171545305424,0,0,0,1,-0.008373517960571529,-0.11960637620466968
1863,0.6,0.42956245226885925,0,0,0,1,-0.006826840407571508,-0.13031494728770535
1864,0.6,0.3907529218714842,0,0,0,1,-0.00632271630655435,-0.13257946823698658
1865,0.6,0.3981652831859772,0,0,0,1,-0.009286307811715603,-0.12994228014487078
1866,0.6,0.4061917955179043,0,0,0,1,-0.014047699075333438,-0.12552926142035561
1867,0.6,0.39037628456823914,0,0,0,1,-0.019047441898766334,-0.11902452525797004
1868,0.6,0.38342851136405065,0,0,0,1,-0.024621215542103666,-0.1104310583028963
1869,0.6,0.41539696780825164,0,0,0,1,-0.03147572038077645,-0.1014597770869121
1870,0.6,0.4152846506682141,0,0,0,1,-0.04018731519412209,-0.0910385618309503
1871,0.6,0.42608322455031505,0,0,0,1,-0.052843343104311505,-0.07715699963415813
1872,0.6,0.5237748225687893,1,0,0,1,-0.06371585620945017,-0.06715963810309902
1873,0.6,0.5226691836080999,1,1,0,1,-0.06956679691408223,-0.06164258671066946
1874,0.6,0.609763272282613,0,1,0,1,-0.06269397853812073,-0.0615144751455397
1875,0.6,0.6168523838674908,0,1,1,1,-0.051684227259762835,-0.06513318443779491
1876,0.6,0.6088287331463889,0,1,1,1,-0.044471836578222415,-0.06633281507401471
1877,0.6,0.5913334336565403,0,1,1,1,-0.04089768778129502,-0.06543980337591661
1878,0.6,0.5861007323165701,0,1,1,0,-0.04262738055257231,-0.06849523144336173
1879,0.6,0.5507984468967769,0,1,1,0,-0.04796044711124069,-0.07730354727558136
1880,0.6,0.5387055120325407,0,1,1,0,-0.05423743665706778,-0.0898697878140302
1881,0.6,0.48797301346261385,0,1,1,0,-0.058962364913616894,-0.10158988827826933
1882,0.6,0.4238143759423878,0,1,1,0,-0.06130365206271773,-0.10786590978860831
1883,0.6,0.4120052578834345,0,1,1,0,-0.05902497907309843,-0.11095601808787854
1884,0.6,0.3962946368263293,0,1,1,0,-0.05314471269912427,-0.11320584046118304
1885,0.6,0.3898913297049788,0,1,1,0,-0.04707460044897005,-0.11467842059032343
1886,0.6,0.37008744938605137,0,1,1,0,-0.04322176683066195,-0.1134183808843961
1887,0.6,0.392259744231376,0,1,1,0,-0.04034000014283331,-0.11314446359347313
1888,0.6,0.388812175080492,0,1,1,0,-0.0383907001955437,-0.11437574752652405
1889,0.6,0.4213084890955703,0,1,1,0,-0.03919307524525046,-0.11629980505827985
1890,0.6,0.4386322971035368,0,1,1,0,-0.041414825067409795,-0.11966586167778266
1891,0.6,0.4679489555567633,0,1,1,0,-0.04409395199705475,-0.12247012205248552
1892,0.6,0.4165450370347355,0,1,1,1,-0.04344191273705916,-0.12151805995782915
1893,0.6,0.46419922525589696,0,0,1,1,-0.04157330646323773,-0.11144368165119037
1894,0.6,0.45670807987814654,0,0,1,1,-0.04617843592364023,-0.10030406169499252
1895,0.6,0.5236498224811637,0,0,1,1,-0.05136696969455619,-0.08876369182935169
1896,0.6,0.5240960281993381,0,0,1,1,-0.05539417886814112,-0.07755341235051111
1897,0.6,0.5706741075582542,1,0,0,1,-0.053150537124838006,-0.06796505612376534
1898,0.6,0.5474381140426502,1,0,0,1,-0.04465395644454657,-0.06278675145731498
1899,0.6,0.536816546936467,1,0,0,1,-0.029512953820036256,-0.05832132103808087
1900,0.6,0.5067209243499207,1,0,0,1,-0.0125554097366313,-0.05587700771604767
1901,0.6,0.47468445777082297,1,0,0,1,-5.998359385097214e-05,-0.053987520867499916
1902,0.6,0.45924838280107794,1,0,0,1,0.005544492741263962,-0.052011595091588154
1903,0.6,0.47897988972605143,1,0,0,1,0.006490463822798653,-0.051370430868192346
1904,0.6,0.49964275975901196,1,0,0,1,0.0055766256343859335,-0.05301236699593097
1905,0.6,0.5269315334883773,1,0,0,1,0.006816213268388286,-0.05583355038865328
1906,0.6,0.5362705223705777,1,0,0,1,0.00949367864363653,-0.0582178243350604
1907,0.6,0.5381643209574721,1,0,0,1,0.01309678518884767,-0.05824032543231254
1908,0.6,0.532191440350792,1,0,0,1,0.01742469651992793,-0.05642093763842007
1909,0.6,0.542609643416011,1,0,0,1,0.0238044430935211,-0.055351091369868995
1910,0.6,0.5557806160185791,1,0,0,1,0.033116623323919896,-0.05701152071243403
1911,0.6,0.5936959535176531,1,0,0,1,0.0466674168552614,-0.06255717198387108
1912,0.6,0.5257686227340919,1,0,1,1,0.05495108741113859,-0.06303295269432661
1913,0.6,0.5410812481262424,1,0,1,1,0.057731150437130535,-0.05485343766239203
1914,0.6,0.5762926106599551,1,0,1,1,0.06201689882471253,-0.05043159227797824
1915,0.6,0.6192254671860574,1,0,1,1,0.06524810114925217,-0.04902630532238068
1916,0.6,0.6498470634395788,1,0,1,1,0.0674389189341148,-0.04835159702002673
1917,0.6,0.6337671904515172,0,0,1,1,0.06980238004118983,-0.043205788821951994
1918,0.6,0.6888498034299482,0,0,1,1,0.07071096901407882,-0.034501512942739315
1919,0.6,0.6826502467992898,0,0,1,1,0.07181015422839,-0.024015533964810477
1920,0.6,0.707807728639821,0,0,1,0,0.06981856293177062,-0.012101086196482671
1921,0.6,0.7111268345755005,0,1,1,0,0.06532017647679163,-0.0007315205151462501
1922,0.6,0.6817098769251534,0,1,1,0,0.06140539620889463,0.008322179048243446
1923,0.6,0.7026975622448829,0,1,1,0,0.05877142930586601,0.010783858120698481
1924,0.6,0.6899804203622605,0,1,1,0,0.05906906407888342,0.00944685629460968
1925,0.6,0.6932708296425638,0,1,1,0,0.06026867055412694,0.008333533044982711
1926,0.6,0.6929995806914351,0,1,1,0,0.061411016689238096,0.009018635077458585
1927,0.6,0.7186854976107979,0,1,1,0,0.061676955714966675,0.011495850044967797
1928,0.6,0.7450922203114378,0,1,1,0,0.06338723571860172,0.01505514037807786
1929,0.6,0.7920824710083458,0,1,1,0,0.06550126136924403,0.018102035415337392
1930,0.6,0.8178782654821711,0,1,1,0,0.06704249405022153,0.020964966062060077
1931,0.6,0.8595975976404129,0,1,1,0,0.06645626397512966,0.024232195556735458
1932,0.6,0.8893264565432838,0,1,1,0,0.06566552847324171,0.027535207898941705
1933,0.6,0.9278940218446312,0,1,1,0,0.063704595138857,0.031454521097198436
1934,0.6,0.962055674832836,1,0,1,0,0.06097487098321652,0.03789885248062266
1935,0.6,0.9588553170579902,1,0,1,0,0.048591162871067795,0.04082623467628185
1936,0.6,0.9603652033703526,1,0,1,0,0.030108719987298457,0.037211896374426054
1937,0.6,0.9752774710769757,1,0,1,0,0.010609599120730201,0.02992073856587776
1938,0.6,0.9337659657739786,1,0,0,1,-0.006117769027823396,0.018747364668891674
1939,0.6,0.8632491649144752,1,0,0,1,-0.010967465177124993,0.010019862888626935
1940,0.6,0.8530543066602169,1,0,0,1,-0.012667835392816143,0.0028040461812043247
1941,0.6,0.8237234185797379,1,0,0,1,-0.014089751137721257,-0.003905316225910715
1942,0.6,0.7879419016488834,1,0,0,1,-0.015090863646013745,-0.00888643384449416
1943,0.6,0.7588003625804348,1,0,0,1,-0.017531558197359683,-0.011369943057283685
1944,0.6,0.7450712919555242,1,0,0,1,-0.021700729735855885,-0.011257265944803198
1945,0.6,0.7544340640426965,1,0,0,1,-0.02582432208212406,-0.010287680718769423
1946,0.6,0.7459272884465498,1,0,0,1,-0.02747802784705704,-0.008811326723947955
1947,0.6,0.7759882054168005,1,0,0,1,-0.029462320986742417,-0.006823778819835083
1948,0.6,0.7727249487044002,1,0,0,1,-0.03182017850495322,-0.003967595449532342
1949,0.6,0.7839827762065285,1,0,0,1,-0.03425147867690037,0.0006134378601189152
1950,0.6,0.8102367938180826,1,0,0,1,-0.03787054491781688,0.006038899016696968
1951,0.6,0.8660206477178007,1,0,0,1,-0.039058833268353105,0.007600038988320065
1952,0.6,0.8716885369966242,1,0,0,1,-0.03890966756833086,0.010411811177076822
1953,0.6,0.8711503860019517,1,1,0,1,-0.03561357830584467,0.014677424442852203
1954,0.6,0.9341193033989309,1,1,0,1,-0.028132536477708026,0.010695374670646676
1955,0.6,0.9368634192212449,1,1,1,1,-0.01962908918756012,0.0043577981387233665
1956,0.6,0.9670666659429118,0,1,1,1,-0.012532290397819498,0.0012466942950564346
1957,0.6,0.8841269873581997,0,1,1,0,-0.007358709816366257,-5.584562208492659e-05
1958,0.6,0.8926528972513654,0,1,1,0,-0.0033943067370428366,-0.0014706211120157665
1959,0.6,0.8336638717333811,0,1,1,0,-0.002381791431976438,-0.004838019841274792
1960,0.6,0.8112525952575367,0,1,1,0,-0.0037706825580617136,-0.007049475096305617
1961,0.6,0.7986804872601078,0,1,1,0,-0.0030307253116990834,-0.010287127076774987
1962,0.6,0.7824132961921422,0,1,1,0,-0.001578377015162281,-0.01447710465644546
1963,0.6,0.7683028882682181,0,1,1,0,0.0005150107953297607,-0.017587466724789905
1964,0.6,0.7568367230813486,0,1,1,0,0.0015713855555329933,-0.01949281604615887
1965,0.6,0.7519705235378495,0,1,1,0,0.0005381499997597607,-0.020840605315035985
1966,0.6,0.7432332666837717,0,1,1,0,-0.0014994833222881584,-0.020695839687612936
1967,0.6,0.7527777472320336,0,1,1,0,-0.004054153048804392,-0.020400297303200962
1968,0.6,0.758462109300711,0,1,1,0,-0.0065236494777430876,-0.020147702526436603
1969,0.6,0.7752220603970458,0,1,1,0,-0.008638763563005445,-0.02029706205068129
1970,0.6,0.7955979170687322,0,1,1,0,-0.01037990500360193,-0.02050119772340352
1971,0.6,0.8315537920708926,0,1,1,0,-0.010336251251867906,-0.019446626657787878
1972,0.6,0.8686824917639129,0,1,1,0,-0.011034972271721578,-0.017597729256378043
1973,0.6,0.8976556537212779,0,1,1,0,-0.013079147787668855,-0.01411751358347641
1974,0.6,0.9011483632381605,0,1,1,1,-0.015265248035704091,-0.007343241841483976
1975,0.6,0.885918710766286,0,0,1,1,-0.017574414113476627,0.008184048161364038
1976,0.6,0.9445407195388215,0,0,0,1,-0.01858873792271297,0.02002403660483727
1977,0.6,0.9306502111427546,1,0,0,1,-0.01529010680647056,0.029140367309418356
1978,0.6,0.8877661868349537,1,0,0,1,-0.011204867955515172,0.04248233384083598
1979,0.6,0.8510377616267,1,0,0,1,-0.00934324268643212,0.05488435502592611
1980,0.6,0.8432242619278703,1,0,0,1,-0.00995561538221027,0.06359079250218781
1981,0.6,0.8434126933252614,1,0,0,1,-0.01247464550357942,0.06756192351783234
1982,0.6,0.8513073588489055,1,0,0,1,-0.01649450783942383,0.06896525069838412
1983,0.6,0.8682561363787135,1,0,0,1,-0.019884440433970106,0.06827822212486451
1984,0.6,0.8714964737062172,1,0,0,1,-0.019396051359415387,0.06736107718224951
1985,0.6,0.8750083318056174,1,0,0,1,-0.017526387533190305,0.06691463959766164
1986,0.6,0.8757900636885606,1,0,0,1,-0.01625297749069517,0.06748996063428593
1987,0.6,0.8772067312850654,1,0,0,1,-0.014416907557696179,0.06961557808843152
1988,0.6,0.8673206285312539,1,0,0,1,-0.012814362265105043,0.07369658804910766
1989,0.6,0.8881844708539239,1,0,0,1,-0.010760650733192807,0.07719011256651515
1990,0.6,0.8615449564324288,1,1,0,1,-0.004948643177708378,0.07723776095909861
1991,0.6,0.870334875421642,1,1,0,1,0.008351336699991121,0.06860086467929925
1992,0.6,0.8434826266305031,1,1,1,1,0.01925562920580858,0.05720162656761371
1993,0.6,0.8239449462072405,1,1,1,1,0.022886829994835524,0.053044416560930834
1994,0.6,0.8506417206785057,0,1,1,1,0.02706852075011415,0.04816580037621388
1995,0.6,0.811941003609344,0,1,1,1,0.032321663681618394,0.044308165756416766
1996,0.6,0.8068508005805182,0,1,1,0,0.035810956847207864,0.042201958680648084
1997,0.6,0.8159251332223254,0,1,1,0,0.037529567162711754,0.03830087991547687
1998,0.6,0.8210675660767708,0,1,1,0,0.037629427627477785,0.032951781392183556
1999,0.6,0.8061527565072801,0,1,1,0,0.03657447136604034,0.027674443357497518
2000,0.6,0.8022592682518832,0,1,1,0,0.0357582441055859,0.024046577619567557
2001,0.6,0.7961330876574381,0,1,1,0,0.036183717334417304,0.0234190722933198
2002,0.6,0.7990674331078585,0,1,1,0,0.03615206340063388,0.025139798456752457
2003,0.6,0.8018460206659505,0,1,1,0,0.0363854457854021,0.02822378030923736
2004,0.6,0.8116609425413445,0,1,1,0,0.035578623845460726,0.032034389495145754
2005,0.6,0.8143344433036465,0,1,1,0,0.035193869247619046,0.03670551552017624
2006,0.6,0.8250138801794908,0,1,1,0,0.03596865836138673,0.04086631365384183
2007,0.6,0.8117770665400325,0,1,1,0,0.03820340916771155,0.0445305560565126
2008,0.6,0.8254168591702072,0,1,1,0,0.04159323191660221,0.0465728506568738
2009,0.6,0.8407824807383975,0,1,1,0,0.04544861170373421,0.047041399240822665
2010,0.6,0.8790063248915287,0,1,1,0,0.05018381653862735,0.048177652182627186
2011,0.6,0.9097029844203414,0,1,1,0,0.052300963113725535,0.050348493005278556
2012,0.6,0.8972561043014431,1,0,1,0,0.047808348395283945,0.05629882798035519
2013,0.6,0.9027949690075888,1,0,1,1,0.0372103159284996,0.058672959327124886
2014,0.6,0.8254845207659366,1,0,0,1,0.03493481943459629,0.061826914972035026
2015,0.6,0.7988990856757547,1,0,0,1,0.03590989852275356,0.062303638003062815
2016,0.6,0.7662516592154072,1,0,0,1,0.03783759066678106,0.05748539390672935
2017,0.6,0.7488270512118061,1,0,0,1,0.040944156831088686,0.04861967397524071
2018,0.6,0.7237161248154598,1,0,0,1,0.043659130161339016,0.03713316799633854
2019,0.6,0.7052525316809458,1,0,0,1,0.045305169457075245,0.02676729126955784
2020,0.6,0.7082155373205798,1,0,0,1,0.047252885754943796,0.016324379867818883
2021,0.6,0.6938624451044589,1,0,0,1,0.05218494067570936,0.006699657414304023
2022,0.6,0.6769421773476879,1,0,0,1,0.057460354780066815,5.8910229505308065e-05
2023,0.6,0.6837103195607019,1,0,0,1,0.06184130287795396,-0.004033716234805826
2024,0.6,0.684107421534524,1,0,0,1,0.06530608534878511,-0.0073632665481156035
2025,0.6,0.6856403851962992,1,0,0,1,0.06880211160677781,-0.00963253836282007
2026,0.6,0.6751334646511047,1,0,0,1,0.0710964040526953,-0.009208520396490703
2027,0.6,0.6679628632600763,1,0,0,1,0.07335728304093848,-0.007563450647390525
2028,0.6,0.6589762731273928,1,0,0,1,0.07488591282232512,-0.004972664756350768
2029,0.6,0.7176224697500418,1,0,0,1,0.07958557458363893,-0.007227886524429551
2030,0.6,0.6948003494219946,1,0,0,1,0.08520396739608199,-0.009340672773648803
2031,0.6,0.7271422160116551,1,0,0,1,0.09209449597767456,-0.01067805834860265
2032,0.6,0.6685668592415261,1,0,1,1,0.09595421796369892,-0.00826775311757982
2033,0.6,0.714954114279561,1,0,1,1,0.09693007338577794,-0.0023490381196980296
2034,0.6,0.7014342646437414,0,0,1,1,0.09761081405674403,0.0011303849522731487
2035,0.6,0.7440211217977009,0,0,1,0,0.09480806879647524,0.0040779556680083946
2036,0.6,0.7309214194050521,0,1,1,0,0.09045254566993739,0.006436225456594874
2037,0.6,0.7409316814449436,0,1,1,0,0.08721305874382262,0.009678939379886647
2038,0.6,0.7437144877869256,0,1,1,0,0.0852687103313543,0.012795189784017296
2039,0.6,0.7444832347014317,0,1,1,0,0.08722614786988739,0.01601396504543293
2040,0.6,0.7469978338788972,0,1,1,0,0.09181295053554142,0.020007213340533625
2041,0.6,0.7527075806703846,0,1,1,0,0.09523785723008445,0.023411689021875258
2042,0.6,0.752738152188855,0,1,1,0,0.09747365492259971,0.026392775263931027
2043,0.6,0.7739248733910316,0,1,1,0,0.09833091120906638,0.028516719860370972
2044,0.6,0.7759550254056717,0,1,1,0,0.09812195575517799,0.03127954475961412
2045,0.6,0.8003122132902598,0,1,1,0,0.09695116621782121,0.034980959810781406
2046,0.6,0.8203009022892979,0,1,1,0,0.09501949676875149,0.0370257781764734
2047,0.6,0.8457166048944187,0,1,1,0,0.09158735822240173,0.03850197967631386
2048,0.6,0.8743874207519942,0,1,1,0,0.0878336544194952,0.039149177491500944
2049,0.6,0.8996210484805474,0,1,1,0,0.08482510799526577,0.04055842889850794
2050,0.6,0.8466668160748941,1,1,1,0,0.0758407757834007,0.03988385237263501
2051,0.6,0.8150557881309094,1,1,1,0,0.062372303061643763,0.03333744230290872
2052,0.6,0.8037097618564445,1,1,1,1,0.0475672338355088,0.025514660039670962
2053,0.6,0.735885864740548,1,1,1,1,0.03726405516577422,0.022935629284975743
2054,0.6,0.7005310763817139,1,0,0,1,0.031025920420768637,0.024103913976603004
2055,0.6,0.6806376411268769,1,0,0,1,0.024805575382073813,0.025186334255975752
2056,0.6,0.6906218291824607,1,0,0,1,0.019678189760777058,0.02380082717202929
2057,0.6,0.6803664331519238,1,0,0,1,0.014157135902752459,0.018322298128789175
2058,0.6,0.665432205135537,1,0,0,1,0.010528170169703643,0.012257884077388693
2059,0.6,0.6755996222569439,1,0,0,1,0.007640652833844778,0.006609162530196209
2060,0.6,0.6641816847846738,1,0,0,1,0.0055262453760602384,0.0024615325805686385
2061,0.6,0.6650136779208369,1,0,0,1,0.0062736421621046035,-0.0013199307369380691
2062,0.6,0.6556740498674002,1,0,0,1,0.007112175948761057,-0.0036427783974854813
2063,0.6,0.6615212705503315,1,0,0,1,0.00753951738265003,-0.004650278998828058
2064,0.6,0.6509584332427064,1,0,0,1,0.009543956351357562,-0.003906767675945752
2065,0.6,0.6583780208425292,1,0,0,1,0.0090030660781353,-0.0009522306199852189
2066,0.6,0.6702555937937354,1,0,0,1,0.0058566338238084156,0.002554212126778038
2067,0.6,0.6707541903038037,1,0,0,1,0.0006844215350602475,0.007708165099948673
2068,0.6,0.6942606282153176,1,0,0,1,-0.0046896758082325945,0.01373117810299218
2069,0.6,0.7075554712569088,1,0,0,1,-0.009014238345141841,0.019372486036797407
2070,0.6,0.7349039336266359,1,0,0,1,-0.012749930326878744,0.025342239366297776
2071,0.6,0.7633423881421482,1,0,0,1,-0.016342024958318584,0.031474565931252335
2072,0.6,0.8180685081626465,1,0,0,1,-0.016181895917057258,0.034898043737669984
2073,0.6,0.7997522513781387,1,1,0,1,-0.0074350544411597615,0.03372361627368782
2074,0.6,0.8526350540814701,1,1,0,1,0.001990215913219038,0.028434739894001436
2075,0.6,0.8724346340297435,0,1,0,1,0.012462363677085917,0.023451509930922744
2076,0.6,0.8368933075780701,0,1,1,0,0.019879708169051102,0.019201557473017147
2077,0.6,0.8260194423877727,0,1,1,0,0.023392206517657124,0.016739079328924367
2078,0.6,0.8192301046532224,0,1,1,0,0.026192626245600682,0.013502005631106201
2079,0.6,0.7931864926522096,0,1,1,0,0.028534515608788506,0.010511488214052504
2080,0.6,0.777089164965598,0,1,1,0,0.030262828557419037,0.008209931441809419
2081,0.6,0.7595670477258609,0,1,1,0,0.0319348896693206,0.007400556663088473
2082,0.6,0.7447557196109147,0,1,1,0,0.033670495060691925,0.007774326601750385
2083,0.6,0.726689320147047,0,1,1,0,0.03525820229498604,0.00877531448806511
2084,0.6,0.7141904582226463,0,1,1,0,0.037461541578787054,0.010519842210141376
2085,0.6,0.7115036877922711,0,1,1,0,0.0407835068323457,0.012963114704673524
2086,0.6,0.723799303312766,0,1,1,0,0.042724955255374404,0.014651950191469003
2087,0.6,0.7281989631218957,0,1,1,0,0.04360882276872149,0.016682156212481977
2088,0.6,0.7273128351969835,0,1,1,0,0.0447977156485638,0.020308163821849905
2089,0.6,0.763038863639854,0,1,1,0,0.04668010928511909,0.023970006060157735
2090,0.6,0.80226749841859,0,1,1,0,0.05006368305203558,0.027301445617945515
2091,0.6,0.8004606350885429,1,1,1,0,0.04818116121879853,0.02855460198119599
2092,0.6,0.7848234303314501,1,1,1,0,0.039898558440453556,0.02600306357553671
2093,0.6,0.8074051534701269,1,1,1,0,0.03271595570927851,0.022799231113647567
2094,0.6,0.8060520200376967,1,0,1,0,0.023974520429315815,0.017912759755432096
2095,0.6,0.8044346708203985,1,0,1,1,0.011748252972666937,0.013247003535567398
2096,0.6,0.793246941265861,1,0,1,1,0.0037458030019766387,0.011414151763671028
2097,0.6,0.8038140082568486,1,0,0,1,-0.0010525583155478696,0.00872778723649343
2098,0.6,0.7979837378538721,1,0,0,1,-0.0032817220937097014,0.0018583289493770694
2099,0.6,0.7912927931606917,1,0,0,1,-0.003681508447617383,-0.00659105213537385
2100,0.6,0.7735387196550426,1,0,0,1,-0.0037360440606544363,-0.014754425837148576
2101,0.6,0.7552196625360125,1,0,0,1,-0.0028792869550009225,-0.020976356900380903
2102,0.6,0.7435235602320881,1,0,0,1,-0.0004101277536037582,-0.02555066552671147
2103,0.6,0.7222883972003478,1,0,0,1,0.0023335104944422827,-0.028547685264790817
2104,0.6,0.6997067568499712,1,0,0,1,0.002704849276274168,-0.02699802385743712
2105,0.6,0.7284436138688594,1,0,0,1,-0.0001967797729238261,-0.023672081723040615
2106,0.6,0.708153853416933,1,0,0,1,-0.0015369801715019082,-0.020137264068629174
2107,0.6,0.7251113245016524,1,0,0,1,-0.0025981050393613387,-0.01669464666340784
2108,0.6,0.7225224673616358,1,0,0,1,-0.007703424323598626,-0.011558291746382407
2109,0.6,0.7580804000983073,1,0,0,1,-0.01270793374302364,-0.006639427230044478
2110,0.6,0.755459339211653,1,0,0,1,-0.016825417156974665,-0.0012996387464621812
2111,0.6,0.7852950019133221,1,0,0,1,-0.02138208613208284,0.005773742000738821
2112,0.6,0.8209662218019529,1,0,0,1,-0.02432364047258289,0.011380389091079962
2113,0.6,0.8003310182973866,1,1,0,1,-0.01888318412655082,0.013718434932262024
2114,0.6,0.861026028711116,0,1,0,1,-0.005627523899417433,0.009398851542724967
2115,0.6,0.8469720546342564,0,1,1,1,0.00883942552545561,0.005905939263360005
2116,0.6,0.8149572840476618,0,1,1,0,0.010344829565237417,0.007200661675733347
2117,0.6,0.8269533236355346,0,1,1,0,0.00962018938086665,0.005874709871848839
2118,0.6,0.8091763915868528,0,1,1,0,0.007563174763178164,0.0021415859775381174
2119,0.6,0.7917911044860171,0,1,1,0,0.0037096202919791985,-0.002531646564894431
2120,0.6,0.7591915580178445,0,1,1,0,0.0016958552030473851,-0.0063466264732076495
2121,0.6,0.7367919993814943,0,1,1,0,0.0028095534337228526,-0.007697386816451964
2122,0.6,0.7117924588921432,0,1,1,0,0.00529194766658709,-0.0077848370479179085
2123,0.6,0.6989591410768298,0,1,1,0,0.008703946897668145,-0.00675845618852212
2124,0.6,0.6882995473288425,0,1,1,0,0.012054328776210432,-0.006175084455837858
2125,0.6,0.6610667374522599,0,1,1,0,0.014940483609190437,-0.0030983404177090217
2126,0.6,0.6645927349672603,0,1,1,0,0.01773039360239876,0.0004338147580787195
2127,0.6,0.6708022083385855,0,1,1,0,0.019188072894495613,0.0035151810011380606
2128,0.6,0.6772298419590354,0,1,1,0,0.018917733372516198,0.005451251929738671
2129,0.6,0.6938077317092002,0,1,1,0,0.017795000508692108,0.006897361768937137
2130,0.6,0.7277634254995247,0,1,1,0,0.01802061795733517,0.007958174501671812
2131,0.6,0.7611638755927638,0,1,1,0,0.01752354747996867,0.008429974831612846
2132,0.6,0.755526361092182,1,1,1,0,0.01331256898545813,0.008453752138560458
2133,0.6,0.7721645804422771,1,1,1,0,0.00674877585545014,0.005799249878398053
2134,0.6,0.7375421563648862,1,1,1,1,0.001159433649962103,0.004221838216657644
2135,0.6,0.6900956668489465,1,0,1,1,-0.0030966054848913438,0.00941642370821605
2136,0.6,0.7360985907774226,1,0,1,1,-0.011418749417668222,0.012252863651268903
2137,0.6,0.7588781448442543,1,0,1,1,-0.021166561434865765,0.010232591825422136
2138,0.6,0.7615079052320827,1,0,0,1,-0.026336100590349715,0.006572704001006134
2139,0.6,0.7441356212012471,1,0,0,1,-0.02532211472553776,0.001015665902364614
2140,0.6,0.7304497690962811,1,0,0,1,-0.02097531354474981,-0.004895597370764839
2141,0.6,0.716243320992332,1,0,0,1,-0.016310929743949047,-0.01108825835352739
2142,0.6,0.7001088849082676,1,0,0,1,-0.012442951810785623,-0.017066822867868127
2143,0.6,0.6785073032842226,1,0,0,1,-0.010111719652180001,-0.02064267291996646
2144,0.6,0.6715571986103095,1,0,0,1,-0.008450881538404112,-0.02189823901561823
2145,0.6,0.6782693939381899,1,0,0,1,-0.007900527655898297,-0.022329397589056516
2146,0.6,0.6843204317294874,1,0,0,1,-0.008453090728761074,-0.02249411768091619
2147,0.6,0.6897053153924816,1,0,0,1,-0.010160584562865328,-0.021922912065505472
2148,0.6,0.6950217326954764,1,0,0,1,-0.013281532473005205,-0.02026133745621175
2149,0.6,0.6934911009012009,1,0,0,1,-0.016929410111116205,-0.0166227468057902
2150,0.6,0.7240768383642257,1,0,0,1,-0.018891210823389723,-0.013616582480837061
2151,0.6,0.7299215952702044,1,0,0,1,-0.019024526777729686,-0.011046676680712955
2152,0.6,0.7383933087022047,1,0,0,1,-0.018603570757620067,-0.006386372049177815
2153,0.6,0.802336531665938,1,0,0,1,-0.01536616840509704,-0.005398276382618644
2154,0.6,0.817318505866024,1,0,0,1,-0.009750872461656117,-0.005547008534375885
2155,0.6,0.7869655669619818,1,1,1,1,-0.0006987243878698032,-0.004911717684191837
2156,0.6,0.7935688829484511,0,1,1,0,0.0013068376975098818,-0.0027437988419822344
2157,0.6,0.8021243576785726,0,1,1,0,0.002863464623145012,-0.005311060576895437
2158,0.6,0.7990702624050363,0,1,1,0,0.0038282187541689256,-0.009199566031093051
2159,0.6,0.80398070964091,0,1,1,0,0.0021524711102688275,-0.011204365985564813
2160,0.6,0.7860296226082648,0,1,1,0,0.00017346054568675637,-0.011948892218767018
2161,0.6,0.7725676624629028,0,1,1,0,0.0007129597400509526,-0.011761643350379374
2162,0.6,0.7601446084504924,0,1,1,0,0.0032650786978084276,-0.01043954015621188
2163,0.6,0.7549126000556649,0,1,1,0,0.005409260690747797,-0.009440732017334266
2164,0.6,0.7388958761151694,0,1,1,0,0.006762107575965474,-0.008688372453709946
2165,0.6,0.7282871260806552,0,1,1,0,0.007639931285868453,-0.008181706573112775
2166,0.6,0.7110862955135893,0,1,1,0,0.00821473625447037,-0.008605178422338268
2167,0.6,0.6907884053992553,0,1,1,0,0.008991353286322301,-0.007780077293465057
2168,0.6,0.6827521116469241,0,1,1,0,0.009730510706035493,-0.007469615916147016
2169,0.6,0.6815681049756341,0,1,1,0,0.009556793059352685,-0.006752602031289991
2170,0.6,0.6778846171514797,0,1,1,0,0.007498693375745173,-0.006240976077302008
2171,0.6,0.6831686291573857,0,1,1,0,0.0041375725705896154,-0.005465202368057382
2172,0.6,0.6974077052947633,0,1,1,0,0.0021411418392612773,-0.00441851762730681
2173,0.6,0.7334288702071288,0,1,1,0,0.00042620686437395093,-0.004178160095794781
2174,0.6,0.7532225501728294,0,1,1,0,-0.0013061564833240671,-0.004697390952886882
2175,0.6,0.7919608312051575,1,1,1,1,-0.00276572849992533,-0.004909410332129524
2176,0.6,0.7914184854482544,1,1,1,1,-0.0037723654404676356,-0.0030938163700011947
2177,0.6,0.7698400565598738,1,0,1,1,-0.005663981452284457,0.00045460491906744286
2178,0.6,0.7992950741128089,1,0,1,1,-0.012127803005824918,0.0034357237304349537
2179,0.6,0.7746658690545967,1,0,0,1,-0.018478161156270014,0.0055914005085631515
2180,0.6,0.8150280051764731,1,0,0,1,-0.02138847274637634,0.004243146091669648
2181,0.6,0.7937568855757553,1,0,0,1,-0.022485549652869533,-0.0004193012805642722
2182,0.6,0.7754554214465356,1,0,0,1,-0.02008558850768924,-0.003655492553469727
2183,0.6,0.7605542061696157,1,0,0,1,-0.01676765131877769,-0.007957769279664859
2184,0.6,0.7398106120750728,1,0,0,1,-0.013105754195315959,-0.011359742546074064
2185,0.6,0.7349222819142185,1,0,0,1,-0.00917431590524929,-0.015039755989607159
2186,0.6,0.7179877732653855,1,0,0,1,-0.006330796376499158,-0.01718403225093487
2187,0.6,0.7110084126256692,1,0,0,1,-0.0038605859230266045,-0.017239634955203916
2188,0.6,0.7203354457238479,1,0,0,1,-0.0016328878782095313,-0.017897024701316943
2189,0.6,0.7200302694738707,1,0,0,1,-0.0014165280778480553,-0.01936317322534214
2190,0.6,0.7218910497903053,1,0,0,1,-0.0010359810218856424,-0.02032534669883126
2191,0.6,0.7181500364967797,1,0,0,1,-0.0017051326880152898,-0.019709282519631947
2192,0.6,0.7105625041268189,1,0,0,1,-0.00291725668078602,-0.01732512720333369
2193,0.6,0.7234076198762257,1,0,0,1,-0.003208638060359681,-0.01456178520015736
2194,0.6,0.7301301996240037,1,0,0,1,-0.0028953403126707735,-0.011777958970112546
2195,0.6,0.7413671303833301,1,0,0,1,-0.00046543386861391193,-0.009414248002035186
2196,0.6,0.7739947897437571,1,0,0,1,0.004934295143539975,-0.009345193550785072
2197,0.6,0.7798988136307982,1,0,1,1,0.010345114778727653,-0.00898297872002711
2198,0.6,0.7920424776964566,1,1,1,1,0.008962941064218442,-0.0029982144709755896
2199,0.6,0.8040116290767226,0,1,1,0,0.010724250197525521,0.0012676549261270774
2200,0.6,0.8210205967536088,0,1,1,0,0.011582134706979092,0.001124671252110874
2201,0.6,0.846159061218092,0,1,1,0,0.010143163508936119,-0.0009389019523967422
2202,0.6,0.8323667123203163,0,1,1,0,0.006873496830333869,-0.0022042192981898984
2203,0.6,0.8235476593938339,0,1,1,0,0.0033564680253330317,-0.002763747609628105
2204,0.6,0.8159382201968166,0,1,1,0,0.0030757684519479634,-0.0036159294806485218
2205,0.6,0.8102475826829466,0,1,1,0,0.004392978656294997,-0.003896825791645116
2206,0.6,0.7921990323164375,0,1,1,0,0.004881648251953325,-0.0041984441495451635
2207,0.6,0.7823101187481346,0,1,1,0,0.0049174457568847306,-0.004676455165712578
2208,0.6,0.7568454628709631,0,1,1,0,0.004684023973056914,-0.005905198390708337
2209,0.6,0.7420499173437367,0,1,1,0,0.004183869277452633,-0.006831532441248411
2210,0.6,0.7195381309288567,0,1,1,0,0.0033182810597684265,-0.00883741954786627
2211,0.6,0.7036944164410487,0,1,1,0,0.0018583945900939784,-0.0097638743662394
2212,0.6,0.689417861491067,0,1,1,0,0.00011829970334340908,-0.010697720048979599
2213,0.6,0.6898122050910015,0,1,1,0,-0.0025969127423430627,-0.01111837366375739
2214,0.6,0.6773486018042576,0,1,1,0,-0.006068503496320065,-0.011193910490046685
2215,0.6,0.6906362813158674,0,1,1,0,-0.00925166569608745,-0.010296716613934977
2216,0.6,0.7050214419635359,0,1,1,0,-0.011805202213504935,-0.010576647341573597
2217,0.6,0.734170741935109,0,1,1,0,-0.014253890302814062,-0.012066073834375354
2218,0.6,0.7099051479156158,0,1,1,1,-0.012866415344342496,-0.010344763687734388
2219,0.6,0.7665131461410614,1,1,1,1,-0.011469152109080952,-0.008053521506632641
2220,0.6,0.7150277728805304,1,0,1,1,-0.013432753383306401,-0.005434208916661086
2221,0.6,0.7614610299048638,1,0,1,1,-0.018121575026312495,-0.0009016042705787059
2222,0.6,0.7497540199133467,1,0,0,1,-0.022646975930867435,-0.0005280844694769804
2223,0.6,0.7739770303252751,1,0,0,1,-0.023514344366322125,-0.003182604119061891
2224,0.6,0.7462639368657251,1,0,0,1,-0.022023633658189174,-0.006609482236700481
2225,0.6,0.7337801244776152,1,0,0,1,-0.017875292737429126,-0.009274416604990645
2226,0.6,0.7199185444934276,1,0,0,1,-0.014080335339719263,-0.012859326237644852
2227,0.6,0.698047895008366,1,0,0,1,-0.010577914069140838,-0.0145100038607266
2228,0.6,0.6895971165420052,1,0,0,1,-0.006698003254789828,-0.015594142226565777
2229,0.6,0.6965386991351732,1,0,0,1,-0.002950523548973623,-0.01730520181941808
2230,0.6,0.707548727259899,1,0,0,1,-0.0010129378395212466,-0.021471654244009687
2231,0.6,0.7024940093170035,1,0,0,1,-7.28835121049404e-05,-0.025706837823919863
2232,0.6,0.6988155825339717,1,0,0,1,0.0010504638857777137,-0.027399601298326626
2233,0.6,0.6827667550980101,1,0,0,1,0.0016053350914662404,-0.02658477308899552
2234,0.6,0.6879346373044324,1,0,0,1,0.002837364044835979,-0.02535883412792707
2235,0.6,0.6810030256302358,1,0,0,1,0.004014167562117553,-0.023631183459104303
2236,0.6,0.6991981740967753,1,0,0,1,0.005994438739646184,-0.022622413825936216
2237,0.6,0.7008163578368068,1,0,0,1,0.011687056775303153,-0.023304152984180877
2238,0.6,0.7271060718735832,1,0,0,1,0.01875588367332926,-0.02418251353526415
2239,0.6,0.6818322597252324,1,0,1,1,0.019574273974599318,-0.020314623136796793
2240,0.6,0.7106881650184925,1,0,1,1,0.017110165418526047,-0.012866470330022622
2241,0.6,0.7116238834805132,1,1,1,1,0.014281786600020104,-0.0074786787102624815
2242,0.6,0.7607059659345669,0,1,1,0,0.014241901190797652,-0.00453155804910516
2243,0.6,0.768632082654505,0,1,1,0,0.012200069409529038,-0.006659937680227294
2244,0.6,-0.011603473019882156,1,1,1,1,-0.00037637279160354534,-0.0010435317921076482
2245,0.6,-0.016157848974274275,0,1,1,0,2.998488096097095e-05,-0.003939843158821064
2246,0.6,-0.11959345019435651,0,1,1,0,0.0003342558008865449,9.03074414703366e-05
2247,0.6,-0.13729752323509026,0,1,1,0,0.002597230758228473,0.006019590540190161
2248,0.6,-0.17649532342056815,0,1,1,0,0.00646173428968348,0.009830902868744072
2249,0.6,-0.16769271580401715,0,1,1,0,0.012050116853250326,0.01084043619450344
2250,0.6,-0.14051513353191564,0,1,1,0,0.01812545238681472,0.009111774952162055
2251,0.6,-0.1335903674246219,0,0,1,0,0.02126397587998736,0.006391079763080678
2252,0.6,-0.1477025999664246,0,0,1,0,0.02244143735560943,0.00637705038054424
2253,0.6,-0.10539813148548231,0,0,1,0,0.02501613287922288,0.005570190590820035
2254,0.6,-0.15067442903006145,0,0,1,0,0.022657048323814988,0.004457700001018622
2255,0.6,-0.17447822544153938,0,0,0,0,0.01962151616811847,0.007058779980446925
2256,0.6,-0.1701107640628411,0,0,0,0,0.019344303383024453,0.01033892465895745
2257,0.6,-0.16240941291240701,0,1,0,0,0.017486560016002732,0.010863407017894261
2258,0.6,-0.15187884546092698,0,1,1,0,0.014528841244595931,0.007936526729696705
2259,0.6,-0.11738674956486417,0,1,1,0,0.01109275974327312,0.004222272593935861
2260,0.6,-0.07969553202880562,0,1,1,0,0.009151672975013266,0.001291393451140492
2261,0.6,-0.02779253514529096,0,0,1,1,0.007695438963270391,-0.0004448049318284893
2262,0.6,-0.043002157710336254,1,0,1,1,0.004218020627551384,0.003876784171248966
2263,0.6,0.044158951792279064,1,0,1,1,-0.002081727437153596,0.007105365245371564
2264,0.6,0.11628086164474159,1,0,1,1,-0.013867875288770974,0.005515592869529722
2265,0.6,0.1602078544581961,1,0,1,1,-0.024678785194900694,0.0022380841403289204
2266,0.6,0.23621397492383248,1,0,1,1,-0.03365042587925657,-0.00258205873757228
2267,0.6,0.306867106113264,1,0,1,1,-0.041345419489399834,-0.009834054181328353
2268,0.6,0.3495392927567087,1,0,1,1,-0.04560344644540306,-0.016710956343785242
2269,0.6,0.35856961940262033,1,0,0,1,-0.0438600149332712,-0.025111329805408908
2270,0.6,0.3810389846578386,1,0,0,1,-0.03785381707064125,-0.03543823926738754
2271,0.6,0.43969652218092425,1,0,0,1,-0.02897856516912442,-0.050225374591055444
2272,0.6,0.42191667175235475,1,0,0,1,-0.01559424998477139,-0.06377288982522333
2273,0.6,0.3875609070290274,1,0,0,1,-0.0013202526195073656,-0.06819426949582981
2274,0.6,0.36634075713018077,1,0,0,1,0.009257526839069174,-0.06802997534938816
2275,0.6,0.3594781713613169,1,0,0,1,0.01695297556933123,-0.06712366313780631
2276,0.6,0.4286893749726376,1,0,0,1,0.017423800602737682,-0.06645767754551174
2277,0.6,0.4329179641207201,0,0,0,1,0.01411745362422773,-0.06469542689359341
2278,0.6,0.37715370707100654,0,0,0,1,0.012175287744388386,-0.057597612886805837
2279,0.6,0.39086690823681897,0,0,0,1,0.010487615260903523,-0.04737211111493196
2280,0.6,0.468692952751794,1,0,0,1,0.006752258903207396,-0.040497799708999825
2281,0.6,0.482524418729118,1,0,0,1,0.002328764856739654,-0.03561290986524128
2282,0.6,0.4956004520617323,0,0,0,1,0.0017046844124579802,-0.029294795899816376
2283,0.6,0.5910032286340781,0,0,0,1,0.0075866708773280915,-0.027400819186865648
2284,0.6,0.5602242012544423,0,1,1,1,0.015611175363770963,-0.022289039474826158
2285,0.6,0.6295442661501166,0,1,1,1,0.021228756966437317,-0.012072580970296246
2286,0.6,0.6023244039571102,0,1,1,0,0.023220768697236913,-0.004881661780873866
2287,0.6,0.6228271102770564,0,1,1,0,0.020613684953340577,0.0013696064197126951
2288,0.6,0.5998974832099463,0,1,1,0,0.01678056823086692,0.004008402833255672
2289,0.6,0.5922574930219584,0,1,1,0,0.014161543450332204,0.004974127823748877
2290,0.6,0.5798613097103203,0,1,1,0,0.01628283852389969,0.005201716083100886
2291,0.6,0.5871027197424374,0,1,1,0,0.02237510546066001,0.005178915708592758
2292,0.6,0.6052097298742746,0,1,1,0,0.03140636820096967,0.004830844319740003
2293,0.6,0.6147100004241353,0,1,1,0,0.038787184378104175,0.005012966931114129
2294,0.6,0.6338201864649905,0,1,1,0,0.043323942589274834,0.005980506710602989
2295,0.6,0.662209394264968,0,1,1,0,0.04536304552849925,0.0055481765933174535
2296,0.6,0.652894391086284,0,1,1,0,0.044610993725975434,0.006453726850645956
2297,0.6,0.6835398273001995,0,1,1,0,0.04120176866723191,0.007574188527668523
2298,0.6,0.7175224941819864,0,1,1,0,0.03621243712208706,0.005639039765626646
2299,0.6,0.7507171973927855,0,1,1,0,0.029653120837990384,0.0025996914401173266
2300,0.6,0.784578384305358,0,1,1,0,0.024107716684454765,0.0009789197084895513
2301,0.6,0.8244008350019316,0,1,1,0,0.018893820924702064,0.00043912987873426815
2302,0.6,0.8151272785807941,1,1,1,0,0.009721527862997428,-0.0013159593251637902
2303,0.6,0.8150246575053258,1,0,1,0,7.654656012320881e-05,-0.003451849096535439
2304,0.6,0.8228096765772581,1,0,1,0,-0.013832936785217855,-0.0036105193536850318
2305,0.6,0.8346807421865984,1,0,1,1,-0.033081458699049,-0.003363033259697723
2306,0.6,0.8035499085574079,1,0,1,1,-0.045507217837135946,0.0022048856713665723
2307,0.6,0.8378962979790362,1,0,0,1,-0.05378553662631245,0.005599018242880537
2308,0.6,0.8346037460767869,1,0,0,1,-0.056839567310434165,0.0031429119753971797
2309,0.6,0.7986633535279134,1,0,0,1,-0.05498422458573368,0.0031573395233685186
2310,0.6,0.7790372244227678,1,0,0,1,-0.05093051026257448,0.004996315783088778
2311,0.6,0.7706231379507151,1,0,0,1,-0.049152525976841645,0.005940611138405685
2312,0.6,0.7606932206495526,1,0,0,1,-0.05139009876519338,0.008065364419679423
2313,0.6,0.7774946231570926,1,0,0,1,-0.055110146945893536,0.009575653197553956
2314,0.6,0.795532737980922,1,0,0,1,-0.05861765577366901,0.010254757083704023
2315,0.6,0.8054710005229915,1,0,0,1,-0.06141322411294022,0.012007927433286178
2316,0.6,0.8083517645448033,1,0,0,1,-0.0626271146741688,0.01637095054273061
2317,0.6,0.8190172133929078,1,0,0,1,-0.0638883987364081,0.022598602288134057
2318,0.6,0.8251161901921953,1,0,0,1,-0.06588162974766673,0.029879917556618833
2319,0.6,0.8286315149834885,1,0,0,1,-0.0687245830370726,0.03865560689196097
2320,0.6,0.8479725733661372,1,0,0,1,-0.07386235018442802,0.048584692567522944
2321,0.6,0.9272654625536071,1,1,0,1,-0.0763142427821318,0.05160402958455871
2322,0.6,0.8765734141413787,1,1,0,1,-0.06478934809668659,0.04439904595521202
2323,0.6,0.8764608740559592,0,1,0,1,-0.04775582945580935,0.03126425388174602
2324,0.6,0.8647050862026402,0,1,0,1,-0.025052720054495867,0.018044019828551073
2325,0.6,0.8323284505653038,0,1,1,1,-0.008236477501551267,0.01165982654722217
2326,0.6,0.7566960890759615,0,1,1,0,-0.0015918421968335093,0.010100162152879837
2327,0.6,0.755641543274198,0,1,1,0,0.0008946597706980534,0.007224492475671887
2328,0.6,0.7283820556874375,0,1,1,0,-0.0013870745552582054,0.0010644168425246298
2329,0.6,0.7066301083032303,0,1,1,0,-0.006284025970750087,-0.005789347722108553
2330,0.6,0.6963760131631571,0,1,1,0,-0.008832156859049253,-0.012216005082209708
2331,0.6,0.6835288105226963,0,1,1,0,-0.009215455845758426,-0.017824104822613384
2332,0.6,0.6668453765251332,0,1,1,0,-0.007059890557330058,-0.021395731068839588
2333,0.6,0.6732738555774606,0,0,1,0,-0.005497294869545936,-0.023284389074070936
2334,0.6,0.6978891456482835,0,0,1,0,-0.005482298240348917,-0.025356853215463424
2335,0.6,0.6953077113705489,0,0,1,0,-0.007268088798833334,-0.025862798969710728
2336,0.6,0.6942420606400791,0,1,1,0,-0.008588433926153069,-0.02294036748240432
2337,0.6,0.681779245863758,0,1,1,0,-0.007817014703390485,-0.018598566761811645
2338,0.6,0.7119004044051862,0,1,1,0,-0.00787187855594875,-0.01544086465929816
2339,0.6,0.7462856762347155,0,1,1,0,-0.006341675315017972,-0.013753434742613419
2340,0.6,0.7887700091994088,0,1,1,0,-0.0046389946351314566,-0.011346955401730977
2341,0.6,0.822883734619454,0,1,1,0,-0.004591456854867342,-0.007793718578077299
2342,0.6,0.8594023988298423,0,1,1,0,-0.005347095994677718,-0.0029111166339807412
2343,0.6,0.7924241373238223,1,0,1,1,-0.009680489292705739,0.004286920607675491
2344,0.6,0.8442478029339866,1,0,1,1,-0.014899064378120854,0.01111493795713148
2345,0.6,0.852885944558234,1,0,0,1,-0.019367233057539297,0.008623463390990821
2346,0.6,0.8254256028166084,1,0,0,1,-0.01900155861791339,0.0037781537056926595
2347,0.6,0.7677944659452388,1,0,0,1,-0.014193795999876605,0.002561554605299868
2348,0.6,0.7456617571871058,1,0,0,1,-0.008806413342724737,0.002269187406723911
2349,0.6,0.7302620842380552,1,0,0,1,-0.006637708484574237,-0.0005597267687490142
2350,0.6,0.7152732382992276,1,0,0,1,-0.007717164908203465,-0.0028765945085614843
2351,0.6,0.732427965938956,1,0,0,1,-0.009547178168213658,-0.006374657086567266
2352,0.6,0.7260693468562907,1,0,0,1,-0.008451251575536074,-0.011288699990715544
2353,0.6,0.725862227106784,1,0,0,1,-0.006448473266051048,-0.015474078263299286
2354,0.6,0.735873359426766,1,0,0,1,-0.004855426144228455,-0.018858716645911384
2355,0.6,0.7233318733303818,1,0,0,1,-0.0018564198557946942,-0.019786263453968053
2356,0.6,0.7110905785428022,1,0,0,1,0.0010854392137060321,-0.01780073324684126
2357,0.6,0.6987080478198521,1,0,0,1,0.0025296833728259745,-0.014314025837407164
2358,0.6,0.6696749866296752,1,0,0,1,0.001410327496391853,-0.007348417948568328
2359,0.6,0.7239107536062475,1,0,0,1,0.0010259609880533488,-0.00444843230230663
2360,0.6,0.7198511941676884,1,0,0,1,0.0019748627850684768,-0.005839423655410056
2361,0.6,0.7231789191634674,1,0,0,1,0.004605057570418968,-0.006221583831565935
2362,0.6,0.7114311439596994,1,0,1,1,0.004631250146099089,-0.002963784002641245
2363,0.6,0.705218416558152,0,1,1,1,0.008261762458506365,0.00042299256530637253
2364,0.6,0.7464497501872519,0,1,1,1,0.018567498681488104,-0.0013653877310001138
2365,0.6,0.7634973847255933,0,1,1,0,0.02792053688136105,-0.002788298670295939
2366,0.6,0.7699196448797263,0,1,1,0,0.030318516913176087,-0.004505301272921985
2367,0.6,0.7891434678084075,0,1,1,0,0.02744075465920925,-0.00717399967339676
2368,0.6,0.7815106826097729,0,1,1,0,0.019562065408094877,-0.010405623295421187
2369,0.6,0.7647992030782872,0,1,1,0,0.01056398252667133,-0.014465569725779464
2370,0.6,0.7431441178347342,0,1,1,0,0.005054909268460284,-0.017010494160769534
2371,0.6,0.7252117412395283,0,1,1,0,0.003569018263325531,-0.017498199614247863
2372,0.6,0.7066944834996,0,1,1,0,0.004608182897235169,-0.01641906750786584
2373,0.6,0.7070329415200954,0,1,1,0,0.00696939161307594,-0.015367023047834057
2374,0.6,0.6866984273108586,0,1,1,0,0.009393130643636926,-0.014187555606628814
2375,0.6,0.6772742249277455,0,1,1,0,0.011233599594363205,-0.010759973947975076
2376,0.6,0.6912498653514377,0,1,1,0,0.012750562198784864,-0.008019897527537827
2377,0.6,0.6896272301344404,0,1,1,0,0.011947981520229257,-0.005988789828206965
2378,0.6,0.7074253128292056,0,1,1,0,0.009295953738015587,-0.005165148493934275
2379,0.6,0.7141832610939439,0,1,1,0,0.006722651611889677,-0.005253227241451713
2380,0.6,0.7525705112598795,0,1,1,0,0.0051330673845005025,-0.005196273228770845
2381,0.6,0.7775640306349608,0,1,1,0,0.002812936265915319,-0.006195112742153073
2382,0.6,0.8107845682695398,0,1,1,0,-0.000492392491361294,-0.006755252136374273
2383,0.6,0.8113277107816231,1,1,1,1,-0.005364635912404363,-0.007084894210670216
2384,0.6,0.7844460162251015,1,0,1,1,-0.007399796196189335,-0.0016271800499626566
2385,0.6,0.8090504966636547,1,0,1,1,-0.014371192321610528,0.003177273073428463
2386,0.6,0.7989401756249856,1,0,0,1,-0.020196535033886333,0.0043353967123093235
2387,0.6,0.8012603871947093,1,0,0,1,-0.022624459380650958,0.0042129006972297335
2388,0.6,0.7658024106639093,1,0,0,1,-0.02266563140222894,0.004348324754250962
2389,0.6,0.7550347163087493,1,0,0,1,-0.021428223246656535,0.003618301357682444
2390,0.6,0.7463912963755462,1,0,0,1,-0.021457866433693146,-8.641195056091034e-05
2391,0.6,0.7201703358586352,1,0,0,1,-0.022556497191525124,-0.0026538405072027505
2392,0.6,0.7230662967733454,1,0,0,1,-0.02276534785350084,-0.0055630605056187984
2393,0.6,0.716378144106153,1,0,0,1,-0.02121097720029539,-0.00868122065430905
2394,0.6,0.7122279683538527,1,0,0,1,-0.018732781741569324,-0.010038043860379963
2395,0.6,0.7190288206074765,1,0,0,1,-0.016959907334579243,-0.010755748786509983
2396,0.6,0.7244831248339896,1,0,0,1,-0.01762605234811123,-0.012140238763641606
2397,0.6,0.7254552995472784,1,0,0,1,-0.018899757666273147,-0.013279946921792277
2398,0.6,0.7232238848311295,1,0,0,1,-0.021256135198672463,-0.012072916147985892
2399,0.6,0.7357165458398399,1,0,0,1,-0.022745608545263998,-0.009780078701866457
2400,0.6,0.7488828191396986,1,0,0,1,-0.02272187742936396,-0.007402059465790895
2401,0.6,0.7666997763439499,1,0,0,1,-0.021262212204480917,-0.0049090645677905735
2402,0.6,0.7964983727561583,1,0,0,1,-0.01661439908162339,-0.004514530941476339
2403,0.6,0.8252812245495311,1,0,0,1,-0.01060085104609664,-0.00466020834812159
2404,0.6,0.794239505914172,1,1,1,1,-0.005576696948403821,-0.0024057468921337443
2405,0.6,0.7797789387884073,0,1,1,0,-0.007235269997765721,-0.0004524086264336127
2406,0.6,0.8295784307368778,0,1,1,0,-0.009899101652386952,-0.004246057975748684
2407,0.6,0.8056219704335976,0,1,1,0,-0.010881166246448056,-0.009334672663950811
2408,0.6,0.7951895750382032,0,1,1,0,-0.0118580131606847,-0.011634450942451411
2409,0.6,0.7864151386922729,0,1,1,0,-0.009515298108537478,-0.012303566135698819
2410,0.6,0.775311222095169,0,1,1,0,-0.0048160247921005895,-0.011557407783508162
2411,0.6,0.7677205720530695,0,1,1,0,-0.0012095175947458418,-0.010584294193109339
2412,0.6,0.7576837294882757,0,1,1,0,-0.00021998752860158264,-0.0106283550752662
2413,0.6,0.7382953452388562,0,1,1,0,-0.0004344237403896011,-0.011096145184514499
2414,0.6,0.7157936943772761,0,1,1,0,-0.0006859162888260778,-0.011478251242789414
2415,0.6,0.6937547385054796,0,1,1,0,-0.0007114177506893925,-0.012275949330301843
2416,0.6,0.6706091381154056,0,1,1,0,-0.000791214183987896,-0.012850504669591619
2417,0.6,0.6564133288736455,0,1,1,0,-0.0012249682095197146,-0.013687667388501605
2418,0.6,0.6578172897375133,0,1,1,0,-0.002577185021109341,-0.014888977382577936
2419,0.6,0.6356678234414448,0,1,1,0,-0.0059875241403678295,-0.014917045666044692
2420,0.6,0.6313274099372919,0,1,1,0,-0.009726189434196526,-0.012759357969334134
2421,0.6,0.6503088120804299,0,1,1,0,-0.011424488240480575,-0.011523221774806901
2422,0.6,0.6701291122992846,0,1,1,0,-0.012709063736152576,-0.01152851775454971
2423,0.6,0.7040327424284956,0,1,1,0,-0.013875399069922498,-0.01293398417761701
2424,0.6,0.6797630241237583,0,1,1,1,-0.011362617011685512,-0.009794396777434048
2425,0.6,0.7297080941030605,1,1,1,1,-0.010250782820482477,-0.00648471265679934
2426,0.6,0.6798495193282664,1,0,1,1,-0.011456430296197093,-0.003418101833368992
2427,0.6,0.7255192783939819,1,0,1,1,-0.014844429577618194,0.0015870183009642574
2428,0.6,0.7309660821621446,1,0,0,1,-0.020666265043565307,0.0036805921701720786
2429,0.6,0.764863414269371,1,0,0,1,-0.022744851020258708,0.001008848842516452
2430,0.6,0.7390764069914174,1,0,0,1,-0.021592977071542094,-0.003407753718091916
2431,0.6,0.723067272345978,1,0,0,1,-0.017016846262534677,-0.006675816252713419
2432,0.6,0.7096177255591618,1,0,0,1,-0.012386391295516337,-0.011008385349274945
2433,0.6,0.6877570655966576,1,0,0,1,-0.007672582609838967,-0.014193825896944644
2434,0.6,0.691793460484527,1,0,0,1,-0.0025312042978962827,-0.017761036978008606
2435,0.6,0.6771249394256118,1,0,0,1,0.002234477214944996,-0.021382741985995535
2436,0.6,0.6667345730896709,1,0,0,1,0.005759319219458159,-0.023338834875023643
2437,0.6,0.668675146423229,1,0,0,1,0.007974122132831605,-0.024562146742772593
2438,0.6,0.6769994134025509,1,0,0,1,0.008760775738195859,-0.026208345044562178
2439,0.6,0.671708826092259,1,0,0,1,0.008777683031228459,-0.027860357088787046
2440,0.6,0.6711507768402585,1,0,0,1,0.009708188282345372,-0.02880888582697292
2441,0.6,0.660004467469331,1,0,0,1,0.010677976410547234,-0.028190693035646818
2442,0.6,0.661392676914321,1,0,0,1,0.012216756646012367,-0.026606993005177045
2443,0.6,0.6726391945657397,1,0,0,1,0.015039358713897999,-0.025594746763804823
2444,0.6,0.6687713878083925,1,0,0,1,0.02068369605029896,-0.025329078658209173
2445,0.6,0.6747186997747351,1,0,1,1,0.027608747147353296,-0.025020692445886065
2446,0.6,0.6670773634306176,1,0,1,1,0.02747672116930376,-0.020063657174632172
2447,0.6,0.669959912308964,1,0,1,1,0.0255970076684419,-0.01409326257409582
2448,0.6,0.7329285984720461,0,0,1,1,0.02621673228804403,-0.008133331385149748
2449,0.6,0.6843435304757323,0,1,1,0,0.030012469468025493,-0.00382884312688052
2450,0.6,0.7157439982135163,0,1,1,0,0.02945758671219492,-0.002456910365591258
2451,0.6,0.7219476651887775,0,1,1,0,0.025598365027857388,-0.0028832114795924527
2452,0.6,0.7255837332523235,0,1,1,0,0.02019832007321162,-0.003419765151451794
2453,0.6,0.7269362717015272,0,1,1,0,0.016478375404410255,-0.004414840793624755
2454,0.6,0.7293771031593596,0,1,1,0,0.01659238533164112,-0.005088764353262305
2455,0.6,0.729158824155165,0,1,1,0,0.01755221272150787,-0.005633988927892856
2456,0.6,0.7310056395522743,0,1,1,0,0.017151381957356042,-0.007245927175405345
2457,0.6,0.7134306640263806,0,1,1,0,0.015739308680190113,-0.008889402835312797
2458,0.6,0.7000279191542689,0,1,1,0,0.013643489158609691,-0.009794297677260585
2459,0.6,0.6909134483412872,0,1,1,0,0.012006274802177887,-0.011849743475225471
2460,0.6,0.6725720537698179,0,1,1,0,0.010204447095502724,-0.01291125390618176
2461,0.6,0.6645631255052817,0,1,1,0,0.007711736835862043,-0.013658228314292298
2462,0.6,0.6616452269824291,0,1,1,0,0.00410049157655968,-0.014210729582134048
2463,0.6,0.652626964424144,0,1,1,0,-0.001394454562146986,-0.013234626788170167
2464,0.6,0.6631447463780508,0,1,1,0,-0.007393603332018614,-0.011741670824815939
2465,0.6,0.6850950448813279,0,1,1,0,-0.01115625531660139,-0.011622999657183419
2466,0.6,0.7184329530138386,1,1,1,1,-0.01366238065851803,-0.014517342980591865
2467,0.6,0.6741333540981466,1,1,1,1,-0.014802315311302027,-0.0148841266484923
2468,0.6,0.7024224394991421,1,1,1,1,-0.018361953699921205,-0.015802288435652595
2469,0.6,0.6565178294897865,1,1,1,1,-0.02271244304191467,-0.018446696034701386
2470,0.6,0.6827272576532382,1,0,0,1,-0.02860149357026923,-0.019630100048579853
2471,0.6,0.7100634045438867,1,0,0,1,-0.03517102827776627,-0.02644759323963614
2472,0.6,0.707516395028581,1,0,0,1,-0.039008690024040456,-0.03358562925713245
2473,0.6,0.6813491452148152,1,0,0,1,-0.03969683826479279,-0.036667486538423555
2474,0.6,0.6730793845283909,1,0,0,1,-0.03809220981223336,-0.037776787173598815
2475,0.6,0.6585595432733704,1,0,0,1,-0.03604017008873301,-0.03861954099112627
2476,0.6,0.6529442801710401,1,0,0,1,-0.03293422261171317,-0.039290392749458045
2477,0.6,0.6315921098841437,1,0,0,1,-0.029101113060865137,-0.039116818797517196
2478,0.6,0.6167237851224119,1,0,0,1,-0.02558125525162627,-0.037530502232174044
2479,0.6,0.630147931065314,1,0,0,1,-0.02404501801195649,-0.037205070990299294
2480,0.6,0.641230099406191,1,0,0,1,-0.02535729214086861,-0.039162008489886733
2481,0.6,0.651649686247949,1,0,0,1,-0.027733027244634518,-0.04150433175682921
2482,0.6,0.6591833277681554,1,0,0,1,-0.02969655226431822,-0.04298986725809633
2483,0.6,0.6705463741006056,1,0,0,1,-0.03011797827438991,-0.043289752681391666
2484,0.6,0.6648823994448179,1,0,0,1,-0.029150481893228067,-0.04152811285705668
2485,0.6,0.6752832834657478,1,0,0,1,-0.027831651513784365,-0.038239790572642055
2486,0.6,0.6978164133079136,1,0,0,1,-0.024085028917130172,-0.03726798321796987
2487,0.6,0.7187194847910177,1,0,0,1,-0.017570219963543535,-0.03773307526590702
2488,0.6,0.6899428330990898,1,0,1,1,-0.014753724295072896,-0.03469459456015344
2489,0.6,0.7251173761209758,1,0,1,1,-0.017233986179082016,-0.027017978097081934
2490,0.6,0.701772004619234,1,1,1,0,-0.01710964620071056,-0.022276905982713858
2491,0.6,0.710931644171436,0,1,1,0,-0.018911202224604406,-0.022453121669528817
2492,0.6,0.767138786194301,0,1,1,0,-0.022801008409809,-0.02750354797600677
2493,0.6,0.7388245009783312,0,1,1,0,-0.02557760695051329,-0.03193228072118109
2494,0.6,0.721733681613327,0,1,1,0,-0.029084716336701903,-0.032882326461083855
2495,0.6,0.7235971231987403,0,1,1,0,-0.02921263733140421,-0.033656798670463395
2496,0.6,0.7066313077203946,0,1,1,0,-0.02724213599175682,-0.03335350222493597
2497,0.6,0.7009013764066615,0,1,1,0,-0.02677440498671425,-0.03340784659198108
2498,0.6,0.686254828377419,0,1,1,0,-0.027383174899692792,-0.034262629207477385
2499,0.6,0.6628844351339312,0,1,1,0,-0.02923287711611003,-0.03555084704716866
2500,0.6,0.6437028877349256,0,1,1,0,-0.031006572681675972,-0.03769870294525683
2501,0.6,0.6193781678395639,0,1,1,0,-0.032117316139095665,-0.03962475811387488
2502,0.6,0.5871319056703499,0,1,1,0,-0.03497718201116938,-0.04057825884319896
2503,0.6,0.5764189100853162,0,1,1,0,-0.0372278037002779,-0.04221040220168304
2504,0.6,0.5613882419532852,0,1,1,0,-0.03691647259443992,-0.04433286689504588
2505,0.6,0.5554183640896727,0,1,1,0,-0.03594467533715268,-0.04641356352785139
2506,0.6,0.5759148442633261,0,1,1,0,-0.03379336845727044,-0.04944731355922379
2507,0.6,0.5928951812995182,0,1,1,0,-0.032973318859351224,-0.054047596598759295
2508,0.6,0.5921118951986527,0,1,1,0,-0.030804405745636157,-0.0604216251349437
2509,0.6,0.6155876950469017,0,1,1,0,-0.033265925157123157,-0.06432860826521822
2510,0.6,0.5358997499999254,0,1,1,1,-0.0352140950455251,-0.06121202092088187
2511,0.6,0.545383822741415,0,1,1,1,-0.035069130128342674,-0.05262700891009667
2512,0.6,0.5702705752857201,0,0,1,1,-0.03932708236230639,-0.04784718464723415
2513,0.6,0.5646830209975906,1,0,1,1,-0.04619587550390338,-0.041841147094451775
2514,0.6,0.5969156166779273,1,0,1,1,-0.05347244108821213,-0.03642250454000132
2515,0.6,0.609176116622079,1,0,0,1,-0.05695702915727484,-0.03487782772644375
2516,0.6,0.593353232814968,1,0,0,1,-0.05417299806149911,-0.03633503061734128
2517,0.6,0.5713106841922155,1,0,0,1,-0.048491074401505734,-0.03807340883382454
2518,0.6,0.5552429400256407,1,0,0,1,-0.04292856982133234,-0.040486279228646234
2519,0.6,0.5400493712501111,1,0,0,1,-0.03896118723662067,-0.043104079160567854
2520,0.6,0.5201367718526403,1,0,0,1,-0.03640379424925138,-0.04475498368347213
2521,0.6,0.5140587105230432,1,0,0,1,-0.03606449356019775,-0.043903557188273025
2522,0.6,0.5217357270590467,1,0,0,1,-0.03622784062592731,-0.04238786814857161
2523,0.6,0.5380838299623827,1,0,0,1,-0.03691723934554814,-0.04187759032892174
2524,0.6,0.5535660442261285,1,0,0,1,-0.03891064980463647,-0.04148435656029443
2525,0.6,0.5722968783315093,1,0,0,1,-0.0405431154157113,-0.040834668882600754
2526,0.6,0.58057111521397,1,0,0,1,-0.04264832325422464,-0.03991280905562317
2527,0.6,0.587208086832659,1,0,0,1,-0.044118565015754126,-0.03819681992177072
2528,0.6,0.6031759943999446,1,0,0,1,-0.043918638688559226,-0.03585108881612539
2529,0.6,0.641151652779875,1,0,0,1,-0.03908658725252508,-0.036252980445478596
2530,0.6,0.6413256957021969,1,0,1,1,-0.03215223459155337,-0.03674668362682407
2531,0.6,0.6257077394654834,1,0,1,1,-0.03198331012823618,-0.030424136830657218
2532,0.6,0.6749662190478508,1,0,1,1,-0.03317552608631873,-0.022427029750065296
2533,0.6,0.6921693211736888,0,1,1,1,-0.03147039540821589,-0.01703387601418899
2534,0.6,0.7561823491969494,0,1,1,0,-0.029054882204951584,-0.015488296422017519
2535,0.6,0.7619887183836348,0,1,1,0,-0.030927656032405767,-0.016565037963229962
2536,0.6,0.7612459239488231,0,1,1,0,-0.03596138822762503,-0.01716934746020811
2537,0.6,0.7420459389930493,0,1,1,0,-0.042730628534194,-0.017884106091154334
2538,0.6,0.7388504457957229,0,1,1,0,-0.04656291378730225,-0.019451617169889055
2539,0.6,0.7269370368270656,0,1,1,0,-0.04717131833218788,-0.020211002748994723
2540,0.6,0.7148567055593434,0,1,1,0,-0.047179574185481854,-0.02072188198635142
2541,0.6,0.7102199665349201,0,1,1,0,-0.04694027364484618,-0.02159313860897393
2542,0.6,0.6920917296651449,0,1,1,0,-0.04726554144059197,-0.022969904728321198
2543,0.6,0.670964687695773,0,1,1,0,-0.04770214082992595,-0.02300071412759587
2544,0.6,0.667025165475811,0,1,1,0,-0.04884181952398781,-0.024549847989210227
2545,0.6,0.6500005720726004,0,1,1,0,-0.051314251332234745,-0.025188610011965862
2546,0.6,0.6591054772077667,0,1,1,0,-0.05531658885680757,-0.026429494035641574
2547,0.6,0.6533349741498554,0,1,1,0,-0.06115927855321493,-0.02853955403032596
2548,0.6,0.6679204733776225,0,1,1,0,-0.06718466254562382,-0.030079412734845653
2549,0.6,0.6845629396535577,0,1,1,0,-0.07290606880768441,-0.03218958793894271
2550,0.6,0.6295463182466279,0,1,1,1,-0.0714129332580823,-0.02790859166821068
2551,0.6,0.6875565387360442,0,1,1,1,-0.06878386558790173,-0.02208313017594392
2552,0.6,0.6702416357342245,0,1,1,1,-0.06606760924026818,-0.01811093044409759
2553,0.6,0.7283143662338649,0,0,1,1,-0.062168305388177234,-0.012040719720388579
2554,0.6,0.7172519618248838,0,0,1,1,-0.06288168339536937,-0.00415406610767572
2555,0.6,0.687794033216698,1,0,0,1,-0.060594532104083054,0.006194179330904775
2556,0.6,0.741448890734282,1,0,0,1,-0.05848284795660808,0.011662513669138437
2557,0.6,0.7373157510230375,1,0,0,1,-0.0549732120137413,0.013605908436708664
2558,0.6,0.6927254900883435,1,0,0,1,-0.049396798331957606,0.018823421756334887
2559,0.6,0.678217331667742,1,0,0,1,-0.04449001348007833,0.02470543525836637
2560,0.6,0.667512959288883,1,0,0,1,-0.043406967284822365,0.030351114170627556
2561,0.6,0.6901391371104997,1,0,0,1,-0.04406245452383269,0.034438797256903596
2562,0.6,0.7005904188356187,1,0,0,1,-0.04481897783417678,0.035921102562851984
2563,0.6,0.7069251236137242,1,0,0,1,-0.043997919858487965,0.03777337867847763
2564,0.6,0.7071133904214258,1,0,0,1,-0.04323392786973363,0.04113055357623549
2565,0.6,0.7111885747597148,1,0,0,1,-0.04325720035381547,0.04593971333315932
2566,0.6,0.7168650492310654,1,0,0,1,-0.044428655874369324,0.050765427651043825
2567,0.6,0.7251087122638672,1,0,0,1,-0.04556041661156866,0.05512105419919574
2568,0.6,0.6385518458002565,1,1,0,1,-0.03854077668636863,0.05537945027998203
2569,0.6,0.5943467120303446,1,1,0,1,-0.019633044117153494,0.04294313171895014
2570,0.6,0.5429306938511097,0,1,0,1,0.0031054880271193254,0.025004733707927253
2571,0.6,0.521488331341518,0,1,0,1,0.02848005074679637,0.005413520969624922
2572,0.6,0.45195231884848397,0,1,1,1,0.046598756482514166,-0.009546288046706944
2573,0.6,0.4628446366346981,0,1,1,0,0.057971116438548916,-0.02110281870443292
2574,0.6,0.4661630588311461,0,1,1,0,0.06827047322053824,-0.03474050801237525
2575,0.6,0.4964101546347512,0,1,1,0,0.07535737696314466,-0.047517543774682196
2576,0.6,0.4914395292938989,0,1,1,0,0.07955685695256044,-0.05738333199648281
2577,0.6,0.549925241022216,0,1,1,0,0.08119940425318722,-0.06409967671861815
2578,0.6,0.5061335741086789,0,1,1,0,0.07744959636830158,-0.06834154997831296
2579,0.6,0.5311982889002632,0,1,1,0,0.06990439232927109,-0.06896049841693322
2580,0.6,0.5029872781826401,0,1,1,0,0.06276561734280169,-0.06843986530808743
2581,0.6,0.45828368615668164,0,1,1,0,0.058674091688658725,-0.06333565580670678
2582,0.6,0.4540439523523783,0,1,1,0,0.061939707406203255,-0.05539157207543511
2583,0.6,0.47619324753733,0,1,1,0,0.07155176594590362,-0.048514106477263015
2584,0.6,0.48936394660830423,0,1,1,0,0.0835171468986287,-0.041792348893444096
2585,0.6,0.5228317222450873,0,1,1,0,0.09403354998460331,-0.03579749528718412
2586,0.6,0.5576714369929675,0,1,1,0,0.10154519194652577,-0.03183693485698435
2587,0.6,0.5669696528777795,0,0,1,0,0.10452094159860281,-0.027216801330437267
2588,0.6,0.6054876839653183,0,0,1,0,0.10438858649405149,-0.02158482154014813
2589,0.6,0.6284449972015604,0,0,1,0,0.10119188240369069,-0.014622699365439735
2590,0.6,0.6519051411625966,0,0,1,0,0.09461502808373438,-0.004524494488999832
2591,0.6,0.6994310117689014,0,0,1,0,0.08830988828000995,0.00720999239626813
2592,0.6,0.7703051686055397,0,0,1,0,0.07985450140107446,0.01809752291597939
2593,0.6,0.8342791721706859,1,0,1,0,0.06701003496062995,0.027653378850678666
2594,0.6,0.8827725213938024,1,0,1,0,0.0505865675052592,0.03238907534725094
2595,0.6,0.926780730865916,1,0,1,0,0.03656252392929973,0.03306978544444308
2596,0.6,0.9821138642625463,1,0,1,0,0.024890440495274294,0.029890051890396792
2597,0.6,0.9773804840440541,1,0,0,1,0.019924146764945506,0.017727890112187103
2598,0.6,0.9456030882726172,1,0,0,1,0.021470488589855143,0.002368691008311915
2599,0.6,0.8807330828906342,1,0,0,1,0.02345848282792756,-0.010713526550377087
2600,0.6,0.8492742165428997,1,0,0,1,0.022417044994553985,-0.020008509476679526
2601,0.6,0.8081689086424182,1,0,0,1,0.018750734975913494,-0.025716756386800464
2602,0.6,0.7953682648718114,1,0,0,1,0.01229369601870517,-0.027510409072252166
2603,0.6,0.8033979483333744,1,0,0,1,0.004988047748511746,-0.02691703312697231
2604,0.6,0.772963673443043,1,0,0,1,-0.00020771336219987794,-0.023240314895126016
2605,0.6,0.7765982388211815,1,0,0,1,-0.005787326765645397,-0.017263642973512103
2606,0.6,0.7974406327520238,1,0,0,1,-0.01314077834057962,-0.010645584132827735
2607,0.6,0.7617808586935929,1,1,0,1,-0.017326195727506332,-0.005889239117065851
2608,0.6,0.7649960716329305,1,1,0,1,-0.013257362612717321,-0.010332171626115681
2609,0.6,0.7369666605457048,0,1,0,1,-0.00668042719226431,-0.0207605758653737
2610,0.6,0.744457626067815,0,1,0,1,0.005078434474310689,-0.0345422432355709
2611,0.6,0.7151778450415165,1,1,0,1,0.021997676203652047,-0.04742716185188947
2612,0.6,0.6686247504564963,1,1,1,0,0.036820373877947773,-0.053769218855605774
2613,0.6,0.5765448143498028,0,1,1,0,0.04074156211576935,-0.057077717655318286
2614,0.6,0.5823586973325865,0,1,1,0,0.044195953955005994,-0.06313694349640178
2615,0.6,0.5487225459013539,0,1,1,0,0.0468228225107809,-0.07345133843213612
2616,0.6,0.5372548637417978,0,1,1,0,0.04532397812219187,-0.08338652905728622
2617,0.6,0.5208155767564476,0,1,1,0,0.04526062946587803,-0.0914202069672522
2618,0.6,0.4909210875617103,0,1,1,0,0.04714234220053596,-0.09388511600052714
2619,0.6,0.47657396919948275,0,1,1,0,0.04934176208174303,-0.09160775540763165
2620,0.6,0.471275680426332,0,1,1,0,0.05214848664076122,-0.08705385533866426
2621,0.6,0.49038723442419374,0,1,1,0,0.05441176121605771,-0.08291662951670564
2622,0.6,0.491410661609309,0,1,1,0,0.05389223261962021,-0.08035632417600672
2623,0.6,0.47994056327674056,0,1,1,0,0.05395284679552706,-0.07542049295130801
2624,0.6,0.5306360292674486,0,1,1,0,0.055541378245040685,-0.07353594176421116
2625,0.6,0.5329780774887568,0,1,1,0,0.0573198064423924,-0.0728416019502061
2626,0.6,0.5510876752971455,0,1,1,0,0.05791767336031638,-0.0708353446088929
2627,0.6,0.5877583970598484,0,1,1,0,0.05806319245722285,-0.06882143631689132
2628,0.6,0.6399291504081746,0,0,1,0,0.05595435351017802,-0.0657499146543738
2629,0.6,0.6758053382408947,0,0,1,0,0.04823518919150745,-0.05998161251071914
2630,0.6,0.6787514450399557,1,0,1,0,0.03247532734364465,-0.056524739187733715
2631,0.6,0.6989664069526464,1,0,1,0,0.015197314803304019,-0.056698459804068416
2632,0.6,0.7435989561619603,1,0,1,1,-0.0013667984332473642,-0.05882107066498569
2633,0.6,0.7739269008059629,1,0,1,1,-0.011715533937794856,-0.06081527765361161
2634,0.6,0.8173443039817221,1,0,1,1,-0.018965369507721905,-0.06265202058956666
2635,0.6,0.851234880241092,1,0,0,1,-0.021935957665129565,-0.06785922103945713
2636,0.6,0.8289731422768075,1,0,0,1,-0.019515637454332435,-0.07733408203625405
2637,0.6,0.8078431777210895,1,0,0,1,-0.01699997598883563,-0.08637535849386845
2638,0.6,0.7695207071603473,1,0,0,1,-0.015748594210482077,-0.09320063167935688
2639,0.6,0.7366826811684112,1,0,0,1,-0.016935553728417648,-0.09705464146021028
2640,0.6,0.7024111069119412,1,0,0,1,-0.02282613872324437,-0.09608937513679167
2641,0.6,0.7147063116014138,1,0,0,1,-0.03228509282837872,-0.09240376306507181
2642,0.6,0.7311799821379875,1,0,0,1,-0.03995720962591607,-0.08909294452972501
2643,0.6,0.7068073362611726,1,0,0,1,-0.04693179485536724,-0.08436475596521836
2644,0.6,0.7337197328719273,1,0,0,1,-0.05486617376596828,-0.07746901643220057
2645,0.6,0.7677191122619353,1,0,0,1,-0.06243473116923134,-0.07261377219784634
2646,0.6,0.7765698916390269,1,0,0,1,-0.06943584724133037,-0.06659013182985432
2647,0.6,0.8064252308899091,1,0,0,1,-0.07728288467305006,-0.05821517419946615
2648,0.6,0.8800302023978331,1,0,0,1,-0.08152149681710927,-0.05403224780902396
2649,0.6,0.8123053830355961,1,1,0,1,-0.07719267195886127,-0.053173517308774204
2650,0.6,0.8579372947684178,1,1,0,1,-0.06995973375012275,-0.05743034690498986
2651,0.6,0.8430607686119447,0,1,1,1,-0.06052532492969694,-0.06242076926492306
2652,0.6,0.8359254795343792,0,1,0,1,-0.05419930446832639,-0.06883422794654717
2653,0.6,0.7961332006739174,0,1,1,1,-0.05154898027460674,-0.080861524153785
2654,0.6,0.7266763158105063,0,1,1,0,-0.0547026166071367,-0.08968801199304317
2655,0.6,0.6978065967361231,0,1,1,0,-0.0583682149114109,-0.09622704481613928
2656,0.6,0.6289902248843922,0,1,1,0,-0.05961608100114983,-0.1006754747368623
2657,0.6,0.5666115858927007,0,1,1,0,-0.06022971725727062,-0.10254838398499468
2658,0.6,0.5115177566431175,0,1,1,0,-0.05980114881391254,-0.1037020597802378
2659,0.6,0.4665165967021238,0,1,1,0,-0.05834180150285117,-0.10544630032738074
2660,0.6,0.41494537982627505,0,1,1,0,-0.05490472235153433,-0.10650431919340211
2661,0.6,0.3993224734450639,0,1,1,0,-0.049642019860579756,-0.10881816881844553
2662,0.6,0.3666465382920534,0,1,1,0,-0.04450882764426206,-0.1104855878119472
2663,0.6,0.3523889983218719,0,1,1,0,-0.03942201603919665,-0.11038268834724466
2664,0.6,0.35266208364716034,0,1,1,0,-0.03569155923833764,-0.11015167043051094
2665,0.6,0.3637903579625473,0,1,1,0,-0.032534060426955655,-0.10986287054335644
2666,0.6,0.38575358990648795,0,1,1,0,-0.029781458318727354,-0.10899950325808767
2667,0.6,0.4067172002035693,0,1,1,0,-0.028960782076215445,-0.10808831783152799
2668,0.6,0.40762728905806156,0,1,1,1,-0.029826624753693087,-0.10752316691567936
2669,0.6,0.39343355113647926,0,1,1,1,-0.025347712971168848,-0.10127677040893612
2670,0.6,0.41376389683753406,0,1,1,1,-0.021421136728655126,-0.09421071672674679
2671,0.6,0.4176831114748537,1,0,1,1,-0.020975076561023234,-0.08648746139360393
2672,0.6,0.4533887843283743,1,0,1,1,-0.02299070511012577,-0.07949753636402802
2673,0.6,0.5030994040079061,1,0,1,1,-0.02636246100389348,-0.07411634619187607
2674,0.6,0.5159041131183906,1,0,1,1,-0.02837365889209807,-0.07077588185874382
2675,0.6,0.5201942442732864,1,0,1,1,-0.025786555331333432,-0.06847094317210689
2676,0.6,0.5130764760915387,1,0,1,1,-0.018552799422795297,-0.06745066661373021
2677,0.6,0.4922952816938506,1,0,1,1,-0.006651404803625206,-0.07027164962644486
2678,0.6,0.4451149933191309,1,0,0,1,0.006988486597222594,-0.07532056120269207
2679,0.6,0.41882070888297246,1,0,0,1,0.020525936896188663,-0.07953109210013443
2680,0.6,0.38025133128566013,1,0,0,1,0.0323924601702311,-0.08230096866752967
2681,0.6,0.36451457462144715,1,0,0,1,0.040418351888872155,-0.083230533496044
2682,0.6,0.3721107434646849,1,0,0,1,0.0451453418380234,-0.08459023490745934
2683,0.6,0.39071195973671524,1,0,0,1,0.048098961062638904,-0.086821330949107
2684,0.6,0.38431321118338807,1,0,0,1,0.05283112622803077,-0.08883329865895734
2685,0.6,0.3863540854775271,1,0,0,1,0.05810869965718834,-0.09066711368520923
2686,0.6,0.38271544452182393,1,0,0,1,0.062220040177003,-0.09205231962032277
2687,0.6,0.3624753138234258,1,0,0,1,0.06567626861661126,-0.09156940786666892
2688,0.6,0.3817173856981402,1,0,0,1,0.07244885419896956,-0.09293707122389736
2689,0.6,0.39234069470860417,1,0,0,1,0.08180762053093484,-0.09620201883821197
2690,0.6,0.3225640772819703,1,0,1,1,0.09237808166398102,-0.09739622598807375
2691,0.6,0.3399915943529024,1,0,1,1,0.09186505419072429,-0.08627196863280394
2692,0.6,0.34988485674009556,1,0,1,1,0.09098644767328672,-0.0753627579897571
2693,0.6,0.4228851919612932,1,0,1,1,0.08819165508751267,-0.06510657474456356
2694,0.6,0.45744197543553977,0,0,1,1,0.08724595317057501,-0.055714082093265865
2695,0.6,0.5008904759865223,0,0,1,1,0.08662283086432676,-0.04490646729692486
2696,0.6,0.4576302660746395,0,0,1,0,0.08236512010709629,-0.030182569246403574
2697,0.6,0.49714405961316793,0,0,1,0,0.07484451132137689,-0.014340192693706837
2698,0.6,0.5151565820389382,0,0,1,0,0.06608817052935556,-0.001756220278586731
2699,0.6,0.4824234200863316,0,1,1,0,0.05432653915227172,0.010124147949104687
2700,0.6,0.4608675892842664,0,1,1,0,0.049568918052644274,0.018426877759049342
2701,0.6,0.472862073813058,0,1,1,0,0.04964491530103513,0.021574891298118383
2702,0.6,0.46626508220151536,0,1,1,0,0.05224790474327341,0.020404744440454654
2703,0.6,0.4650287416194014,0,1,1,0,0.05608424870176569,0.01847906385239405
2704,0.6,0.47900083460942117,0,1,1,0,0.05785154108986535,0.016846768143422588
2705,0.6,0.5090849393051204,0,1,1,0,0.05956430405906567,0.01615861954377567
2706,0.6,0.5260727249354706,0,1,1,0,0.062144899997529195,0.01748204578021019
2707,0.6,0.564866928441923,0,1,1,0,0.06360020578390868,0.019903744724073576
2708,0.6,0.6006204968662935,0,1,1,0,0.06442314287982256,0.021990305519709676
2709,0.6,0.6511701037517776,0,1,1,0,0.06235634721786825,0.02302409719297845
2710,0.6,0.6856843639742559,0,1,1,0,0.058322599897600295,0.024414461543338095
2711,0.6,0.7422136065363613,0,1,1,0,0.0543317684373627,0.0273393911606734
2712,0.6,0.742092666347799,1,0,1,0,0.042473930347967835,0.027740871083865016
2713,0.6,0.7328976663521111,1,0,1,0,0.025608426142585294,0.02604265287353182
2714,0.6,0.7688832771113961,1,0,1,0,0.008912614654214219,0.02371104808214177
2715,0.6,0.8128646991052438,1,0,1,0,-0.008584142567278867,0.017464304633762726
2716,0.6,0.833757345550101,1,0,1,1,-0.0241434914113996,0.009765661319890056
2717,0.6,0.8139308466097507,1,0,1,1,-0.029046179096898873,0.005275422460837644
2718,0.6,0.81482558975112,1,0,0,1,-0.028543162414245093,-0.0011383009784149186
2719,0.6,0.801061373884437,1,0,0,1,-0.028944770614724242,-0.008997244524257977
2720,0.6,0.7754107218156485,1,0,0,1,-0.030641572072305428,-0.013650690628743394
2721,0.6,0.7504852262872415,1,0,0,1,-0.033273016746573236,-0.014501917068710603
2722,0.6,0.736571231054021,1,0,0,1,-0.03762855021417424,-0.013242991462085671
2723,0.6,0.7231380071293293,1,0,0,1,-0.04254271634919934,-0.009438527305286671
2724,0.6,0.7548783039287134,1,0,0,1,-0.04854743069074083,-0.005397118623913791
2725,0.6,0.7387993182065759,1,0,0,1,-0.05318273649764243,0.00023930553795969525
2726,0.6,0.764385424065474,1,0,0,1,-0.058103122270888125,0.008064002442116927
2727,0.6,0.7823516063558033,1,0,0,1,-0.06490229730717796,0.015213770604640098
2728,0.6,0.7847197738323476,1,0,0,1,-0.07107927094833577,0.024399111137496727
2729,0.6,0.8122748407277359,1,0,0,1,-0.07842599603839816,0.03585345442596733
2730,0.6,0.887631803046953,1,0,0,1,-0.08435982234042023,0.04163013097658733
2731,0.6,0.923085607676511,1,0,0,1,-0.08581666917638892,0.04385875425726253
2732,0.6,0.9714125840607388,1,1,0,1,-0.08230774467844157,0.044608013834660294
2733,0.6,1.0291726893953794,0,1,0,1,-0.07040366010060974,0.04314580369692505
2734,0.6,1.0458748766109696,0,1,1,1,-0.0526143927123045,0.0417642636540952
2735,0.6,1.0174465124156002,0,1,1,0,-0.04520859016131305,0.041907977527740684
2736,0.6,1.0115522154789431,0,1,1,0,-0.04740703318377952,0.04066756062778262
2737,0.6,0.9786800847808549,0,1,1,0,-0.054628099262982545,0.03669390406237238
2738,0.6,0.9458237626547406,0,1,1,0,-0.06226082478246812,0.031452922908735505
2739,0.6,0.9166605077116909,0,1,1,0,-0.06744107003674926,0.026266902142809075
2740,0.6,0.8837527574960208,0,1,1,0,-0.06993574398792456,0.022947338695337344
2741,0.6,0.8716615097042416,0,1,1,0,-0.06848945957575432,0.020450000281869263
2742,0.6,0.8787529934915049,0,1,1,0,-0.06613037816119767,0.01765564149153908
2743,0.6,0.8633799790499626,0,1,1,0,-0.06477797076329131,0.01681523718143628
2744,0.6,0.8614596082906741,0,1,1,0,-0.06379554898489016,0.01861079551500822
2745,0.6,0.8710232179199386,0,1,1,0,-0.06399735003749453,0.020708678102834575
2746,0.6,0.8969398479680846,0,1,1,0,-0.0654936733888997,0.022194165371588217
2747,0.6,0.915849815161109,0,1,1,0,-0.06689838200996498,0.023950492369220408
2748,0.6,0.9334930653971846,0,1,1,0,-0.06894464779118951,0.026924379888213234
2749,0.6,0.9473954051627717,0,1,1,0,-0.07152087057827111,0.03058606788985963
2750,0.6,0.9613123603883474,1,1,1,0,-0.0758696262812552,0.034310334170107586
2751,0.6,0.9461191197202029,1,0,1,0,-0.08502962417049478,0.038340098729935296
2752,0.6,0.9908357052892607,1,0,1,0,-0.09860666932123478,0.04004612513049949
2753,0.6,0.9896695301361698,1,0,1,1,-0.11075118488920548,0.04101551900948591
2754,0.6,0.9699240885221171,1,0,0,1,-0.11479482366075491,0.04253389762990463
2755,0.6,0.9469298447383834,1,0,0,1,-0.1140358844582542,0.04286181840383628
2756,0.6,0.9283880769896378,1,0,0,1,-0.11181995112877095,0.043184229663218644
2757,0.6,0.9331361036850008,1,0,0,1,-0.11013133560362501,0.04221547821455079
2758,0.6,0.9403891840704228,1,0,0,1,-0.110597181897785,0.03983210526904427
2759,0.6,0.9524393839312013,1,0,0,1,-0.11194449497879543,0.03978160338052528
2760,0.6,0.9612299356029956,1,0,0,1,-0.10913570098255584,0.042034375098989996
2761,0.6,0.9729086448597851,1,0,0,1,-0.10248221075276451,0.048012537880814776
2762,0.6,0.9727455011302286,1,0,0,1,-0.10160952302940207,0.05718577454908554
2763,0.6,0.9868692979251636,1,0,0,1,-0.10338349622019284,0.06789580101307655
2764,0.6,0.9967112425184323,1,0,0,1,-0.106372834278488,0.07769335361176478
2765,0.6,0.99100907045649,1,0,0,1,-0.11068416613241107,0.08899611857294547
2766,0.6,0.9932653358000314,1,1,0,1,-0.11594494924865806,0.1001559985083355
2767,0.6,0.9820945211668051,1,1,0,1,-0.1081234911635813,0.09642690723361645
2768,0.6,0.8384797409936994,1,1,0,1,-0.09209337814855964,0.0832892645093142
2769,0.6,0.7964321883145582,0,1,0,1,-0.07390010976902354,0.06619523991416455
2770,0.6,0.7580398820194506,0,1,1,1,-0.05133013281382446,0.0459404083738275
2771,0.6,0.665586902658048,0,1,1,0,-0.04191797169514096,0.033908581572289216
2772,0.6,0.6867980251163335,0,1,1,0,-0.037819525381553136,0.023517670634857428
2773,0.6,0.6597555810217328,0,1,1,0,-0.03723857404290188,0.010675733679187638
2774,0.6,0.6548799742928522,0,1,1,0,-0.04097637693867556,2.420478835643146e-06
2775,0.6,0.6487104354256915,0,1,1,0,-0.04486671599613228,-0.009643856789444034
2776,0.6,0.6147249942396982,0,1,1,0,-0.049392939317173645,-0.01600630084333354
2777,0.6,0.6019291481663553,0,0,1,0,-0.05091111058105841,-0.019167346616145418
2778,0.6,0.6226184785514708,0,0,1,0,-0.05083775761809651,-0.021204810320293643
2779,0.6,0.6138217809141082,0,0,1,0,-0.05296250912492592,-0.022273932291338224
2780,0.6,0.5800242222516168,0,0,1,0,-0.054372612021334525,-0.017420615496804105
2781,0.6,0.6055419198165953,0,1,1,0,-0.051786584239222715,-0.011197551330427819
2782,0.6,0.5885763299935273,0,1,1,0,-0.05112783308812831,-0.007404560465800312
2783,0.6,0.5700595978320342,0,1,1,0,-0.05015489480713692,-0.003550962395758504
2784,0.6,0.5973801937646551,0,1,1,0,-0.047426670435228774,-0.0017942068465661215
2785,0.6,0.6303310054523371,0,1,1,0,-0.04547301322663035,-0.0026859036743488744
2786,0.6,0.6668291996031614,0,1,1,0,-0.045007300910183415,-0.0035093335790443965
2787,0.6,0.6990969018586014,0,1,1,0,-0.04589435940184818,-0.003033838074105006
2788,0.6,0.7285748587231765,0,1,1,1,-0.047495189916752806,-0.001605779717976888
2789,0.6,0.7358570000517912,0,0,1,1,-0.047824206094415636,0.005450178132344385
2790,0.6,0.7175309457599339,1,0,1,1,-0.0532680217894519,0.01736871574067589
2791,0.6,0.7669606823413997,1,0,1,1,-0.060176436444587075,0.026188523465296282
2792,0.6,0.7573828047858375,1,0,0,1,-0.06357402237869743,0.029529046001764554
2793,0.6,0.7558669247260212,1,0,0,1,-0.060567657090189554,0.0293810338348805
2794,0.6,0.7188641825749605,1,0,0,1,-0.05431670202782765,0.0286317502532822
2795,0.6,0.7071466604863775,1,0,0,1,-0.04718768555105871,0.027121056674482287
2796,0.6,0.7017799663615993,1,0,0,1,-0.042918137539207896,0.023071153808751275
2797,0.6,0.701832040219139,1,0,0,1,-0.04223759944256714,0.019284466185825133
2798,0.6,0.7104669727572855,1,0,0,1,-0.042750456052049315,0.015579243547767768
2799,0.6,0.7215488901692256,1,0,0,1,-0.041493696829867546,0.012183331939570259
2800,0.6,0.7166772422258286,1,0,0,1,-0.04031080904113777,0.009725535792664436
2801,0.6,0.7213540663043573,1,0,0,1,-0.03926206207933516,0.008836306729407876
2802,0.6,0.7190146969077731,1,0,0,1,-0.039097023894188086,0.010371911278082735
2803,0.6,0.7113571162101004,1,0,0,1,-0.03914578176283517,0.013676598428521161
2804,0.6,0.6976680799575278,1,0,0,1,-0.039744741521992984,0.018887558004149124
2805,0.6,0.7450676559293128,1,0,0,1,-0.04075376806775682,0.021592732848547964
2806,0.6,0.7494908149676044,1,0,0,1,-0.04056913610315129,0.020307358590540545
2807,0.6,0.6879408723050484,1,1,0,1,-0.03162362253692981,0.015932624941465235
2808,0.6,0.7073838264473731,1,1,0,1,-0.01979743410076386,0.005465924555411919
2809,0.6,0.6328821052490258,1,1,1,0,-0.011562920218605409,-0.0022631529281524993
2810,0.6,0.5440617459409345,0,1,1,0,-0.009927767311211802,-0.004773343218898677
2811,0.6,0.5891592587421158,0,1,1,0,-0.007277683125971956,-0.010648578123902323
2812,0.6,0.5673828909258287,0,1,1,0,-0.0029226600838212977,-0.015937369456246145
2813,0.6,0.5755389072697795,0,1,1,0,-0.0006663127650993517,-0.018441040680364958
2814,0.6,0.5738262157080415,0,1,1,0,0.0024201270438058385,-0.020192611960519913
2815,0.6,0.5777357981811271,0,1,1,0,0.006399335048502484,-0.02048511027649794
2816,0.6,0.5748973591203447,0,1,1,0,0.009937733132514347,-0.020066950898837952
2817,0.6,0.5756310563873206,0,1,1,0,0.011997206705033278,-0.019285286183984684
2818,0.6,0.5751455092073872,0,1,1,0,0.013500161561545002,-0.018403509127000894
2819,0.6,0.582470477240382,0,1,1,0,0.015043314208737883,-0.017111699776932516
2820,0.6,0.5890222908642404,0,1,1,0,0.016921380881614153,-0.015025590280514738
2821,0.6,0.6016965833722425,0,1,1,0,0.018772691736995587,-0.012481208447712803
2822,0.6,0.6265286446376732,0,1,1,0,0.019394143741188294,-0.010535370781411755
2823,0.6,0.6447165448087887,0,1,1,0,0.018728428339284113,-0.009526336243525167
2824,0.6,0.6815560137970071,0,1,1,0,0.017132192984778517,-0.00909139022274695
2825,0.6,0.7148673176489047,0,1,1,0,0.01635489771277492,-0.008171653615019907
2826,0.6,0.7670783729211393,0,1,1,0,0.01539789272843026,-0.007142771001290457
2827,0.6,0.7917989159912897,0,1,1,0,0.012361554157167984,-0.0062005194038098795
2828,0.6,0.7870236028813011,1,1,1,0,0.005250244910969599,-0.005695970931202894
2829,0.6,0.7560217730592271,1,0,1,1,0.0005469150669305703,-0.003541235493115355
2830,0.6,0.7692578477136428,1,0,1,1,-0.006698667734017082,0.002912949148628034
2831,0.6,0.7723755542306237,1,0,1,1,-0.016369930611053667,0.007509271809336313
2832,0.6,0.8388069068908247,1,0,0,1,-0.02469599207730526,0.006023564471000659
2833,0.6,0.8037352943305315,1,0,0,1,-0.028735610317635035,0.0005910997566039557
2834,0.6,0.775519443640342,1,0,0,1,-0.026874319287914863,-0.0007577484543766613
2835,0.6,0.7610803154045487,1,0,0,1,-0.02511370261514302,-0.0017308854607414497
2836,0.6,0.7477208721568503,1,0,0,1,-0.024689400731445935,-0.00227008162198315
2837,0.6,0.7423811181555378,1,0,0,1,-0.02496178607697686,-0.003902668303902369
2838,0.6,0.7309812314622592,1,0,0,1,-0.027012631621282465,-0.004542922850405113
2839,0.6,0.7480855797181064,1,0,0,1,-0.029010101409277064,-0.005265816835600085
2840,0.6,0.7353419980699827,1,0,0,1,-0.028067305759046594,-0.005535302068651407
2841,0.6,0.7485886777324032,1,0,0,1,-0.027099561164415226,-0.004333347179151273
2842,0.6,0.7509368032238067,1,0,0,1,-0.029196081110559175,-0.002527727969304738
2843,0.6,0.7679371846209294,1,0,0,1,-0.03119424831180369,-0.0011246580073988374
2844,0.6,0.751121868829111,1,0,0,1,-0.034448601211845634,0.0026444034455939667
2845,0.6,0.7850239952905631,1,0,0,1,-0.03695582972101701,0.006441794168689448
2846,0.6,0.7858272675276017,1,0,0,1,-0.03907374127917189,0.010114718002406832
2847,0.6,0.8325295935501065,1,0,0,1,-0.038023917660446674,0.012084772424004322
2848,0.6,0.8733690532617623,1,0,0,1,-0.03401528727908171,0.011514966964888736
2849,0.6,0.8415192322622075,1,1,0,1,-0.023813710352401877,0.009566580576893758
2850,0.6,0.8589849020803669,1,1,1,1,-0.016422869405089545,0.00487362507714017
2851,0.6,0.8149666078613877,0,1,1,0,-0.017195526524249504,-0.0006638762275348758
2852,0.6,0.8396370577990103,0,1,1,0,-0.01693213256237727,-0.010173305870134314
2853,0.6,0.8103312652591497,0,1,1,0,-0.016045300735279065,-0.019243538799593868
2854,0.6,0.8045033913099068,0,1,1,0,-0.015135606397050659,-0.02478897259976875
2855,0.6,0.7934966246834035,0,1,1,0,-0.01294383858892805,-0.029054794619108197
2856,0.6,0.78008279778988,0,1,1,0,-0.010517773106012061,-0.030791290868099962
2857,0.6,0.7706267367534541,0,1,1,0,-0.009513338955123208,-0.030883471541451487
2858,0.6,0.7601817974049376,0,1,1,0,-0.010605118741553782,-0.03081812025122523
2859,0.6,0.7385551266419881,0,1,1,0,-0.011510900643165598,-0.030139365583087593
2860,0.6,0.7199215319141437,0,1,1,0,-0.011488801726199325,-0.028624756808272554
2861,0.6,0.6923870501750411,0,1,1,0,-0.011106426114908217,-0.026645810119510612
2862,0.6,0.6713235928458604,0,1,1,0,-0.009572241057095652,-0.023379099058755643
2863,0.6,0.6792128477410314,0,1,1,0,-0.007920463366927453,-0.020657800715011356
2864,0.6,0.6622529460534532,0,1,1,0,-0.008008341584657411,-0.017699500057483903
2865,0.6,0.6622577198923099,0,1,1,0,-0.009477715477939751,-0.014077400373418638
2866,0.6,0.681128795410847,0,1,1,0,-0.008785142725102732,-0.012065917483258434
2867,0.6,0.7189474634473231,0,1,1,0,-0.008223607796166411,-0.011865624848054998
2868,0.6,0.7434575426817409,0,1,1,0,-0.008550034435045917,-0.012201971525565137
2869,0.6,0.783262376554092,0,1,1,1,-0.009318207988138165,-0.011905922421791995
2870,0.6,0.7784415196775601,1,1,1,1,-0.007996356553141798,-0.007866779703622755
2871,0.6,0.7532836830257111,1,0,1,1,-0.009605240731001278,-0.001785052932860524
2872,0.6,0.8033667019701958,1,0,1,1,-0.014748305997132938,0.001411925650832263
2873,0.6,0.7867728452513053,1,0,0,1,-0.01741567541175897,0.00013697423567256978
2874,0.6,0.7926467251208379,1,0,0,1,-0.016893717224870097,-0.003002412792565248
2875,0.6,0.7641836755774749,1,0,0,1,-0.01518176517652497,-0.007140618556808258
2876,0.6,0.7440565152953582,1,0,0,1,-0.012240666725431143,-0.010638001452197177
2877,0.6,0.7265284161393226,1,0,0,1,-0.009879572191703012,-0.014928877041023613
2878,0.6,0.7037062104159411,1,0,0,1,-0.007535859598809144,-0.01770463428865218
2879,0.6,0.6896378193918071,1,0,0,1,-0.0048747214045308275,-0.01913934153249426
2880,0.6,0.6901621318842349,1,0,0,1,-0.002534212564301276,-0.020577165192582673
2881,0.6,0.6870476812946392,1,0,0,1,-0.00043851068726823324,-0.02321820885804369
2882,0.6,0.6876967940261007,1,0,0,1,0.00030410287520857065,-0.02541767453642451
2883,0.6,0.6946613739873874,1,0,0,1,0.0008167824548915007,-0.02681987911491143
2884,0.6,0.6858655088855222,1,0,0,1,0.001393816973521788,-0.026664203755527766
2885,0.6,0.680796620963811,1,0,0,1,0.0014297418093584,-0.02490511889696164
2886,0.6,0.6710145882046502,1,0,0,1,0.0009057604281343419,-0.021607069341085278
2887,0.6,0.6953972249901132,1,0,0,1,0.0018098945053677947,-0.019518606698935966
2888,0.6,0.7011361356631532,1,0,0,1,0.006030880159597865,-0.019169427022942435
2889,0.6,0.7323006198769003,1,0,0,1,0.011884538158698364,-0.019185576146456756
2890,0.6,0.7273408433248262,1,0,1,1,0.015147190652005631,-0.017881550065748732
2891,0.6,0.7567585898176715,1,0,1,1,0.013941819232048189,-0.012383164774258064
2892,0.6,0.7461382713861483,0,1,1,1,0.014107077680509334,-0.007391103160180744
2893,0.6,0.7955899259102172,0,1,1,0,0.016008274594748927,-0.00663858531207053
2894,0.6,0.794529325852816,0,1,1,0,0.014123460014129393,-0.00905215924345082
2895,0.6,0.7841710648163136,0,1,1,0,0.009879011510392324,-0.010163664777897654
2896,0.6,0.7776729914718542,0,1,1,0,0.0056887774525697325,-0.010910600633243608
2897,0.6,0.7853971909769857,0,1,1,0,0.005222342181855805,-0.012649065241097381
2898,0.6,0.7755260801830737,0,1,1,0,0.006687096186734828,-0.013207674117529681
2899,0.6,0.7702522398517958,0,1,1,0,0.0063116968132539055,-0.01350084040543995
2900,0.6,0.7506974014127349,0,1,1,0,0.005184562849219278,-0.01356948933971963
2901,0.6,0.7338052997865114,0,1,1,0,0.00436592731576889,-0.012899920252935711
2902,0.6,0.7175950464164502,0,1,1,0,0.003478318005775507,-0.01302529844366399
2903,0.6,0.6895555074813856,0,1,1,0,0.0036720200872555463,-0.012210906141054152
2904,0.6,0.6832445750931911,0,1,1,0,0.003928378331017458,-0.011396588798968346
2905,0.6,0.6926022730267578,0,1,1,0,0.0029563240286545386,-0.011854527856396884
2906,0.6,0.6816831513906032,0,1,1,0,-0.0007040413830592128,-0.01263936643990847
2907,0.6,0.7034535772711432,0,1,1,0,-0.004648528699454585,-0.013181326622421599
2908,0.6,0.7150698535532066,0,1,1,0,-0.0069201231356624095,-0.013846023246592372
2909,0.6,0.7384937967008095,0,1,1,0,-0.010406121677333213,-0.014490292903419673
2910,0.6,0.7564050841117148,0,1,1,0,-0.014221143892217125,-0.016110437465100432
2911,0.6,0.7493576089028443,0,1,1,1,-0.015727139234817653,-0.014978447556262191
2912,0.6,0.7456827677516097,1,1,1,1,-0.016731778561236095,-0.009700137166229337
2913,0.6,0.7367423735914768,1,0,1,1,-0.02006972121357639,-0.006216388795947957
2914,0.6,0.7661376489768089,1,0,0,1,-0.025625636694980206,-0.0044096756411335855
2915,0.6,0.7787760999214317,1,0,0,1,-0.02854242809723606,-0.0074253524460485346
2916,0.6,0.7408773675396074,1,0,0,1,-0.02812068991648482,-0.008923703754409876
2917,0.6,0.7097146336669048,1,0,0,1,-0.024968081338114463,-0.0075348270150090635
2918,0.6,0.706406169413751,1,0,0,1,-0.02278333292802934,-0.00709770380144143
2919,0.6,0.6911484299309175,1,0,0,1,-0.022846884196973585,-0.007958699785936416
2920,0.6,0.6832031078019202,1,0,0,1,-0.02257486537242869,-0.00872837143535773
2921,0.6,0.6739401871019783,1,0,0,1,-0.02131325802700737,-0.009172150185803305
2922,0.6,0.680191853940166,1,0,0,1,-0.019224940527817102,-0.009714686686913736
2923,0.6,0.6919396712068576,1,0,0,1,-0.018314516074306626,-0.012141037100104866
2924,0.6,0.6949151616568587,1,0,0,1,-0.018763596738135317,-0.015073922518792892
2925,0.6,0.6999713798473166,1,0,0,1,-0.018717600384463955,-0.017089076942849418
2926,0.6,0.6982392159188355,1,0,0,1,-0.017555599626487596,-0.01726165230647251
2927,0.6,0.6849037099698028,1,0,0,1,-0.016554922375333715,-0.014849880624978589
2928,0.6,0.7032918325088456,1,0,0,1,-0.014793304927923218,-0.012788208532049771
2929,0.6,0.7158838439236768,1,0,0,1,-0.012344003771755006,-0.011097641899981258
2930,0.6,0.7288066959228615,1,0,0,1,-0.00699294056547078,-0.010333574163871572
2931,0.6,0.7572654142624929,1,0,0,1,-0.0007398075601673729,-0.010123483945836783
2932,0.6,0.7413571198564031,1,0,1,1,0.0022243515580107733,-0.007479669652110191
2933,0.6,0.7387814100692431,1,1,1,1,0.003516669304169061,-0.001459907575026581
2934,0.6,0.7445306413984693,0,1,1,0,0.007821624274240416,-7.153884768757999e-05
2935,0.6,0.7905022595610341,0,1,1,0,0.009216088408175322,-0.0028887041804545443
2936,0.6,0.7884059349514573,0,1,1,0,0.008319962525999078,-0.006897080756355536
2937,0.6,0.7769327314555713,0,1,1,0,0.005414876953687309,-0.008849319353271884
2938,0.6,0.7627102299370299,0,1,1,0,0.0024481550868669273,-0.009651887323181414
2939,0.6,0.7632837356591667,0,1,1,0,0.002932552715303855,-0.010655007412912938
2940,0.6,0.7572414086307552,0,1,1,0,0.005286358136860007,-0.01078316174083013
2941,0.6,0.7432317960994715,0,1,1,0,0.006421358087054825,-0.010522659806854576
2942,0.6,0.7331380035058653,0,1,1,0,0.006886772967884377,-0.010161071786402564
2943,0.6,0.7115814828603284,0,1,1,0,0.007237780503021214,-0.009988926723964004
2944,0.6,0.6937298778168945,0,1,1,0,0.007730512780037271,-0.009038257018277046
2945,0.6,0.6819799380140761,0,1,1,0,0.008132790722974372,-0.00926511669257302
2946,0.6,0.6606121004745995,0,1,1,0,0.008054268931420302,-0.00854888813417249
2947,0.6,0.6626185814313508,0,1,1,0,0.007334414237353552,-0.007985442228725895
2948,0.6,0.654552338358119,0,1,1,0,0.0051285594155676675,-0.0077746303393366675
2949,0.6,0.660126373505543,0,1,1,0,0.0025980629023862572,-0.006987389792666555
2950,0.6,0.6822937003796083,0,1,1,0,0.0016265206801657113,-0.006398142695219802
2951,0.6,0.7201546347072321,0,1,1,0,9.734065073084785e-05,-0.0069429459497241065
2952,0.6,0.7406091727369323,0,1,1,0,-0.0014318729504098266,-0.007634583879454794
2953,0.6,0.7503796307040789,1,1,1,1,-0.0018243068536265268,-0.005859679168095255
2954,0.6,0.7703422158344161,1,1,1,1,-0.00344871412981773,-0.0029786682926523896
2955,0.6,0.7316641683686952,1,0,1,1,-0.005761169295646,1.3390735873450458e-05
2956,0.6,0.7630951234929202,1,0,0,1,-0.010558513979683973,0.0025620441523769044
2957,0.6,0.7738947845711623,1,0,0,1,-0.014179789145670403,-0.000753291031858883
2958,0.6,0.7459372028612837,1,0,0,1,-0.015425976681253391,-0.004524510053684534
2959,0.6,0.7266009746759777,1,0,0,1,-0.01422617348679333,-0.007208990446001818
2960,0.6,0.7211954965992653,1,0,0,1,-0.012343056320277764,-0.010654795373308443
2961,0.6,0.6993669656671551,1,0,0,1,-0.010489224129379346,-0.014384122360749558
2962,0.6,0.6892735965046274,1,0,0,1,-0.00798231060132126,-0.017169013085950285
2963,0.6,0.6740013233391852,1,0,0,1,-0.004570184922365643,-0.01946808517183663
2964,0.6,0.6698557000064844,1,0,0,1,-0.0009723206716915119,-0.02078147247771329
2965,0.6,0.6716892556636164,1,0,0,1,0.0008407407661106155,-0.022630055588231123
2966,0.6,0.6806378914348574,1,0,0,1,0.001755997439053402,-0.025120831254165355
2967,0.6,0.6829853490497864,1,0,0,1,0.0014991102824010421,-0.026499978460619567
2968,0.6,0.6695861734489182,1,0,0,1,-0.00013635916557646797,-0.025356499125021713
2969,0.6,0.67949774848904,1,0,0,1,-0.0009446724648613221,-0.023652642118471713
2970,0.6,0.6730262309053544,1,0,0,1,-0.0013323366097581866,-0.021256237246421276
2971,0.6,0.6878629246919957,1,0,0,1,-0.0006027081855905969,-0.018671052983374774
2972,0.6,0.7026188096738143,1,0,0,1,0.004131891203986752,-0.018284640100277354
2973,0.6,0.7364389949989064,1,0,0,1,0.010456097801589898,-0.01887751229169673
2974,0.6,0.7107346472174937,1,0,1,1,0.012605872503284252,-0.015898540720371716
2975,0.6,0.7594676496307756,1,0,1,1,0.010498355149091863,-0.00854205425198374
2976,0.6,0.7326981393365063,0,1,1,0,0.01266788833960466,-0.003257025235244171
2977,0.6,0.7916169428968756,0,1,1,0,0.015759300246066883,-0.003322440042003023
2978,0.6,0.781849541481696,0,1,1,0,0.014396605669297506,-0.006427020198253831
2979,0.6,0.7790024904109764,0,1,1,0,0.010350259536776039,-0.008380146599459794
2980,0.6,0.7763309597002581,0,1,1,0,0.0063516434647793215,-0.010721768682470344
2981,0.6,0.7756053668643691,0,1,1,0,0.00496028452922945,-0.01385358632333309
2982,0.6,0.7642482315912771,0,1,1,0,0.004888066174663706,-0.015633427566236407
2983,0.6,0.7560965353082748,0,1,1,0,0.003778620499713543,-0.016708877009655003
2984,0.6,0.7334172020473535,0,1,1,0,0.002536261294444121,-0.016783175315297175
2985,0.6,0.7158499281016578,0,1,1,0,0.0015825089750065384,-0.016077195670688514
2986,0.6,0.7054493716132308,0,1,1,0,0.0015254729023281993,-0.016574748749766683
2987,0.6,0.6670210233614713,0,1,1,0,0.0016542825396750726,-0.015840936262099557
2988,0.6,0.6690978514455176,0,1,1,0,0.001225424246700919,-0.014760717477186555
2989,0.6,0.6733374364871586,0,1,1,0,4.950381275989075e-05,-0.014785326502395175
2990,0.6,0.6635208208982497,0,1,1,0,-0.0031572167509264673,-0.014227293105368254
2991,0.6,0.6675959585288769,0,1,1,0,-0.006268389744282501,-0.013304538895675972
2992,0.6,0.6956205871813221,0,1,1,0,-0.007879296291644333,-0.013540636628624814
2993,0.6,0.7146866495259339,0,1,1,0,-0.010115644874070278,-0.015070358941571235
2994,0.6,0.7536310482680354,0,1,1,0,-0.012943015720486723,-0.017041471682801644
2995,0.6,0.721095375662949,0,1,1,1,-0.013417745644708266,-0.01504792222299289
2996,0.6,0.7570374320037176,1,1,1,1,-0.013244477207883574,-0.010229047708898036
2997,0.6,0.7370971798777177,1,0,1,1,-0.016765042613265477,-0.007472039352059824
2998,0.6,0.7661802696444426,1,0,0,1,-0.021574957665377426,-0.004069882164970399
2999,0.6,0.7826430460740528,1,0,0,1,-0.025329403565391866,-0.004632280614201662
3000,0.6,0.7571510597788051,1,0,0,1,-0.025790182337264756,-0.005828695485588981
3001,0.6,0.7196472340968156,1,0,0,1,-0.022786813235525213,-0.005063965031304211
3002,0.6,0.7135747420036248,1,0,0,1,-0.01885614628472464,-0.005495452256047337
3003,0.6,0.7076589179283943,1,0,0,1,-0.017027794980916305,-0.00863503400906811
3004,0.6,0.6873651893323631,1,0,0,1,-0.016695340537663056,-0.010369166088025133
3005,0.6,0.6981916115907473,1,0,0,1,-0.01580020641480719,-0.012320827268162405
3006,0.6,0.6985573885054746,1,0,0,1,-0.012957525103684947,-0.015925867702572673
3007,0.6,0.6916907269200645,1,0,0,1,-0.009822082059448746,-0.01887072973445571
3008,0.6,0.6946165157976077,1,0,0,1,-0.007653685159448675,-0.019230986245483805
3009,0.6,0.6933120162891304,1,0,0,1,-0.006247993625262542,-0.017458555708954927
3010,0.6,0.688327682765944,1,0,0,1,-0.005922153032629407,-0.01494558420954806
3011,0.6,0.6816637488525283,1,0,0,1,-0.005921360362443535,-0.012718147069840747
3012,0.6,0.663138516588984,1,0,0,1,-0.006681689913185678,-0.009312744700777234
3013,0.6,0.6902190089172426,1,0,0,1,-0.006535109932089128,-0.007302962320980916
3014,0.6,0.6911564736547264,1,0,0,1,-0.003942103135526875,-0.0067744573089092205
3015,0.6,0.726439259591078,1,0,0,1,0.0005184115750450454,-0.007199652174266025
3016,0.6,0.7158256977372263,1,0,1,1,0.0030067418582926126,-0.005987135050529897
3017,0.6,0.7157028303663522,1,1,1,1,0.005411762657680367,-0.0013914775708058081
3018,0.6,0.7549835652728156,0,1,1,1,0.012583537999485323,-0.0004306607802577572
3019,0.6,0.7972845946410201,0,1,1,0,0.018923719683781065,-0.0020298817169178366
3020,0.6,0.7837609850588797,0,1,1,0,0.019442893453744715,-0.00486309339603817
3021,0.6,0.7914212056877385,0,1,1,0,0.016217584592249732,-0.007140959041005989
3022,0.6,0.7809739397675372,0,1,1,0,0.010515401232162968,-0.00954134329202742
3023,0.6,0.7725812223082653,0,1,1,0,0.006068177238197339,-0.012357389506718039
3024,0.6,0.7583769617750666,0,1,1,0,0.00519344360751259,-0.013850704283876575
3025,0.6,0.7499683562619649,0,1,1,0,0.005943995414493577,-0.013951578647396826
3026,0.6,0.7319895036311076,0,1,1,0,0.007505790536932557,-0.012758385437517701
3027,0.6,0.7284447439868166,0,1,1,0,0.008952759721479084,-0.0115129523365262
3028,0.6,0.7084110254730622,0,1,1,0,0.009966344309919578,-0.011060029914272868
3029,0.6,0.6954064442428621,0,1,1,0,0.010645768860181992,-0.009114992458895169
3030,0.6,0.6961586037353182,0,1,1,0,0.010858981065807589,-0.008086005897522317
3031,0.6,0.6881183086091099,0,1,1,0,0.010238681811668421,-0.006504982160720039
3032,0.6,0.6889724341859224,0,1,1,0,0.008233318315083976,-0.005389307251306797
3033,0.6,0.7032446421273088,0,1,1,0,0.005556110631482951,-0.005302772342037772
3034,0.6,0.7206501393398319,0,1,1,0,0.0034966161733001773,-0.005591737623923934
3035,0.6,0.7534733536655106,0,1,1,0,0.0014993370767258309,-0.006215164756422119
3036,0.6,0.7839909278413177,0,1,1,0,-0.0007117540917732253,-0.00742124802903577
3037,0.6,0.7871120583464174,1,1,1,1,-0.0020752727339487863,-0.006887013384941625
3038,0.6,0.7692576477068601,1,1,1,1,-0.0023042962711326133,-0.0014780102247494557
3039,0.6,0.7662104159567741,1,0,1,1,-0.006961854021036812,0.003587460159751101
3040,0.6,0.7908549013749807,1,0,0,1,-0.01320683297480989,0.0040132634537825415
3041,0.6,0.7997294253850751,1,0,0,1,-0.017713615920116933,0.0003706876246527563
3042,0.6,0.7725990675734281,1,0,0,1,-0.018899011666605754,-0.0020727336881542686
3043,0.6,0.7497895066009751,1,0,0,1,-0.017282968213993857,-0.0034902570111798583
3044,0.6,0.7343576351584729,1,0,0,1,-0.014718422087649476,-0.0058136723518768954
3045,0.6,0.7157735046141035,1,0,0,1,-0.012047198544892853,-0.00923427496437776
3046,0.6,0.6992544779773657,1,0,0,1,-0.010216771318895252,-0.012394924606471076
3047,0.6,0.6884960693984606,1,0,0,1,-0.00809154683235251,-0.015011379599451782
3048,0.6,0.6910079065482531,1,0,0,1,-0.005208938557960093,-0.017925856075638583
3049,0.6,0.6983279754128046,1,0,0,1,-0.003957662665242452,-0.0228004578114484
3050,0.6,0.7014957316722121,1,0,0,1,-0.003570376458222482,-0.028039722726067567
3051,0.6,0.7035704417379892,1,0,0,1,-0.004151437339627418,-0.030725006472555588
3052,0.6,0.7187470859385683,1,0,0,1,-0.0033823529660527217,-0.03252331411696417
3053,0.6,0.7045785875866286,1,0,0,1,-0.000881619622795408,-0.03223539525936994
3054,0.6,0.7125879404229783,1,0,0,1,0.0016955427806888126,-0.0294236378976182
3055,0.6,0.7260985460760555,1,0,0,1,0.004982796300730318,-0.027384787992039115
3056,0.6,0.7327978956845373,1,0,0,1,0.010670742512090365,-0.025965482274790726
3057,0.6,0.7731855240992753,1,0,0,1,0.017706564254855606,-0.026362105371215836
3058,0.6,0.7338668929930762,1,0,1,1,0.020915461181813835,-0.023953853823282658
3059,0.6,0.7684328713478593,1,0,1,1,0.018836447847129262,-0.015553677430128972
3060,0.6,0.7727635418237315,0,1,1,0,0.016410068300842018,-0.009684351549681603
3061,0.6,0.8263799544720297,0,1,1,0,0.015154589849487955,-0.008031716006767943
3062,0.6,0.8158614363520275,0,1,1,0,0.01270621201437759,-0.009323520562682427
3063,0.6,0.7927348754615653,0,1,1,0,0.008536157033843784,-0.008660307929797037
3064,0.6,0.7805662375757306,0,1,1,0,0.006738185705338999,-0.006801806445631464
3065,0.6,0.7766568363455848,0,1,1,0,0.00974677711927666,-0.005052108424891371
3066,0.6,0.7687283057692557,0,1,1,0,0.014239663735740616,-0.0031680425079821588
3067,0.6,0.7643948238096454,0,1,1,0,0.016780527995506098,-0.0023187596370007795
3068,0.6,0.7508800546327186,0,1,1,0,0.01772173912269086,-0.0023804777659727034
3069,0.6,0.7351183639356947,0,1,1,0,0.018112059597989047,-0.0026934152256252878
3070,0.6,0.7261356453840055,0,1,1,0,0.017916834603579384,-0.004129320506981745
3071,0.6,0.6983019117543732,0,1,1,0,0.017429499919905993,-0.004825745356103188
3072,0.6,0.6933883295559147,0,1,1,0,0.01571679512955857,-0.005279542612264668
3073,0.6,0.703329107987534,0,1,1,0,0.013174218397162403,-0.0067099516518415725
3074,0.6,0.680048341540263,0,1,1,0,0.008218307537122698,-0.007017213388845796
3075,0.6,0.6852324618767622,0,1,1,0,0.003108305368535027,-0.005183505226758807
3076,0.6,0.7118933210906868,0,1,1,0,0.0009558273521606604,-0.004892803573506662
3077,0.6,0.7377915415052485,0,1,1,0,-0.001335750699895788,-0.006052260788264686
3078,0.6,0.7644837661152477,0,1,1,0,-0.003793054946001046,-0.007991778002858272
3079,0.6,0.7418837558799449,1,1,1,1,-0.0047494599780848,-0.006776275765635834
3080,0.6,0.7735124629527218,1,1,1,1,-0.005562021749164701,-0.0036512389220017968
3081,0.6,0.7620894652979612,1,0,1,1,-0.00827692827459367,-0.00161905718303956
3082,0.6,0.7904073919113215,1,0,1,1,-0.015036897727348906,0.0007443133883352257
3083,0.6,0.7853822748209914,1,0,0,1,-0.019851668067092085,-6.448069704527391e-05
3084,0.6,0.7781299819882511,1,0,0,1,-0.021132083482108894,-0.0019757566662194194
3085,0.6,0.7497930236523187,1,0,0,1,-0.020284913613461148,-0.0034430195305643085
3086,0.6,0.7352672380578249,1,0,0,1,-0.018419850410043178,-0.004788227044739889
3087,0.6,0.7153765187915856,1,0,0,1,-0.0172466105357142,-0.006987037906998054
3088,0.6,0.7046716485859928,1,0,0,1,-0.015720190484055176,-0.008973542434945463
3089,0.6,0.6862272911077396,1,0,0,1,-0.013165908544943873,-0.010431999886749784
3090,0.6,0.6878932920483651,1,0,0,1,-0.010615725913891807,-0.011547568386218714
3091,0.6,0.6934528130935714,1,0,0,1,-0.009246031321573752,-0.014226409958416475
3092,0.6,0.7034902819817674,1,0,0,1,-0.008655123882388316,-0.018375290641081843
3093,0.6,0.7037333941290254,1,0,0,1,-0.00881933939353277,-0.02119097677353506
3094,0.6,0.704057067760144,1,0,0,1,-0.009668778909755487,-0.021147475930719282
3095,0.6,0.7153434320591376,1,0,0,1,-0.008538602711442704,-0.020581882662282648
3096,0.6,0.7122226054747068,1,0,0,1,-0.00673746150500858,-0.018364796654677443
3097,0.6,0.7360393138401481,1,0,0,1,-0.004491311286270142,-0.01590650340695209
3098,0.6,0.7363796115395496,1,0,0,1,-0.0005505405002558966,-0.01391747685197755
3099,0.6,0.7682797346742865,1,0,0,1,0.005451457713106271,-0.012901702229278195
3100,0.6,0.7727430807164561,1,0,1,1,0.010812299211494281,-0.011975123424621772
3101,0.6,0.7841119786467595,1,0,1,1,0.009721878677908824,-0.005874367743769232
3102,0.6,0.7517208172004798,0,1,1,1,0.01243584200108488,-0.001306878808238737
3103,0.6,0.8104559532853503,0,1,1,0,0.016859012919513756,-0.001044486016655399
3104,0.6,0.7725111788994856,0,1,1,0,0.018047943350797704,-0.0025057937031310817
3105,0.6,0.776660973322126,0,1,1,0,0.01632132745922076,-0.00231635376471776
3106,0.6,0.7795389850588111,0,1,1,0,0.012757742880565541,-0.0025244011134796583
3107,0.6,0.7826774136717467,0,1,1,0,0.01109366300325363,-0.003598099423916758
3108,0.6,0.7743038832528001,0,1,1,0,0.012854471470622526,-0.00373346917677042
3109,0.6,0.7708272736423577,0,1,1,0,0.014589392020233932,-0.0032908555259960467
3110,0.6,0.7593055936270702,0,1,1,0,0.015925994563524573,-0.0024660750254627533
3111,0.6,0.7525100089216843,0,1,1,0,0.016164095706728505,-0.0021149265713301855
3112,0.6,0.7306518361099661,0,1,1,0,0.015501989631440569,-0.002481636330037773
3113,0.6,0.7099134213665619,0,1,1,0,0.015445822364402605,-0.0013417963402114297
3114,0.6,0.6986964740593123,0,1,1,0,0.015951392746651222,-0.0011524791351713865
3115,0.6,0.6879322175244006,0,1,1,0,0.015976086988014306,-0.0006177025689221739
3116,0.6,0.6772389763873885,0,1,1,0,0.014984667146142258,-4.064612231208542e-05
3117,0.6,0.6837289537244703,0,1,1,0,0.012812897191312154,0.00023778073161342475
3118,0.6,0.6860374601611279,0,1,1,0,0.011241980284389498,0.00046195541298495044
3119,0.6,0.7181910414871542,0,1,1,0,0.010449325544496752,0.0008035240474057038
3120,0.6,0.7389533095739003,0,1,1,0,0.009072280226544872,0.00011823169197217376
3121,0.6,0.7818610945252074,1,1,1,0,0.007539609768191795,-0.000763646327658378
3122,0.6,0.7753788576665552,1,1,1,1,0.004028945805686918,-0.0016542873898133103
3123,0.6,0.7705745446560313,1,1,1,1,0.0029575577012286715,0.0012598868525216219
3124,0.6,0.7873273016241724,1,0,1,1,0.00022360751955257364,0.0014556439108038052
3125,0.6,0.7421530077087485,1,0,0,1,-0.0035536218665994383,0.0017018976944705375
3126,0.6,0.7774295590019216,1,0,0,1,-0.005691137257800821,-0.0013866401969700858
3127,0.6,0.7725868575698492,1,0,0,1,-0.00872435331957288,-0.009010210310240435
3128,0.6,0.7648977238695046,1,0,0,1,-0.010503332338689065,-0.015492702651921568
3129,0.6,0.7499778937967972,1,0,0,1,-0.010432407452211669,-0.021526729006853724
3130,0.6,0.7257339939394708,1,0,0,1,-0.0072744325855773045,-0.025853876060945327
3131,0.6,0.7055322378171712,1,0,0,1,-0.0017773242475994239,-0.029394806195277706
3132,0.6,0.6756418693076738,1,0,0,1,0.0030200594180735856,-0.03021279474531255
3133,0.6,0.6756003674790418,1,0,0,1,0.005962357153049266,-0.029545159306561448
3134,0.6,0.6766815342032108,1,0,0,1,0.007683384103515078,-0.03057731745932444
3135,0.6,0.6762410102580766,1,0,0,1,0.008541315228693754,-0.03210239163323117
3136,0.6,0.6763089658344142,1,0,0,1,0.00760059700265366,-0.031798077079928634
3137,0.6,0.6838399946034178,1,0,0,1,0.006557168882866564,-0.030791870134567002
3138,0.6,0.6745440909460253,1,0,0,1,0.00622132099314147,-0.028738904371183968
3139,0.6,0.6722339336441947,1,0,0,1,0.005589982169973941,-0.024631790364119003
3140,0.6,0.685253183073393,1,0,0,1,0.0057419063626782665,-0.020936342537882516
3141,0.6,0.6992823907239177,1,0,0,1,0.008399903764357803,-0.018798289133885728
3142,0.6,0.7285799491213986,1,0,0,1,0.014134939672690897,-0.018641172566859834
3143,0.6,0.7160650518189657,1,0,1,1,0.019567889936798092,-0.0171425016784231
3144,0.6,0.7280733813721333,1,0,1,1,0.017783172650911526,-0.010374300303998888
3145,0.6,0.7371329709779267,0,1,1,1,0.015572504811675185,-0.003503558985116452
3146,0.6,0.8134488169351429,0,1,1,0,0.016851814675992588,0.00039067054722881605
3147,0.6,0.7893418563524204,0,1,1,0,0.016289068540094487,0.00012267473024214597
3148,0.6,0.7935356810549794,0,1,1,0,0.012603304055798608,0.00011732214473606708
3149,0.6,0.7831935891294002,0,1,1,0,0.008483139267461262,-0.0007701626722102194
3150,0.6,0.782263001499622,0,1,1,0,0.0069427604746931815,-0.0028542663040356975
3151,0.6,0.7673654137480558,0,1,1,0,0.008318039455142002,-0.00414220159815109
3152,0.6,0.7565547533832685,0,1,1,0,0.00914971295041686,-0.004863216695018787
3153,0.6,0.7411404016478339,0,1,1,0,0.009369223666292385,-0.005328489977866047
3154,0.6,0.7248993434495788,0,1,1,0,0.008909410240937393,-0.006104425056429475
3155,0.6,0.7081191574548124,0,1,1,0,0.00846027926531535,-0.007445807989734762
3156,0.6,0.6802027896993448,0,1,1,0,0.007835934120092774,-0.008128268530775909
3157,0.6,0.6703403560766347,0,1,1,0,0.007296078391604288,-0.008821320055305795
3158,0.6,0.6598499784515344,0,1,1,0,0.00596990228047128,-0.009926838288203467
3159,0.6,0.6644632591027436,0,1,1,0,0.0031924576843326675,-0.011232146036289935
3160,0.6,0.6445834566656388,0,1,1,0,-0.0010205732897468657,-0.011575316997433624
3161,0.6,0.6563942823952751,0,1,1,0,-0.004308895506176374,-0.010148084636794287
3162,0.6,0.6881149968257922,0,1,1,0,-0.00573243540015001,-0.010530257148821295
3163,0.6,0.7086271796514569,0,1,1,0,-0.008422487323997089,-0.012122625517756938
3164,0.6,0.7226053448699253,0,1,1,1,-0.011421269981547643,-0.013336834919504697
3165,0.6,0.7077730553550419,1,1,1,1,-0.011186317518888926,-0.010306131315917124
3166,0.6,0.7124123543199501,1,0,1,1,-0.012513138878058248,-0.0062006115563289456
3167,0.6,0.738897228287138,1,0,1,1,-0.017949643633610495,-0.003148138766802454
3168,0.6,0.7297228320276136,1,0,0,1,-0.02379789044363466,-0.003747540350614412
3169,0.6,0.7367257768974469,1,0,0,1,-0.02697239934888789,-0.005871333222342029
3170,0.6,0.7143976729493265,1,0,0,1,-0.02630975796988973,-0.007845239962776415
3171,0.6,0.6982383123658514,1,0,0,1,-0.023771737896423534,-0.009567004304204641
3172,0.6,0.678518983259454,1,0,0,1,-0.021457404203545232,-0.01183692642652518
3173,0.6,0.6682608326010661,1,0,0,1,-0.01913542763162818,-0.013834660339200264
3174,0.6,0.6530564286006786,1,0,0,1,-0.017811994290594997,-0.014678044774867479
3175,0.6,0.6616330310599152,1,0,0,1,-0.016534233200798547,-0.016426020847906876
3176,0.6,0.6647576242435548,1,0,0,1,-0.014640595684139642,-0.020360612206960935
3177,0.6,0.6740070398147125,1,0,0,1,-0.012907210567826075,-0.02357023615711936
3178,0.6,0.672649242413205,1,0,0,1,-0.011961340455910232,-0.024624755470079567
3179,0.6,0.6766074692093528,1,0,0,1,-0.010940122928215036,-0.024065182760091793
3180,0.6,0.6686697702940632,1,0,0,1,-0.011214066012727545,-0.022035186727867476
3181,0.6,0.6777509664585555,1,0,0,1,-0.010702815899488483,-0.019895219443966924
3182,0.6,0.6926236084675396,1,0,0,1,-0.009071928153287598,-0.018239455420491164
3183,0.6,0.6965674249113364,1,0,0,1,-0.0036364365686696173,-0.01754859843537864
3184,0.6,0.7108770987954057,1,0,0,1,0.003800023873687872,-0.01636165129529936
3185,0.6,0.708480251829095,1,0,1,1,0.007673658517132204,-0.013995730819190404
3186,0.6,0.7290292266433547,1,0,1,1,0.006953544359712099,-0.008361895315895734
3187,0.6,0.7223564354634034,1,1,1,1,0.0071160431054084795,-0.0037019069136679556
3188,0.6,0.7869760495036666,0,1,1,1,0.011348548719342925,-0.001644193324977806
3189,0.6,0.7494546503591545,0,1,1,0,0.016336607974597465,-0.00215047654327685
3190,0.6,0.7718736932871199,0,1,1,0,0.017218552810086624,-0.00377351286606806
3191,0.6,0.7829045383503269,0,1,1,0,0.014691817201085734,-0.006158058891345342
3192,0.6,0.7819128206769844,0,1,1,0,0.01078832747989925,-0.008791561867655145
3193,0.6,0.7695596826581697,0,1,1,0,0.008415969202742988,-0.01094388826313254
3194,0.6,0.7589775954517303,0,1,1,0,0.0075562305015319225,-0.011189211994128728
3195,0.6,0.7447573850498763,0,1,1,0,0.00738391627965867,-0.010544793486042002
3196,0.6,0.739220082809361,0,1,1,0,0.00759476334721786,-0.009841882242391273
3197,0.6,0.7200610707506215,0,1,1,0,0.008036310866544204,-0.009636874228066878
3198,0.6,0.7041865229894542,0,1,1,0,0.008734525340687133,-0.008591288885925079
3199,0.6,0.698088165804398,0,1,1,0,0.009070803237571423,-0.008996939001109287
3200,0.6,0.675910519363319,0,1,1,0,0.008973612968049133,-0.007594957629535451
3201,0.6,0.6729990454771264,0,1,1,0,0.008112012959638168,-0.006041341894245482
3202,0.6,0.680761549454027,0,1,1,0,0.005749412535207451,-0.006181905991722666
3203,0.6,0.6816270349401897,0,1,1,0,0.0029179816037995347,-0.006433464954072282
3204,0.6,0.6655850612238801,0,1,1,1,0.0030015253026349437,-0.004771770951265003
3205,0.6,0.6976487077487555,0,1,1,1,0.010830548441285361,0.0032045443963449704
3206,0.6,0.7209365911918474,0,1,1,1,0.018840156303045655,0.009781458654199434
3207,0.6,0.7899251200352561,1,1,1,1,0.02603072742339378,0.01412304952326324
3208,0.6,0.7988903626964843,1,0,1,1,0.029415010554452267,0.016059221350209006
3209,0.6,0.7934537093164447,1,0,0,1,0.03320622219027679,0.020050549198683865
3210,0.6,0.777183149285779,1,0,0,1,0.0384484694950337,0.022672004857677956
3211,0.6,0.7262392734595353,1,0,0,1,0.04609127894554195,0.024423076959984805
3212,0.6,0.7365031964073436,1,0,0,1,0.05430155571528997,0.02558364373553035
3213,0.6,0.7107031565773765,1,0,0,1,0.05959844291350941,0.02701636398988894
3214,0.6,0.7190049219660681,1,0,0,1,0.06482704427134645,0.027912064273509892
3215,0.6,0.7306789664455848,1,0,0,1,0.07126681323097361,0.025321716751434152
3216,0.6,0.731352944880102,1,0,0,1,0.07761133930730289,0.022125444843019593
3217,0.6,0.7332341152495959,1,0,0,1,0.08411910487938443,0.01888843631968964
3218,0.6,0.7193897750950597,1,0,0,1,0.08978390589243083,0.016800049101260272
3219,0.6,0.7092465813152916,1,0,0,1,0.09432982981400838,0.01695560903498995
3220,0.6,0.6862751019535875,1,0,0,1,0.09790117035394301,0.018327210252095775
3221,0.6,0.6816034699173898,1,0,0,1,0.10075801035768288,0.01942797243380918
3222,0.6,0.6497291247101955,1,0,0,1,0.10140333654331525,0.021637164896044364
3223,0.6,0.6699102788448092,1,0,0,1,0.10401514879630369,0.021762627398904784
3224,0.6,0.6284517951566966,1,0,0,1,0.1098854106554496,0.0212345497582985
3225,0.6,0.6340999177788798,1,0,0,1,0.11837114524277471,0.01990247881868323
3226,0.6,0.6053011748215753,1,0,0,1,0.12676939768777815,0.01811696554472722
3227,0.6,0.5913311685626018,1,0,0,1,0.1345684268934816,0.017543852870145517
3228,0.6,0.5566601669580906,1,0,1,1,0.13960060056048162,0.019025146201876626
3229,0.6,0.5667955477207995,1,0,1,1,0.1422832081367167,0.021988445200530966
3230,0.6,0.5559957295874661,1,0,1,1,0.1448650834511609,0.023438404490189923
3231,0.6,0.5880311292898289,0,0,1,1,0.14953309693551933,0.026423969626330184
3232,0.6,0.6049364995226204,0,0,1,1,0.15575579453767607,0.0311531098014577
3233,0.6,0.6407746734525932,0,0,1,1,0.15868688581892554,0.03870233021792188
3234,0.6,0.639382054296345,0,0,1,0,0.1566230514781693,0.04753575903915625
3235,0.6,0.6308856629664261,0,0,1,0,0.14771787432862757,0.057162379240358795
3236,0.6,0.647181782573635,0,1,1,0,0.13764515250676918,0.0659714244551424
3237,0.6,0.652708410305948,0,1,1,0,0.1338511283340085,0.07077592896645975
3238,0.6,0.6589168815492689,0,1,1,0,0.1342351648518461,0.07434882169596631
3239,0.6,0.678652143960642,0,1,1,0,0.13854932378945883,0.07842767998655509
3240,0.6,0.7236675978121342,0,1,1,0,0.1450507744984051,0.08258585965667915
3241,0.6,0.774537625299382,0,1,1,0,0.15212348864641717,0.08568760074922387
3242,0.6,0.8265269445449415,0,1,1,0,0.1572903887530433,0.08794645803517923
3243,0.6,0.8735678511628572,0,1,1,0,0.15940384354052325,0.090267149364487
3244,0.6,0.9198813268300405,0,1,1,0,0.15854292249139773,0.09306950320901577
3245,0.6,-0.011603473019882156,1,1,1,1,-0.00037637279160354534,-0.0010435317921076482
3246,0.6,-0.04649318685016127,1,1,1,0,-0.012238867788890943,-0.008249740003789635
3247,0.6,-0.14337029173753985,1,1,1,0,-0.022712936997510046,-0.016154826812792168
3248,0.6,-0.16459823371142437,1,0,1,0,-0.03003001884581814,-0.018550681333919936
3249,0.6,-0.12709683529521842,0,0,1,0,-0.0370525398837253,-0.022160264509884325
3250,0.6,-0.15674705622880092,0,0,1,1,-0.04333458995076359,-0.025290893460255356
3251,0.6,-0.12567515337234753,0,0,1,1,-0.046407533851363016,-0.026358916307636992
3252,0.6,-0.08154795973917164,0,0,1,1,-0.051812384883374044,-0.031224919347944954
3253,0.6,-0.09355887373760502,0,0,1,1,-0.056554718551223904,-0.03543807441237414
3254,0.6,-0.04881754686037617,0,0,1,1,-0.0590348189514053,-0.03795927121815977
3255,0.6,-0.05661930770791519,0,0,0,1,-0.05868310366730456,-0.04030858077706731
3256,0.6,-0.08876520267293177,0,0,0,1,-0.051744663161756084,-0.03920754388501675
3257,0.6,-0.046092132812610855,0,0,0,1,-0.04198960140349654,-0.037828917934724426
3258,0.6,-0.04154262690434122,1,0,0,1,-0.03410838794034107,-0.038703130724611394
3259,0.6,-0.05686593490228908,1,0,0,1,-0.030651888055657456,-0.038611111187787324
3260,0.6,-0.03437588458024249,1,0,0,1,-0.03080446257954858,-0.039867337354246545
3261,0.6,-0.018325023686500897,1,0,0,1,-0.032289537110816606,-0.04243353913129697
3262,0.6,0.03240440945196681,1,0,0,1,-0.0372298720065189,-0.04653072248801887
3263,0.6,0.04011011307005507,1,0,0,1,-0.04095882073579858,-0.05069301172323305
3264,0.6,0.0423881815244315,1,0,0,1,-0.0407753412952912,-0.053133516311214185
3265,0.6,0.1416890762960879,1,0,0,1,-0.04190299927027756,-0.05770715269385604
3266,0.6,0.1290383990735914,1,0,0,1,-0.03954000310803813,-0.06272623612850717
3267,0.6,0.09617008842469933,0,0,0,1,-0.03535751668525073,-0.05998928045149334
3268,0.6,0.2146851700995723,0,0,0,1,-0.02888564591876187,-0.05809209944107878
3269,0.6,0.2371974198594809,0,0,0,1,-0.01728353884684646,-0.057046823040032855
3270,0.6,0.2237415138650451,0,0,1,1,-0.01038851374839196,-0.04749814944610627
3271,0.6,0.25514115110180313,0,1,1,1,-0.004320709400983033,-0.0312816903905034
3272,0.6,0.28579769238807046,0,1,1,1,0.00778573705584989,-0.020092833072995638
3273,0.6,0.3409342541848425,0,1,1,1,0.017691411822368316,-0.012156693946177164
3274,0.6,0.33147468675534103,0,1,1,1,0.024637137684453747,-0.0062328255286681795
3275,0.6,0.4050906974402415,0,1,1,1,0.030556588794904072,-0.0036143788615042157
3276,0.6,0.43475516615820464,0,1,1,1,0.03827158767252343,-0.0040469365679345806
3277,0.6,0.4700129418067779,0,1,1,1,0.04337559506970764,-0.005271912823648864
3278,0.6,0.4603035920849677,0,1,1,0,0.043028540974182516,-0.006994481596899818
3279,0.6,0.46591827363754706,0,1,1,0,0.03825070249879003,-0.008970167268863214
3280,0.6,0.4785648907532119,0,1,1,0,0.029615112342792762,-0.01252393714027548
3281,0.6,0.4664481100055761,0,1,1,0,0.020036087780824156,-0.015271049511053915
3282,0.6,0.4744483665649716,0,1,1,0,0.011384785522297785,-0.017056348749233004
3283,0.6,0.49046689550523104,0,1,1,0,0.00772424993085891,-0.018283320955401746
3284,0.6,0.5210864715011084,0,1,1,0,0.0076960846375637715,-0.018004985860429326
3285,0.6,0.5497015116675844,0,1,1,0,0.009688367353399908,-0.017046358724087267
3286,0.6,0.5758008740834323,0,1,1,0,0.010273725692185058,-0.015822767409393913
3287,0.6,0.6033302376324647,0,0,1,0,0.007404366675467954,-0.013657466410674142
3288,0.6,0.6336337840064111,0,0,1,0,0.0014720578716953018,-0.0088553012924769
3289,0.6,0.672210326550575,0,0,1,0,-0.005554558836718065,-0.0015141875062860415
3290,0.6,0.7188832364027307,0,0,1,0,-0.01453262178615073,0.006764216956562015
3291,0.6,0.7318676447052275,1,0,1,0,-0.030240886043267877,0.011538643295454825
3292,0.6,0.7547825216944661,1,0,1,0,-0.04876876760168741,0.01141761369210992
3293,0.6,0.759700784880488,1,0,1,1,-0.060838611232118305,0.01306958728589861
3294,0.6,0.7672686127645559,1,0,1,1,-0.06528569225326418,0.019435996400881398
3295,0.6,0.8071025159169144,1,0,0,1,-0.06813921809443409,0.020119351270868897
3296,0.6,0.7770993422430511,1,0,0,1,-0.06778087486305513,0.015870144857995778
3297,0.6,0.7764381837601128,1,0,0,1,-0.06491813117414638,0.011371775612341989
3298,0.6,0.7452430150165702,1,0,0,1,-0.06419434818108842,0.00866209696181896
3299,0.6,0.7525931204465337,1,0,0,1,-0.06580599724954878,0.008430120219616246
3300,0.6,0.7739471648108682,1,0,0,1,-0.06634527322521876,0.005876899950079728
3301,0.6,0.7683326726539511,1,0,0,1,-0.06826781344490594,0.00548719572047035
3302,0.6,0.7920529846422772,1,0,0,1,-0.0702519169741454,0.008311258174313624
3303,0.6,0.804741298556138,1,0,0,1,-0.07232249435500246,0.011880811765760769
3304,0.6,0.816144752943195,1,0,0,1,-0.07435360145843406,0.016889761349452942
3305,0.6,0.8507894434470394,1,0,0,1,-0.07559542192693612,0.022926696978947957
3306,0.6,0.8980308789970659,1,0,0,1,-0.07482152400591235,0.026322105055959708
3307,0.6,0.8910718746607315,1,0,0,1,-0.07444212434672655,0.0319813518759785
3308,0.6,0.8546501257284979,1,1,0,1,-0.0695554648232827,0.035715646734312455
3309,0.6,0.8810641525595228,0,1,0,1,-0.058279947568752884,0.02860727223854358
3310,0.6,0.866465459807528,0,1,0,1,-0.04271657592031768,0.020622987302722568
3311,0.6,0.8778130618371955,0,1,0,1,-0.021351518115072615,0.01320413950377511
3312,0.6,0.8473964193712532,0,1,1,0,-0.0004543841455861151,0.00437744310817987
3313,0.6,0.8022031269019682,0,1,1,0,0.006241981108583091,-0.0008956549780353938
3314,0.6,0.7943120730442383,0,1,1,0,0.007256468421552119,-0.005800227116758578
3315,0.6,0.7766078162747739,0,1,1,0,0.006834414767420941,-0.011674224401954071
3316,0.6,0.7473604382047759,0,1,1,0,0.004111435163467504,-0.017167323266624488
3317,0.6,0.7343327923432414,0,1,1,0,0.0023242512076777216,-0.021858022117172488
3318,0.6,0.7265247294025311,0,1,1,0,0.0034735291388990697,-0.0239127806389698
3319,0.6,0.707554688574539,0,1,1,0,0.005121060996772204,-0.022963845594524412
3320,0.6,0.6814608809393732,0,1,1,0,0.008290671822682456,-0.016089277193574877
3321,0.6,0.709536476007289,0,1,1,0,0.013500340603162008,-0.008490266434155692
3322,0.6,0.6959900170804844,0,1,1,0,0.015519319224470066,-0.002442118970784263
3323,0.6,0.7063545096911746,0,1,1,0,0.017305041386151656,0.003989616096811208
3324,0.6,0.724472767174505,0,1,1,0,0.020842886692862297,0.007990160126682248
3325,0.6,0.7562683731625506,0,1,1,0,0.022810479853199755,0.009837061157489843
3326,0.6,0.7887059736049876,0,1,1,0,0.023924737215466067,0.011339062795149454
3327,0.6,0.8197465716355378,1,1,1,0,0.022371586680631418,0.013750720070574726
3328,0.6,0.7881439540472804,1,0,1,0,0.011352374073563896,0.012300966921475538
3329,0.6,0.7772712251378621,1,0,1,1,-0.004165920970017256,0.00921326135579526
3330,0.6,0.747414222509789,1,0,1,1,-0.014463841984447865,0.008578073927885952
3331,0.6,0.7270096692374534,1,0,0,1,-0.020439275462535777,0.010117118626799489
3332,0.6,0.728023210525356,1,0,0,1,-0.021817246565380487,0.005876103436283441
3333,0.6,0.6960917563258985,1,0,0,1,-0.021272335773626676,-0.0022468385612860885
3334,0.6,0.6816088410031754,1,0,0,1,-0.019948159490790263,-0.01190994400432134
3335,0.6,0.6604698967235266,1,0,0,1,-0.019695176414731664,-0.02265448241731564
3336,0.6,0.6442593837998,1,0,0,1,-0.02025813521302386,-0.03144038701121437
3337,0.6,0.6233254222271267,1,0,0,1,-0.020973592255782676,-0.03765253384153033
3338,0.6,0.6202020661681751,1,0,0,1,-0.02073966805168272,-0.04186798669996972
3339,0.6,0.6047172432141478,1,0,0,1,-0.017926296932104745,-0.04534504832146715
3340,0.6,0.6235572045888435,1,0,0,1,-0.01429723110458427,-0.04795520311572355
3341,0.6,0.6175625873205233,1,0,0,1,-0.013391292874160268,-0.04948829053987985
3342,0.6,0.6288593124433373,1,0,0,1,-0.013922377459472366,-0.04925421759574884
3343,0.6,0.6529640296886514,1,0,0,1,-0.014744091009838521,-0.048971240335764374
3344,0.6,0.6536177417242451,1,0,0,1,-0.015980887380708724,-0.04756576763766493
3345,0.6,0.6709224030306252,1,0,0,1,-0.016365328383298,-0.04520597788822937
3346,0.6,0.6787761087211528,1,0,0,1,-0.014068869247791976,-0.04329815878503516
3347,0.6,0.698808016268428,1,0,0,1,-0.01038011568253974,-0.04149338743033321
3348,0.6,0.7307128639793452,1,0,0,1,-0.005795526171783255,-0.041344902298068587
3349,0.6,0.7476176742303522,1,0,1,1,-0.0027699103558447933,-0.040988868383877365
3350,0.6,0.7595877650667117,1,0,1,1,-0.0029832681236254374,-0.03614529732627753
3351,0.6,0.776265959162457,1,0,1,1,-0.002805880331974062,-0.030228185459971607
3352,0.6,0.7900724383738927,0,1,1,0,-0.0038108465941114164,-0.025468127605280878
3353,0.6,0.8432177009009008,0,1,1,0,-0.006756681178695823,-0.02481148604798922
3354,0.6,0.8071355204676898,0,1,1,0,-0.009020729466723889,-0.023377799192008417
3355,0.6,0.7897314887989713,0,1,1,0,-0.010923303988081983,-0.019296344634687483
3356,0.6,0.7850023779804186,0,1,1,0,-0.010302811774079879,-0.016026240878653317
3357,0.6,0.7743313120853612,0,1,1,0,-0.008197534264277188,-0.013080336966132011
3358,0.6,0.7628484808322077,0,1,1,0,-0.007363138034661492,-0.011614993074837215
3359,0.6,0.7489592163651292,0,1,1,0,-0.006892808980576754,-0.01170219745828959
3360,0.6,0.7278316983258626,0,1,1,0,-0.006304409517872339,-0.012068210172666159
3361,0.6,0.7177739223123062,0,1,1,0,-0.005896202197322564,-0.013295669292161492
3362,0.6,0.6983644411836054,0,1,1,0,-0.005821331547909769,-0.013632223646933913
3363,0.6,0.6866887267082281,0,1,1,0,-0.007653748458868697,-0.013840241100751495
3364,0.6,0.7016905486359988,0,1,1,0,-0.010066539900447488,-0.015715706943754744
3365,0.6,0.6969318798507836,0,1,1,0,-0.014135128954113205,-0.018031447022859495
3366,0.6,0.7193137814689994,0,1,1,0,-0.0176916820529731,-0.019164062955434595
3367,0.6,0.7395961298708807,0,1,1,0,-0.02128885699851841,-0.021897640509491792
3368,0.6,0.7579267216970826,0,1,1,0,-0.026480095005116326,-0.02515077573143274
3369,0.6,0.7264806621230538,0,1,1,1,-0.030643541922928043,-0.02671262158021599
3370,0.6,0.7299350271290894,0,1,1,1,-0.029954192198193064,-0.02157643675302037
3371,0.6,0.7628770711174307,1,0,1,1,-0.02962936031732882,-0.016730805878497467
3372,0.6,0.757033688952623,1,0,0,1,-0.03371059042537309,-0.011936659070096155
3373,0.6,0.7670031802528645,1,0,0,1,-0.035334343797589665,-0.00984898925091152
3374,0.6,0.7372900454838142,1,0,0,1,-0.034317939862108786,-0.00792022308117345
3375,0.6,0.7152293384883893,1,0,0,1,-0.031852463479606394,-0.0049589048046581145
3376,0.6,0.7011646155049478,1,0,0,1,-0.031384357117256866,-0.0024625773142315233
3377,0.6,0.6832755680978617,1,0,0,1,-0.033056928457769336,-0.0003240052764288976
3378,0.6,0.6850113788581765,1,0,0,1,-0.03422218896731589,0.00018596867793234392
3379,0.6,0.672605628895077,1,0,0,1,-0.03512944798725406,0.00046335199586810497
3380,0.6,0.6810604162391369,1,0,0,1,-0.03504543436458542,0.00019730301338290112
3381,0.6,0.6912462026911075,1,0,0,1,-0.034126973766455175,-0.0026989511034769182
3382,0.6,0.7071241001268913,1,0,0,1,-0.032850015094856036,-0.0056494186043913345
3383,0.6,0.7023989832355817,1,0,0,1,-0.031222677808498092,-0.00573571791181352
3384,0.6,0.6927982556037543,1,0,0,1,-0.029632745696201716,-0.002452018672708279
3385,0.6,0.7025431821110036,1,0,0,1,-0.02907410724866445,0.0005259662256669558
3386,0.6,0.701317729876125,1,0,0,1,-0.029421749674133173,0.0036568352562986513
3387,0.6,0.6772974281653097,1,1,0,1,-0.02611797045933612,0.00442269574017948
3388,0.6,0.6572217598077748,1,1,0,1,-0.009783135326765217,-0.005953193221365594
3389,0.6,0.6108527674891795,1,1,1,1,0.0073002079502773745,-0.0182278332727292
3390,0.6,0.586353234418292,0,1,1,1,0.01668079258018144,-0.02549576646531548
3391,0.6,0.6054574795710872,0,1,1,1,0.025937833456526997,-0.03490760539281714
3392,0.6,0.5982304752863603,0,1,1,0,0.03337224550483388,-0.04493771100908655
3393,0.6,0.6109764712336468,0,1,1,0,0.03725635930404779,-0.05353544969707887
3394,0.6,0.628479080192501,0,1,1,0,0.03791877159610022,-0.06170186358872666
3395,0.6,0.6270706611834064,0,1,1,0,0.03401854030805192,-0.06814411163319464
3396,0.6,0.6222426696887634,0,1,1,0,0.029568934687178448,-0.07190874019383729
3397,0.6,0.5932399850246062,0,1,1,0,0.02741042136494242,-0.07220436262900298
3398,0.6,0.5884979490593143,0,1,1,0,0.02784693507639916,-0.07244855970940234
3399,0.6,0.5621967572817709,0,1,1,0,0.030650833950639278,-0.0721994406531916
3400,0.6,0.5564435406142871,0,1,1,0,0.034181471268027175,-0.06999250381146595
3401,0.6,0.5481892646269886,0,1,1,0,0.03669148601774508,-0.06602965897133548
3402,0.6,0.5416763470090771,0,1,1,0,0.0373447916457465,-0.060755888831524545
3403,0.6,0.5459424025421187,0,1,1,0,0.03834389144886845,-0.05500578730077877
3404,0.6,0.5458311078157374,0,1,1,0,0.041913979606074216,-0.04945252202311615
3405,0.6,0.5543031526608942,0,1,1,0,0.04602953508853624,-0.045403062998155955
3406,0.6,0.5731271925101233,0,1,1,0,0.048719298720250034,-0.04353540990480316
3407,0.6,0.5921008967399075,0,1,1,0,0.050079803031130916,-0.043703499999034966
3408,0.6,0.6088271763219089,0,1,1,0,0.04986000184663209,-0.04412582214532228
3409,0.6,0.64329506548681,0,1,1,0,0.049842160783185575,-0.04398557288810178
3410,0.6,0.6864851447870552,0,1,1,0,0.04934328012958924,-0.04409270871904198
3411,0.6,0.7207520830669928,0,0,1,0,0.04474959645094593,-0.0421901163982547
3412,0.6,0.7262809390863958,0,0,1,0,0.033299956339094945,-0.0345663564799453
3413,0.6,0.7693741073592824,0,0,1,0,0.017960709405075076,-0.02398473811351961
3414,0.6,0.7981878419922598,0,0,0,0,0.003626889758276237,-0.016833813104767777
3415,0.6,0.8039298296113938,1,0,0,1,-0.007796014102701328,-0.014298715485665229
3416,0.6,0.7646686169039743,1,0,0,1,-0.014303905784294062,-0.013984719851417877
3417,0.6,0.7250820980109339,1,0,0,1,-0.015412324262961866,-0.013651888665458033
3418,0.6,0.6925260147678183,1,0,0,1,-0.013939934061418437,-0.015633441896304258
3419,0.6,0.6561147227860016,1,0,0,1,-0.012232781398755796,-0.01918020510595191
3420,0.6,0.636242031190526,1,0,0,1,-0.01225534636779646,-0.0228637028644569
3421,0.6,0.6309697410867723,1,0,0,1,-0.015207274199515211,-0.025708859326150028
3422,0.6,0.6017506013827422,1,0,0,1,-0.016091266528933584,-0.026409233227594628
3423,0.6,0.6347307240876904,1,0,0,1,-0.018495156243309243,-0.02586172036829333
3424,0.6,0.6287146651971092,1,0,0,1,-0.018576772242522206,-0.025972030164099446
3425,0.6,0.628974195202756,1,0,0,1,-0.017901552415888717,-0.02379770615452875
3426,0.6,0.6427969242239837,1,0,0,1,-0.018836187396755293,-0.019761976253163338
3427,0.6,0.6327525389657425,1,1,0,1,-0.018736645221913133,-0.015040951076975069
3428,0.6,0.6818973353982029,1,1,0,1,-0.008944796587454543,-0.020952846108545656
3429,0.6,0.5910488375216784,0,1,0,1,0.003401973348254706,-0.03133456736583044
3430,0.6,0.5890444446744654,0,1,1,1,0.019024171968588726,-0.04133437058938364
3431,0.6,0.5823859466126233,0,1,1,1,0.03361909234938027,-0.05268638342200866
3432,0.6,0.563551905002147,0,1,1,1,0.04334939477853844,-0.061704154054963024
3433,0.6,0.5652484956347933,0,1,1,0,0.05015088735037065,-0.06960674251819408
3434,0.6,0.5766897961959636,0,1,1,0,0.0553317512977604,-0.07649173380792396
3435,0.6,0.5783465782357284,0,1,1,0,0.05735858282743305,-0.08178129059707911
3436,0.6,0.5657844758827337,0,1,1,0,0.053889223519654285,-0.08566357744485516
3437,0.6,0.571465013603569,0,1,1,0,0.050352450459928796,-0.08833028000137441
3438,0.6,0.5445571987367909,0,1,1,0,0.04838819559495571,-0.0891950682790417
3439,0.6,0.5112915477411849,0,1,1,0,0.046405998530729756,-0.08979060956604783
3440,0.6,0.49948916565448837,0,1,1,0,0.04857855013364885,-0.09033905663342141
3441,0.6,0.49723634949046597,0,1,1,0,0.05391200948667242,-0.08905236572768335
3442,0.6,0.5184502743696141,0,1,1,0,0.05805957162383133,-0.08664084982539161
3443,0.6,0.5071307270621508,0,1,1,0,0.06114733848468642,-0.0828840015892825
3444,0.6,0.5105408375446517,0,1,1,0,0.06383759618853285,-0.07775014051381024
3445,0.6,0.5242475035372576,0,1,1,0,0.06709074780460532,-0.0732136284748454
3446,0.6,0.5602754212868774,0,1,1,0,0.06908547702144115,-0.0715820667061286
3447,0.6,0.5657357847103829,0,1,1,0,0.07028860902638566,-0.07073681599451045
3448,0.6,0.5992639929522018,0,1,1,0,0.07000348263954535,-0.06999083228854408
3449,0.6,0.633511869514921,0,1,1,0,0.06925423109228517,-0.06876184738090857
3450,0.6,0.6681649240713033,0,0,1,0,0.06443949545100705,-0.06351998767739533
3451,0.6,0.6821591097414466,1,0,1,1,0.05245365543757109,-0.05755456509754045
3452,0.6,0.6473547604786788,1,0,1,1,0.04326261918648979,-0.05020452443550468
3453,0.6,0.6655652528091628,1,0,1,1,0.038085455614527426,-0.044457609045135134
3454,0.6,0.6315631551251571,1,0,0,1,0.040024543268152454,-0.045884430926484115
3455,0.6,0.6548188193417078,1,0,0,1,0.04592171135235384,-0.05379183931128132
3456,0.6,0.6167462094437337,1,0,0,1,0.05172303834547751,-0.0649762806524007
3457,0.6,0.5746317074990718,1,0,0,1,0.05820881826994595,-0.07502928108917079
3458,0.6,0.5416001965763344,1,0,0,1,0.0628777230734248,-0.08330762647732058
3459,0.6,0.5352887124125025,1,0,0,1,0.06529172815834833,-0.09082606592753076
3460,0.6,0.5298578116020479,1,0,0,1,0.06806324941998368,-0.098425641886216
3461,0.6,0.5228053803206132,1,0,0,1,0.071911573231598,-0.10507992509646888
3462,0.6,0.5355296564002727,1,0,0,1,0.07756927427566841,-0.11113172820898277
3463,0.6,0.5124684924619601,1,0,0,1,0.08385845199817771,-0.11509204355231885
3464,0.6,0.5310640562658608,1,0,0,1,0.0920030402731469,-0.1174958233284803
3465,0.6,0.5283976523214543,1,0,0,1,0.10170317794152968,-0.12050062658117586
3466,0.6,0.5320137819213252,1,0,0,1,0.11113335562672164,-0.12314055890092855
3467,0.6,0.522592961668512,1,0,0,1,0.12084951458768431,-0.1264833964332826
3468,0.6,0.5308464709576649,1,0,0,1,0.13302983082505576,-0.13097318745100464
3469,0.6,0.5038092340535829,1,0,0,1,0.1448860155258048,-0.1336632166489306
3470,0.6,0.5295159007823937,1,0,0,1,0.156218942986174,-0.13873361065080136
3471,0.6,0.48466614843005307,1,0,0,1,0.16594900121142345,-0.1449017645248653
3472,0.6,0.4594487504615387,1,0,1,1,0.1734106773732895,-0.14790349382646797
3473,0.6,0.4497911362703453,1,0,1,1,0.18110206977125054,-0.14947467080831967
3474,0.6,0.4436228199322109,1,0,1,1,0.18835364133325116,-0.15084628118274626
3475,0.6,0.4256714402452106,1,0,1,1,0.19593045437460652,-0.1493479962502982
3476,0.6,0.4849745865780793,0,0,1,1,0.20614064920402467,-0.1452265443214731
3477,0.6,0.47572364577289705,0,0,1,1,0.2190801431641684,-0.13863527581575774
3478,0.6,0.5112527810196797,0,0,1,1,0.22922188613094702,-0.12854276108664378
3479,0.6,0.5413490098479868,0,0,1,1,0.23639998437082013,-0.11748485771945208
3480,0.6,0.49206364784058426,0,0,1,0,0.23832573715235802,-0.1023047146769856
3481,0.6,0.5194105453537096,0,0,1,0,0.23377888187343993,-0.08701078670974245
3482,0.6,0.5143685262500559,0,0,1,0,0.2248449628447213,-0.07426998293110383
3483,0.6,0.5249525647555162,0,0,1,0,0.21228628979268746,-0.0616024139111401
3484,0.6,0.5577611014843494,0,0,1,0,0.1982880945044665,-0.05080484046899939
3485,0.6,0.5675371743655602,0,1,1,0,0.18544847873236428,-0.039190474414155255
3486,0.6,0.5877148559536981,0,1,1,0,0.18404008901979235,-0.028426564249614577
3487,0.6,0.6258543652800814,0,1,1,0,0.1921011578819465,-0.02105687510198864
3488,0.6,0.6721310704139545,0,1,1,0,0.20286976345446575,-0.01626500974784905
3489,0.6,0.7020835863327992,0,1,1,0,0.21111887103812005,-0.010838951799762192
3490,0.6,0.7489052551116984,1,1,1,0,0.21537763806151738,-0.004218098036735212
3491,0.6,0.6806267630818201,1,0,1,0,0.20802282539079694,-0.0018399128701042774
3492,0.6,0.5746545058355348,1,0,1,0,0.19079725358844737,-0.004809907792853685
3493,0.6,0.5415319766139085,1,0,1,0,0.17311093504977124,-0.012365352022375814
3494,0.6,0.549193938225776,1,0,1,0,0.15739084749474203,-0.026220265945139355
3495,0.6,0.5713434692405036,1,0,1,0,0.14443772634978214,-0.04568484788493248
3496,0.6,0.5765473265840357,1,0,1,0,0.13481460838873816,-0.06557066112532234
3497,0.6,0.5825180178626022,1,0,1,0,0.1276360895827568,-0.08228026036793505
3498,0.6,0.5886159562624524,1,0,0,0,0.1203365997703015,-0.09638856569716936
3499,0.6,0.5928650385740962,0,0,0,0,0.11411400672150705,-0.11253868105552456
3500,0.6,0.5905744285961014,0,0,0,0,0.10781404943310872,-0.1305948470818214
3501,0.6,0.5672176606542152,0,0,0,1,0.10251313455112672,-0.1478219155477952
3502,0.6,0.571357795392159,0,0,0,1,0.10253684187659584,-0.16401440372926207
3503,0.6,0.5255433067298979,0,0,0,1,0.10685648132345794,-0.17760097492567115
3504,0.6,0.47482708748406055,0,0,0,1,0.11256463648120535,-0.18334223340129657
3505,0.6,0.4493353184151061,0,0,0,1,0.11823209098747431,-0.18338111862482503
3506,0.6,0.4354212870026456,0,0,0,1,0.12398840720780034,-0.18022412673750854
3507,0.6,0.36669440825727073,0,0,0,1,0.12962454885713917,-0.17198567515227955
3508,0.6,0.41628699482084536,0,0,0,1,0.13232166594679104,-0.16276911096482316
3509,0.6,0.36354892726614274,1,0,0,1,0.13439600686561884,-0.15393054957333596
3510,0.6,0.36903803595842377,1,0,0,1,0.13226837227490473,-0.1455504416279001
3511,0.6,0.377923423103035,1,0,0,1,0.13103321083961608,-0.14204936901692625
3512,0.6,0.358740669750237,1,0,1,1,0.12723619724936522,-0.13830615460426418
3513,0.6,0.33216353524631353,1,0,1,1,0.11598936608722846,-0.1218894995989875
3514,0.6,0.3912624346986046,1,0,1,1,0.10654516790152528,-0.10266762197476671
3515,0.6,0.44630091438624936,0,0,1,1,0.10294300954004612,-0.08280878419524657
3516,0.6,0.5494376997161389,0,0,1,1,0.10073439119927824,-0.06440188189373426
3517,0.6,0.5651448893037551,0,0,1,1,0.09986972161264214,-0.04708252026938946
3518,0.6,0.6099851342651414,0,0,1,1,0.09570800366082279,-0.029440395927744886
3519,0.6,0.6240166759414773,0,0,1,1,0.08898026180224733,-0.013135494887351148
3520,0.6,0.6342013586906005,0,0,1,0,0.07954264351690836,0.0031663864436644157
3521,0.6,0.6407924084585798,0,0,1,0,0.0679849994052693,0.0189549640713426
3522,0.6,0.6298343442687235,0,0,1,0,0.055108254549844526,0.03599826318781216
3523,0.6,0.6496328320550937,0,0,1,0,0.03842839214397506,0.05255104925027775
3524,0.6,0.6445094545898176,0,0,1,0,0.01646725359246501,0.0677319195813666
3525,0.6,0.6705133016178839,0,0,0,0,-0.01019736110546991,0.08040487104231975
3526,0.6,0.6521005139878707,0,1,0,0,-0.033164867892763454,0.08750258994376028
3527,0.6,0.6292214737043886,0,1,0,0,-0.045068139260632176,0.0871169119614602
3528,0.6,0.6046854050466082,0,1,0,0,-0.048084493757938614,0.08290597437604882
3529,0.6,0.5941478648160293,0,1,0,0,-0.040613597413624226,0.07571637806297062
3530,0.6,0.5814103508723522,0,1,0,0,-0.02607940701754419,0.06620501513846552
3531,0.6,0.5785386678355315,0,1,0,0,-0.009904508422161791,0.05360030928706557
3532,0.6,0.5917309613023513,0,0,0,0,0.006632151606878783,0.03886345009099016
3533,0.6,0.6187515022098796,0,0,1,0,0.020940431062591216,0.025596905533536385
3534,0.6,0.6050991274439678,1,0,1,0,0.014946538141433043,0.01969049057952552
3535,0.6,0.5279741071512519,1,0,1,1,0.0010117125422266769,0.018109335076734057
3536,0.6,0.4578766730655296,1,0,1,1,0.00040698651376921177,0.029404055525810144
3537,0.6,0.4491367208011261,1,0,0,1,0.0035881520723001887,0.04083403533828011
3538,0.6,0.477034630439941,1,0,1,1,0.004816317069367364,0.04292123300620359
3539,0.6,0.4032072673181556,1,0,1,1,0.006584481001760928,0.03796112048073368
3540,0.6,0.3468347751578803,1,0,1,1,0.009467024033270866,0.03025010989805781
3541,0.6,0.3539160581871001,1,0,0,1,0.010088087138008992,0.023412698345579255
3542,0.6,0.36461718446748137,1,0,0,1,0.015126245657444736,0.016762474502980202
3543,0.6,0.37041721010314316,1,0,0,1,0.02548017813613771,0.009689437233511563
3544,0.6,0.37953246248455375,1,0,0,1,0.037963073161355075,0.0029668499206597708
3545,0.6,0.390029464161387,1,0,0,1,0.05067485923639202,-0.0026927962973141675
3546,0.6,0.4225596270027146,1,0,0,1,0.06496503261885266,-0.008855686836887599
3547,0.6,0.424334929501123,0,0,0,1,0.08055355659017407,-0.01492491810721234
3548,0.6,0.42280015899608664,0,0,0,1,0.09615398524250766,-0.018636342980970465
3549,0.6,0.4245936701551982,0,0,0,1,0.11090645003346146,-0.02120914965514135
3550,0.6,0.4494157970333136,0,0,0,1,0.12624175933125903,-0.025228675889194817
3551,0.6,0.46800611741789827,0,0,1,1,0.1423685825520144,-0.03210190123472677
3552,0.6,0.4449603877335,0,0,1,1,0.148919990445847,-0.030441007137098065
3553,0.6,0.48316279105326665,0,0,1,1,0.1504386478967153,-0.02073150261536464
3554,0.6,0.5118898729852285,0,0,1,1,0.15017424263379078,-0.008997107908674452
3555,0.6,0.571603247205959,0,0,1,1,0.1466994843629074,0.004428793287491609
3556,0.6,0.579984215689456,0,0,1,1,0.14172566770976328,0.020123777899558826
3557,0.6,0.6676397495847269,0,0,1,0,0.13526310999940128,0.03596357566742034
3558,0.6,0.6827162337712581,0,0,1,0,0.13094496028389208,0.050730095504186966
3559,0.6,0.7186328260470539,0,0,1,0,0.12750672951957837,0.0664454199038841
3560,0.6,0.7259701846797133,0,0,1,0,0.12310122778859797,0.0826863148716494
3561,0.6,0.7481804368987993,0,0,1,0,0.11547584998908127,0.09993507108460291
3562,0.6,0.7686799348813572,0,0,1,0,0.10630379071130905,0.11846294196171316
3563,0.6,0.7950071357458494,0,1,1,0,0.09561939109869995,0.13774771991613524
3564,0.6,0.8137050737984041,0,1,1,0,0.08621514760153336,0.1519802199837826
3565,0.6,0.79818545561685,0,1,1,0,0.07795551015286276,0.16166879113959132
3566,0.6,0.8127458495273728,0,1,1,0,0.07118334881394152,0.16679062228033129
3567,0.6,0.8086901568511637,0,1,1,0,0.06796776510668187,0.16773686277245295
3568,0.6,0.8095309692612723,0,1,1,0,0.07052088220411876,0.16710513562784154
3569,0.6,0.8212340415212729,0,0,1,0,0.07627446341974516,0.1678861012453398
3570,0.6,0.8240644953430165,0,0,1,0,0.0779192377868847,0.17422733620906633
3571,0.6,0.8163015265140988,0,0,1,0,0.07721498694498778,0.18551389730115628
3572,0.6,0.7269345245434449,1,0,1,0,0.07068550432898006,0.19800186861248492
3573,0.6,0.6063211727533345,1,0,0,0,0.05457635719584424,0.205454370386369
3574,0.6,0.5321646945246858,1,0,0,0,0.03302915446442235,0.20459224671485152
3575,0.6,0.48099875490338995,1,0,0,0,0.006281249669462262,0.1936332659088248
3576,0.6,0.4684972670538707,1,0,0,0,-0.025258533173430617,0.17181947058249586
3577,0.6,0.48609615540950946,1,0,1,0,-0.05936018765823267,0.13993544514821038
3578,0.6,0.4691525973673126,1,0,0,0,-0.08878708663230345,0.10410493471174313
3579,0.6,0.44957214641486937,0,0,0,1,-0.11049201491152559,0.067170871660738
3580,0.6,0.44202945895072077,0,0,0,1,-0.11663779242526112,0.03923078772411338
3581,0.6,0.42651496977210757,0,0,0,1,-0.11595694847837743,0.015117832401450239
3582,0.6,0.390074446435675,0,0,0,1,-0.11488196902115685,-0.0026527543975783372
3583,0.6,0.38907237099017394,0,0,0,1,-0.11718082213075914,-0.013433584815706683
3584,0.6,0.374326902920752,0,0,0,1,-0.11765214002898898,-0.019925600578218475
3585,0.6,0.3791206894407051,0,0,0,1,-0.11660636869445079,-0.02385920558306744
3586,0.6,0.4359279683157166,0,0,0,1,-0.11812015794829978,-0.02818655429664127
3587,0.6,0.43534803848728554,0,0,0,1,-0.11980576414899981,-0.030678007755212004
3588,0.6,0.39390362889892133,0,0,0,1,-0.12300498418056346,-0.02685720063387232
3589,0.6,0.42698079411127354,0,0,0,1,-0.12679158956888054,-0.02095661810873695
3590,0.6,0.5213988137318264,0,0,0,1,-0.1299253948751478,-0.019214908555151157
3591,0.6,0.475320888228614,0,0,0,1,-0.1281981199437196,-0.015244555340133003
3592,0.6,0.5656948734768014,0,0,0,1,-0.12277532485734041,-0.010605014160844967
3593,0.6,0.5233582683303486,0,1,0,1,-0.11324986466159459,-0.009255170242640812
3594,0.6,0.5475578551854888,0,1,0,1,-0.1060974581167349,-0.012127914067131776
3595,0.6,0.5573543249235136,0,1,0,1,-0.10053901941627899,-0.017530748260362446
3596,0.6,0.562470668609872,0,1,0,1,-0.09447991371345572,-0.022201935266247745
3597,0.6,0.5495746395777423,0,1,1,1,-0.08889905141149385,-0.025125643525922826
3598,0.6,0.5409045968941456,0,1,1,0,-0.09205355305553414,-0.030823083633893876
3599,0.6,0.539543019227817,0,1,1,0,-0.10084884076068525,-0.04232327061554868
3600,0.6,0.5047474740296664,0,1,1,0,-0.11312797125933707,-0.054941832595313995
3601,0.6,0.46556983016785575,0,1,1,0,-0.1262303795299748,-0.06582177527934384
3602,0.6,0.4023840501153292,0,1,1,0,-0.13594761710159203,-0.0740601919898373
3603,0.6,0.40682512075359517,0,1,1,0,-0.1378859643892728,-0.08120715784141057
3604,0.6,0.40871253721685,0,1,1,0,-0.13715611350762313,-0.08910245933272518
3605,0.6,0.38162448671936844,0,1,1,0,-0.13689850846028703,-0.09509912100805794
3606,0.6,0.38553970921444647,0,1,1,0,-0.13382364917053435,-0.09552605731057788
3607,0.6,0.43316414069928433,0,1,1,0,-0.12656763795226342,-0.09707160361201368
3608,0.6,0.4599576521212702,0,1,1,0,-0.12179748368659059,-0.09939486648402417
3609,0.6,0.5110683532945378,0,1,1,0,-0.12095271142948028,-0.10141573944171353
3610,0.6,0.5139230725096156,0,0,1,0,-0.125926469130067,-0.10039993419517758
3611,0.6,0.5331386715849588,0,0,1,1,-0.1363050694674076,-0.09413560766306132
3612,0.6,0.4955739753609816,0,0,1,1,-0.14431148429733895,-0.07984161702788226
3613,0.6,0.5265750338737664,0,0,1,1,-0.14874319759935248,-0.06087794321199392
3614,0.6,0.5073156335547034,0,0,0,1,-0.1481591885208958,-0.042840186765218474
3615,0.6,0.5090239169013023,1,0,0,1,-0.13877154783919457,-0.025326091211598074
3616,0.6,0.4986613294483249,1,0,0,1,-0.1296940579235114,-0.009447709066685576
3617,0.6,0.4717231717994697,1,0,0,1,-0.1264411766033917,0.0028843511425845755
3618,0.6,0.4613299155039333,1,0,0,1,-0.12684103982199543,0.012888611255262108
3619,0.6,0.4756346518808841,1,0,0,1,-0.13064442242621596,0.02029429098317704
3620,0.6,0.5273424845249368,1,0,0,1,-0.13616197209878583,0.02336492199308939
3621,0.6,0.5550198014274921,1,0,0,1,-0.14067201949110794,0.023042881221370434
3622,0.6,0.5799931937695527,1,0,0,1,-0.14083089570554452,0.022842910812181844
3623,0.6,0.5972710596470592,1,0,0,1,-0.138855769758301,0.02385917671272254
3624,0.6,0.631187893942219,1,0,0,1,-0.1355973888321874,0.02598229451125704
3625,0.6,0.6736446611669229,0,0,0,1,-0.13195642114376474,0.028471550322679808
3626,0.6,0.6795433631817871,0,0,0,1,-0.1250473350873723,0.03247468501591222
3627,0.6,0.664842858666174,1,1,0,1,-0.11359546093119663,0.03739995240713684
3628,0.6,0.6453276071630106,0,1,0,1,-0.09566048341048528,0.03614571103621738
3629,0.6,0.6775777002141518,0,1,0,1,-0.0775473718758304,0.027234176186626623
3630,0.6,0.6837639429993582,0,1,0,1,-0.05829145807518148,0.015960704789527276
3631,0.6,0.6801451669339379,0,1,0,1,-0.039135174148200794,0.006340955772747196
3632,0.6,0.6743045734784651,0,1,1,1,-0.024675853963156098,-0.0005528387212594392
3633,0.6,0.6844334598657398,0,1,1,1,-0.016780732947129857,-0.0037536103402804138
3634,0.6,0.6714141983148181,0,1,1,1,-0.01303960094959615,-0.00568021813223927
3635,0.6,0.7004713723030848,0,1,1,1,-0.009203445165901205,-0.008240398357986425
3636,0.6,0.6783774824251944,0,1,1,0,-0.00509000272178036,-0.010927179834634192
3637,0.6,0.7170304428843689,0,1,1,0,-0.0006134383520198923,-0.014334567469441619
3638,0.6,0.7137678360357279,0,0,1,0,0.0033623267401706814,-0.01701883776966135
3639,0.6,0.6746010583172211,0,1,1,0,0.004763279397966758,-0.012947833175364215
3640,0.6,0.6751890235240382,0,1,1,0,0.004572441841893402,-0.004852609688111159
3641,0.6,0.6876420876812573,0,1,1,0,0.007060748583576264,0.0013666625312844496
3642,0.6,0.6756274293677441,0,1,1,0,0.013468661335402197,0.0075628009919901954
3643,0.6,0.7033838785724871,0,1,1,0,0.023441869726249953,0.015514985730205818
3644,0.6,0.7187541007071848,0,0,1,0,0.034249304242439535,0.0254791218703288
3645,0.6,0.7570390205590094,0,0,1,0,0.0420535734811007,0.03799916738641353
3646,0.6,0.7612468585973523,0,0,1,0,0.04781564453984065,0.053626861404184746
3647,0.6,0.7628452098709352,1,0,0,0,0.05499072169824777,0.07192210799611841
3648,0.6,0.6570979730755462,1,0,0,0,0.05398492761935213,0.08504886153235083
3649,0.6,0.5575225066092341,1,0,0,0,0.04457876454540831,0.08688860076862456
3650,0.6,0.5353782320224658,1,0,0,0,0.030213732995276507,0.0768189151109855
3651,0.6,0.5074593353839398,1,0,0,0,0.011750703299476967,0.05472900311091209
3652,0.6,0.507434032400418,1,0,0,1,-0.006860294921712949,0.021072319750949763
3653,0.6,0.4272608382529691,1,0,0,1,-0.010864463505092436,-0.010567546074800703
3654,0.6,0.4174969688511693,1,0,0,1,-0.002932380353182376,-0.03637080051099293
3655,0.6,0.37856726241989536,1,0,0,1,0.009961303189237125,-0.06127566738179313
3656,0.6,0.31836539133546565,1,0,0,1,0.02377021948353842,-0.07887502362862091
3657,0.6,0.3033833597132688,1,0,0,1,0.034108009114894255,-0.09067543155545256
3658,0.6,0.2948772870666991,0,0,0,1,0.0441301330867971,-0.09922686121628463
3659,0.6,0.3053527142163959,0,0,0,1,0.055179751773662654,-0.10536954208865654
3660,0.6,0.3277478730920948,1,0,0,1,0.06626649882506705,-0.11086844207719668
3661,0.6,0.31604830770910136,1,0,0,1,0.07602694836889648,-0.11420785886738061
3662,0.6,0.3245005559617348,0,0,0,1,0.08344195195171497,-0.1148955268302305
3663,0.6,0.3564820069829922,1,0,0,1,0.09236652519615916,-0.11726169055450016
3664,0.6,0.3647293995029137,1,0,0,1,0.0999481307931714,-0.11896500437895731
3665,0.6,0.3762964484593738,1,0,1,1,0.10702995051832798,-0.12059973869027152
3666,0.6,0.37109870073708273,1,0,1,1,0.10675406391663297,-0.11805880727822653
3667,0.6,0.36418912515617613,1,0,1,1,0.10409848309283103,-0.10959295088229067
3668,0.6,0.38398986991889184,1,0,1,1,0.10342822502203138,-0.09675840320898213
3669,0.6,0.45443646232722995,0,0,1,1,0.10399497568970374,-0.08437143007550164
3670,0.6,0.46100938353005083,0,0,1,1,0.10774285068071625,-0.0695578347506104
3671,0.6,0.5182826944254255,0,0,1,0,0.10992652070238955,-0.05307673808468676
3672,0.6,0.49747795706658576,0,0,1,0,0.11013085241311564,-0.035238280824515106
3673,0.6,0.5036649704868946,0,0,1,0,0.1071324304773356,-0.013941856502875771
3674,0.6,0.5242106872803443,0,1,1,0,0.10375646477469215,0.0064676517096050904
3675,0.6,0.483048735592871,0,1,1,0,0.1004495972779049,0.024293229678187686
3676,0.6,0.4818680466349875,0,1,1,0,0.09785737153670271,0.03719914109226243
3677,0.6,0.4927024257446236,0,1,1,0,0.09913084724415974,0.044798786416081725
3678,0.6,0.5368620474450481,0,1,1,0,0.10051222154509702,0.04619241859863687
3679,0.6,0.560786442335006,0,1,1,0,0.10029469030326049,0.044275720516202835
3680,0.6,0.5986066809856645,0,1,1,0,0.10078198682115057,0.0424545478876595
3681,0.6,0.6117173668473501,0,1,1,0,0.10205087097904168,0.043192543967159276
3682,0.6,0.6588752462796257,0,1,1,0,0.10232502915983918,0.04395289013031744
3683,0.6,0.6716760729153701,0,0,1,0,0.102003174274681,0.04531604053650469
3684,0.6,0.6981655647682488,0,0,1,0,0.10043074971265298,0.048817821250864105
3685,0.6,0.7220943154783486,0,0,1,0,0.09557262143951,0.05406509678749532
3686,0.6,0.7047077128617311,1,0,1,0,0.08692252132690659,0.0614263012811869
3687,0.6,0.7009218083398899,1,0,1,0,0.0695968286377871,0.061556796101184134
3688,0.6,0.7137003955437559,1,0,1,0,0.050871621344033675,0.05447480469149408
3689,0.6,0.7094710594406551,1,0,1,0,0.034329613169973364,0.04261571598897845
3690,0.6,0.7415662893874055,1,0,1,0,0.01939756432058464,0.02811215164441409
3691,0.6,0.7403528313489288,1,0,1,1,0.007974162505290802,0.014725910619377532
3692,0.6,0.7496898522715173,1,0,0,1,0.004299921160269718,0.0053704377254485715
3693,0.6,0.7280842332938503,1,0,0,1,0.002676971865335564,-0.005463583301689926
3694,0.6,0.7119188346788728,1,0,0,1,0.0007161528559131689,-0.015516541279634585
3695,0.6,0.6953193527191586,1,0,0,1,-0.003519769828699357,-0.02275695617920416
3696,0.6,0.7053693692618397,0,0,0,1,-0.007434797595928992,-0.028592295551345622
3697,0.6,0.6967907930691042,0,0,0,1,-0.009796099465524316,-0.032485212492313814
3698,0.6,0.7031024128184453,0,0,0,1,-0.012240411737814557,-0.032971684257966566
3699,0.6,0.7236729010355551,0,0,0,1,-0.014962193731033415,-0.031616534445830895
3700,0.6,0.7411403185843097,0,0,0,1,-0.016772067881779575,-0.028756298309227078
3701,0.6,0.7485289411768148,0,0,0,1,-0.019193143062213498,-0.02325421244923001
3702,0.6,0.7642274190833812,1,0,0,1,-0.025246187000684706,-0.014202346211488937
3703,0.6,0.8267719693396395,1,0,0,1,-0.03242673286870724,-0.007289487936805519
3704,0.6,0.8541303249708436,1,0,0,1,-0.04031410753466524,-0.0011145905678210813
3705,0.6,0.8974545384641895,1,1,0,1,-0.04585368731916962,0.0048993924076896475
3706,0.6,0.9363566565852582,1,1,0,1,-0.04358334044495518,0.005777981363140053
3707,0.6,0.9397704036841387,1,1,0,1,-0.03882648287009048,0.0054628571516044805
3708,0.6,0.9762227524493028,0,1,0,1,-0.031166648665042387,0.0018947910474422013
3709,0.6,0.9475341504093369,0,1,1,0,-0.022725555705816417,-0.0077594890279608815
3710,0.6,0.91685972935285,0,1,1,0,-0.01974981030600886,-0.016478909182918448
3711,0.6,0.8634019882105792,0,1,1,0,-0.02161828818826606,-0.0232287041819213
3712,0.6,0.8253316004606416,0,1,1,0,-0.025371363196205685,-0.026874190286461173
3713,0.6,0.7996485110615075,0,1,1,0,-0.02655618134149644,-0.028799852921569346
3714,0.6,0.7646034999962417,0,1,1,0,-0.025881467016989453,-0.028609051223499236
3715,0.6,0.7344976238888776,0,1,1,0,-0.024848236223141654,-0.026797882861115136
3716,0.6,0.7138772228099305,0,1,1,0,-0.02401679964268412,-0.02488060962112029
3717,0.6,0.6870434697849468,0,1,1,0,-0.023048560453901,-0.02192793500220405
3718,0.6,0.6864562665556612,0,1,1,0,-0.02134388828308137,-0.01794063898747177
3719,0.6,0.6878584407335371,0,1,1,0,-0.019242183494968267,-0.01537289884731497
3720,0.6,0.6944961318402934,0,1,1,0,-0.01839181000813224,-0.013887309498626321
3721,0.6,0.7043794069282441,0,1,1,0,-0.01843610865873639,-0.013658793100483901
3722,0.6,0.7198102504534124,0,1,1,0,-0.01931394191616575,-0.013814970248850434
3723,0.6,0.75043823655764,0,1,1,0,-0.020992125522855974,-0.014328475904048362
3724,0.6,0.7775119154086766,0,1,1,0,-0.023108463543288896,-0.01476657631467408
3725,0.6,0.7830269427942735,0,0,1,1,-0.026284911333933,-0.012949078068775113
3726,0.6,0.743042093466964,0,0,1,1,-0.02933247975303097,0.0008813848674641063
3727,0.6,0.7742265642047264,1,0,1,1,-0.036068327564026954,0.013626622857690899
3728,0.6,0.7481889892535407,1,0,0,1,-0.04176377261074196,0.02017518315827823
3729,0.6,0.7578487178896884,1,0,0,1,-0.04050954097525772,0.023384065469477272
3730,0.6,0.7323458921269563,1,0,0,1,-0.037088937532963155,0.02312032653393864
3731,0.6,0.7250406300047334,1,0,0,1,-0.032931467067392396,0.020008289471332638
3732,0.6,0.7268280904941556,1,0,0,1,-0.031144054493932777,0.012952236393209967
3733,0.6,0.717774744241467,1,0,0,1,-0.03059824404438389,0.0057336140263504086
3734,0.6,0.7046999866646908,1,0,0,1,-0.02804921805788041,-0.001231339913979645
3735,0.6,0.7110080364906021,1,0,0,1,-0.025666023490780954,-0.0064181371924836505
3736,0.6,0.7090827624829131,1,0,0,1,-0.02393338895548381,-0.010887040446602627
3737,0.6,0.7163223940336806,1,0,0,1,-0.02034953185585579,-0.015159558884637032
3738,0.6,0.7201953657349897,1,0,0,1,-0.017185152373949908,-0.017637475114152406
3739,0.6,0.7374055588884345,1,0,0,1,-0.015344737538592525,-0.018986656921445064
3740,0.6,0.7287275645772511,1,0,0,1,-0.013763623359824865,-0.019798262677873654
3741,0.6,0.7290570459492838,1,0,0,1,-0.01277658455129485,-0.01823374339259021
3742,0.6,0.7464714717416355,1,0,0,1,-0.011212290679066138,-0.016801969609493178
3743,0.6,0.7666900802621219,1,0,0,1,-0.007809524271443971,-0.016740349375467107
3744,0.6,0.775636475879667,1,0,0,1,-0.0019203923631123652,-0.01702353323404355
3745,0.6,0.8171161383074133,1,0,0,1,0.005731669520070015,-0.019545709948670834
3746,0.6,0.7931558323584347,1,0,1,0,0.008544692019033405,-0.019624963709841892
3747,0.6,0.7633082013388804,0,1,1,0,0.002033237275606714,-0.016796335269745315
3748,0.6,0.8245542793588375,0,1,1,0,-0.0029607261321637993,-0.018561646672335848
3749,0.6,0.7796692730283152,0,1,1,0,-0.00472455076753029,-0.01982587922917429
3750,0.6,0.7481401827774684,0,1,1,0,-0.004427622820802521,-0.016336528765977652
3751,0.6,0.7598024737090878,0,1,1,0,0.0007357549858676242,-0.011982112411912275
3752,0.6,0.7490781415950036,0,1,1,0,0.008505193833511667,-0.006973745360393482
3753,0.6,0.7453274030557676,0,1,1,0,0.01326167064292289,-0.0030187751597696095
3754,0.6,0.7460692586867849,0,1,1,0,0.01583928547464571,-0.0013717216527690849
3755,0.6,0.7411783381538027,0,1,1,0,0.017700063388056055,-0.0015078959497453164
3756,0.6,0.7197846852377769,0,1,1,0,0.018294097443891013,-0.0010864770409969942
3757,0.6,0.7043982694087549,0,1,1,0,0.018521505340845016,-0.001068441058098441
3758,0.6,0.6987154038486296,0,1,1,0,0.018553824697634756,-0.001052991592878773
3759,0.6,0.695291367211375,0,1,1,0,0.017073583365628305,-0.0007121068159949232
3760,0.6,0.700504330360287,0,1,1,0,0.014770794042871668,-0.0009063028621185437
3761,0.6,0.6979735041958289,0,1,1,0,0.012079890452641464,-0.0010692015675075731
3762,0.6,0.708522205411762,0,1,1,0,0.007791169673317055,-0.00037301702788559326
3763,0.6,0.7314963524529897,0,1,1,0,0.004043598332898713,-0.00064959377192468
3764,0.6,0.7513411443682476,0,1,1,0,0.0015136292425855864,-0.0028834293484105173
3765,0.6,0.7605501153464207,0,1,1,1,0.0007167492345561102,-0.00418386533444428
3766,0.6,0.7361841102090072,1,1,1,1,-0.0011871730944629287,-0.0029760582293336937
3767,0.6,0.7076319892074371,1,1,1,1,-0.003381312657328178,-0.0018974363517149297
3768,0.6,0.7402174399395219,1,1,1,1,-0.0043479506920600566,-0.0012380399959290675
3769,0.6,0.7234384520024556,1,0,1,1,-0.009233502493448991,-0.0019063044767372965
3770,0.6,0.7660206169171049,1,0,0,1,-0.013977401654355896,-0.005129488449823088
3771,0.6,0.7714604379468348,1,0,0,1,-0.016863081437631697,-0.011791636360257941
3772,0.6,0.7662688527732064,1,0,0,1,-0.017256005750176866,-0.016931070196064546
3773,0.6,0.7466709438282609,1,0,0,1,-0.015138196857525621,-0.02057499687812771
3774,0.6,0.7294014993488666,1,0,0,1,-0.01086832008750291,-0.022934321268499484
3775,0.6,0.7175661130935018,1,0,0,1,-0.005951544149064586,-0.025185343700167815
3776,0.6,0.7015400282691675,1,0,0,1,-0.0011395909630781884,-0.026645177028271776
3777,0.6,0.6655668718790171,1,0,0,1,0.0033505497711011204,-0.024956268131665682
3778,0.6,0.6785832207036921,1,0,0,1,0.004749928365589954,-0.02336646717069943
3779,0.6,0.6755953866099178,1,0,0,1,0.004465315385728347,-0.02399510946581592
3780,0.6,0.6733686803887385,1,0,0,1,0.0038726999662823257,-0.023602478984385965
3781,0.6,0.6856268179265063,1,0,0,1,0.0026147123609077303,-0.022918132044051635
3782,0.6,0.6720582419166812,1,0,0,1,0.0006742107538835863,-0.02066427692010351
3783,0.6,0.6914871267228414,1,0,0,1,-0.0011382512526830555,-0.01689903434772481
3784,0.6,0.6998526004632641,1,0,0,1,-0.0014687488307531383,-0.013900979703805017
3785,0.6,0.7099943901844945,1,0,0,1,-0.0007737073458420252,-0.010862723277238789
3786,0.6,0.7255659112265828,1,0,0,1,0.0026174066655205446,-0.009232363828165795
3787,0.6,0.7541430229197407,1,0,0,1,0.0070309149657303005,-0.008842150785739314
3788,0.6,0.7524161437057633,1,0,1,1,0.009803901965321478,-0.006646167729260783
3789,0.6,0.7200456049920485,0,1,1,0,0.005767526156152865,-0.001469234851104563
3790,0.6,0.774002169459625,0,1,1,0,0.003467953774623761,-0.0017316993402364464
3791,0.6,0.7368243321577025,0,1,1,0,0.002079050825913568,-0.0019970652645786777
3792,0.6,0.7258919712895683,0,1,1,0,0.0005164306373650524,0.00016006186255526362
3793,0.6,0.728649160387797,0,1,1,0,0.0025726467652254117,0.0016026852928563617
3794,0.6,0.7204512276271176,0,1,1,0,0.006573637430093634,0.003269801009308536
3795,0.6,0.711784514158493,0,1,1,0,0.008513543612001016,0.004100296904674908
3796,0.6,0.7056830446103366,0,1,1,0,0.008837394246021263,0.003509940308814929
3797,0.6,0.684665139148234,0,1,1,0,0.009297907068887154,0.00246405272672408
3798,0.6,0.6676363475877759,0,1,1,0,0.008963677206681842,0.001327762974582656
3799,0.6,0.6496583870642698,0,1,1,0,0.008855439844194396,-0.0008426074240015833
3800,0.6,0.6323853908998612,0,1,1,0,0.0080660510918542,-0.0028132000143948643
3801,0.6,0.6200249228165933,0,1,1,0,0.006086137144886992,-0.004429530536745757
3802,0.6,0.6227483846834807,0,1,1,0,0.0043897419256980355,-0.006342410878905308
3803,0.6,0.6072860225270958,0,1,1,0,0.0012457153874296824,-0.007789408412537537
3804,0.6,0.6038041663640551,0,1,1,0,-0.002703454760413284,-0.007078065905923472
3805,0.6,0.6244574850713926,0,1,1,0,-0.0052019527492014,-0.0067902326874085825
3806,0.6,0.652487865791777,0,1,1,0,-0.007249048793151654,-0.008527823390311636
3807,0.6,0.6788683847371502,0,1,1,1,-0.009562779952817612,-0.011877834061164324
3808,0.6,0.6945288342887626,1,1,1,1,-0.010044056377061641,-0.012310531868363962
3809,0.6,0.6836730534274337,1,1,1,1,-0.010409613998234687,-0.0092545997781432
3810,0.6,0.7205655916426785,1,1,1,1,-0.012360897307498857,-0.006931786686626358
3811,0.6,0.695516924380304,1,0,1,1,-0.018395472260937875,-0.00524572831763977
3812,0.6,0.7289469955330331,1,0,1,1,-0.02599631416745267,-0.0026973605939142626
3813,0.6,0.7526085151910148,1,0,0,1,-0.031867355904633535,-0.004838376162532515
3814,0.6,0.7322268741140792,1,0,0,1,-0.03251557382847193,-0.007884602444581154
3815,0.6,0.7145117132748728,1,0,0,1,-0.028989630170543047,-0.009657170699741119
3816,0.6,0.7037216425053564,1,0,0,1,-0.023919918183827077,-0.011904642213881537
3817,0.6,0.6925229897408252,1,0,0,1,-0.019336617858866752,-0.015289373511969632
3818,0.6,0.6723989456200558,1,0,0,1,-0.01593099285514112,-0.017213178498553593
3819,0.6,0.6702541147123313,1,0,0,1,-0.013064089963830542,-0.01854927348310196
3820,0.6,0.6652135843772182,1,0,0,1,-0.00981543097551872,-0.019877381377351868
3821,0.6,0.6666179683971206,1,0,0,1,-0.0076828488435589665,-0.020579020061749047
3822,0.6,0.670734910339059,1,0,0,1,-0.007046680752789575,-0.02077317387166534
3823,0.6,0.6665795677321514,1,0,0,1,-0.008753074265098111,-0.020052910977221197
3824,0.6,0.6685111496403858,1,0,0,1,-0.01033123978106059,-0.017770983180293774
3825,0.6,0.6849062824698237,1,0,0,1,-0.010755773163890151,-0.01572984397770727
3826,0.6,0.6861972193357184,1,0,0,1,-0.010860217785622971,-0.013183773827524566
3827,0.6,0.7006763003707717,1,0,0,1,-0.010090030888830466,-0.010101691380493851
3828,0.6,0.7173741156050885,1,0,0,1,-0.00608601795027335,-0.008859520530945558
3829,0.6,0.7378537482462703,1,0,0,1,-0.0004843758306068339,-0.008263609107640903
3830,0.6,0.7466201060775315,1,0,1,1,0.004469305949102163,-0.006862185772716966
3831,0.6,0.7560855954241055,1,1,1,1,0.0031367097240433124,-0.000815203486997814
3832,0.6,0.7683355441383407,0,1,1,1,0.004626446650520309,0.0036725634801549585
3833,0.6,0.7565356051581322,0,1,1,0,0.009186478482510961,0.003442993386736478
3834,0.6,0.75736448448404,0,1,1,0,0.011259706950240856,0.0012097445724102626
3835,0.6,0.7566799220787019,0,1,1,0,0.011208013408492394,0.0002971376904587809
3836,0.6,0.7575392657201516,0,1,1,0,0.008936193468880553,-0.0014236250935982775
3837,0.6,0.7618746551424526,0,1,1,0,0.007549181469692096,-0.004196081112489047
3838,0.6,0.7541426034617642,0,1,1,0,0.007981307786390494,-0.005435403449997786
3839,0.6,0.7436306153020892,0,1,1,0,0.008002307831031973,-0.00577092183945832
3840,0.6,0.7382459397929324,0,1,1,0,0.007905106688303291,-0.0058145633716259705
3841,0.6,0.7165187125387898,0,1,1,0,0.0077447665769283585,-0.005915520552515476
3842,0.6,0.7020218318908674,0,1,1,0,0.0076817051412894815,-0.005408181259330643
3843,0.6,0.6855665067949444,0,1,1,0,0.007696899525995299,-0.005968150877624331
3844,0.6,0.6714838105043432,0,1,1,0,0.0075057222590475085,-0.005475802656263694
3845,0.6,0.6750623500160002,0,1,1,0,0.007229948456739801,-0.005356243961566802
3846,0.6,0.6684921110543159,0,1,1,0,0.0048939914590310956,-0.005466456003207464
3847,0.6,0.6830995850810629,0,1,1,0,0.0015394793341263996,-0.005947854111330574
3848,0.6,0.6896102233802607,0,1,1,0,-0.00022909130730415535,-0.005995890185510051
3849,0.6,0.7187075948343848,0,1,1,0,-0.002138808027695947,-0.005765512919864008
3850,0.6,0.7401076686160867,0,1,1,0,-0.0041137404364914405,-0.006919578998780429
3851,0.6,0.7574891378613156,1,1,1,1,-0.005883800909144948,-0.007719696311676572
3852,0.6,0.7427790893313125,1,1,1,1,-0.006762359949979055,-0.005411330904760263
3853,0.6,0.7334780093902967,1,0,1,1,-0.00973947004358041,-0.0016531248568741066
3854,0.6,0.7701380574457449,1,0,1,1,-0.01750190165895454,1.221190666526694e-05
3855,0.6,0.7486792931181109,1,0,0,1,-0.023185548932016978,-0.0009631106399291162
3856,0.6,0.7599820803394848,1,0,0,1,-0.024044378171475637,-0.002775858013444796
3857,0.6,0.7358789083843275,1,0,0,1,-0.022179551747317634,-0.005166385615356297
3858,0.6,0.7258361918330339,1,0,0,1,-0.018084186939844666,-0.007911979620407815
3859,0.6,0.7144259101041553,1,0,0,1,-0.014742189100454436,-0.012532437973515975
3860,0.6,0.6916453060368579,1,0,0,1,-0.01245635343575511,-0.01545784226027016
3861,0.6,0.6863343681980293,1,0,0,1,-0.009904688467502039,-0.01802451643919227
3862,0.6,0.6757690020584115,1,0,0,1,-0.006743752059083838,-0.01970695857562375
3863,0.6,0.6730205490512837,1,0,0,1,-0.0046966521190023374,-0.020146425808041955
3864,0.6,0.6779716885969888,1,0,0,1,-0.0036850547421060278,-0.019730314915127695
3865,0.6,0.6902431384920199,1,0,0,1,-0.004543882854799752,-0.02001154807685763
3866,0.6,0.6689078975111253,1,0,0,1,-0.007293758369849353,-0.019139144994938004
3867,0.6,0.6754397715826479,1,0,0,1,-0.009116840980886705,-0.01683580079060063
3868,0.6,0.6690517817980807,1,0,0,1,-0.011286531927664658,-0.013407776575537938
3869,0.6,0.6974612867926495,1,0,0,1,-0.010765844529467552,-0.011445124631278326
3870,0.6,0.6840100395962838,1,0,0,1,-0.006992275702357748,-0.010180109388218396
3871,0.6,0.7164375396448514,1,0,0,1,-0.0019206473410261777,-0.009144691528480735
3872,0.6,0.7221145649919976,1,0,1,1,0.0026563006874400783,-0.009362356094313703
3873,0.6,0.7228509600742823,1,1,1,1,0.002870434094892793,-0.00541147254219495
3874,0.6,0.7269048659864275,1,1,1,0,0.00517941532943073,-0.0041788133098102425
3875,0.6,0.7309413693006304,0,1,1,0,0.00406536310637725,-0.0073005721361280255
3876,0.6,0.7594477691176242,0,1,1,0,0.0015731201325653221,-0.012832089696789478
3877,0.6,0.7222343683674991,0,1,1,0,-0.0011351377576267042,-0.015621326098025499
3878,0.6,0.7042202427466023,0,1,1,0,-0.004824154880849615,-0.014495332512734624
3879,0.6,0.7094824250126391,0,1,1,0,-0.0045067069698508525,-0.012967354073831504
3880,0.6,0.6967892680030551,0,1,1,0,-0.001522317809106014,-0.010708014730613575
3881,0.6,0.6878606545695841,0,1,1,0,0.0011756947155673807,-0.008454671517412261
3882,0.6,0.6875101717512221,0,1,1,0,0.0027821727468883934,-0.007852990323910061
3883,0.6,0.6747271490910448,0,1,1,0,0.002730036440358411,-0.009112958341969764
3884,0.6,0.6564795715720299,0,1,1,0,0.0028555411991179054,-0.00947778109910685
3885,0.6,0.6428733981981531,0,1,1,0,0.0028893741225756125,-0.010552509338305422
3886,0.6,0.6195437607820998,0,1,1,0,0.0021535525267639137,-0.010688983527316653
3887,0.6,0.6198275072724223,0,1,1,0,0.000214710162394722,-0.01078655333397688
3888,0.6,0.6232639196195622,0,1,1,0,-0.003086873675719677,-0.011879588496693915
3889,0.6,0.6197157583278416,0,1,1,0,-0.007927620405659681,-0.01201677974350449
3890,0.6,0.63463326227533,0,1,1,0,-0.012570576434462414,-0.011678022178108049
3891,0.6,0.6647841646928134,0,1,1,0,-0.015946217216045503,-0.012965433034346151
3892,0.6,0.6909315701633268,0,1,1,0,-0.018783019777974686,-0.01645313192432146
3893,0.6,0.6763702188032042,0,1,1,1,-0.017822072626818803,-0.016110945910744953
3894,0.6,0.6937108995282769,1,1,1,1,-0.016656310991563696,-0.011745403889764928
3895,0.6,0.707487791409555,1,0,1,1,-0.01863964575664973,-0.00936475607800155
3896,0.6,0.7357093884502095,1,0,1,1,-0.02491053906980048,-0.008276907150287997
3897,0.6,0.70168815218513,1,0,0,1,-0.03204197380590453,-0.0041529731402927235
3898,0.6,0.7480341283758103,1,0,0,1,-0.0343260949318107,-0.0025242435816616275
3899,0.6,0.7319147766721915,1,0,0,1,-0.03417468219706442,-0.004418510404525257
3900,0.6,0.7149116394993519,1,0,0,1,-0.03085126931800317,-0.005341601285906279
3901,0.6,0.7003377121406366,1,0,0,1,-0.027077714230919973,-0.007158767456090128
3902,0.6,0.6874407055867999,1,0,0,1,-0.02331507293002287,-0.009020570416098548
3903,0.6,0.6806836734135372,1,0,0,1,-0.019423742030726818,-0.011939673272150642
3904,0.6,0.6610193493116296,1,0,0,1,-0.016732838380552745,-0.013126194307432771
3905,0.6,0.6647546130228883,1,0,0,1,-0.014863205514225342,-0.013812331672596493
3906,0.6,0.678042051598674,1,0,0,1,-0.013232635346538837,-0.016216990955018742
3907,0.6,0.6827450402649368,1,0,0,1,-0.012957741345847335,-0.01911667395089185
3908,0.6,0.6880288851617068,1,0,0,1,-0.013008123879197978,-0.021301612924637562
3909,0.6,0.6816860139076231,1,0,0,1,-0.013085338186106283,-0.021503568340869327
3910,0.6,0.6844204909574065,1,0,0,1,-0.012181382424185707,-0.020041692638490708
3911,0.6,0.6892722702857879,1,0,0,1,-0.010381887998281115,-0.018164906347618102
3912,0.6,0.7120067100620625,1,0,0,1,-0.0066040756456053895,-0.017618354257803746
3913,0.6,0.7115761746398436,1,0,0,1,0.00035216870175639896,-0.017928454496097777
3914,0.6,0.7347743504509054,1,0,0,1,0.007149160705784472,-0.016997921299892898
3915,0.6,0.7130093812889848,1,0,1,1,0.008596843527483123,-0.013086904151554883
3916,0.6,0.7495156259891494,1,0,1,1,0.00662762909708169,-0.006669767535661643
3917,0.6,0.7253132251224308,1,1,1,0,0.006672388487945058,-0.0030688156489362723
3918,0.6,0.7452581246116121,0,1,1,0,0.005979799481038901,-0.0036592866782351498
3919,0.6,0.7785299948695515,0,1,1,0,0.0036389557646441984,-0.00792687501868765
3920,0.6,0.7399836267774578,0,1,1,0,0.0015409147301702747,-0.010302507556301396
3921,0.6,0.7264464812327216,0,1,1,0,-0.0011659206226120324,-0.009674247422015175
3922,0.6,0.7298182422151376,0,1,1,0,-0.0001776167829057944,-0.00971905303782327
3923,0.6,0.7192006940436981,0,1,1,0,0.002431001754778114,-0.008990360875434951
3924,0.6,0.7071371538268458,0,1,1,0,0.003958959575983199,-0.007956253254569981
3925,0.6,0.7018383103362781,0,1,1,0,0.004501346867982381,-0.007726108818948027
3926,0.6,0.6809609833106417,0,1,1,0,0.004250522930883223,-0.008252333671512697
3927,0.6,0.6596966845481882,0,1,1,0,0.004397109185151074,-0.0074932835633829895
3928,0.6,0.6475249170679532,0,1,1,0,0.004647898402555747,-0.0077851433926278794
3929,0.6,0.6132526467890073,0,1,1,0,0.005092531929120172,-0.006901939873450052
3930,0.6,0.6142586526768218,0,1,1,0,0.005270076093772873,-0.0057925685409684615
3931,0.6,0.6222305862329337,0,1,1,0,0.004263017847109445,-0.0058727452594700465
3932,0.6,0.6287369073509582,0,1,1,0,0.0015093590866260887,-0.006281951547922455
3933,0.6,0.6532783543232312,0,1,1,0,-0.00066249481112458,-0.006803368810247232
3934,0.6,0.685085489202712,0,1,1,0,-0.0032411794437535515,-0.008418652070960654
3935,0.6,0.7113861790327828,0,1,1,0,-0.006467529123740359,-0.01042558896419083
3936,0.6,0.7138479050329015,0,1,1,1,-0.008624654765088526,-0.010214999808367702
3937,0.6,0.7243056458104536,1,1,1,1,-0.009641587377018748,-0.007203916802527713
3938,0.6,0.7003859629137607,1,0,1,1,-0.012278971424343,-0.0033186475324463354
3939,0.6,0.7490367107876089,1,0,1,1,-0.019611305305493584,0.00015372488097493376
3940,0.6,0.7275923443834571,1,0,0,1,-0.02797646894519157,0.002245955453760821
3941,0.6,0.7699294066691595,1,0,0,1,-0.03124385646611189,0.0005354576144222867
3942,0.6,0.7543328655930751,1,0,0,1,-0.031076375295666783,-0.004941777714559898
3943,0.6,0.739115619977379,1,0,0,1,-0.027439743190982614,-0.008902479575406307
3944,0.6,0.7204919213261899,1,0,0,1,-0.022952514351514238,-0.012846712119988715
3945,0.6,0.7093504386448632,1,0,0,1,-0.01789434394497631,-0.01571567450624198
3946,0.6,0.7024905664846001,1,0,0,1,-0.013050372412601412,-0.018883037179617174
3947,0.6,0.6862341902644702,1,0,0,1,-0.010129191602785245,-0.019588684171966603
3948,0.6,0.693508871572278,1,0,0,1,-0.008499819423517267,-0.018696975050977435
3949,0.6,0.6977214505688055,1,0,0,1,-0.007642503949168343,-0.018138317414596383
3950,0.6,0.7063946108171852,1,0,0,1,-0.007810253589430751,-0.018634917251854836
3951,0.6,0.7029521239375635,1,0,0,1,-0.008837829592738683,-0.0182492477658072
3952,0.6,0.6973246700967141,1,0,0,1,-0.010889688076758315,-0.015555805182804857
3953,0.6,0.6961111416194516,1,0,0,1,-0.011991867505581245,-0.011844746567739962
3954,0.6,0.717565709377786,1,0,0,1,-0.011856449142140674,-0.009028124493996413
3955,0.6,0.7196259291301244,1,0,0,1,-0.009949045090823916,-0.007052412417487396
3956,0.6,0.7336840571503302,1,0,0,1,-0.0049211633845983515,-0.005725211736585612
3957,0.6,0.7594161650699492,1,0,0,1,0.0011531092325394521,-0.005661444697420931
3958,0.6,0.7485122523315325,1,0,1,1,0.003579096002054755,-0.003006856902530302
3959,0.6,0.7440193177813876,1,1,1,1,0.005090490292809626,0.0017137300080415938
3960,0.6,0.7471421941103084,0,1,1,0,0.00801461412334142,0.0018434475837666366
3961,0.6,0.7909933248872609,0,1,1,0,0.008114316619641808,-0.001985947440899083
3962,0.6,0.7809562862283301,0,1,1,0,0.006588931521553725,-0.006432780350342607
3963,0.6,0.7704725284842427,0,1,1,0,0.0030972081672052108,-0.008817954769312698
3964,0.6,0.7595553903788936,0,1,1,0,0.0001875132464486528,-0.01034405744996432
3965,0.6,0.7455712244775967,0,1,1,0,-0.00017290703191419744,-0.00997618308284372
3966,0.6,0.7371225369736846,0,1,1,0,0.0009986271717529346,-0.008889602584990879
3967,0.6,0.7200545272425987,0,1,1,0,0.0024920856461596824,-0.007625631860821297
3968,0.6,0.714049352769491,0,1,1,0,0.0038189086512916423,-0.007151686680233359
3969,0.6,0.6975502901309049,0,1,1,0,0.004770513079021684,-0.007901302454750566
3970,0.6,0.6694297908239046,0,1,1,0,0.005168376847549036,-0.007086567308606939
3971,0.6,0.6616127970187071,0,1,1,0,0.00655435652881957,-0.006760158694225201
3972,0.6,0.646874298678119,0,1,1,0,0.0075631959688998935,-0.0058517964140036936
3973,0.6,0.6429393187793591,0,1,1,0,0.006895689931621029,-0.005233280855223562
3974,0.6,0.6452468618067835,0,1,1,0,0.004985864824811736,-0.005598111012032437
3975,0.6,0.6476641798618208,0,1,1,0,0.0028583190043296194,-0.0058880012242780305
3976,0.6,0.6724888244075793,0,1,1,0,0.0013444654889796061,-0.0058685026929368115
3977,0.6,0.6919894102781068,0,1,1,0,-0.0008455975380682348,-0.006656400687957131
3978,0.6,0.7135050093300898,0,1,1,0,-0.003706361881335476,-0.007071252942533605
3979,0.6,0.695866278139541,1,1,1,1,-0.006294070070807205,-0.006208456929980237
3980,0.6,0.7016817315653258,1,1,1,1,-0.007338539599219474,-0.0037405754551246666
3981,0.6,0.7275223994555706,1,1,1,1,-0.009562793986929203,-0.003314281003999424
3982,0.6,0.7082682055778434,1,0,1,1,-0.014890995437238364,-0.0032255342195190314
3983,0.6,0.7361985492765227,1,0,0,1,-0.02093014333918517,-0.0040305704416640315
3984,0.6,0.738929860265287,1,0,0,1,-0.024450688446829794,-0.007844632090245699
3985,0.6,0.7192187649252679,1,0,0,1,-0.024062365157101577,-0.010267449090089606
3986,0.6,0.6971652624363339,1,0,0,1,-0.02054200265219878,-0.012008461510103792
3987,0.6,0.6801906315726748,1,0,0,1,-0.015861964729882088,-0.01424205345155068
3988,0.6,0.6660478650005696,1,0,0,1,-0.011496692697677354,-0.01743196754241301
3989,0.6,0.6583572170726675,1,0,0,1,-0.008269157170501227,-0.020375542373180438
3990,0.6,0.6422559603725535,1,0,0,1,-0.006105271222183902,-0.02234749862905849
3991,0.6,0.6383386206993088,1,0,0,1,-0.004273693574939863,-0.022628905005664928
3992,0.6,0.6364704707939686,1,0,0,1,-0.004003897388125193,-0.02270868602495607
3993,0.6,0.6397143234908045,1,0,0,1,-0.004766966326662043,-0.022322678658205915
3994,0.6,0.6423769385886534,1,0,0,1,-0.007447220232086637,-0.021407397451697327
3995,0.6,0.6381537738323675,1,0,0,1,-0.010212881357074585,-0.018368395918355207
3996,0.6,0.6507381985736254,1,0,0,1,-0.01180072098028918,-0.014770480380523405
3997,0.6,0.660738302366835,1,0,0,1,-0.012206310775402544,-0.011658825513234933
3998,0.6,0.6848096398168199,1,0,0,1,-0.011001467209650402,-0.009670471836494261
3999,0.6,0.6997090701082292,1,0,0,1,-0.006468245353930299,-0.009454338683406012
4000,0.6,0.7356467647227874,1,0,0,1,-0.0005551685569360866,-0.0100481041058941
4001,0.6,0.7215458205896977,1,0,1,1,0.004591616062333548,-0.009033401009595567
4002,0.6,0.7426566817972419,1,1,1,1,0.004833808448199014,-0.0037912531489818968
4003,0.6,0.7530617444567355,0,1,1,0,0.005591267482467871,-0.0016535991461654935
4004,0.6,0.7923476329397482,0,1,1,0,0.005227835705957208,-0.004116087889284344
4005,0.6,0.7831252564624165,0,1,1,0,0.0028642786658158574,-0.008045556584051526
4006,0.6,0.7746229826961953,0,1,1,0,-0.00046012886756495745,-0.009405523432920275
4007,0.6,0.7668861023206426,0,1,1,0,-0.0020128701422218085,-0.010164066829172185
4008,0.6,0.7592937765933229,0,1,1,0,-0.0009589742458375595,-0.010916037471987154
4009,0.6,0.7510670730009373,0,1,1,0,0.000786255526186407,-0.01122648720786986
4010,0.6,0.7371148025349433,0,1,1,0,0.0016241658084323986,-0.011233322960526619
4011,0.6,0.7320367913485165,0,1,1,0,0.0014866073617382152,-0.011947766135575306
4012,0.6,0.7092324255923736,0,1,1,0,0.0009822713197390814,-0.012936012069418024
4013,0.6,0.6868607001926237,0,1,1,0,0.0004302954399114338,-0.012188198687189473
4014,0.6,0.6757887718363826,0,1,1,0,0.0007838242982557851,-0.01221193076534887
4015,0.6,0.6569222088791019,0,1,1,0,0.0007751410808762984,-0.01140903225625757
4016,0.6,0.6650507732283467,0,1,1,0,0.00028362213176601084,-0.011143980149414081
4017,0.6,0.6520666679971586,0,1,1,0,-0.0018797997056049466,-0.011127247269082563
4018,0.6,0.6586028568909366,0,1,1,0,-0.004995727589516754,-0.010489487415221817
4019,0.6,0.6808398472147706,0,1,1,0,-0.0060779351408660025,-0.010733842959576963
4020,0.6,0.7096514437986271,0,1,1,0,-0.008196935795135196,-0.012545107381588677
4021,0.6,0.729717748958684,0,1,1,0,-0.011121413743140043,-0.014677464232534663
4022,0.6,0.740748004566242,0,1,1,1,-0.013152400925459674,-0.015391959633677201
4023,0.6,0.7471319116953898,1,1,1,1,-0.014613888278167723,-0.012708822249168788
4024,0.6,0.7178997259808592,1,0,1,1,-0.017480348722506898,-0.008328465679611088
4025,0.6,0.7511136251418064,1,0,1,1,-0.022949313697340257,-0.003409225722389446
4026,0.6,0.7625390384119127,1,0,0,1,-0.02783474287126461,-0.003990680928795007
4027,0.6,0.7426750819167359,1,0,0,1,-0.0287908794401417,-0.006008787051075392
4028,0.6,0.7092479049075864,1,0,0,1,-0.026241047395559287,-0.0056444427076366415
4029,0.6,0.7040214672833481,1,0,0,1,-0.02300347664705575,-0.0055437094693974375
4030,0.6,0.6977678513725032,1,0,0,1,-0.021733032979451068,-0.007584108617175641
4031,0.6,0.6826947923055161,1,0,0,1,-0.02123758998437748,-0.008861992466234092
4032,0.6,0.6812707000604367,1,0,0,1,-0.02004597545936597,-0.009980218694635803
4033,0.6,0.6890052894157146,1,0,0,1,-0.01780600613215077,-0.011822963703809503
4034,0.6,0.6887528994789843,1,0,0,1,-0.015625148030755816,-0.013660623782406631
4035,0.6,0.6870977021920659,1,0,0,1,-0.013858735340858753,-0.013758046489346433
4036,0.6,0.6961469082103813,1,0,0,1,-0.01417409661365664,-0.0128051270093629
4037,0.6,0.6890279961528817,1,0,0,1,-0.01679710964928926,-0.01115270850747557
4038,0.6,0.6979009483868055,1,0,0,1,-0.01876924038622653,-0.008913086939189392
4039,0.6,0.6865240429522681,1,0,0,1,-0.02114416270604659,-0.0047388072617855406
4040,0.6,0.7291023010092581,1,0,0,1,-0.022059733623449262,-0.0020106026817490303
4041,0.6,0.6687202038346067,1,1,0,1,-0.014852328018391899,-0.0029602974434406507
4042,0.6,0.6879850212710766,1,1,0,1,0.00010223582762417286,-0.010328228896248962
4043,0.6,0.6772963585947063,1,1,1,1,0.012728953436234062,-0.020853119901573687
4044,0.6,0.6847272243601895,1,1,1,1,0.021328951182735992,-0.02797879854069763
4045,0.6,0.5928585804822251,0,1,1,0,0.028617720475258096,-0.033792560546519634
4046,0.6,0.6219689530456471,0,1,1,0,0.03602871291967038,-0.03952789620358326
4047,0.6,0.5679076014212407,0,1,1,0,0.04382780813763109,-0.04698185995266974
4048,0.6,0.5956006628907282,0,1,1,0,0.04935594095065001,-0.05291925912433571
4049,0.6,0.5673740061663572,0,1,1,0,0.052438575643466524,-0.057329047033672045
4050,0.6,0.5641792872699478,0,1,1,0,0.052675616478317054,-0.058542176611206184
4051,0.6,0.5590018873702534,0,1,1,0,0.05288902533112674,-0.057922536436479814
4052,0.6,0.5522335881069366,0,1,1,0,0.05409761847018422,-0.05603948502109073
4053,0.6,0.5451520220543783,0,1,1,0,0.05688398454189153,-0.05324244964120303
4054,0.6,0.5555168006286363,0,1,1,0,0.05934290251072844,-0.04978274428758936
4055,0.6,0.558228976998973,0,1,1,0,0.06007787970529605,-0.04674746413238525
4056,0.6,0.56589142178999,0,1,1,0,0.06088590601709024,-0.043306183430708654
4057,0.6,0.5841279010551839,0,1,1,0,0.06141482112020859,-0.04168156002405385
4058,0.6,0.58834756688244,0,1,1,0,0.06249811030437547,-0.03978383902030078
4059,0.6,0.609917888479799,0,1,1,0,0.06327592312243802,-0.03876485934301683
4060,0.6,0.6386375805499931,0,1,1,0,0.06320571206687921,-0.03880494798552218
4061,0.6,0.6689705298163037,0,1,1,0,0.06306110101550802,-0.038747364217230844
4062,0.6,0.7161792192990353,0,1,1,0,0.06375578180957203,-0.03791971968425836
4063,0.6,0.7619541823438686,0,1,1,0,0.06339586635920481,-0.036844014439783544
4064,0.6,0.7891165208511441,0,1,1,0,0.06082795195938671,-0.03343277250381116
4065,0.6,0.8109204575006751,0,0,1,0,0.05283481332134619,-0.025244588691837877
4066,0.6,0.8608042232282918,1,0,1,0,0.04085316615867195,-0.015425475907707046
4067,0.6,0.897946191930096,1,0,0,0,0.02893251264652987,-0.014942764509778347
4068,0.6,0.85712755827046,1,0,0,1,0.02262695077461207,-0.019405132665370677
4069,0.6,0.8020454440231669,1,0,0,1,0.022473074982336128,-0.022137210501469454
4070,0.6,0.7544723339644003,1,0,0,1,0.025335871263596828,-0.024263555238346852
4071,0.6,0.7223398795425968,1,0,0,1,0.02753714107063884,-0.02821477696285395
4072,0.6,0.6910594542919556,1,0,0,1,0.027361188490198286,-0.033121169963442214
4073,0.6,0.6478150119485633,1,0,0,1,0.02700174252947845,-0.037428308629161244
4074,0.6,0.6478110723604653,1,0,0,1,0.02513541168869192,-0.04070043816028021
4075,0.6,0.611959274946599,1,0,0,1,0.024157939715496263,-0.04283357465690757
4076,0.6,0.6155221545733378,1,0,0,1,0.024590093515012033,-0.04484611168505251
4077,0.6,0.6277865916651665,1,0,0,1,0.02244169947733021,-0.04654622182196897
4078,0.6,0.6312964550772397,1,0,0,1,0.01901487053643014,-0.04685659735209721
4079,0.6,0.6509211049491888,1,0,0,1,0.01779680154310342,-0.0465539647572484
4080,0.6,0.6541129960412159,1,0,0,1,0.017060995578429286,-0.04439776890422495
4081,0.6,0.7030271935608423,1,0,0,1,0.01984114951219108,-0.044596115435573166
4082,0.6,0.7029422476183621,1,0,0,1,0.024833733107859624,-0.045174157980472085
4083,0.6,0.6992735750368709,1,0,1,1,0.02666109497338847,-0.041376598627153205
4084,0.6,0.7404505400557974,1,0,1,1,0.02457378842859628,-0.03501742545966215
4085,0.6,0.7540479351458907,0,0,1,1,0.02373625313508637,-0.02797685455610204
4086,0.6,0.8419669341823676,0,0,1,1,0.02521096290387562,-0.01989940869491559
4087,0.6,0.8163783897520939,0,1,1,0,0.02857192543972266,-0.010725834184610185
4088,0.6,0.830237843628863,0,1,1,0,0.02688364374194033,-0.003149818982739447
4089,0.6,0.8324679650264526,0,1,1,0,0.02184108336449416,0.0015721484506181888
4090,0.6,0.8475261092193435,0,1,1,0,0.016944979754902233,0.0026872057886658503
4091,0.6,0.8373897068550319,0,1,1,0,0.013241161526836602,0.0002854410761691524
4092,0.6,0.8266402343232374,0,1,1,0,0.011081179062656642,-0.0019058591642547311
4093,0.6,0.8169211330227056,0,1,1,0,0.010203755311528652,-0.003665356825423059
4094,0.6,0.8070511499797153,0,1,1,0,0.010544133580109279,-0.004952852633711738
4095,0.6,0.7839706713896565,0,1,1,0,0.01135095923172899,-0.005142634761880993
4096,0.6,0.7768081443531952,0,1,1,0,0.011874612413961176,-0.004995499528120841
4097,0.6,0.7680131372560179,0,1,1,0,0.010902365924700421,-0.006196982405879159
4098,0.6,0.7669133605160664,0,1,1,0,0.009325731583886865,-0.005692899978724194
4099,0.6,0.758008779501218,0,1,1,0,0.006724653180550777,-0.005244367522253238
4100,0.6,0.7780561426537875,0,1,1,0,0.0028891032320130577,-0.00545772553447391
4101,0.6,0.7921769893628782,0,1,1,0,0.00021992185247109305,-0.007255315200650706
4102,0.6,0.8223444618837916,0,1,1,0,-0.0019487383048069193,-0.008985269334274109
4103,0.6,0.7742552343432118,0,1,1,1,0.002088083500016233,-0.005269179044767821
4104,0.6,0.831282185282246,0,1,1,1,0.009544513829519465,0.0015310325041923355
4105,0.6,0.8008011378424982,1,0,1,1,0.009726393467625473,0.00609207769513397
4106,0.6,0.8176245275066356,1,0,0,1,0.008341640809497258,0.009940136309889795
4107,0.6,0.8272973531189391,1,0,0,1,0.009411295494550389,0.012050899619291709
4108,0.6,0.7896069941921156,1,0,0,1,0.014744539690690006,0.01455687943500373
4109,0.6,0.744274238259935,1,0,0,1,0.02295262363490117,0.019894654454238644
4110,0.6,0.7313054339321563,1,0,0,1,0.029166617260495024,0.02410375900243638
4111,0.6,0.7201886829455482,1,0,0,1,0.030464217611158577,0.02638630009847323
4112,0.6,0.724702455636853,1,0,0,1,0.029834325734696195,0.0272487566904381
4113,0.6,0.7486342082258819,1,0,0,1,0.030644768149815756,0.02419865558533251
4114,0.6,0.7573315587263786,1,0,0,1,0.033545375204120896,0.018559391665244604
4115,0.6,0.7583953632230261,1,0,0,1,0.037600941903779314,0.013537858247331199
4116,0.6,0.7534926325086604,1,0,0,1,0.0414800798924067,0.010589835592557741
4117,0.6,0.7446435874063149,1,0,0,1,0.044643327209346384,0.009547681104559261
4118,0.6,0.7405920316808529,1,0,0,1,0.0477923555240083,0.009082727489467477
4119,0.6,0.7180197581185586,1,0,0,1,0.04978436395609201,0.010545475726253289
4120,0.6,0.7359827404188191,1,0,0,1,0.053359506024695906,0.010765953515621629
4121,0.6,0.7151089003435153,1,0,0,1,0.0602550212201581,0.01024105191749849
4122,0.6,0.7252856735536928,1,0,0,1,0.06912460518531086,0.009626061854974418
4123,0.6,0.7197418754923235,1,0,0,1,0.07694982685683656,0.00869742319889237
4124,0.6,0.7297893460318622,1,0,1,1,0.08396376205366549,0.006827566887004796
4125,0.6,0.7285459637454268,1,0,1,1,0.08719077032896588,0.006399868055398441
4126,0.6,0.7336941356868699,1,0,1,1,0.08938201138071825,0.007127010603139523
4127,0.6,0.7339965336756291,1,0,1,1,0.0898141175016995,0.01020580176177884
4128,0.6,0.7585625450577849,0,0,1,1,0.09020566750748366,0.014292987609858419
4129,0.6,0.7968636715391753,0,0,1,1,0.09377742839535884,0.01865200381059982
4130,0.6,0.7630175199919421,0,0,1,0,0.09207889983800618,0.024897076776193388
4131,0.6,0.7919649602629946,0,1,1,0,0.08482980276751394,0.032215020619853846
4132,0.6,0.8344796118153531,0,1,1,0,0.08149281510653507,0.03508805633191785
4133,0.6,0.8345549216550879,0,1,1,0,0.07934175533120076,0.03481006924682785
4134,0.6,0.8317362885431838,0,1,1,0,0.07833744843352225,0.03523151587433683
4135,0.6,0.837547855441675,0,1,1,0,0.07905583378741561,0.03674241027418296
4136,0.6,0.8295376467322464,0,1,1,0,0.0814225487749723,0.03934344353963728
4137,0.6,0.8392905762097116,0,1,1,0,0.08376318960301182,0.041902946256746294
4138,0.6,0.8438621368899726,0,1,1,0,0.08667585516113063,0.0438436684860067
4139,0.6,0.8624674419043903,0,1,1,0,0.08785399995517548,0.04553784455436177
4140,0.6,0.8764004879107495,0,1,1,0,0.08743243150034173,0.04675369456402679
4141,0.6,0.900181284319913,0,1,1,0,0.08505967708403794,0.04739114475681013
4142,0.6,0.9210361155366596,0,1,1,0,0.08169466637736235,0.04746636695083024
4143,0.6,0.9482757828448853,0,1,1,0,0.07828700379363747,0.04756005830059397
4144,0.6,0.9405388885212124,1,1,1,0,0.07344278646171262,0.04694727884693364
4145,0.6,0.8895705667646286,1,1,1,0,0.061379740777607536,0.04107959213335877
4146,0.6,0.8405691619175091,1,1,1,0,0.0463218065862642,0.03396176865850444
4147,0.6,0.8088971870114345,1,0,1,0,0.02831732267722813,0.027022333070638366
4148,0.6,0.8068170738948571,1,0,1,0,0.008389223159045174,0.017353112650364523
4149,0.6,0.8378852845864326,1,0,1,1,-0.011768810814423054,0.005558617170119328
4150,0.6,0.802379603674843,1,0,0,1,-0.020864345659114533,-0.0014837266650230216
4151,0.6,0.7829211186587895,1,0,0,1,-0.022607091473978196,-0.007099386519594944
4152,0.6,0.7477534828864855,1,0,0,1,-0.020982016956778485,-0.012192857257375695
4153,0.6,0.7304388714106923,1,0,0,1,-0.01943868132195204,-0.015430304548288764
4154,0.6,0.7172982880599124,1,0,0,1,-0.020522896478764905,-0.01794753684409827
4155,0.6,0.7052141227796112,1,0,0,1,-0.02281159258843139,-0.019527789232297144
4156,0.6,0.6922613114218674,1,0,0,1,-0.026504458332779923,-0.018912622227918664
4157,0.6,0.7020691377305442,1,0,0,1,-0.029575348600956054,-0.017412071479592447
4158,0.6,0.6941358968429562,1,0,0,1,-0.030256870321305928,-0.014960016450371654
4159,0.6,0.7226046226609466,1,0,0,1,-0.030930049653374234,-0.011329557738231603
4160,0.6,0.7088968322899739,1,0,0,1,-0.034893998147095796,-0.005915236057878856
4161,0.6,0.726531694938988,1,0,0,1,-0.04024616850143883,0.001695291032576631
4162,0.6,0.7583484807643105,1,0,0,1,-0.04464573712554383,0.007864726393027904
4163,0.6,0.7622182810392844,1,0,0,1,-0.0494992539089037,0.015493376143752045
4164,0.6,0.8107239947356903,1,0,0,1,-0.05410303830554362,0.022441756708862094
4165,0.6,0.8389915251506599,1,1,0,1,-0.05586203853512945,0.027041075394025872
4166,0.6,0.9013316595997987,1,1,0,1,-0.05019604072245684,0.0251064034518336
4167,0.6,0.9062997844876438,0,1,0,1,-0.03998255524769465,0.018886221517302855
4168,0.6,0.9178569821256648,0,1,1,1,-0.02640589804723843,0.01338217752985764
4169,0.6,0.9235433371242194,0,1,1,1,-0.018190808833887316,0.011654557227103126
4170,0.6,0.8847597635045782,0,1,1,0,-0.016138974883124185,0.007186666517914871
4171,0.6,0.8861195986644245,0,1,1,0,-0.01692281133608669,-5.8329068979130964e-05
4172,0.6,0.8442577353951773,0,1,1,0,-0.021423611474656892,-0.009398555099396702
4173,0.6,0.83974914725241,0,1,1,0,-0.027815197044695966,-0.020044831158254506
4174,0.6,0.795248482819361,0,1,1,0,-0.030861426018705486,-0.028201355744062025
4175,0.6,0.7645326509127576,0,1,1,0,-0.03129892440019988,-0.03173552390857199
4176,0.6,0.7422482751963037,0,1,1,0,-0.029594385077068918,-0.03305813994483305
4177,0.6,0.7274969601126853,0,1,1,0,-0.02673228330536437,-0.03269209987917051
4178,0.6,0.7211554696151932,0,1,1,0,-0.024915024543122284,-0.03039063728900457
4179,0.6,0.7307257382927058,0,1,1,0,-0.022659986570344584,-0.027055791408095945
4180,0.6,0.7254333797895955,0,1,1,0,-0.02123181938305648,-0.024121969055725917
4181,0.6,0.7325105492497602,0,1,1,0,-0.020985150355986845,-0.022509668378206633
4182,0.6,0.7549579644164508,0,1,1,0,-0.020347123386472078,-0.021937080390402444
4183,0.6,0.7833289051771145,0,1,1,0,-0.019039095645644585,-0.02102172228791708
4184,0.6,0.8129683454641036,0,1,1,0,-0.018728423062208458,-0.019896194106463514
4185,0.6,0.832703840290323,0,1,1,0,-0.020553562001397182,-0.01857430532098255
4186,0.6,0.8527897625366047,0,1,1,0,-0.02321653256056674,-0.016644573741650112
4187,0.6,0.8043778389242113,1,0,1,1,-0.02367690545789516,-0.00960516893369842
4188,0.6,0.8035192474078104,1,0,0,1,-0.02700807692593921,-0.0002177875324897548
4189,0.6,0.837317945992085,1,0,0,1,-0.029900698940969955,0.0009675812993950358
4190,0.6,0.783378454593857,1,0,0,1,-0.029396323722604818,0.0005970261326246348
4191,0.6,0.7414577001445869,1,0,0,1,-0.024954014543385507,0.003527538034929198
4192,0.6,0.7291946882922302,1,0,0,1,-0.021751987306712687,0.0045174808871700734
4193,0.6,0.72196999877037,1,0,0,1,-0.02155498735615764,0.002457288654677649
4194,0.6,0.7081905308529148,1,0,0,1,-0.022520086912303575,-0.0003017465049231561
4195,0.6,0.7042868984695404,1,0,0,1,-0.023055137054732822,-0.003902037807300705
4196,0.6,0.7097747061059533,1,0,0,1,-0.021918826266031647,-0.00858660889299292
4197,0.6,0.6903550552546908,1,0,0,1,-0.01948262669159357,-0.012168499619989307
4198,0.6,0.7137088852096161,1,0,0,1,-0.0163593058021277,-0.015354321092765863
4199,0.6,0.7081963847362504,1,0,0,1,-0.014456627212972367,-0.017853962060376583
4200,0.6,0.7098792259588093,1,0,0,1,-0.012408163952509528,-0.0181506503053924
4201,0.6,0.6877732059073592,1,0,0,1,-0.009839515137138766,-0.015057669207177268
4202,0.6,0.6833952986406304,1,0,0,1,-0.010405921294640168,-0.008756318112690639
4203,0.6,0.7495703618888094,1,0,0,1,-0.008861671807623853,-0.008344179498368917
4204,0.6,0.7558548320195038,1,0,0,1,-0.004998257907710196,-0.01037352310897267
4205,0.6,0.7486597214252938,1,1,0,1,0.0021700676759768282,-0.011181554650172676
4206,0.6,0.7281322360126747,1,1,1,1,0.00578416516576221,-0.009781358664192136
4207,0.6,0.7477727773852417,0,1,1,1,0.009012673630567115,-0.007180919435302511
4208,0.6,0.7503894920093488,0,1,1,0,0.018701039368557056,-0.007421247724381013
4209,0.6,0.7487985159050787,0,1,1,0,0.023678009434624087,-0.009571520065060679
4210,0.6,0.7583888759819097,0,1,1,0,0.022606979886855994,-0.011570201809061214
4211,0.6,0.7334190880814778,0,1,1,0,0.01904673453199419,-0.012855469726399628
4212,0.6,0.7307917399973535,0,1,1,0,0.01643915507206411,-0.013915200621247955
4213,0.6,0.7189098390902515,0,1,1,0,0.016135913793133356,-0.015262063754200292
4214,0.6,0.7134155082042876,0,1,1,0,0.016255528315548304,-0.015476035018663714
4215,0.6,0.7103635835648806,0,1,1,0,0.017085445717484857,-0.015274033926377748
4216,0.6,0.6986542294966135,0,1,1,0,0.01817442814157903,-0.014315560249900602
4217,0.6,0.6910214810059131,0,1,1,0,0.02020762269493236,-0.012152552290711868
4218,0.6,0.6953299465722574,0,1,1,0,0.02168579126434893,-0.010589639023801521
4219,0.6,0.7004695292671513,0,1,1,0,0.022933244520635835,-0.008190637236552752
4220,0.6,0.7065225232725438,0,1,1,0,0.022332162534281556,-0.005901711608460056
4221,0.6,0.7358346271229294,0,1,1,0,0.01968103735672294,-0.0048703938420175605
4222,0.6,0.7604767296746608,0,1,1,0,0.017518506786534802,-0.004936727609141231
4223,0.6,0.8026934228821633,0,1,1,0,0.01626478736894892,-0.004838301644329521
4224,0.6,0.8346784843366362,0,1,1,0,0.013640537847731433,-0.005215265486183115
4225,0.6,0.8586857747482605,1,1,1,0,0.009360414789683033,-0.0041893511751049045
4226,0.6,0.8839080382556113,1,1,1,0,0.003532281878211751,-0.004388475564101443
4227,0.6,0.8531179390683461,1,1,1,1,-0.00173804040182708,-0.0018826121610465516
4228,0.6,0.8034021183997834,1,1,1,1,-0.01078814534293765,0.007021009672226809
4229,0.6,0.7740016722417132,1,1,0,1,-0.02235999071948606,0.01576819963305342
4230,0.6,0.7807934674073398,1,0,0,1,-0.03229787154181469,0.017370704710664913
4231,0.6,0.7793286162477028,1,0,0,1,-0.04025391650531285,0.01359806796739934
4232,0.6,0.7452072368592415,1,0,0,1,-0.045047891709548066,0.009166853815724046
4233,0.6,0.7478030159342707,1,0,0,1,-0.045204523247904464,0.003908706227260241
4234,0.6,0.7403989495301233,1,0,0,1,-0.04252091680334091,-0.003067515722378859
4235,0.6,0.7182325254569192,1,0,0,1,-0.03981832722913619,-0.007276133214408946
4236,0.6,0.7223682991681404,1,0,0,1,-0.037360691132113405,-0.009030466005388092
4237,0.6,0.7337034842601463,1,0,0,1,-0.03574057274183628,-0.010380032431118413
4238,0.6,0.7433034867249804,1,0,0,1,-0.03403598350267443,-0.01156936054342557
4239,0.6,0.7611725237891336,1,0,0,1,-0.03272694642359555,-0.012853959453205019
4240,0.6,0.7621478327637061,1,0,0,1,-0.03279922018603068,-0.011763089116074162
4241,0.6,0.7921389433740503,1,0,0,1,-0.032404719579413495,-0.009861279266808257
4242,0.6,0.7984427353769146,1,0,0,1,-0.031803172376428844,-0.007181237506300235
4243,0.6,0.8442186091798217,1,1,0,1,-0.03010634478853992,-0.004640463421117793
4244,0.6,0.8625643225976689,1,1,0,1,-0.019191267879552,-0.009357376991640088
4245,0.6,0.8417415022514617,1,1,0,1,-0.0038269476794986937,-0.019796591855984955
4246,0.6,0.013102680254378125,0,1,1,1,0.07830095324556917,-0.0652625226776539
4247,0.6,-0.05016195463852528,0,1,1,0,0.07732658402112583,-0.06209451755541996
4248,0.6,-0.12811975816176893,0,1,1,0,0.07817045769490663,-0.056875458987664905
4249,0.6,-0.12963799603975837,0,1,1,0,0.0803917631118129,-0.05244605284535572
4250,0.6,-0.1855994973730834,0,1,1,0,0.08334264792582131,-0.05063534225666776
4251,0.6,-0.18209585908703188,0,1,1,0,0.08738185626853746,-0.04966602055346299
4252,0.6,-0.1764230535714262,0,1,1,0,0.09258985467091178,-0.051716504087807515
4253,0.6,-0.1475860557354312,0,1,1,0,0.09506918777729619,-0.05574594675232391
4254,0.6,-0.131175991773932,0,1,1,0,0.09503308091004574,-0.06047905649998061
4255,0.6,-0.11360638498328338,0,1,1,0,0.09312414686180076,-0.06441166963961394
4256,0.6,-0.09707862622238392,0,1,1,0,0.08947792427727255,-0.06766852303523856
4257,0.6,-0.10649927556377954,0,1,1,0,0.08429165941337971,-0.06952754721507866
4258,0.6,-0.11516292743256361,0,1,1,0,0.07939144329272235,-0.06900324011164292
4259,0.6,-0.1163135984200095,0,1,1,0,0.07409121016989947,-0.0687906360645651
4260,0.6,-0.12661469240427486,0,1,1,0,0.06630478512414868,-0.07103972997964049
4261,0.6,-0.08422250423243205,0,1,1,0,0.05862367838761015,-0.07692761737454612
4262,0.6,-0.08720024783552906,0,1,1,0,0.0502995764532256,-0.08491305630396476
4263,0.6,-0.06421917881046389,0,1,1,0,0.04227312856027492,-0.09253572780569393
4264,0.6,-0.0460373941307659,0,1,1,0,0.03663675558951965,-0.09921448959409791
4265,0.6,-0.04953839921950257,0,0,1,0,0.031614144531925494,-0.0998629102193051
4266,0.6,0.042569091266330086,0,0,1,0,0.0266757374600917,-0.09790899004606507
4267,0.6,0.09657510922681851,0,0,1,1,0.01934676691007351,-0.09866019502669325
4268,0.6,0.07037760880942533,0,0,1,1,0.011779699527363637,-0.09412911662954006
4269,0.6,0.142056288448626,0,0,1,1,0.006179378032986678,-0.08789822514037315
4270,0.6,0.19877931723738865,0,0,1,1,0.0005479653870713161,-0.08511444037725432
4271,0.6,0.249402720009337,0,0,1,1,-0.004366125897488691,-0.08267597017709287
4272,0.6,0.31145167657398176,0,0,1,1,-0.008946493104255552,-0.08056674929581784
4273,0.6,0.3638717444523856,0,0,1,1,-0.01298660844416351,-0.07868733825047836
4274,0.6,0.41270858251999143,0,0,1,1,-0.016238813838893574,-0.0761997262834915
4275,0.6,0.46199222908054033,0,0,1,1,-0.0191216867818761,-0.07321497953380013
4276,0.6,0.5196334973087808,0,0,1,1,-0.02044939848051446,-0.0710560878056169
4277,0.6,0.48652018290187155,1,0,0,1,-0.014188841445445816,-0.06919289396808538
4278,0.6,0.4528528479209821,1,0,0,1,-0.00483222729880988,-0.06344587199872337
4279,0.6,0.43172671393767176,1,0,0,1,0.001779737327558727,-0.0582338906540534
4280,0.6,0.4625280988166851,1,0,0,1,-0.0008819358590274865,-0.05259855624962125
4281,0.6,0.43494074610942235,1,0,0,1,-0.008218018387694336,-0.04602215910480204
4282,0.6,0.44978504517859386,1,0,0,1,-0.015026870091847227,-0.038821684177960225
4283,0.6,0.5393257498506644,1,0,0,1,-0.023469089533944255,-0.034189258727398156
4284,0.6,0.540286591311587,1,1,0,1,-0.029803152993296514,-0.030739268296522102
4285,0.6,0.5353510964722221,1,1,0,1,-0.0254774767922942,-0.031238423412909833
4286,0.6,0.5393640885675068,0,1,0,1,-0.015134479232710642,-0.03886498951406544
4287,0.6,0.47974790999044165,0,1,0,1,-0.0030148490540562655,-0.04537258901714472
4288,0.6,0.49675981963533977,0,1,0,1,0.012185787227294492,-0.053351678111307525
4289,0.6,0.422921420866462,0,1,0,1,0.030788071584072922,-0.05948524165063971
4290,0.6,0.43219066641799814,0,1,1,0,0.04895029666049556,-0.0659464785717265
4291,0.6,0.42584942066293524,0,1,1,0,0.06278805961143118,-0.07432920339358658
4292,0.6,0.38987054501436036,0,1,1,0,0.07125093296348808,-0.07798608422830476
4293,0.6,0.41514138184241745,0,1,1,0,0.07663349385140386,-0.08020263933040436
4294,0.6,0.4114119427912601,0,1,1,0,0.07907022942804223,-0.08183266734488784
4295,0.6,0.41352761832944795,0,1,1,0,0.07807554637122542,-0.08095939196169985
4296,0.6,0.40158045052006136,0,1,1,0,0.07645225971219961,-0.0793820650494291
4297,0.6,0.3890854184965504,0,1,1,0,0.07478060242410342,-0.07695253789232957
4298,0.6,0.3870735586023088,0,1,1,0,0.07590394795817483,-0.07330605850444238
4299,0.6,0.39986821170833675,0,1,1,0,0.08034600890852135,-0.06962071430226005
4300,0.6,0.42352568607331703,0,1,1,0,0.08659507486288354,-0.06596398980367864
4301,0.6,0.44586729078678267,0,1,1,0,0.09374194177767457,-0.06351642155274433
4302,0.6,0.47104665017728137,0,1,1,0,0.09868916169789042,-0.06092576584769025
4303,0.6,0.47298762512086534,0,0,1,0,0.09925224764485359,-0.055367280109829026
4304,0.6,0.5392967336536191,0,0,1,0,0.0961070913115844,-0.04933903740152669
4305,0.6,0.5413436785295506,0,0,1,0,0.09037626403676302,-0.04185997732726189
4306,0.6,0.607084419192681,0,0,1,0,0.0832710847229827,-0.03321893082637994
4307,0.6,0.53991949192332,1,0,1,0,0.06829215984057681,-0.029240145244490683
4308,0.6,0.54643964459689,1,0,1,0,0.05057074975846677,-0.03260882373615344
4309,0.6,0.5654217469747491,1,0,1,0,0.034756900238091894,-0.039897110903258176
4310,0.6,0.6017408598391047,1,0,1,0,0.020138829039582664,-0.05009995504039796
4311,0.6,0.6658858654560134,0,0,1,0,0.004596303090880313,-0.06175405913938081
4312,0.6,0.6715113799123945,0,0,1,0,-0.010651833459292126,-0.06932134299980848
4313,0.6,0.6517781046557998,0,0,0,1,-0.021471250962432766,-0.07541737123327125
4314,0.6,0.6329242980191699,0,0,0,1,-0.027353787588306006,-0.07948746544964291
4315,0.6,0.611511836348716,0,0,0,1,-0.028945075312949816,-0.08028154093328592
4316,0.6,0.5823383473286435,0,0,0,1,-0.02649561546735738,-0.0790038826476516
4317,0.6,0.5521214949491119,0,0,0,1,-0.025743241014376816,-0.07271841709047812
4318,0.6,0.5671575887531206,0,0,0,1,-0.03120064161823868,-0.06188088405283594
4319,0.6,0.5809819002790307,0,0,0,1,-0.038035020123038055,-0.04907805227706017
4320,0.6,0.5701394272605893,0,0,0,1,-0.04424376358232947,-0.03378031645955202
4321,0.6,0.5858213130035573,1,0,0,1,-0.05190545265319844,-0.01622597372879453
4322,0.6,0.5611545342757879,1,1,0,1,-0.06263273065404722,0.0003688813105082334
4323,0.6,0.5056319919392527,1,1,0,1,-0.058477745259522616,0.003891572354466179
4324,0.6,0.39905290785594705,0,1,0,1,-0.05219843122531994,-0.0016443843416207632
4325,0.6,0.41405180981176204,0,1,0,1,-0.040702531915694326,-0.01786185903604602
4326,0.6,0.3091867951757783,0,1,0,1,-0.0258959707858368,-0.038935761893751926
4327,0.6,0.28644534439066005,0,1,0,1,-0.011515029815046462,-0.058492404432415865
4328,0.6,0.266827892615613,0,1,0,1,0.004277946439271417,-0.0785721469408473
4329,0.6,0.23795979041755508,0,1,0,1,0.018101059563499205,-0.09177075701519014
4330,0.6,0.2303095896207178,0,0,1,1,0.02946435481457687,-0.09856046631299471
4331,0.6,0.23642090659439494,0,0,1,1,0.03809669349233846,-0.1013946001402718
4332,0.6,0.2412086883123204,0,0,1,1,0.046222570286961535,-0.10276794785220196
4333,0.6,0.23610941645679848,0,0,1,1,0.0536720926116052,-0.10143241493567536
4334,0.6,0.23749994063616955,0,0,1,1,0.06134584313985729,-0.09728181099963255
4335,0.6,0.2273640272737621,0,0,1,1,0.06896834635046228,-0.08999739249087362
4336,0.6,0.2628474117141331,0,0,1,1,0.07713850686428261,-0.08292729574185814
4337,0.6,0.24845760171362108,0,1,1,0,0.08603559455101284,-0.07407125458082561
4338,0.6,0.2718879463122307,0,1,1,0,0.09597657247510087,-0.0645389429813114
4339,0.6,0.2881171320593399,0,1,1,0,0.10471905025901054,-0.05721130763668811
4340,0.6,0.2555532179356725,0,1,1,0,0.1113426624499942,-0.046831780802051394
4341,0.6,0.3139757926225929,0,0,1,0,0.11452026187248804,-0.0342865908206402
4342,0.6,0.3489626299773299,0,0,1,0,0.11589187060941274,-0.022739685108416577
4343,0.6,0.349946168839956,0,0,1,0,0.11561592908798873,-0.007954886511844138
4344,0.6,0.38294877358735474,0,0,1,0,0.1199256230817669,0.00857791051840496
4345,0.6,0.40228097540717417,0,0,1,0,0.13031333380510413,0.0274704755315998
4346,0.6,0.32287789831756736,1,0,1,0,0.13922005316774894,0.04526087846013481
4347,0.6,0.2945786559371212,1,0,1,0,0.13722629404872425,0.05236056120741484
4348,0.6,0.2859684983121962,1,0,1,0,0.1263546687392443,0.046742973466870875
4349,0.6,0.28270644671656986,1,0,1,0,0.10753455776893706,0.02890928166706456
4350,0.6,0.2993235169856926,1,0,1,0,0.0855119058577756,0.0019807071598819813
4351,0.6,0.28605277292131304,1,0,1,0,0.06542596389344418,-0.025449418121763937
4352,0.6,0.2836499700382753,1,0,1,0,0.05008247174222888,-0.0469307600178072
4353,0.6,0.28824601264727623,1,0,1,0,0.04149727031841347,-0.06392349753742334
4354,0.6,0.2763693073751827,1,0,1,0,0.037164605400565175,-0.079621508083638
4355,0.6,0.276785775456576,0,0,0,0,0.0332603710250887,-0.0970819737394137
4356,0.6,0.22659851084742283,0,0,0,1,0.029323406884742626,-0.11333081606872213
4357,0.6,0.2404737685467342,0,0,0,1,0.024155675248140326,-0.12572078843770154
4358,0.6,0.3003491677542828,0,0,0,1,0.016229011104435677,-0.14161151128863103
4359,0.6,0.24647148325853188,0,0,0,1,0.012636000346095931,-0.15521770022169973
4360,0.6,0.14141254994323602,0,0,0,1,0.017485307886332395,-0.15745965818254476
4361,0.6,0.15117987211349895,0,0,0,1,0.022883449761232008,-0.15590564744144383
4362,0.6,0.16558145234157223,0,0,0,1,0.02482329212098269,-0.15471105025732998
4363,0.6,0.1555688405536998,0,0,0,1,0.0217028502735753,-0.14916353864670745
4364,0.6,0.18586419074282434,0,0,0,1,0.015529570435917421,-0.14055171425505236
4365,0.6,0.23778370723106546,0,0,0,1,0.009250288955654324,-0.1332080071519927
4366,0.6,0.25718801232543603,0,0,0,1,0.005267940812971836,-0.1249450275950197
4367,0.6,0.25972650910979483,0,0,0,1,0.0016080585784158383,-0.11384582114815033
4368,0.6,0.2783174955015084,0,0,0,1,-0.003114705016623827,-0.10098219742852561
4369,0.6,0.31506533411781906,0,1,0,1,-0.0074059194023998924,-0.08898655309708457
4370,0.6,0.3151468480084768,0,1,0,1,-0.00709145522633675,-0.0803458530821294
4371,0.6,0.30664794922706073,0,1,0,1,-0.002326343463586928,-0.07700700937999629
4372,0.6,0.3042426208687017,0,1,0,1,0.008545091602003695,-0.07875491290785178
4373,0.6,0.30773392822093415,0,1,0,1,0.024245067443280865,-0.08289394291713323
4374,0.6,0.28753553563180945,0,1,0,1,0.039833147862010226,-0.08656910627895438
4375,0.6,0.2883312919440793,0,1,1,1,0.053262143056543754,-0.08802148304224555
4376,0.6,0.3151978201047344,0,1,1,1,0.06236391776593654,-0.08553968681246817
4377,0.6,0.32860427775230766,0,1,1,1,0.07201924718416604,-0.08067514920020953
4378,0.6,0.3370269650683124,0,1,1,1,0.0815515504531772,-0.07283011471662579
4379,0.6,0.3961505226979518,0,0,1,1,0.09199372614589882,-0.06522611057766124
4380,0.6,0.4548637756236506,0,1,1,1,0.09995918046107681,-0.06031317348186182
4381,0.6,0.45183466760570284,0,0,1,1,0.10406753346636638,-0.05446202764002898
4382,0.6,0.5433863309027466,0,0,1,0,0.10806335644947947,-0.04903292728426446
4383,0.6,0.5695924332442706,0,0,1,0,0.10834793201810733,-0.04525701443058854
4384,0.6,0.46349195176883234,0,0,1,0,0.10377344815799573,-0.033656703545268896
4385,0.6,0.4998631648447634,0,0,1,0,0.10072416962273507,-0.01906339169307145
4386,0.6,0.5282496599602201,0,0,1,0,0.10347029292826379,-0.0056306934451049555
4387,0.6,0.5706563405423816,0,0,1,0,0.11792158259637495,0.009266039068076602
4388,0.6,0.5957148361514149,1,0,1,0,0.13674319749108507,0.02164631090713145
4389,0.6,0.650735364917942,1,0,1,0,0.14524897794985758,0.024852434316085106
4390,0.6,0.6983619034550691,1,0,1,0,0.14767974160679767,0.022141694041294888
4391,0.6,0.7573845613126456,1,0,1,0,0.14524569813576882,0.01573084766300703
4392,0.6,0.7683963859614066,1,0,1,0,0.14098625558613334,0.008473869605312725
4393,0.6,0.800275894472182,1,0,0,0,0.1379831241007759,-0.004883682981144057
4394,0.6,0.7860084521419327,1,0,0,0,0.13604733660020701,-0.022638273693872096
4395,0.6,0.758808099612114,1,0,0,0,0.13547901789207875,-0.04195701237587701
4396,0.6,0.719918989461193,1,0,0,0,0.13256948145781722,-0.062287387220428404
4397,0.6,0.722078037895313,1,0,0,0,0.12491393054999064,-0.08091641264263581
4398,0.6,0.7254020939587861,0,0,0,0,0.11446944424482691,-0.09875850671182954
4399,0.6,0.675506774976257,0,0,0,1,0.10842351368961783,-0.11170168776299841
4400,0.6,0.6233771864829849,0,0,0,1,0.117492608705184,-0.11478733933821555
4401,0.6,0.5905285565729839,1,1,0,1,0.12686854980304857,-0.11122747806357812
4402,0.6,0.6118330575927091,0,0,0,1,0.13428446060903435,-0.10831202314754543
4403,0.6,0.5442063696665254,0,1,0,1,0.15266896003293853,-0.10191891827105604
4404,0.6,0.5721368023083715,0,1,0,1,0.1736153012820342,-0.0943861011139861
4405,0.6,0.6191920113567448,0,1,0,1,0.19965072992602084,-0.09345471436136715
4406,0.6,0.5480813840962058,0,1,0,1,0.22601189206029634,-0.08829688856043034
4407,0.6,0.48422582022660327,0,1,1,1,0.24515790994009623,-0.07288707589096359
4408,0.6,0.4699571632367104,0,1,1,1,0.257670744115839,-0.04710679289331625
4409,0.6,0.469965833249342,0,1,1,1,0.2650766009432783,-0.015288392568103198
4410,0.6,0.5143428856893559,0,1,1,1,0.269929911820647,0.018914815260871173
4411,0.6,0.537975968519962,0,1,1,0,0.27287807370836975,0.054470845382056224
4412,0.6,0.5590568491951614,0,1,1,0,0.2733945106835335,0.09043854153152002
4413,0.6,0.6191894136854518,0,1,1,0,0.27419831172335896,0.12323953383420669
4414,0.6,0.6688561774406112,0,1,1,0,0.27641991423260637,0.1508268886384204
4415,0.6,0.7263930681869402,0,1,1,0,0.2781198661718305,0.17449502250981813
4416,0.6,0.753151796379234,0,0,1,0,0.27615452644160116,0.19614896078630792
4417,0.6,0.7744489570428519,0,0,1,0,0.26909808406767893,0.2177870943124153
4418,0.6,0.7700510547418444,0,0,0,0,0.2591952521989117,0.23875345610969542
4419,0.6,0.771021180887911,0,0,0,0,0.24787396035686926,0.2588605522081296
4420,0.6,0.743543161323521,0,0,0,0,0.2338064975403517,0.27933643852452905
4421,0.6,0.7257844372305183,0,0,0,0,0.2203854865426833,0.3012831294468426
4422,0.6,0.7261744541285485,0,0,0,0,0.20806748793985877,0.3230824801125503
4423,0.6,0.6745053832375014,1,0,0,0,0.19370490597956994,0.34084579424725103
4424,0.6,0.5987320853865165,1,0,0,0,0.17728271795218678,0.35159939081285685
4425,0.6,0.5610137284223656,1,0,0,0,0.1608608515590846,0.3540488394942539
4426,0.6,0.5354979456678808,1,0,0,0,0.14341364278707752,0.3467731521152863
4427,0.6,0.540597348963621,1,0,0,0,0.12619832360606553,0.3292860676182028
4428,0.6,0.5422313874649621,1,0,0,0,0.1103262454457353,0.30165914560301693
4429,0.6,0.5410351472438358,1,0,0,0,0.09818338926566218,0.2682050798684166
4430,0.6,0.5352722206774174,1,0,0,0,0.09126495562714547,0.23245479745039155
4431,0.6,0.47535865591365817,0,0,0,0,0.09031554840257258,0.1970037032865042
4432,0.6,0.4332321164652202,0,0,0,0,0.09153855015399304,0.16203577691693277
4433,0.6,0.44449028095968607,0,0,0,0,0.09111904711148404,0.12488874640499588
4434,0.6,0.45770152345639464,0,0,0,0,0.0867666547374157,0.08395401394063738
4435,0.6,0.47777233918231427,0,0,0,0,0.07631570599905005,0.04323901874267946
4436,0.6,0.5006566887564573,0,0,0,0,0.06313612269820117,0.005227099335501866
4437,0.6,0.516159832762898,0,0,0,0,0.052928191497931806,-0.030418261014568522
4438,0.6,0.504436545904346,0,0,0,0,0.0463329637833351,-0.06317034519281295
4439,0.6,0.5015447159500604,0,0,0,0,0.041472524753481455,-0.09228822093576912
4440,0.6,0.5066537294228429,0,0,0,0,0.037483097619506335,-0.11903961106737833
4441,0.6,0.4978456466544209,0,0,0,0,0.03504808740071324,-0.1444973628780912
4442,0.6,0.4967413207587421,0,0,0,0,0.03373228535647411,-0.17039635402864423
4443,0.6,0.48611614160233324,0,0,0,0,0.031879599850973155,-0.19683839211330556
4444,0.6,0.4858316362943997,0,0,0,0,0.027516974969743015,-0.22404405032613295
4445,0.6,0.4934787304435739,0,0,0,0,0.017629135303261004,-0.25371279727731333
4446,0.6,0.401010559588034,0,0,0,0,0.01451714193229513,-0.27704920160018587
4447,0.6,0.27620871245424955,0,0,0,0,0.030561286443869583,-0.2776424080897805
4448,0.6,0.2888085481029292,0,0,0,0,0.05294710649389476,-0.2674791974058167
4449,0.6,0.3770443367617051,0,0,0,0,0.08461160302026867,-0.25949862897127607
4450,0.6,0.4485843214950859,0,0,0,0,0.12179686299042557,-0.25104033607197923
4451,0.6,0.47230416526497937,0,0,0,0,0.1560821000341773,-0.24030030111372
4452,0.6,0.4455713396663103,0,0,1,0,0.18435993380376064,-0.22692761400455025
4453,0.6,0.45103139619723354,0,0,1,0,0.20283757539780264,-0.20172435614775416
4454,0.6,0.47778299142870573,0,0,1,0,0.2178554575873765,-0.16742270179919527
4455,0.6,0.41961364270484175,1,0,1,0,0.22379958233251354,-0.12731586278690993
4456,0.6,0.35656963646410306,1,0,1,0,0.2178976107487461,-0.09095304489157938
4457,0.6,0.4129002310297263,1,0,1,0,0.21137552984172855,-0.06421784898047268
4458,0.6,0.47622153567033804,1,0,1,0,0.2058261648498653,-0.04831374168232208
4459,0.6,0.5344865555777725,1,0,1,1,0.20237294883354506,-0.040060385497932435
4460,0.6,0.5995801942506069,1,0,1,1,0.20177134379602865,-0.03798324276312446
4461,0.6,0.6360088823057831,1,0,1,1,0.20154382147128255,-0.03976623073751681
4462,0.6,0.6595841698275999,1,0,1,1,0.20119912529962947,-0.043538906122854305
4463,0.6,0.6693320510942706,0,0,1,1,0.20101645813276312,-0.04816035780593823
4464,0.6,0.6681740117465548,0,0,1,0,0.20165728025953933,-0.05383323203982565
4465,0.6,0.6354700287644834,0,0,1,0,0.20359080517195363,-0.058791758001478664
4466,0.6,0.6205961704417229,0,0,1,0,0.20687561661533543,-0.06247791935398803
4467,0.6,0.6148515423469098,0,0,0,0,0.2106245033884603,-0.06601892166431428
4468,0.6,0.609244800171999,0,0,0,0,0.21649443244394564,-0.07135689820947713
4469,0.6,0.6049108142932857,0,0,0,0,0.22300502244826037,-0.0796032687608175
4470,0.6,0.5919284434496814,0,0,0,0,0.22681378928926138,-0.08694811380201721
4471,0.6,0.6003566799208967,0,0,0,0,0.22816961699415544,-0.09370216575526628
4472,0.6,0.6371757688861566,0,0,1,0,0.22656369498206536,-0.10184521391625567
4473,0.6,0.6657533558041981,0,0,1,0,0.22172163898029038,-0.10856746193839072
4474,0.6,0.690283136111675,0,0,1,0,0.21590782988292903,-0.11205452173463239
4475,0.6,0.6688253829493284,0,0,0,0,0.21281156520583785,-0.11264034009765989
4476,0.6,0.6732663387679338,0,0,0,0,0.21290791514860205,-0.11205718454773254
4477,0.6,0.6593921360846882,0,0,0,0,0.21840155751439685,-0.11204897465016475
4478,0.6,0.636992828519899,0,0,0,0,0.22843769250182488,-0.10879087439934247
4479,0.6,0.6108274315749491,0,0,0,0,0.24077924297685557,-0.09846711077424462
4480,0.6,0.6373674701695201,0,0,0,0,0.25496022223266424,-0.08651672998810059
4481,0.6,0.6237704498585751,0,0,0,0,0.2694110466166484,-0.07341833283774445
4482,0.6,0.6101531377538576,0,0,0,0,0.2810337701644477,-0.05755938512053215
4483,0.6,0.6108837196049854,0,0,0,0,0.2882040235455081,-0.04053528431945283
4484,0.6,0.6296440837787523,0,0,0,0,0.28915614495282915,-0.025290376401807993
4485,0.6,0.6206412636266617,0,0,0,0,0.28405614074618873,-0.01156382341986529
4486,0.6,0.6320791271107593,0,1,0,0,0.27430419658801947,0.0004724267799458371
4487,0.6,0.5804459570971592,0,1,0,1,0.2804616386390622,0.003532044568278331
4488,0.6,0.447979730811827,0,1,0,1,0.3102317895904547,0.00936805324160223
4489,0.6,0.36456432273236516,0,1,1,1,0.35125698983216874,0.0169386390359109
4490,0.6,0.15853269136279527,1,1,1,1,0.378923527894031,0.03260053051572786
4491,0.6,0.046710340855120484,1,0,1,1,0.3923253932563461,0.05168517677996349
4492,0.6,0.02936073017977918,1,0,1,0,0.3992513088264102,0.06686691879643432
4493,0.6,0.014162799575219815,1,0,1,0,0.39668803555177773,0.07652936811131537
4494,0.6,-0.05072760053520116,1,0,1,0,0.3859354506943619,0.08444971466134707
4495,0.6,-0.08294177555550854,1,0,1,0,0.3719757078498931,0.08762607316179334
4496,0.6,-0.09367178142245977,1,0,1,0,0.3540196029189452,0.08223868226372401
4497,0.6,-0.10209591975711008,1,0,1,0,0.33200883016815463,0.06719930133179929
4498,0.6,-0.0820305152383683,1,0,1,0,0.3114509573260266,0.04191962230271918
4499,0.6,-0.033779272804589894,1,0,1,0,0.29933151626122434,0.010529759806357855
4500,0.6,-0.006115970185474233,0,0,1,0,0.292861758599931,-0.021909620010584226
4501,0.6,-0.006356273171090045,0,0,1,0,0.28830111961418303,-0.05410678178684395
4502,0.6,-0.018731054019214828,0,0,0,0,0.28535708225444084,-0.08591982379999517
4503,0.6,-0.03082084101987475,0,0,0,0,0.28268946047314697,-0.11780995966385337
4504,0.6,-0.04360775533540674,0,0,0,0,0.2796212422146282,-0.1494637853659418
4505,0.6,-0.07072499805905584,0,0,0,0,0.2770611032456277,-0.18032614717516132
4506,0.6,-0.10508430373976269,0,0,0,0,0.2760181519071132,-0.21039542624745416
4507,0.6,-0.10312210909539517,0,0,0,0,0.2738280878606415,-0.2402074814811615
4508,0.6,-0.08890372101829423,0,0,0,0,0.2695972312190031,-0.26993243451734217
4509,0.6,-0.07538507508901501,0,0,0,0,0.2644389195625168,-0.29967676100546536
4510,0.6,-0.05723912297280796,0,0,0,0,0.2587299030319795,-0.33002995032366866
4511,0.6,-0.03628206301675125,0,0,0,0,0.25221461955574026,-0.3611645993296891
4512,0.6,-0.015412426862726198,0,0,0,0,0.2446399302370264,-0.3926659369766975
4513,0.6,-0.004800795805208342,0,0,0,0,0.23682049400339422,-0.4244344203771821
4514,0.6,-0.007857923057001824,0,0,0,0,0.22910896988840762,-0.45588027152407135
4515,0.6,-0.02067671438046876,0,0,0,0,0.2215047799952048,-0.48621849715488674
4516,0.6,-0.03145059971115022,0,0,0,0,0.21404934208880394,-0.5153453477305056
4517,0.6,-0.011603473019882156,1,1,1,1,-0.00037637279160354534,-0.0010435317921076482
4518,0.6,-0.055944980728775136,1,1,1,1,-0.0010706013510943624,-0.0014833499416065166
4519,0.6,-0.0640927115502412,1,1,1,1,-0.00047527209116122825,-0.005545281731067456
4520,0.6,-0.04261360849211671,1,1,1,1,-0.0008953058076618401,-0.009776066433951132
4521,0.6,-0.007764602859716313,0,0,1,1,-0.0021971373448226314,-0.015513763491663154
4522,0.6,0.01624036332771444,0,0,1,1,-0.0034901787563560737,-0.024189807911611117
4523,0.6,0.00538263638064386,0,0,1,0,-0.004802546527258336,-0.03214112089436065
4524,0.6,0.03152868343363513,0,0,1,0,-0.0070402441012538544,-0.03927580783796439
4525,0.6,0.034130345567956015,0,0,1,1,-0.009621743000574641,-0.04664650088968249
4526,0.6,0.04310384860620607,0,0,1,0,-0.015480296663942487,-0.05632160230388312
4527,0.6,0.039820960875402996,0,0,1,0,-0.0232752391949798,-0.06521374137821269
4528,0.6,0.04960278372031049,0,0,1,0,-0.028816911516227586,-0.06946511259240518
4529,0.6,0.03942959049581648,0,0,1,0,-0.03581722404402768,-0.07115349769460735
4530,0.6,0.06456744961166384,0,0,1,0,-0.04352878904894005,-0.07124877708756942
4531,0.6,0.0836409748033104,0,0,1,0,-0.04863956214340362,-0.0680056889208699
4532,0.6,0.07509100095278268,0,1,1,0,-0.05324269469041194,-0.060804005463871914
4533,0.6,0.07581267222770871,0,1,1,0,-0.05623196864031237,-0.05375247256462348
4534,0.6,0.073016132931585,0,1,1,0,-0.059817362354649004,-0.04950627323775729
4535,0.6,0.05173774143349218,0,1,0,0,-0.06253419028269945,-0.04835471248743091
4536,0.6,0.06433351664814212,0,0,0,0,-0.06409650965530339,-0.05031321345409167
4537,0.6,0.09093462801132558,0,0,0,0,-0.06564680494661722,-0.0544022078833558
4538,0.6,0.10790412633875761,0,0,0,0,-0.06917182924150175,-0.062252641456742336
4539,0.6,0.025046894802155484,0,0,0,1,-0.06678387161153855,-0.06552728686903593
4540,0.6,-0.014066363830266236,0,0,0,1,-0.056391618527380144,-0.056026157182273245
4541,0.6,0.004962904002974894,0,0,0,1,-0.04222739345045619,-0.044177050964309156
4542,0.6,0.015408049515501515,1,0,0,1,-0.02405856851564589,-0.0289694831213653
4543,0.6,0.023598995478372912,1,0,0,1,-0.015127215535022828,-0.020175306151476162
4544,0.6,0.0553679728101411,1,0,0,1,-0.015616897342895415,-0.025322453649700885
4545,0.6,0.07021707475936972,1,0,0,1,-0.01984394726950901,-0.03857520937256333
4546,0.6,0.08001746913331893,1,0,0,1,-0.024566090637341914,-0.05527914405002993
4547,0.6,0.10690034061257063,1,0,0,1,-0.024647485690652896,-0.0734220480813817
4548,0.6,0.07291306588194343,1,0,0,1,-0.016849399841435384,-0.09059384327850985
4549,0.6,0.09473920292524342,1,0,0,1,-0.0077867341943676106,-0.10624234701177847
4550,0.6,0.10455786559764829,1,0,0,1,0.0030232298177341635,-0.12255563250955585
4551,0.6,0.11950022289586675,1,0,0,1,0.01548338781977528,-0.13805513274799766
4552,0.6,0.12050771360082124,1,0,0,1,0.02774324483073623,-0.15111354026995744
4553,0.6,0.17202513857138305,0,0,0,1,0.043603914936638635,-0.1649410088902512
4554,0.6,0.14794404865842736,0,0,1,1,0.05964061426543442,-0.17714676268475943
4555,0.6,0.11697245081996185,0,0,1,1,0.06744815717663497,-0.17270654691163226
4556,0.6,0.1625217323187756,0,0,1,1,0.07428632210370426,-0.1613640339563445
4557,0.6,0.19635731802319092,0,0,1,1,0.0802151735486765,-0.14773178529975686
4558,0.6,0.2170957005381699,0,0,1,1,0.08444254855908935,-0.13233169502289202
4559,0.6,0.22703278918682887,0,0,1,0,0.08673487478441337,-0.11607770552286749
4560,0.6,0.2327078384766407,0,0,1,0,0.08760054915740446,-0.10007600608485245
4561,0.6,0.23161334197529357,0,0,1,0,0.08682710836710651,-0.08471509448215639
4562,0.6,0.23608061545219194,0,0,1,0,0.08506607048990031,-0.07088725736487943
4563,0.6,0.24366726833792465,0,0,1,0,0.08295163880038418,-0.05780766415875991
4564,0.6,0.2580058780008516,0,0,1,0,0.08171959436460573,-0.043983264909345406
4565,0.6,0.273148563004816,0,0,1,0,0.08092436691361543,-0.030368655971524966
4566,0.6,0.3091284323061072,0,0,1,0,0.07697250627845349,-0.02093113018509791
4567,0.6,0.3456199366553909,0,0,1,0,0.07172853951363709,-0.014216005548026482
4568,0.6,0.3527141838727069,0,0,1,0,0.06802575283530536,-0.00743236006773211
4569,0.6,0.3860718108004409,0,0,1,0,0.061669027358355055,-0.0015428831364421134
4570,0.6,0.4101593057925895,0,1,1,0,0.05695939185675965,0.0048891101428044925
4571,0.6,0.4351887517563115,0,1,1,0,0.0571019092232897,0.011054819184088
4572,0.6,0.47017274745763155,0,1,1,0,0.0602842601215105,0.017562659469671088
4573,0.6,0.5190251134070107,0,1,1,0,0.06438575302990156,0.02205063222442526
4574,0.6,0.5621591176812357,0,0,1,0,0.06920692514041624,0.0236476863873808
4575,0.6,0.5847546135801257,0,0,1,0,0.07345521476219888,0.024914998090881234
4576,0.6,0.5946635823413511,0,0,0,0,0.07748557975536266,0.024052422087199855
4577,0.6,0.617829028125501,0,0,0,0,0.08386596453599757,0.02053526336019044
4578,0.6,0.6040504303616423,1,0,0,0,0.09023984429214393,0.016848677670400942
4579,0.6,0.5404277186986268,1,0,0,0,0.08341687722446618,0.004745911217831509
4580,0.6,0.42219557550956766,1,0,0,1,0.07094260802829536,-0.016938413653466978
4581,0.6,0.3132394445484316,1,0,0,1,0.07022791488273272,-0.03222808603576359
4582,0.6,0.2621965228777175,1,0,0,1,0.0714528806726282,-0.04889105884829719
4583,0.6,0.2036266705523113,1,0,0,1,0.07132293915330021,-0.06779327398145747
4584,0.6,0.16883866433836311,1,0,0,1,0.07084448881756192,-0.08701251565928252
4585,0.6,0.155482692069402,1,0,0,1,0.07313830069258756,-0.10646807975935332
4586,0.6,0.14261556252536065,1,0,0,1,0.08094646324622654,-0.12544207880434266
4587,0.6,0.15274322287377043,0,0,0,1,0.09077512884176524,-0.14271846972907118
4588,0.6,0.13773502493168716,0,0,0,1,0.1046100145808157,-0.15668480901530887
4589,0.6,0.14884370991696236,0,0,0,1,0.12187244230604603,-0.16901388024971764
4590,0.6,0.1533330486851025,0,0,0,1,0.13743554618418793,-0.1796183097438476
4591,0.6,0.18022240279296217,0,0,0,1,0.15186562451276447,-0.18971962574981227
4592,0.6,0.1980835591469403,0,0,0,1,0.16464249002338793,-0.19999157278070456
4593,0.6,0.19089819820694642,0,0,0,1,0.17733891494640944,-0.20877684280242506
4594,0.6,0.10877286763468846,0,0,1,1,0.18102103923235863,-0.2075752493223905
4595,0.6,0.0779463550022432,0,0,1,1,0.17567812339872682,-0.18815934728927852
4596,0.6,0.13282468414417892,0,0,1,1,0.16793268031917444,-0.16358774251418226
4597,0.6,0.13882678291561346,0,0,1,1,0.16048906124648726,-0.1373707960488407
4598,0.6,0.20076589490734809,1,0,1,1,0.15204871827534336,-0.1129880192455495
4599,0.6,0.22832564031628694,1,0,1,0,0.14473495628795321,-0.09465701043153017
4600,0.6,0.2473574123016149,1,0,1,0,0.1383522747238646,-0.07834284635479474
4601,0.6,0.25415350471219084,1,0,1,0,0.13310778742170887,-0.06314603280575543
4602,0.6,0.2564465879143415,0,0,1,0,0.13133576834658028,-0.04709121359474081
4603,0.6,0.2736776558338712,0,0,1,0,0.13229690489477602,-0.030235872356767505
4604,0.6,0.313012249232698,0,0,1,0,0.1339640290925686,-0.015247895804026627
4605,0.6,0.34642377922494766,0,0,1,0,0.1352315102475276,-0.0027974816386889985
4606,0.6,0.37538101199716795,0,0,1,0,0.13524200335236666,0.007508823027603991
4607,0.6,0.36189129681622034,0,0,1,0,0.13098905025931232,0.01718019248011969
4608,0.6,0.3859837338827139,0,1,1,0,0.12388501753333811,0.02657181317936886
4609,0.6,0.3984752542333088,0,1,1,0,0.11964461383224498,0.030117340222268925
4610,0.6,0.409400373383417,0,1,1,0,0.11761941572598815,0.03036970735560423
4611,0.6,0.4364759022554473,0,1,1,0,0.11649277773320546,0.02995296462275059
4612,0.6,0.4832074363050704,0,1,1,0,0.11715585704439972,0.029486033455984228
4613,0.6,0.5011057405414868,0,1,1,0,0.11842838788542354,0.030626130546771727
4614,0.6,0.5310464699695322,0,1,1,0,0.11820417879287222,0.03340756128315567
4615,0.6,0.5651656305237169,0,0,1,0,0.11728006288190977,0.036037743051454664
4616,0.6,0.5919318004487513,0,0,1,0,0.11347259201366446,0.04020951326993726
4617,0.6,0.5950442555562905,1,0,1,0,0.10567597980258486,0.04735789537507424
4618,0.6,0.580652754913354,1,0,1,0,0.08994727650254579,0.04997163778265427
4619,0.6,0.5716081734449526,1,0,1,0,0.07375656693841512,0.04663859559185904
4620,0.6,0.5842218160222369,1,0,1,0,0.05715076673160684,0.03710427459578476
4621,0.6,0.6035215754812409,1,0,1,0,0.04046945530871892,0.022851440737934922
4622,0.6,0.6169424604775092,1,0,1,0,0.024415896044128964,0.007356832181032448
4623,0.6,0.6306684147253903,1,0,1,1,0.010231939933870789,-0.006045150633864486
4624,0.6,0.6476495328402686,1,0,0,1,0.003726852362610262,-0.015270236027118904
4625,0.6,0.6354970841773495,1,0,0,1,0.0011585258197090202,-0.023492749378274547
4626,0.6,0.6224782057768673,1,0,0,1,-0.001510998173705976,-0.029453431746800048
4627,0.6,0.6004135582837008,1,0,0,1,-0.006769117921188552,-0.03199718453515648
4628,0.6,0.5878634418793571,1,0,0,1,-0.01438643787324808,-0.031302727368766936
4629,0.6,0.5991373918379086,0,0,0,1,-0.02209179993012293,-0.029358947769788864
4630,0.6,0.6226110987979243,0,0,0,1,-0.028895257643882382,-0.027531546657904974
4631,0.6,0.6445895747452648,0,0,0,1,-0.03441347421672131,-0.024963021917360804
4632,0.6,0.6947785922156706,1,0,0,1,-0.04074106489806806,-0.021723348876971756
4633,0.6,0.680348846538875,1,0,0,1,-0.048437924228879686,-0.01439871606415208
4634,0.6,0.7482007401160394,0,0,0,1,-0.05701415020895579,-0.005061790106658176
4635,0.6,0.8370627350958233,1,0,0,1,-0.06587720047795122,0.0011831640525052577
4636,0.6,0.8513568252426568,0,1,0,1,-0.07434618613081817,0.008735208731150822
4637,0.6,0.9427721194704688,0,1,0,1,-0.07388290442086574,0.010852287235873883
4638,0.6,0.9539956585117318,0,1,0,1,-0.06653899366149259,0.008725478211860704
4639,0.6,0.9817307202020881,0,1,0,1,-0.05595333847779653,0.007164942125055936
4640,0.6,1.0293763605791526,0,1,0,1,-0.04300863739528523,0.0018998045143936396
4641,0.6,0.9900558310683403,0,1,1,0,-0.03554215981595342,-0.009124880269131958
4642,0.6,0.9415747073062446,0,1,1,0,-0.03756717865866545,-0.019413560371300764
4643,0.6,0.9181562050984855,0,1,1,0,-0.04270065869133328,-0.03076172552484287
4644,0.6,0.8944344114654155,0,1,1,0,-0.047778213117502216,-0.04167429670493062
4645,0.6,0.8373269979461829,0,1,1,0,-0.051515059236947276,-0.04814728271644206
4646,0.6,0.7859050198156748,0,1,1,0,-0.05285582506534802,-0.04774858038397565
4647,0.6,0.7439073885459757,0,1,1,0,-0.050414652381405516,-0.043728919716330285
4648,0.6,0.7445630598932069,0,1,1,0,-0.04730719357742532,-0.038859865076920755
4649,0.6,0.7435414383655568,0,1,1,0,-0.041981360950198034,-0.03309791817979034
4650,0.6,0.7389105662497126,0,1,1,0,-0.035832824164489435,-0.027033865980168707
4651,0.6,0.7604692686754341,0,1,1,0,-0.03141858405496414,-0.023131527080063285
4652,0.6,0.7717961456538637,0,1,1,0,-0.028608011465279116,-0.021495346630428843
4653,0.6,0.8019014420494264,0,1,1,0,-0.02750340024200563,-0.019772664550390454
4654,0.6,0.8282478451575228,0,0,1,0,-0.029539232094523138,-0.018167179733582447
4655,0.6,0.8564155366558498,0,0,1,0,-0.03865997912133716,-0.014226923793241537
4656,0.6,0.8287365949861174,0,0,1,1,-0.05035902625181154,-0.004645111730446475
4657,0.6,0.7986423628313257,1,0,1,1,-0.057070397283057205,0.014033910143408304
4658,0.6,0.7939061277653617,1,0,0,1,-0.06269078464355911,0.029436421293420098
4659,0.6,0.7998350081611798,1,0,0,1,-0.06386456912961005,0.03656014172798949
4660,0.6,0.7766747519474652,1,0,0,1,-0.061574131126223855,0.036803669164054705
4661,0.6,0.7667503259105077,1,0,0,1,-0.058570425424295254,0.032344411025943015
4662,0.6,0.7650875613684703,1,0,0,1,-0.057463574530810316,0.023709698666281327
4663,0.6,0.757026469377137,1,0,0,1,-0.05771075389329345,0.014738492084872358
4664,0.6,0.7495420673594534,1,0,0,1,-0.056487567925428014,0.006849755073857318
4665,0.6,0.7396729257352412,1,0,0,1,-0.05436273985160547,0.0026919414050861623
4666,0.6,0.7462168388650586,1,0,0,1,-0.052344094307236945,0.0014590494686399656
4667,0.6,0.7743146990890966,1,0,0,1,-0.050469930396760586,-0.0007365017689676329
4668,0.6,0.7981842453863035,1,0,0,1,-0.04968444408496464,-0.004026982134792261
4669,0.6,0.8135222839841936,1,0,0,1,-0.04820956605117824,-0.006144049272312379
4670,0.6,0.831247053811176,1,0,0,1,-0.04597002237703902,-0.006495151764443708
4671,0.6,0.8742611397313006,1,0,0,1,-0.041239086355092845,-0.007667675760953142
4672,0.6,0.8757417160164434,1,0,0,1,-0.03747481058112187,-0.006472915790615528
4673,0.6,0.9571631506019159,1,0,0,1,-0.032288550985341884,-0.006906941791381248
4674,0.6,0.9474423065194597,1,0,0,1,-0.024791484537990998,-0.0073323679347002645
4675,0.6,0.9516388842781236,1,1,0,1,-0.01443053907909874,-0.008194187688209904
4676,0.6,0.8799305212919659,1,1,1,0,-0.008959894910549581,-0.015000924357387898
4677,0.6,0.869537197780232,0,1,1,0,-0.012963439380425976,-0.017625338409483108
4678,0.6,0.8788752677128647,0,1,1,0,-0.014694521150006303,-0.021092481365777956
4679,0.6,0.8661188519115652,0,1,1,0,-0.013092323130668208,-0.023284486052900056
4680,0.6,0.8457066483550615,0,1,1,0,-0.007446588297955824,-0.022240253732385397
4681,0.6,0.8406782137732111,0,1,1,0,0.002119973153844789,-0.018681232106849913
4682,0.6,0.8257216868473504,0,1,1,0,0.010212406515266987,-0.013887159331683534
4683,0.6,0.8087487138818216,0,1,1,0,0.013497553755365523,-0.009434959133601093
4684,0.6,0.7988681982314975,0,1,1,0,0.0141500701648351,-0.006528318264259006
4685,0.6,0.7833661704255852,0,1,1,0,0.014442717773449246,-0.005469164177012404
4686,0.6,0.7530082986106927,0,1,1,0,0.015265869760564934,-0.003050600493783365
4687,0.6,0.7529437414100965,0,1,1,0,0.01708099218829316,-0.0014175375749558214
4688,0.6,0.7507232185217073,0,1,1,0,0.019174862576505275,0.00033603277081828555
4689,0.6,0.7494581959629555,0,1,1,0,0.019422996963662533,0.002407379919667678
4690,0.6,0.7559847035382437,0,1,1,0,0.018664555385129504,0.004459843715691583
4691,0.6,0.7749328042738911,0,1,1,0,0.017588317535641697,0.005458497253266236
4692,0.6,0.7983367569075775,0,1,1,0,0.017034276849782332,0.006270973978641765
4693,0.6,0.8317914611173568,0,1,1,0,0.01690823724720625,0.006900327989972563
4694,0.6,0.811693375157275,1,1,1,1,0.013555837686971694,0.005693152738811749
4695,0.6,0.7771872453599519,1,1,1,1,0.013669048213104149,0.007298500537158828
4696,0.6,0.7865148848144707,1,0,1,1,0.011965806775443956,0.009277846130363204
4697,0.6,0.738216594542574,1,0,0,1,0.00559920542681327,0.009992064431507162
4698,0.6,0.7640901074404935,1,0,0,1,0.0006417945865264626,0.0075121387483335755
4699,0.6,0.7573876982034995,1,0,0,1,-0.0025800465757381927,-0.0007892333707867436
4700,0.6,0.7455739582410583,1,0,0,1,-0.002918442777465064,-0.010016054692552874
4701,0.6,0.7353976282241277,1,0,0,1,-0.0016549989834398324,-0.019437988219375296
4702,0.6,0.7169388179751967,1,0,0,1,0.0017358037681138008,-0.027423760084022433
4703,0.6,0.7011646380061425,1,0,0,1,0.007175373731317467,-0.034307744134321166
4704,0.6,0.6774018847414746,1,0,0,1,0.012797070067496244,-0.03842085836821864
4705,0.6,0.6466556313735016,1,0,0,1,0.017780125426702188,-0.039188738305076805
4706,0.6,0.6541514358859396,1,0,0,1,0.020590516188487683,-0.03961697561279286
4707,0.6,0.6494109976400313,1,0,0,1,0.020938246678977396,-0.04126647453841284
4708,0.6,0.6487317464866391,1,0,0,1,0.020456863394342665,-0.041856120133684234
4709,0.6,0.6613109617536519,1,0,0,1,0.01959411985337217,-0.04210870161900858
4710,0.6,0.6452536788456297,1,0,0,1,0.01868690188355654,-0.04059872068847141
4711,0.6,0.6551969345109857,1,0,0,1,0.017381979767334934,-0.0373641214888713
4712,0.6,0.6677708752541471,1,0,0,1,0.01749322133602614,-0.03455911236789677
4713,0.6,0.6680180384832416,1,0,0,1,0.019831624052383,-0.031522638477050044
4714,0.6,0.6823433436791425,1,0,0,1,0.02380048864168186,-0.02841765012107886
4715,0.6,0.6891963163987984,1,0,1,1,0.027078409983878438,-0.025705349180497574
4716,0.6,0.6920624690628611,1,0,1,1,0.023734293200190573,-0.017808324823203322
4717,0.6,0.7080884708584754,1,0,1,1,0.02034172655652159,-0.009671122263007748
4718,0.6,0.745796109137186,0,1,1,0,0.018693511766682824,-0.0012198322054618553
4719,0.6,0.7554981136107534,0,1,1,0,0.017767144783385726,0.0027166324095853137
4720,0.6,0.7558736357036001,0,1,1,0,0.014186842326677912,0.004751266719652567
4721,0.6,0.7615908077247805,0,1,1,0,0.009585347176650386,0.005119617887350722
4722,0.6,0.7661658293009863,0,1,1,0,0.007704307975598241,0.0033493348904356283
4723,0.6,0.7575352510501031,0,1,1,0,0.008332463469788035,0.001785319736664787
4724,0.6,0.7491412724211154,0,1,1,0,0.008463516264821712,0.0006732615124405518
4725,0.6,0.7321336197298587,0,1,1,0,0.008481308860323467,9.742849559165357e-05
4726,0.6,0.7173501418876793,0,1,1,0,0.008101132155321007,-0.0006888348372890469
4727,0.6,0.6938141255251464,0,1,1,0,0.00790766189682543,-0.0022126939029530643
4728,0.6,0.6725560573498823,0,1,1,0,0.0075157471819760745,-0.003393665412418223
4729,0.6,0.6511495449313214,0,1,1,0,0.006802765292141945,-0.004697944058374868
4730,0.6,0.6538074850516604,0,1,1,0,0.005208900749456787,-0.006599458415909849
4731,0.6,0.6335650753220431,0,1,1,0,0.002015863451061886,-0.008438128526585506
4732,0.6,0.628491932291315,0,1,1,0,-0.0023317971424729298,-0.007817253759391388
4733,0.6,0.6381885201831233,0,1,1,0,-0.004694103505603048,-0.007631070441394721
4734,0.6,0.6673220295958876,0,1,1,0,-0.006224172526577069,-0.009997494405475517
4735,0.6,0.6892115141737578,0,1,1,0,-0.008233765521301234,-0.013594225543204714
4736,0.6,0.6935790627422421,0,1,1,1,-0.010300497626379317,-0.01581756746516112
4737,0.6,0.6922107290101355,1,1,1,1,-0.010959684743729381,-0.013019520515243974
4738,0.6,0.6811076549128516,1,1,1,1,-0.011313550916316825,-0.00937579741008983
4739,0.6,0.7229041464923027,1,0,0,1,-0.013068044535780032,-0.007782016718656179
4740,0.6,0.7147817460262743,1,0,0,1,-0.01660195862902451,-0.010906321574047442
4741,0.6,0.696789527592216,1,0,0,1,-0.01669700436799777,-0.013784504295535455
4742,0.6,0.674142891376317,1,0,0,1,-0.01516903637766247,-0.014758128955146072
4743,0.6,0.6666152951147832,1,0,0,1,-0.014799731888653515,-0.015361213613434706
4744,0.6,0.646372045699813,1,0,0,1,-0.016148805198578434,-0.0158440589879749
4745,0.6,0.6462776056708929,1,0,0,1,-0.01561256176595166,-0.017159241728759593
4746,0.6,0.6256038413792064,1,0,0,1,-0.013783489857655817,-0.018944334873031203
4747,0.6,0.6255786849528611,1,0,0,1,-0.011142586611821886,-0.020584573051015628
4748,0.6,0.6341429969964352,1,0,0,1,-0.007888843264620055,-0.02482485311211639
4749,0.6,0.6345150020296898,1,0,0,1,-0.004535929095288072,-0.029333774016125108
4750,0.6,0.6347702023817668,1,0,0,1,-0.001990548792290009,-0.030888857545918524
4751,0.6,0.6323822335911218,1,0,0,1,-0.0008246423390274457,-0.03018893409559991
4752,0.6,0.643347893512637,1,0,0,1,0.0006078824191485992,-0.030539997286142827
4753,0.6,0.6259470004764494,1,0,0,1,0.0015133554917862039,-0.029263931241666357
4754,0.6,0.6345724837957017,1,0,0,1,0.0023729652567573978,-0.02648518349863449
4755,0.6,0.6569000690954364,1,0,0,1,0.005326582804230396,-0.02565813885700164
4756,0.6,0.6517350844306993,1,0,0,1,0.011397722868877375,-0.02476080233736115
4757,0.6,0.71732310090296,1,0,0,1,0.018693348047170526,-0.02585021368377425
4758,0.6,0.6356155536395671,1,0,1,1,0.01951285536618063,-0.02204280938832729
4759,0.6,0.6804777722848518,1,0,1,1,0.016396019771624894,-0.011949594733896715
4760,0.6,0.6844090212532041,0,1,1,0,0.015800955488780938,-0.0052502983223590505
4761,0.6,0.7191209672442239,0,1,1,0,0.016556209113846487,-0.0029804685861381376
4762,0.6,0.7109124507783109,0,1,1,0,0.015600748982850273,-0.0025676402852923045
4763,0.6,0.7111762835504268,0,1,1,0,0.013507156762871522,-0.0023888023811036926
4764,0.6,0.6989416403670534,0,1,1,0,0.012662125924222655,-0.0031005337749243113
4765,0.6,0.7018531211668195,0,1,1,0,0.014568755158408801,-0.004279996988488307
4766,0.6,0.6957023134123848,0,1,1,0,0.016846031290863716,-0.004823731863190359
4767,0.6,0.6920253074319976,0,1,1,0,0.017361814807802623,-0.0056574064517333576
4768,0.6,0.6777750107686468,0,1,1,0,0.017225479055509415,-0.006237887706088728
4769,0.6,0.6594973040882436,0,1,1,0,0.016542988526778567,-0.006030308127033102
4770,0.6,0.6546575548833219,0,1,1,0,0.01583305836918938,-0.006767185669411013
4771,0.6,0.6253726180593556,0,1,1,0,0.016095547496693806,-0.006584516053824733
4772,0.6,0.6335443046471912,0,1,1,0,0.015085515179330777,-0.005967338207857834
4773,0.6,0.6416721269529474,0,1,1,0,0.012991374192919448,-0.0067391082880559495
4774,0.6,0.638031431695094,0,1,1,0,0.008940462513383802,-0.006863480864845821
4775,0.6,0.6472918958555648,0,1,1,0,0.005576886743009096,-0.0061496164329619095
4776,0.6,0.6799522057136778,0,1,1,0,0.0033372665414270176,-0.006114502771972865
4777,0.6,0.703515643581922,0,1,1,0,0.0008548851855779136,-0.007611894963739782
4778,0.6,0.7449378057800826,0,1,1,0,-0.0015945542149614308,-0.009695171702909882
4779,0.6,0.7139972213739848,1,1,1,1,-0.003062487634849498,-0.008537052574995915
4780,0.6,0.691823393232383,1,1,1,1,-0.003182505939111382,-0.0033803838904972092
4781,0.6,0.7418165093771201,1,1,0,1,-0.004357664840714998,-0.0017717913115375386
4782,0.6,0.7263661236686043,1,0,0,1,-0.003767100706014502,-0.006185663230160438
4783,0.6,0.751851540151892,1,0,0,1,-0.0035080424995611427,-0.012594979308475121
4784,0.6,0.7323374971646883,1,0,0,1,-0.004465699562294841,-0.01865826200540193
4785,0.6,0.7236475550196766,1,0,0,1,-0.005845965084034471,-0.02225350909529934
4786,0.6,0.6960294997806884,1,0,0,1,-0.007491951856419725,-0.02423909717999204
4787,0.6,0.6923014153151524,1,0,0,1,-0.006455096545773645,-0.025887763503755854
4788,0.6,0.6705011597687082,1,0,0,1,-0.003304099877530767,-0.027728335320315548
4789,0.6,0.6558809496272774,1,0,0,1,0.00022919548550716655,-0.028305246965873776
4790,0.6,0.6524101303868132,1,0,0,1,0.004231718548643796,-0.028685217775328765
4791,0.6,0.6538761283873319,1,0,0,1,0.006757315749892804,-0.029855996452622127
4792,0.6,0.6663872617515362,1,0,0,1,0.007355965152888354,-0.03222071506291074
4793,0.6,0.6570111552980437,1,0,0,1,0.006342547926562058,-0.033744900747751584
4794,0.6,0.6571564530292022,1,0,0,1,0.005814325295146909,-0.03372065276239439
4795,0.6,0.6575205232438402,1,0,0,1,0.0070165194520346915,-0.033403585309674
4796,0.6,0.6600186910948858,1,0,0,1,0.008696167936480575,-0.031904924954282016
4797,0.6,0.6727559911624845,1,0,0,1,0.01121748858083123,-0.029876151086731192
4798,0.6,0.6833377304604068,1,0,0,1,0.01703799024641831,-0.02936988255752625
4799,0.6,0.7058167957967306,1,0,0,1,0.023847476332842527,-0.029022715103800285
4800,0.6,0.6655989909282064,1,0,1,1,0.025650000870698936,-0.024515042970259287
4801,0.6,0.6902641512948766,1,0,1,1,0.022732896173215784,-0.01585931669486411
4802,0.6,0.7051112219617974,1,0,1,1,0.019437300215286907,-0.009769843612749973
4803,0.6,0.6789863294496787,0,1,1,0,0.017707403711091408,-0.005363677440644512
4804,0.6,0.7225891325361994,0,1,1,0,0.015439283848850424,-0.005470025114788309
4805,0.6,0.7206795498751107,0,1,1,0,0.012470350326402238,-0.006302689059044219
4806,0.6,0.7217131908412676,0,1,1,0,0.00954286041761504,-0.005868058186027378
4807,0.6,0.7196680160549835,0,1,1,0,0.00838371177278228,-0.005929177834651001
4808,0.6,0.7150741057371224,0,1,1,0,0.008587664033245783,-0.005083446355381037
4809,0.6,0.7070596383913704,0,1,1,0,0.008625043375873514,-0.004366251890378992
4810,0.6,0.7017219689791265,0,1,1,0,0.008182579421791458,-0.004438799848835163
4811,0.6,0.6823000000293625,0,1,1,0,0.0071466052852681115,-0.005298859983150448
4812,0.6,0.6638650373647366,0,1,1,0,0.006756989062478038,-0.005469367153019579
4813,0.6,0.6473350564491707,0,1,1,0,0.006461908336551968,-0.006971030384692687
4814,0.6,0.6242028151716723,0,1,1,0,0.006176168672176131,-0.0077274472838217
4815,0.6,0.6133111724588676,0,1,1,0,0.00479724346048975,-0.008728498387211287
4816,0.6,0.6190253829583832,0,1,1,0,0.0021246217212383296,-0.010753218142799148
4817,0.6,0.6066781325997003,0,1,1,0,-0.0026476015286718366,-0.01219136919404645
4818,0.6,0.6191179123999527,0,1,1,0,-0.007477406686876695,-0.012247503720421037
4819,0.6,0.6386927461630862,0,1,1,0,-0.011299624251077387,-0.013256999117741487
4820,0.6,0.6668952715982853,0,1,1,0,-0.014724370537323873,-0.0155939956468625
4821,0.6,0.6532604308256991,0,1,1,1,-0.01568085866377478,-0.01618894494564671
4822,0.6,0.7117801709788619,0,1,1,1,-0.015397148200297401,-0.014597073476491747
4823,0.6,0.6689271224212999,1,1,1,1,-0.015317272312874563,-0.011451794202663984
4824,0.6,0.7069846666523143,1,0,1,1,-0.017711476549836895,-0.0067176106798297495
4825,0.6,0.711641801991998,1,0,0,1,-0.024962186468391757,-0.0043075860269135855
4826,0.6,0.7291324779750618,1,0,0,1,-0.02765318308240463,-0.005108556013444105
4827,0.6,0.7090223426488581,1,0,0,1,-0.025803962768103407,-0.00647087013441275
4828,0.6,0.6983094247477739,1,0,0,1,-0.021971201835346732,-0.007837025756548863
4829,0.6,0.6951118750296903,1,0,0,1,-0.019725787539578665,-0.010598424855700953
4830,0.6,0.6820127913210419,1,0,0,1,-0.018241405376293828,-0.013710493153536746
4831,0.6,0.6654216750871946,1,0,0,1,-0.016333467405057873,-0.015879545087325732
4832,0.6,0.6466221461709585,1,0,0,1,-0.01369714009232154,-0.016635733684917307
4833,0.6,0.656481443841765,1,0,0,1,-0.010536837441259328,-0.01781199167672809
4834,0.6,0.6628788351307657,1,0,0,1,-0.00864589218560744,-0.02131601420536541
4835,0.6,0.6609932429565862,1,0,0,1,-0.007191301968680801,-0.02440774720899317
4836,0.6,0.668446536909073,1,0,0,1,-0.006762186113932387,-0.025465062750206283
4837,0.6,0.6675611498415889,1,0,0,1,-0.006534935451524415,-0.025488676308415763
4838,0.6,0.6745882354869787,1,0,0,1,-0.0045539810145410805,-0.025039937636335833
4839,0.6,0.6687174576616854,1,0,0,1,-0.0019605453193466964,-0.02299550377381295
4840,0.6,0.6796327990524368,1,0,0,1,0.000853135490050369,-0.02042894771915522
4841,0.6,0.6945708056378983,1,0,0,1,0.006551791638584647,-0.020116424797553798
4842,0.6,0.7141709354713918,1,0,0,1,0.013791598947598738,-0.020689439715167384
4843,0.6,0.6914811198297994,1,0,1,1,0.01739938723401532,-0.018608189544960362
4844,0.6,0.7214787324701847,1,0,1,1,0.016491702719525762,-0.012248051550828887
4845,0.6,0.7246691071737619,0,0,1,1,0.014608971230708596,-0.0063119655712892565
4846,0.6,0.7359140216109021,0,1,1,0,0.0162590948157568,-0.0023590997151236312
4847,0.6,0.7669976338754113,0,1,1,0,0.01703538203547634,-0.003960349541121594
4848,0.6,0.7508210601810792,0,1,1,0,0.01559032849502172,-0.005034848839479532
4849,0.6,0.757198977615184,0,1,1,0,0.012384310514199876,-0.005708592046334763
4850,0.6,0.7576730416027943,0,1,1,0,0.009989802937670435,-0.007322852360631727
4851,0.6,0.7562530734611483,0,1,1,0,0.009854006969615109,-0.008455781768146426
4852,0.6,0.74987007338155,0,1,1,0,0.010138603616397856,-0.008993772440905054
4853,0.6,0.7501426882568059,0,1,1,0,0.009984212713110428,-0.009856588846423705
4854,0.6,0.7345159207563174,0,1,1,0,0.009883725707377802,-0.010756351172361888
4855,0.6,0.7199432229639167,0,1,1,0,0.009294161160116722,-0.010923535643008048
4856,0.6,0.707956654684628,0,1,1,0,0.008658017843384871,-0.011970422607618507
4857,0.6,0.6854879482973477,0,1,1,0,0.007687760677743329,-0.011913160146371466
4858,0.6,0.6891664836473094,0,1,1,0,0.005810034154440739,-0.012467503934682328
4859,0.6,0.6892675471315618,0,1,1,0,0.002419939249393214,-0.013965509620701994
4860,0.6,0.6836233575025478,0,1,1,0,-0.0026608040247329758,-0.014698986994730236
4861,0.6,0.7021912186816992,0,1,1,0,-0.005954468101955611,-0.014770801544900593
4862,0.6,0.7273169630051505,0,1,1,0,-0.008524582331013202,-0.016004719119783014
4863,0.6,0.75267376137404,0,1,1,0,-0.011854016189584456,-0.01781657051073973
4864,0.6,0.7688943249227733,0,1,1,1,-0.01631731670449258,-0.01927747226937206
4865,0.6,0.7585079596602293,1,1,1,1,-0.017158531800696163,-0.0163081952027352
4866,0.6,0.7542349813047675,1,1,1,1,-0.017807196552177922,-0.011833103645503494
4867,0.6,0.7531270980610384,1,0,1,1,-0.022222793986234744,-0.007704285067135608
4868,0.6,0.7625416350029097,1,0,0,1,-0.028838242673988948,-0.007954846038391328
4869,0.6,0.7930586170855097,1,0,0,1,-0.03356943519381808,-0.012224111504481478
4870,0.6,0.7669911022968696,1,0,0,1,-0.033308346290375906,-0.014146519482435187
4871,0.6,0.7407406151994356,1,0,0,1,-0.030356240208233083,-0.012745492058683344
4872,0.6,0.7189097986529972,1,0,0,1,-0.027813801349648934,-0.010762712676565605
4873,0.6,0.7030652747113414,1,0,0,1,-0.025869083477669492,-0.008310415105843556
4874,0.6,0.6921843411251286,1,0,0,1,-0.024517530104236664,-0.0064285891638858565
4875,0.6,0.6969895863349196,1,0,0,1,-0.023890978902867184,-0.0054417700281682874
4876,0.6,0.7006961783519892,1,0,0,1,-0.023423647712104215,-0.006360507485887808
4877,0.6,0.7048316218735757,1,0,0,1,-0.022324144367480793,-0.007101425993851341
4878,0.6,0.7051964853438087,1,0,0,1,-0.02245043436696501,-0.006346496490571161
4879,0.6,0.7039740659720732,1,0,0,1,-0.024304107645677017,-0.004644794145238843
4880,0.6,0.7054917709519826,1,0,0,1,-0.02615988760127413,-0.002667848322854093
4881,0.6,0.7132785138437131,1,0,0,1,-0.027723458286457524,-5.592645946049912e-05
4882,0.6,0.7376986242176642,1,0,0,1,-0.02806649748029704,0.001496054169227162
4883,0.6,0.6568216385488368,1,1,0,1,-0.019628526010072502,9.663966421026328e-05
4884,0.6,0.6627813887879744,1,1,0,1,-0.003084126280048914,-0.009447435860051704
4885,0.6,0.6431929019117152,1,1,1,1,0.013192472470752451,-0.021863327807300336
4886,0.6,0.6276970045957422,1,1,1,1,0.023589840579148737,-0.028637964746521406
4887,0.6,0.5843240493907342,0,1,1,1,0.03267563355967639,-0.03245989816881573
4888,0.6,0.6295980027914271,0,1,1,0,0.043294801391248576,-0.03863610857825137
4889,0.6,0.5526771511129811,0,1,1,0,0.05146679956138367,-0.04570890759114991
4890,0.6,0.5682141971487991,0,1,1,0,0.057596650195693926,-0.050184661075835815
4891,0.6,0.5365836302346368,0,1,1,0,0.061506025382187995,-0.054286134432328825
4892,0.6,0.541058303643413,0,1,1,0,0.06282689954991891,-0.05663734652241025
4893,0.6,0.5266188046435392,0,1,1,0,0.06332321175266217,-0.05818085501419594
4894,0.6,0.5133926037861322,0,1,1,0,0.06444138477335642,-0.05785483375549766
4895,0.6,0.5043164506388828,0,1,1,0,0.06715386628603087,-0.055662676125374747
4896,0.6,0.516436051071878,0,1,1,0,0.070616241453195,-0.05297106316234764
4897,0.6,0.5220296957777004,0,1,1,0,0.07044130475903759,-0.04979798233286676
4898,0.6,0.53133344826272,0,0,1,0,0.0655495985123081,-0.04645366718737342
4899,0.6,0.5512827554301213,0,0,1,0,0.06049115144713964,-0.04260085351278597
4900,0.6,0.5701909435187413,0,0,1,0,0.05344680477934107,-0.03926503092047401
4901,0.6,0.574434309942738,0,0,1,0,0.045779549828106,-0.03471034087060193
4902,0.6,0.5904176923118376,0,0,1,0,0.03869557560632746,-0.029498111211008756
4903,0.6,0.6285139962729777,0,0,1,0,0.03156729946512612,-0.023836349233300667
4904,0.6,0.6816567900399233,0,0,1,0,0.024212434840006774,-0.017424738894135434
4905,0.6,0.7394908283873847,0,0,1,0,0.015607544071875416,-0.009455116832814834
4906,0.6,0.7856373906120016,0,0,1,0,0.0041099043112692085,0.0019489376669019859
4907,0.6,0.7863663631796673,1,0,1,1,-0.008085699729012146,0.013159528675165608
4908,0.6,0.792053991847442,1,0,0,1,-0.013624719251506675,0.020930916113705664
4909,0.6,0.8012107377328959,1,0,0,1,-0.012774239779137563,0.019750871892601135
4910,0.6,0.797676429978834,1,0,0,1,-0.012734834103376077,0.01195699492742965
4911,0.6,0.7700718455765896,1,0,0,1,-0.013902060342054058,0.0029098938715755997
4912,0.6,0.7516823639728452,1,0,0,1,-0.014157310308746623,-0.00612203880347507
4913,0.6,0.7267464406922118,1,0,0,1,-0.014715350203854997,-0.013331474592251197
4914,0.6,0.7201122459097036,1,0,0,1,-0.014432264180596278,-0.018767384965138485
4915,0.6,0.7116451065780507,1,0,0,1,-0.012271532718237109,-0.022467094014336966
4916,0.6,0.7003531881693154,1,0,0,1,-0.00893213449505316,-0.022734381555771347
4917,0.6,0.7106655144727159,1,0,0,1,-0.00721692219947486,-0.02152245668346398
4918,0.6,0.7259489804502832,1,0,0,1,-0.00872621780134142,-0.021067853830453263
4919,0.6,0.7319844387793731,1,0,0,1,-0.011177685717078579,-0.02064893541977084
4920,0.6,0.733428370652312,1,0,0,1,-0.0129209380083627,-0.018439816136616584
4921,0.6,0.7339068668387828,1,0,0,1,-0.014669221787672606,-0.014585432732890381
4922,0.6,0.7417886274262607,1,1,0,1,-0.0167050247371948,-0.009946782287712444
4923,0.6,0.8248866671602829,1,1,0,1,-0.008777139245924425,-0.017267205926573614
4924,0.6,0.7627098382151315,1,1,0,1,0.0033836226390136187,-0.030301250726136177
4925,0.6,0.6495250753175783,0,1,1,0,0.014846135601518946,-0.040681714279684485
4926,0.6,0.6530264249237481,1,1,1,0,0.01727693917237756,-0.046633382421644255
4927,0.6,0.6152560689121979,0,1,1,0,0.017468479682052035,-0.053654977442284764
4928,0.6,0.6333213653577867,0,1,1,0,0.01808214599818684,-0.060072081207317114
4929,0.6,0.5901624750826583,0,1,1,0,0.019936203339991403,-0.06595168881532552
4930,0.6,0.5704758627887129,0,1,1,0,0.022761176290619287,-0.06745022466870787
4931,0.6,0.5569777985576342,0,1,1,0,0.02877936814537506,-0.06665458876532565
4932,0.6,0.5302880397062683,0,1,1,0,0.03554655132632795,-0.06376561960636085
4933,0.6,0.535455213871854,0,1,1,0,0.04261681965717812,-0.060865973254984364
4934,0.6,0.5404264507548144,0,1,1,0,0.048121194914146286,-0.059426131829716074
4935,0.6,0.5144908961977708,0,1,1,0,0.05061190062662142,-0.057475854804582366
4936,0.6,0.5173105536286514,0,1,1,0,0.051608789945199074,-0.055477456391626365
4937,0.6,0.5219074143929232,0,1,1,0,0.051951722239330075,-0.05452345710251955
4938,0.6,0.5281233597398939,0,1,1,0,0.052263490298129156,-0.053927096879653
4939,0.6,0.5498614905853286,0,1,1,0,0.05175352067593017,-0.054126424766845586
4940,0.6,0.556884749412464,0,1,1,0,0.05082781476629265,-0.05420281211411121
4941,0.6,0.5798474673263765,0,1,1,0,0.049844693562223645,-0.05339991397936397
4942,0.6,0.6050639355768523,0,1,1,0,0.04937776792216253,-0.052609630636073504
4943,0.6,0.6515472584321258,0,1,1,0,0.049414970129517656,-0.0516176368182304
4944,0.6,0.6829262056550068,0,1,1,0,0.049955146825760764,-0.04994403628358772
4945,0.6,0.661656573091022,1,1,1,1,0.05167413899607217,-0.04518059343070288
4946,0.6,0.6728030663436911,1,0,1,1,0.04894716142047596,-0.03916024030684159
4947,0.6,0.6950010135115512,1,0,1,1,0.04023872239938166,-0.03482134682381101
4948,0.6,0.7243416198564941,1,0,1,1,0.027132713362467777,-0.03373182691931635
4949,0.6,0.7601533834753315,1,0,0,0,0.016202875650560885,-0.041623363686881173
4950,0.6,0.7317169784987253,1,0,0,1,0.009893926539516382,-0.05513215050865254
4951,0.6,0.6862844472346796,1,0,0,1,0.011234662546826932,-0.0650668223876744
4952,0.6,0.6481146315757851,1,0,0,1,0.01554919584332071,-0.07445229643139005
4953,0.6,0.6095961894501805,1,0,0,1,0.019713206365048374,-0.0842434165776997
4954,0.6,0.5542078214373284,1,0,0,1,0.021385290247455575,-0.09108305971941834
4955,0.6,0.5353202639371636,1,0,0,1,0.020513644319985095,-0.09591779868010185
4956,0.6,0.5136871290499986,1,0,0,1,0.020506707042129053,-0.10185705174896305
4957,0.6,0.500657149829896,1,0,0,1,0.020740333761808297,-0.10814748137112129
4958,0.6,0.48688075274069226,1,0,0,1,0.020362668262196158,-0.11188717716341054
4959,0.6,0.4991067459108302,1,0,0,1,0.019421318300505058,-0.11375643513449697
4960,0.6,0.48474909188847226,1,0,0,1,0.01703695637468969,-0.11593220700541781
4961,0.6,0.47247002601901456,1,0,0,1,0.01589680085592926,-0.11721946325129676
4962,0.6,0.4723693866390158,1,0,0,1,0.015098190471474987,-0.11695762846686646
4963,0.6,0.4799500433539231,1,0,0,1,0.016119108943847566,-0.11678902661662392
4964,0.6,0.4795484381530916,1,0,0,1,0.02123670550134998,-0.11745987423877767
4965,0.6,0.4868238032183465,1,0,0,1,0.028243098349645095,-0.1172707080547802
4966,0.6,0.47143059876793303,1,0,1,1,0.033286062123576876,-0.11566148147106342
4967,0.6,0.5090564375794928,1,0,1,1,0.03177534025917539,-0.10988138416122194
4968,0.6,0.511309051008363,1,0,1,1,0.03264243210863818,-0.10495623320895647
4969,0.6,0.5546341022076697,0,0,1,1,0.03673360284283988,-0.09861791438075573
4970,0.6,0.5536131704094969,0,0,1,0,0.037945493543843974,-0.09311896902714702
4971,0.6,0.6378382914675625,0,0,1,0,0.03280208240312485,-0.08954358582531564
4972,0.6,0.6155244555250494,0,0,1,0,0.023085423542891673,-0.08564998169114979
4973,0.6,0.59551336000121,0,0,1,0,0.007079522172838418,-0.07623401324098662
4974,0.6,0.5952617813192999,0,0,1,0,-0.010026246620096815,-0.06367272832645446
4975,0.6,0.569566515447257,0,1,1,0,-0.021441563506493882,-0.04900792898008813
4976,0.6,0.5345015894579268,0,1,1,0,-0.022364896499694593,-0.03809899082506266
4977,0.6,0.5185730379186333,0,1,1,0,-0.018361955650554915,-0.030940939664804986
4978,0.6,0.5135134317169763,0,1,1,0,-0.012226611382076735,-0.02882940897804823
4979,0.6,0.4990273787521089,0,1,1,0,-0.0073312670849651155,-0.0297333771973767
4980,0.6,0.49200898101311036,0,1,1,0,-0.004926919093926507,-0.032807528977596534
4981,0.6,0.4901375082908224,0,1,1,0,-0.0053744924113423385,-0.03546105092855777
4982,0.6,0.4944770970810782,0,1,1,0,-0.009232310447938472,-0.03813273528280959
4983,0.6,0.4960942910856608,0,1,1,0,-0.015954491162812792,-0.04056695934122376
4984,0.6,0.4788429656732295,0,1,1,1,-0.020631235254807916,-0.04109472829603573
4985,0.6,0.48323678568369066,0,1,1,1,-0.015698849742937865,-0.0328824015479196
4986,0.6,0.5515442649650092,0,1,1,1,-0.011638397895623782,-0.026708434314483127
4987,0.6,0.5728807949955961,0,0,1,1,-0.008835308932201021,-0.022883281644584454
4988,0.6,0.6226315970732008,0,1,1,1,-0.003600593849488086,-0.018680155732801112
4989,0.6,0.6394078494470004,1,0,0,1,0.0037471819686055643,-0.012092914120944253
4990,0.6,0.5965219491340242,1,0,0,1,0.011594945956294397,-0.004204428567136566
4991,0.6,0.5906714281202319,1,0,0,1,0.019787616958946486,0.00191911203278469
4992,0.6,0.5371816724978394,1,0,0,1,0.026011041725928864,0.007530266470106991
4993,0.6,0.5654357519760981,1,0,0,1,0.028953258726377492,0.012317379536588097
4994,0.6,0.5385489690984128,1,0,0,1,0.025504852195436738,0.01794136817432722
4995,0.6,0.5748094762787705,1,0,0,1,0.02396592815553227,0.021311875527610692
4996,0.6,0.5874470884014652,1,0,0,1,0.026390553265871416,0.02015821261195344
4997,0.6,0.6020275073827115,1,0,0,1,0.03188769690339304,0.018494220145415588
4998,0.6,0.6017858614160349,1,0,0,1,0.037697739898971135,0.016579066497145717
4999,0.6,0.5979659837744631,1,0,0,1,0.044952534999929024,0.014047920085107392
5000,0.6,0.5880520619471541,1,0,0,1,0.050789807312482275,0.013210777722962053
5001,0.6,0.6380966210805624,1,0,0,1,0.055507133060706676,0.0110744510538594
5002,0.6,0.5836224347885661,1,0,0,1,0.06317372644280991,0.010683961677830136
5003,0.6,0.6025259806391208,1,0,0,1,0.07170140108202587,0.010356766965586106
5004,0.6,0.577605799285084,1,0,0,1,0.08114529309084528,0.009327552060100988
5005,0.6,0.5330372680134147,1,0,1,1,0.08413869551037331,0.014351878842869294
5006,0.6,0.5513417623698906,1,0,1,1,0.08176716808226284,0.02473812595053083
5007,0.6,0.6041732253063626,1,0,1,1,0.07864025839738298,0.031363705658577205
5008,0.6,0.6173463605471937,1,0,1,1,0.07583758735750419,0.03650066758040399
5009,0.6,0.6685051468288359,1,0,1,1,0.07179084484835288,0.04206359376151779
5010,0.6,0.6764343890687207,0,0,1,1,0.07061249714188131,0.04878300296016422
5011,0.6,0.735028305728592,0,0,1,1,0.06926952129504278,0.056491492481372696
5012,0.6,0.7446892522870028,0,1,1,0,0.0661951814791405,0.06494577047381778
5013,0.6,0.7458057065788907,0,1,1,0,0.0633397795939753,0.07406575361010978
5014,0.6,0.7455681672457705,0,1,1,0,0.060540112733655845,0.07977932775246574
5015,0.6,0.7529918482022342,0,1,1,0,0.05655658330556225,0.0795531658660863
5016,0.6,0.7481677781732448,0,1,1,0,0.05284825454819102,0.07669740846049869
5017,0.6,0.7509062971901782,0,1,1,0,0.04932679925156804,0.07363077422041875
5018,0.6,0.7581093394446681,0,1,1,0,0.046431706762105764,0.0712834468949773
5019,0.6,0.781743990078701,0,1,1,0,0.044374343797540454,0.07072316686982821
5020,0.6,0.7944181339006339,0,1,1,0,0.044915556879930554,0.0728801944165984
5021,0.6,0.830824033772411,0,1,1,0,0.04601651103238803,0.07646564640018416
5022,0.6,0.8489836866385889,0,1,1,0,0.04608786212600902,0.08025778543983254
5023,0.6,0.880854226051955,0,1,1,0,0.043295445481796264,0.08381205888860092
5024,0.6,0.8919622281070106,0,1,1,0,0.04024691553578616,0.08741025536960456
5025,0.6,0.9344034813363454,0,1,1,0,0.038699047320227754,0.09062975494245055
5026,0.6,0.9020229076611215,1,1,1,0,0.02942120597324024,0.09022161341516352
5027,0.6,0.8678678115104534,1,0,1,0,0.014924788021137367,0.0846994621119193
5028,0.6,0.8583032642537067,1,0,1,0,-0.0031676729022024216,0.07730691526013192
5029,0.6,0.8723895688450395,1,0,1,0,-0.023139782208090074,0.06785045433040371
5030,0.6,0.8604807843361683,1,0,1,0,-0.042480011667574376,0.05749880503365243
5031,0.6,0.8558157885198037,1,0,0,1,-0.05913220963998292,0.04410907423055478
5032,0.6,0.8323596042363529,1,0,0,1,-0.06878315852946006,0.031474279788684764
5033,0.6,0.8207129294428985,1,0,0,1,-0.07313865451243214,0.02326189986747029
5034,0.6,0.7931539488884892,1,0,0,1,-0.0723717448453855,0.018742454602388818
5035,0.6,0.7782318616743201,1,0,0,1,-0.07114597928850792,0.016367655934496787
5036,0.6,0.769228524980884,1,0,0,1,-0.07353530183339915,0.01671311922463645
5037,0.6,0.7799604663199049,1,0,0,1,-0.07682542380399052,0.018388432617568694
5038,0.6,0.8020569882427587,1,0,0,1,-0.08256101782358108,0.021238296920006255
5039,0.6,0.8089598283020469,1,0,0,1,-0.08757881136865078,0.025515526344356068
5040,0.6,0.8409352786932863,1,0,0,1,-0.09228908845002184,0.03122773628951088
5041,0.6,0.867040834477854,1,0,0,1,-0.09686953617625857,0.037195125573235774
5042,0.6,0.8759188506530688,1,0,0,1,-0.10112829159293718,0.045584238814623104
5043,0.6,0.9060773593780769,1,0,0,1,-0.10873434046147643,0.056697425348988056
5044,0.6,0.8594873445377712,1,1,0,1,-0.10516776337104548,0.059212251597017845
5045,0.6,0.839526537134823,0,1,0,1,-0.0926154385522355,0.05119134796687285
5046,0.6,0.8405104814465179,0,1,0,1,-0.07735153549691819,0.03961465576220133
5047,0.6,0.8194102176935837,0,1,0,1,-0.06091638084583486,0.027928696676329846
5048,0.6,0.8174201854387528,0,1,0,1,-0.04589078511182607,0.017865089203493084
5049,0.6,0.7918582805758005,0,1,0,1,-0.036270750170415214,0.006560890608412092
5050,0.6,0.7829158828168093,0,1,1,0,-0.032461996957776476,-0.010494886200129543
5051,0.6,0.7508896922245901,0,1,1,0,-0.03418438811585238,-0.02763356101076213
5052,0.6,0.7413921819160927,0,1,1,0,-0.04070500292065002,-0.043077555379525526
5053,0.6,0.7057485567306531,0,1,1,0,-0.047443395801025995,-0.05383299873908749
5054,0.6,0.6587894939866732,0,1,1,0,-0.05247407698698825,-0.05827579412097579
5055,0.6,0.6202854375306339,0,0,1,0,-0.05364214164676669,-0.05622003179549491
5056,0.6,0.635890591735101,0,0,1,0,-0.04889547233643437,-0.05110025075813069
5057,0.6,0.6720948500152859,0,0,1,0,-0.043503240143244845,-0.049160269936227935
5058,0.6,0.6397660868914868,0,1,1,0,-0.03778253123880415,-0.043440602548772654
5059,0.6,0.6346536854634737,0,1,1,0,-0.029866293315745137,-0.03383011102639862
5060,0.6,0.6863547532847539,0,1,1,0,-0.022713139373719483,-0.02825089793120651
5061,0.6,0.719237241760767,0,1,1,0,-0.016532492044707837,-0.024391404731452224
5062,0.6,0.7595983523214911,0,1,1,0,-0.013453711953657133,-0.020315521665869984
5063,0.6,0.7818818146378594,0,0,1,0,-0.014014969203358742,-0.01530476569370698
5064,0.6,0.8238248785831747,1,0,1,0,-0.020889374926273106,-0.0076707144726555045
5065,0.6,0.8480544372790557,1,0,1,1,-0.03361739168745931,-0.0019429886765269875
5066,0.6,0.818208316945462,1,0,1,1,-0.03969147782836919,0.007280021346928001
5067,0.6,0.8356753825468658,1,0,0,1,-0.04233697345272003,0.014801562393080081
5068,0.6,0.8324667779824485,1,0,0,1,-0.041119951702627555,0.01341833817734009
5069,0.6,0.7846325664712334,1,0,0,1,-0.037165695700543344,0.009954132404797412
5070,0.6,0.7508485280942107,1,0,0,1,-0.03246152612193798,0.0075117274373920975
5071,0.6,0.7280036565445959,1,0,0,1,-0.029760540781467754,0.0036786594770167927
5072,0.6,0.7079840954262236,1,0,0,1,-0.03075638068551452,0.001260934247750733
5073,0.6,0.7176136698602047,1,0,0,1,-0.03420206912039127,-0.0007556165950111315
5074,0.6,0.7189806496775418,1,0,0,1,-0.03454940122146145,-0.003993661705622581
5075,0.6,0.736716111842646,1,0,0,1,-0.03340114179953125,-0.007690978397020276
5076,0.6,0.7433023298059185,1,0,0,1,-0.031969781838550905,-0.010870886128047855
5077,0.6,0.7528800868769333,1,0,0,1,-0.028456974324710504,-0.012693647902962547
5078,0.6,0.7688036350914738,1,0,0,1,-0.025487532533101983,-0.012393704546253602
5079,0.6,0.7655944864961315,1,0,0,1,-0.023914516540738687,-0.010466810700133245
5080,0.6,0.7717951645542128,1,0,0,1,-0.02197492860660221,-0.007678093988663368
5081,0.6,0.7917289189613091,1,0,0,1,-0.0207237336445877,-0.004518443766121187
5082,0.6,0.8301536277376048,1,0,0,1,-0.017015666416927533,-0.00400590167550079
5083,0.6,0.8674575904716312,1,0,0,1,-0.01087280756298121,-0.005544875945071932
5084,0.6,0.8709456991359705,1,1,1,1,-0.0017249387202098922,-0.008375178219432497
5085,0.6,0.8684418039668096,1,1,1,1,0.0012034384843662546,-0.00814283458524496
5086,0.6,0.9205290399392408,0,1,1,1,0.006153918234063839,-0.008499854420650625
5087,0.6,0.815409883063616,0,1,1,0,0.012975028447394302,-0.009992421473220001
5088,0.6,0.8188601952737815,0,1,1,0,0.01679640751129002,-0.009717075878552845
5089,0.6,0.8034992512627565,0,1,1,0,0.020065663412638927,-0.010255243181188563
5090,0.6,0.8131904971474824,0,1,1,0,0.022839450795096684,-0.010928438221695157
5091,0.6,0.8039715675400279,0,1,1,0,0.021569908254600634,-0.013680941680800808
5092,0.6,0.7936740029384616,0,1,1,0,0.01971314971149745,-0.016158104312190814
5093,0.6,0.7838068326266207,0,1,1,0,0.020942135074263245,-0.01546634667961232
5094,0.6,0.7802780970778255,0,1,1,0,0.02207560003410948,-0.014142033562409619
5095,0.6,0.7762428138405856,0,1,1,0,0.02248656967053246,-0.012983622378622299
5096,0.6,0.769197873289155,0,1,1,0,0.023445685606485384,-0.010293802459215321
5097,0.6,0.7816977040811751,0,1,1,0,0.024185798373614304,-0.007493182776060667
5098,0.6,0.7924035925454136,0,1,1,0,0.023657793178488564,-0.005279759175912622
5099,0.6,0.7990013175537184,0,1,1,0,0.02222969147175052,-0.0029081591259301934
5100,0.6,0.8230700406528036,0,1,1,0,0.020689676699681667,-0.0011614673000561323
5101,0.6,0.8551267676601711,0,1,1,0,0.02042409359023484,2.756164196173318e-05
5102,0.6,0.8978316411690006,0,1,1,0,0.0198895806227542,0.0009107334646554089
5103,0.6,0.93390989874282,0,1,1,0,0.018745622866749096,0.0018581944928298749
5104,0.6,0.9158758861423171,1,1,1,0,0.012836032040382509,0.0025903239906122258
5105,0.6,0.8798161451324799,1,0,1,1,0.007064997834737522,0.005577222771965616
5106,0.6,0.874546054027546,1,0,0,1,0.003668203164428207,0.010784249668224267
5107,0.6,0.9149773383409955,1,0,0,1,-0.0004270969666841285,0.007590978395538275
5108,0.6,0.8838211532326203,1,0,0,1,-0.006051869578608034,0.0004895537785590362
5109,0.6,0.8580659278465771,1,0,0,1,-0.009479828020122247,-0.004749141813869148
5110,0.6,0.8372622256417915,1,0,0,1,-0.01177212322515504,-0.009430351207882319
5111,0.6,0.808886507227765,1,0,0,1,-0.011785706963415379,-0.012814702537890056
5112,0.6,0.7901264596339117,1,0,0,1,-0.009098536887335293,-0.01633672914975008
5113,0.6,0.7656798996760806,1,0,0,1,-0.007855186613727663,-0.0180839473379094
5114,0.6,0.7675698809295817,1,0,0,1,-0.0072904893909847435,-0.019728125008034867
5115,0.6,0.7621570896573184,1,0,0,1,-0.005906198225051473,-0.02171747072195293
5116,0.6,0.7776214290787616,1,0,0,1,-0.004938677251077524,-0.02375243542707513
5117,0.6,0.7669134571274522,1,0,0,1,-0.0030259235227649973,-0.024214458300654773
5118,0.6,0.7744725003567529,1,0,0,1,-0.0017089742211437362,-0.022419194414337804
5119,0.6,0.7592849329726948,1,0,0,1,-0.0020867978448994937,-0.01930232134118152
5120,0.6,0.765906540247416,1,0,0,1,-0.003992316674061258,-0.015175034397097742
5121,0.6,0.7794726696071665,1,0,0,1,-0.004804126261653874,-0.011891262438833776
5122,0.6,0.7963547219046521,1,0,0,1,-0.003117831014423776,-0.009671156006138557
5123,0.6,0.837654943146999,1,0,0,1,0.00028465572251956927,-0.009053608549603047
5124,0.6,0.8652199516058605,1,0,1,1,0.0037338740013744013,-0.008676966009146232
5125,0.6,0.8669207028208081,1,1,1,1,0.003072108921375068,-0.003972532953554111
5126,0.6,0.8648450679015591,0,1,1,0,0.0028872543768837834,-0.001929553450599205
5127,0.6,0.8564942910112321,0,1,1,0,0.0013523921618105042,-0.0034357995958691013
5128,0.6,0.8549279904061161,0,1,1,0,-0.0008791976223814356,-0.005888026542201713
5129,0.6,0.861586593728524,0,1,1,0,-0.002976694216713266,-0.008003164656017293
5130,0.6,0.8453466494367977,0,1,1,0,-0.003248875636628647,-0.009069711738095117
5131,0.6,0.8391814777699204,0,1,1,0,-0.001996939376183153,-0.009278283138540153
5132,0.6,0.8299929226712028,0,1,1,0,-0.0009543134349882594,-0.009116837781103488
5133,0.6,0.8132711016550275,0,1,1,0,-0.0013106194741927303,-0.009018239206242113
5134,0.6,0.791537132999192,0,1,1,0,-0.002467355175982932,-0.008979446587346144
5135,0.6,0.7689243240467969,0,1,1,0,-0.0027713652860145758,-0.008863022851546042
5136,0.6,0.7473914915454384,0,1,1,0,-0.0028009739003320815,-0.009046611088346201
5137,0.6,0.7217781769043303,0,1,1,0,-0.0029483867107586255,-0.009593712089894825
5138,0.6,0.722704121043571,0,1,1,0,-0.003297047801809965,-0.009778337452413285
5139,0.6,0.7118796126313207,0,1,1,0,-0.004555405097375695,-0.010325370219709942
5140,0.6,0.7134158836026495,0,1,1,0,-0.00702635637049492,-0.010205611884279254
5141,0.6,0.7276557512229382,0,1,1,0,-0.008329706232957996,-0.010921614259865925
5142,0.6,0.7527837908826892,0,1,1,0,-0.010230644137343228,-0.013057041066604795
5143,0.6,0.7762713137108731,0,1,1,0,-0.013204706453239545,-0.016073505857265215
5144,0.6,0.7692720871968092,0,1,1,1,-0.016608103690136523,-0.01742155363426925
5145,0.6,0.7515949281552378,1,1,1,1,-0.016092490662177966,-0.011423112613972265
5146,0.6,0.7611919535878336,1,0,1,1,-0.016627040281013816,-0.0048302046358190305
5147,0.6,0.7893709477524354,1,0,0,1,-0.022482369438363563,-0.0011772980731567663
5148,0.6,0.8038688203075862,1,0,0,1,-0.027477416907350533,-0.003718806674700757
5149,0.6,0.7740025168628394,1,0,0,1,-0.028161747799980968,-0.006622097273695271
5150,0.6,0.7383350016921335,1,0,0,1,-0.02538470607199338,-0.006269097349844834
5151,0.6,0.7318479278115299,1,0,0,1,-0.022663105060840186,-0.006421961348465359
5152,0.6,0.7258648793010591,1,0,0,1,-0.02211961839157261,-0.008659100276111569
5153,0.6,0.7046278635297346,1,0,0,1,-0.02113462990715921,-0.010146246094369479
5154,0.6,0.68701059019798,1,0,0,1,-0.018909269558210474,-0.010856032888029743
5155,0.6,0.6905796148947889,1,0,0,1,-0.01619726647981701,-0.012013241446591697
5156,0.6,0.6956612928200754,1,0,0,1,-0.014027023347729532,-0.01561202374426596
5157,0.6,0.7021875602777786,1,0,0,1,-0.012334435802415748,-0.019743715140996154
5158,0.6,0.7060658983952975,1,0,0,1,-0.01209371609686759,-0.022231888109633585
5159,0.6,0.7118386707372223,1,0,0,1,-0.011479830094605048,-0.023409624447691377
5160,0.6,0.7098218024683828,1,0,0,1,-0.009927606014130617,-0.023373300187669102
5161,0.6,0.7105753933607282,1,0,0,1,-0.008039521494411775,-0.0215472496526752
5162,0.6,0.7161029118083236,1,0,0,1,-0.0063543857284033,-0.018391206545104066
5163,0.6,0.7454461298479723,1,0,0,1,-0.0020587021871375454,-0.01754444431595721
5164,0.6,0.7672093474549998,1,0,0,1,0.005086132940948295,-0.01847439388338583
5165,0.6,0.7703396799655778,1,0,1,1,0.01158633936017735,-0.017872907711342232
5166,0.6,0.7718137086939255,1,0,1,1,0.011479542889643002,-0.012340606574654248
5167,0.6,0.7918216323392319,1,0,1,1,0.010165399850481392,-0.006453506731670386
5168,0.6,0.7672620109599055,0,1,1,1,0.013895114270733422,-0.0014554433639359032
5169,0.6,0.7862492959374038,0,1,1,0,0.016987296451315987,0.0005168831437285293
5170,0.6,0.8083368244350625,0,1,1,0,0.018056399050867433,7.690340162582838e-05
5171,0.6,0.8062646142431192,0,1,1,0,0.017328492288725163,-0.002039339630692751
5172,0.6,0.8054196141785134,0,1,1,0,0.014818387781624387,-0.00499826573810971
5173,0.6,0.8017117820244698,0,1,1,0,0.015082894110139826,-0.007865000862151073
5174,0.6,0.7911846888549585,0,1,1,0,0.01624808970454934,-0.008364502002687705
5175,0.6,0.7822638749325195,0,1,1,0,0.016132909284799376,-0.007958196383768464
5176,0.6,0.778065222546651,0,1,1,0,0.015037329966630954,-0.007629109744968934
5177,0.6,0.7553788384770449,0,1,1,0,0.014209703408611062,-0.007041531386313564
5178,0.6,0.7410255939115971,0,1,1,0,0.014288634664174942,-0.0055443153371384475
5179,0.6,0.7335898100157473,0,1,1,0,0.014179234467196536,-0.005498695297099162
5180,0.6,0.7146046493303844,0,1,1,0,0.014068432450338562,-0.0035050477009013737
5181,0.6,0.7094191686670059,0,1,1,0,0.01327506727332441,-0.0012795443411205002
5182,0.6,0.7210849265382883,0,1,1,0,0.011243539004007869,-0.0008139170790985072
5183,0.6,0.7287227493736014,0,1,1,0,0.009462893210537133,-0.0016093750721815606
5184,0.6,0.7578448682699147,0,1,1,0,0.008177904402057932,-0.002408410576647218
5185,0.6,0.7828303983293773,0,1,1,0,0.006387751075318772,-0.0038138670971766472
5186,0.6,0.8220210068969771,0,1,1,0,0.004267260812756666,-0.005206319141566135
5187,0.6,0.7818474244674284,1,1,1,1,0.0012232395823473553,-0.004560519504668813
5188,0.6,0.7423099928433475,1,0,1,1,0.0003614911797073788,0.0004817430045937143
5189,0.6,0.7755250822582765,1,0,0,1,-0.0025137616076822433,0.0027973363814304633
5190,0.6,0.7840714644549757,1,0,0,1,-0.006338940651218748,-0.001654832922257533
5191,0.6,0.7588890597447071,1,0,0,1,-0.008567717055681516,-0.006035061223364188
5192,0.6,0.7335349110049282,1,0,0,1,-0.009163301520922458,-0.008655426908964276
5193,0.6,0.7266189148187322,1,0,0,1,-0.010205393923124036,-0.011419057912187234
5194,0.6,0.7082794567634367,1,0,0,1,-0.011210505708855515,-0.01489037517700414
5195,0.6,0.6952591165079292,1,0,0,1,-0.009908869318975395,-0.018352244839557965
5196,0.6,0.6691669181490476,1,0,0,1,-0.0073832097592807615,-0.02090749242721615
5197,0.6,0.6574788507746608,1,0,0,1,-0.00462510723255993,-0.02206967978130496
5198,0.6,0.6568509144205379,1,0,0,1,-0.0023525027098461582,-0.024499889709287147
5199,0.6,0.6640487661224305,1,0,0,1,-0.0006133447246920772,-0.028564094414190912
5200,0.6,0.6596611490933115,1,0,0,1,0.0001630429243897134,-0.031064570286895066
5201,0.6,0.6584965703191955,1,0,0,1,0.0005555237302441807,-0.031205085886110213
5202,0.6,0.654920359954947,1,0,0,1,0.00024150827750337768,-0.03070536356580836
5203,0.6,0.6422369731407603,1,0,0,1,-0.0007648470795100241,-0.027734430392664534
5204,0.6,0.6712543604670771,1,0,0,1,-0.00018753509775288214,-0.025857162004380416
5205,0.6,0.6896573255762831,1,0,0,1,0.0035932466384660383,-0.02622310579747902
5206,0.6,0.6841154823713801,1,0,0,1,0.009562851996164577,-0.025001559343609352
5207,0.6,0.7279756472775437,1,0,1,1,0.01597832892147526,-0.024771318930536967
5208,0.6,0.6931043539749674,1,0,1,1,0.015294697340740621,-0.019598659628658317
5209,0.6,0.7388591000505564,1,0,1,1,0.012604696141589489,-0.012389734811138593
5210,0.6,0.7237175768250785,0,1,1,0,0.010338670842552244,-0.008685461297671468
5211,0.6,0.7743894437819144,0,1,1,0,0.009098235285245603,-0.00995019394258779
5212,0.6,0.7493189347574176,0,1,1,0,0.007245108793128398,-0.011147092346450812
5213,0.6,0.7371449033121553,0,1,1,0,0.00448220854986048,-0.00900205373581133
5214,0.6,0.732125497761618,0,1,1,0,0.004235892234703634,-0.006672310263633463
5215,0.6,0.7239535433600532,0,1,1,0,0.0064177090553033745,-0.003968038618698421
5216,0.6,0.7148275086694347,0,1,1,0,0.008531518339552397,-0.0018274220518339774
5217,0.6,0.7134632997105972,0,1,1,0,0.009408672863603935,-0.0014699125067425545
5218,0.6,0.6958909867783856,0,1,1,0,0.008901658711540852,-0.0027360182483510626
5219,0.6,0.6768260731277328,0,1,1,0,0.008750174407444892,-0.003526497846648516
5220,0.6,0.6623812897372601,0,1,1,0,0.007841857047182979,-0.005741506739926266
5221,0.6,0.6343403469218514,0,1,1,0,0.00669290134336665,-0.006780921485479065
5222,0.6,0.6241290618873503,0,1,1,0,0.005704167666300807,-0.007747569417481779
5223,0.6,0.6295478402433868,0,1,1,0,0.003656146711932214,-0.009621794263817393
5224,0.6,0.6103679803779021,0,1,1,0,-0.0006333410669466061,-0.01078784695252491
5225,0.6,0.6185356962447581,0,1,1,0,-0.00502114330840581,-0.009941445681607677
5226,0.6,0.6505769484074833,0,1,1,0,-0.007575678960795178,-0.010709137768464343
5227,0.6,0.6625051891217753,0,1,1,0,-0.010927208039379702,-0.012335657515074403
5228,0.6,0.6832650067041126,0,1,1,1,-0.014192552028920046,-0.014333392935737266
5229,0.6,0.669239541176454,1,1,1,1,-0.014052566489203399,-0.011679473974332262
5230,0.6,0.6765959073979044,1,1,1,1,-0.014689205551510227,-0.0070554935021438225
5231,0.6,0.7267312927281462,1,1,1,1,-0.017065543034881774,-0.006146540889083464
5232,0.6,0.694838126099143,1,0,1,1,-0.02221216671605474,-0.005350869575887285
5233,0.6,0.7367179877037048,1,0,1,1,-0.02868807549241765,-0.0024280818337198426
5234,0.6,0.7560416679016858,1,0,0,1,-0.036254633201746905,-0.0013534983428574326
5235,0.6,0.7610138686883866,1,0,0,1,-0.03813952545419141,-0.0027476539204129343
5236,0.6,0.7474473136577023,1,0,0,1,-0.03423146400392662,-0.005788613094450208
5237,0.6,0.7298949408091836,1,0,0,1,-0.027036003612660623,-0.009077395453295944
5238,0.6,0.7195161167495523,1,0,0,1,-0.01950123552461518,-0.013277669672284892
5239,0.6,0.7055646585140393,1,0,0,1,-0.013363843048106823,-0.017266303820480767
5240,0.6,0.684110745258979,1,0,0,1,-0.008905651653597635,-0.018879173743159172
5241,0.6,0.6830420964938966,1,0,0,1,-0.006928219260551581,-0.018541292452247903
5242,0.6,0.6916195672872112,1,0,0,1,-0.00693541445202192,-0.01867122449839776
5243,0.6,0.7020156789242349,1,0,0,1,-0.007813912829326456,-0.018878730449056923
5244,0.6,0.703260307785062,1,0,0,1,-0.009867796197528526,-0.017888944654043094
5245,0.6,0.7105551937288994,1,0,0,1,-0.011327480457670404,-0.015965447745487832
5246,0.6,0.7112615089255515,1,0,0,1,-0.011706416195451763,-0.013334962489384768
5247,0.6,0.7257961513776511,1,0,0,1,-0.01100297475785729,-0.010585082236402055
5248,0.6,0.7346079400889372,1,0,0,1,-0.010270644810937207,-0.007549941023616591
5249,0.6,0.7435398619117815,1,0,0,1,-0.007231116430215873,-0.005406309585457247
5250,0.6,0.7630255670069227,1,0,0,1,-0.0015324043863546265,-0.004520267933006851
5251,0.6,0.7878713587828822,1,0,1,1,0.004283743323823559,-0.0038487821972206684
5252,0.6,0.775822345716641,1,1,1,1,0.004058504765092965,0.0010386076692172014
5253,0.6,0.8054590181337543,0,1,1,1,0.004903780363342346,0.005455808709067397
5254,0.6,0.7699225023847103,0,1,1,0,0.009057283855106228,0.004404403439053295
5255,0.6,0.7472490780575434,0,1,1,0,0.010511932145066304,0.00238869382467195
5256,0.6,0.7784447211625891,0,1,1,0,0.01051410863705987,0.0006277560334031323
5257,0.6,0.7799749022432814,0,1,1,0,0.009718934738319307,-0.0024745046209515196
5258,0.6,0.7937689059540606,0,1,1,0,0.008741862790964122,-0.006884609361290498
5259,0.6,0.7851595272332265,0,1,1,0,0.007975637367498487,-0.010300854487264277
5260,0.6,0.7825116018764887,0,1,1,0,0.006257798513653688,-0.012444501611135219
5261,0.6,0.7615915948298826,0,1,1,0,0.00449182467286117,-0.013231257449594934
5262,0.6,0.7507104490254864,0,1,1,0,0.0025643839025573005,-0.01337612825036187
5263,0.6,0.7288258645257384,0,1,1,0,0.0016241804862717403,-0.013979008385199828
5264,0.6,0.7051706415157486,0,1,1,0,0.0012915491167161217,-0.012918370246287727
5265,0.6,0.700648547117673,0,1,1,0,0.0015611254180059571,-0.012584374583056902
5266,0.6,0.7043833429728387,0,1,1,0,0.0013411104249720141,-0.012606990299493923
5267,0.6,0.6976224993733265,0,1,1,0,-0.0013544932128203933,-0.01293008905125239
5268,0.6,0.7070923057826928,0,1,1,0,-0.005219758563111264,-0.013077867329761555
5269,0.6,0.7246573397395053,0,1,1,0,-0.008008596576980515,-0.013832824936823173
5270,0.6,0.7515444867326089,0,1,1,0,-0.010984308568521471,-0.01515040051219736
5271,0.6,0.7749397714066726,0,1,1,1,-0.014320725884058161,-0.01703994311724617
5272,0.6,0.7717986839741368,0,1,1,1,-0.014570454696415306,-0.014789811491031864
5273,0.6,0.7974713706354576,1,1,1,1,-0.013463077071774304,-0.01056646929408073
5274,0.6,0.8014748312985823,1,0,1,1,-0.017747706909490915,-0.007112690463611307
5275,0.6,0.80405321198367,1,0,0,1,-0.02465659643420365,-0.005544978095455215
5276,0.6,0.8123333887649743,1,0,0,1,-0.028464985734503512,-0.006656341088342911
5277,0.6,0.7756315958331784,1,0,0,1,-0.02750436082562402,-0.0062407206793232695
5278,0.6,0.7432998675136864,1,0,0,1,-0.02291607577281103,-0.0032195418315473802
5279,0.6,0.7341680519181696,1,0,0,1,-0.01868921778229091,-0.0016536426688230903
5280,0.6,0.7218660972657416,1,0,0,1,-0.016783714384951878,-0.0025166181960350905
5281,0.6,0.7066440515152037,1,0,0,1,-0.01717838394874938,-0.002658230964562675
5282,0.6,0.7227175382360378,1,0,0,1,-0.01793469686761272,-0.004079411583004584
5283,0.6,0.7295583765570082,1,0,0,1,-0.016658656847255145,-0.008472676395356805
5284,0.6,0.72543718606536,1,0,0,1,-0.014610124389092021,-0.012348164677332843
5285,0.6,0.7271634400939774,1,0,0,1,-0.013067262323378053,-0.013500445678499555
5286,0.6,0.7136903657146471,1,0,0,1,-0.013431355905501386,-0.012063155972204776
5287,0.6,0.7266992092568966,1,0,0,1,-0.012949741103908313,-0.011461921332768969
5288,0.6,0.6905147187229647,1,0,0,1,-0.01300705587429993,-0.00839204264954481
5289,0.6,0.7139907817887926,1,0,0,1,-0.013145620572051748,-0.0045552861378925155
5290,0.6,0.7274815361179802,1,0,0,1,-0.010218773099366672,-0.005058076786695616
5291,0.6,0.739867384853138,1,0,0,1,-0.004763030385361242,-0.005871027654029172
5292,0.6,0.775543976603997,1,0,0,1,0.0016521770475925214,-0.007549598555386257
5293,0.6,0.7606821042466071,1,1,1,1,0.004008279468872628,-0.00620059927846014
5294,0.6,0.8151742735329535,1,1,1,1,0.005479226241339261,-0.003185218156589865
5295,0.6,0.8060770632600245,0,1,1,0,0.011118539971618479,-0.0038873953698615733
5296,0.6,0.8309350180417261,0,1,1,0,0.014142234284047967,-0.008392384371589538
5297,0.6,0.8309136654563389,0,1,1,0,0.013694522968897734,-0.01281660204828783
5298,0.6,0.8138684090147108,0,1,1,0,0.009893618524186947,-0.014494053208709952
5299,0.6,0.7925483778092498,0,1,1,0,0.005702447324044957,-0.014006655916438866
5300,0.6,0.7852936232807457,0,1,1,0,0.0048177708113940594,-0.013241081406734495
5301,0.6,0.770632219506726,0,1,1,0,0.0060214604451440225,-0.01170449139647741
5302,0.6,0.7630324466399014,0,1,1,0,0.007424431025509163,-0.010271468190969954
5303,0.6,0.7455066214642229,0,1,1,0,0.00874632489075535,-0.009194462649428416
5304,0.6,0.7326891920005364,0,1,1,0,0.010170425193672571,-0.008151912143192051
5305,0.6,0.7213965007223173,0,1,1,0,0.011356436708152864,-0.008129575545585131
5306,0.6,0.696723848581002,0,1,1,0,0.012293915806478983,-0.006647305444867503
5307,0.6,0.6995038053862996,0,1,1,0,0.012659719985880603,-0.005333194011112178
5308,0.6,0.7070870035468095,0,1,1,0,0.011443065278555415,-0.004919562966954842
5309,0.6,0.7000323902842766,0,1,1,0,0.00787361944560438,-0.004188452102378141
5310,0.6,0.7179876527123163,0,1,1,0,0.004711718662581187,-0.0027324082732916206
5311,0.6,0.7427325979767272,0,1,1,0,0.003049789544762815,-0.002251762135877445
5312,0.6,0.7738869677104252,0,1,1,0,0.000751713749858384,-0.0028038764643417294
5313,0.6,0.7968193414854629,1,1,1,0,-0.002027458769727342,-0.003741180843724006
5314,0.6,0.7821238819148526,1,1,1,1,-0.003287662260403318,-0.002034890136952724
5315,0.6,0.8019946422376619,1,1,1,1,-0.005808376316638131,0.00037866444092272316
5316,0.6,0.7372843027682203,1,0,1,1,-0.010322620501609609,0.0032710519063303984
5317,0.6,0.7863442083581829,1,0,0,1,-0.017270037500033544,0.005799624231804686
5318,0.6,0.7824363735733892,1,0,0,1,-0.023490363843097096,0.002930844851029
5319,0.6,0.7660873641764692,1,0,0,1,-0.02489918933659446,0.0002346501962534693
5320,0.6,0.7539117688744494,1,0,0,1,-0.023030907242126603,-0.0030857870436132545
5321,0.6,0.7447224031104157,1,0,0,1,-0.019740005173529737,-0.007236344348415057
5322,0.6,0.7254372145178888,1,0,0,1,-0.01607464340066416,-0.011889027169928295
5323,0.6,0.7047130720733706,1,0,0,1,-0.012617356179820113,-0.014326452763736465
5324,0.6,0.7069908445538978,1,0,0,1,-0.00960821130784863,-0.015923886967643883
5325,0.6,0.7099282274888463,1,0,0,1,-0.007670762343398204,-0.018327948722366663
5326,0.6,0.7053590546723365,1,0,0,1,-0.006463441667332802,-0.02007431964284818
5327,0.6,0.7106638721958931,1,0,0,1,-0.006607713094211346,-0.01992005256469196
5328,0.6,0.718705192703108,1,0,0,1,-0.008174261818697678,-0.01862249078840475
5329,0.6,0.7149773703361195,1,0,0,1,-0.009309969398258068,-0.01612085396070491
5330,0.6,0.7207357384159719,1,0,0,1,-0.01005799710170322,-0.012306424884985059
5331,0.6,0.7426791550383435,1,0,0,1,-0.009627269091384399,-0.009869992352488423
5332,0.6,0.7375352505931734,1,0,0,1,-0.010100353599733422,-0.005793526289895311
5333,0.6,0.8027895402730905,1,0,0,1,-0.0073502580108440775,-0.005237069042010595
5334,0.6,0.7888251955032116,1,0,0,1,-0.003374619468038402,-0.004514097944935961
5335,0.6,0.8224712326894978,1,0,1,1,0.000367984725134458,-0.0020268755502521395
5336,0.6,0.7641440115669139,0,1,1,1,0.0037835587266284603,0.002420003374112764
5337,0.6,0.8244035178278283,0,1,1,0,0.009986375625261137,0.001954618215453995
5338,0.6,0.7759620352571617,0,1,1,0,0.0127096741887966,-0.0010181552629792295
5339,0.6,0.7751680361909972,0,1,1,0,0.011444462260101332,-0.0026554216726921674
5340,0.6,0.7837829903128032,0,1,1,0,0.008841735631677939,-0.004908264222346631
5341,0.6,0.7743508681925745,0,1,1,0,0.006679552687247203,-0.00751622644582595
5342,0.6,0.7634486186517232,0,1,1,0,0.006267857168666047,-0.00930918416285242
5343,0.6,0.7564101276552277,0,1,1,0,0.006418829026111994,-0.010418230811721045
5344,0.6,0.742884020599536,0,1,1,0,0.0073096677976422905,-0.010730066882969737
5345,0.6,0.7362239940978035,0,1,1,0,0.007621295792601691,-0.011091422070228242
5346,0.6,0.7143517358532624,0,1,1,0,0.007550240758119278,-0.011599848860078536
5347,0.6,0.6942540771559196,0,1,1,0,0.007422789198896942,-0.010361312624755351
5348,0.6,0.6855532213150581,0,1,1,0,0.007921596895673507,-0.009924036198151872
5349,0.6,0.6784206551307917,0,1,1,0,0.0080202994648847,-0.008841186854772917
5350,0.6,0.6822995871680463,0,1,1,0,0.007176334394607301,-0.008153464595815856
5351,0.6,0.6764816180872457,0,1,1,0,0.004726276036208325,-0.007313147678854669
5352,0.6,0.6973697160744428,0,1,1,0,0.0025159477769993517,-0.006475477299729855
5353,0.6,0.7175035532197183,0,1,1,0,0.0013742542925511056,-0.006064151635600728
5354,0.6,0.7548992580404337,0,1,1,0,-0.00014446123036095584,-0.0059466028606157085
5355,0.6,0.7785081428695008,0,1,1,0,-0.0018093696344184554,-0.006151990405052452
5356,0.6,0.7518136486308705,1,1,1,1,-0.0023076410032021894,-0.0033889919535021714
5357,0.6,0.7735797590061483,1,1,1,1,-0.003608923419695851,-0.0003310357248681727
5358,0.6,0.7488436236478118,1,0,1,1,-0.008264013077115311,0.0022645539598404054
5359,0.6,0.7743486765844105,1,1,1,1,-0.014345618460231684,0.005658452590927083
5360,0.6,0.7816792979923552,1,0,0,1,-0.01746185008110926,0.005537741790909675
5361,0.6,0.7860955016314923,1,0,0,1,-0.018511604504052658,0.0009201202961847155
5362,0.6,0.7626235974424885,1,0,0,1,-0.018092430001866663,-0.004102889414967053
5363,0.6,0.7515510993176042,1,0,0,1,-0.015338636652709965,-0.008840585481149183
5364,0.6,0.7351368573836974,1,0,0,1,-0.011943393837934914,-0.01435512004536201
5365,0.6,0.7104441591918571,1,0,0,1,-0.009186872240404754,-0.01751977759882288
5366,0.6,0.6969510144789867,1,0,0,1,-0.006758668868703304,-0.018459601336783392
5367,0.6,0.7030204746624167,1,0,0,1,-0.0038191004102933767,-0.019160599512341996
5368,0.6,0.7085824977151961,1,0,0,1,-0.0027579660314400777,-0.021780446919798357
5369,0.6,0.7047361762538119,1,0,0,1,-0.0023308432489687857,-0.024216907179329086
5370,0.6,0.7154608358810861,1,0,0,1,-0.0025292451109386414,-0.02453373627199778
5371,0.6,0.6977258200465762,1,0,0,1,-0.004773188351670779,-0.02253940727998096
5372,0.6,0.7099896352154133,1,0,0,1,-0.0051505459589733385,-0.02008126312477581
5373,0.6,0.7068807321926192,1,0,0,1,-0.004706449139843253,-0.01735444819370954
5374,0.6,0.7215607829497326,1,0,0,1,-0.003987821111301754,-0.014563868711613984
5375,0.6,0.7259645401214949,1,1,0,1,0.0007242207550803254,-0.013742707030051475
5376,0.6,0.771755495586728,1,1,0,1,0.014193160081054293,-0.020288717420018736
5377,0.6,0.6657668739726372,1,1,1,0,0.02433420237862569,-0.026473736103371257
5378,0.6,0.6518980367885614,1,1,1,0,0.025327924471134335,-0.024425361522749055
5379,0.6,0.6418865262349303,0,1,1,0,0.02701562560384388,-0.026218638513422658
5380,0.6,0.6419712662647696,0,1,1,0,0.030760621796434524,-0.030971973607815985
5381,0.6,0.6189612388698568,0,1,1,0,0.0367101711400123,-0.0355737516918756
5382,0.6,0.6009312210677809,0,1,1,0,0.04422373955697377,-0.03729217751819766
5383,0.6,0.6005357008157219,0,1,1,0,0.052590301502988344,-0.03753022096905126
5384,0.6,0.5865966565616559,0,1,1,0,0.059587442201661664,-0.03722199915913956
5385,0.6,0.5959570531575683,0,1,1,0,0.06376528471847412,-0.037980491395217406
5386,0.6,0.5883762426542558,0,1,1,0,0.0673168403004951,-0.038835354527920626
5387,0.6,0.5853711156929134,0,1,1,0,0.06960670908165835,-0.03888664738121027
5388,0.6,0.576943985234277,0,1,1,0,0.07073789999877576,-0.03866344646741349
5389,0.6,0.5651817918095321,0,1,1,0,0.07147545282679645,-0.037281031937124745
5390,0.6,0.5654503179467373,0,1,1,0,0.07211351831165973,-0.03583544959305987
5391,0.6,0.5720295101369723,0,1,1,0,0.07247253185814374,-0.03439577503951336
5392,0.6,0.5833353552793265,0,1,1,0,0.07125478383927512,-0.03336994594216104
5393,0.6,0.5919713075106303,0,1,1,0,0.06935863111682518,-0.03189148774559859
5394,0.6,0.6124057936057906,0,1,1,0,0.06832924925112312,-0.029218282651650978
5395,0.6,0.6507549187077181,0,1,1,0,0.06990024130735402,-0.025850783531257006
5396,0.6,0.7174310457419489,0,1,1,0,0.07246416629582239,-0.024925505522465013
5397,0.6,0.7506150443341699,1,1,1,0,0.07252675400875651,-0.025234692907335186
5398,0.6,0.7320498877095266,1,1,1,1,0.07262631716859841,-0.021512823592949298
5399,0.6,0.7836980120581467,1,1,1,1,0.07358923955987774,-0.015559038627805421
5400,0.6,0.8055866160747464,1,0,1,1,0.07363416641708005,-0.010813928386382975
5401,0.6,0.8271208199896847,1,0,1,1,0.06969027945878828,-0.004785008535377505
5402,0.6,0.7968034776002914,1,0,0,1,0.06768111234226516,0.0006575278906036359
5403,0.6,0.8220752915425499,1,0,0,1,0.06809830685242696,0.001535511069687086
5404,0.6,0.7954310872151628,1,0,0,1,0.0689626331058581,-0.001663153288668692
5405,0.6,0.7629039616116458,1,0,0,1,0.07175950162056695,-0.003988422591408188
5406,0.6,0.7307291172491891,1,0,0,1,0.07532569184920725,-0.006796460802815842
5407,0.6,0.7128068609421082,1,0,0,1,0.0792227654259256,-0.00998649175092393
5408,0.6,0.6991473401347318,1,0,0,1,0.08377919470384709,-0.014281502170349595
5409,0.6,0.6785450039573898,1,0,0,1,0.08888816715955933,-0.017679656194224295
5410,0.6,0.6701656324028346,1,0,0,1,0.0934695237166139,-0.019725717810167315
5411,0.6,0.6670756885488347,1,0,0,1,0.0963654055324766,-0.02236005728864295
5412,0.6,0.6549821290097102,1,0,0,1,0.09763151608297758,-0.024916668029856166
5413,0.6,0.6491418260645409,1,0,0,1,0.09869226158629717,-0.026082220270650644
5414,0.6,0.6393619288546176,1,0,0,1,0.10020581352005899,-0.026011597066002496
5415,0.6,0.6211324721945861,1,0,0,1,0.10225036658123564,-0.02413357110981755
5416,0.6,0.6301648740486531,1,0,0,1,0.10540650371334358,-0.022531444659300213
5417,0.6,0.6191713445874313,1,0,0,1,0.11067149627940304,-0.021342787051448608
5418,0.6,0.5510030411454011,1,0,1,1,0.11188423855690983,-0.014696798680832152
5419,0.6,0.5758399605075252,1,0,1,1,0.10390151415371829,0.0008500708768977344
5420,0.6,0.5945561564117315,1,0,1,1,0.09528137539754718,0.014197687695268522
5421,0.6,0.6130600471640666,0,1,1,1,0.08775126752528144,0.02577554993827523
5422,0.6,0.6749275742651484,0,1,1,0,0.08526032609883312,0.03367124411821014
5423,0.6,0.681122915653426,0,1,1,0,0.08492860160064736,0.03884874580512091
5424,0.6,0.6924451166046338,0,1,1,0,0.08478210348918296,0.04342782577357648
5425,0.6,0.7170898138911193,0,1,1,0,0.08458724366930442,0.04573723976656913
5426,0.6,0.6984188589666573,0,1,1,0,0.08348856558763139,0.04722993573102307
5427,0.6,0.7280398509680808,0,1,1,0,0.08060072314073347,0.04398797901725611
5428,0.6,0.6902470179213062,0,1,1,0,0.07816480287275503,0.039037910844201565
5429,0.6,0.7043874177529277,0,1,1,0,0.07355953066440174,0.03371109495427805
5430,0.6,0.6937528472156728,0,1,1,0,0.06722305171440669,0.026881705174130525
5431,0.6,0.6774788800990194,0,1,1,0,0.06142702681926634,0.021898262336690195
5432,0.6,0.6701494049771036,0,1,1,0,0.05671676931108718,0.019267759796779114
5433,0.6,0.6460178977309866,0,1,1,0,0.056307008083777636,0.01976914677163216
5434,0.6,0.6495476576721149,0,1,1,0,0.05723094955581668,0.022972505298902688
5435,0.6,0.6591268208933826,0,1,1,0,0.05949006427125957,0.026326900230487154
5436,0.6,0.6639228791818453,0,1,1,0,0.06202362189953251,0.029119876549905936
5437,0.6,0.6678687832477795,0,1,1,0,0.06385895761255449,0.030712383138851107
5438,0.6,0.6835834751606318,0,1,1,0,0.06472769109332598,0.030226128367855966
5439,0.6,0.7037232773556168,0,1,1,0,0.06468416087382868,0.02892870723323361
5440,0.6,0.7438660051588404,0,1,1,0,0.0643193266657391,0.027830445319546003
5441,0.6,0.7815852137686001,0,1,1,0,0.06133701322446219,0.02671326949168346
5442,0.6,0.7855825714191488,0,0,1,0,0.052684822416707876,0.03076495517218416
5443,0.6,0.8276988647571093,1,0,1,1,0.03939639327350889,0.03773263181346212
5444,0.6,0.8089254719661223,1,0,0,1,0.03074673797426107,0.043646346610318534
5445,0.6,0.7942694841694782,1,0,0,1,0.02838433222918637,0.04710884056394359
5446,0.6,0.7653741665780248,1,0,0,1,0.029109581510798517,0.04723813778003646
5447,0.6,0.7540419812537372,1,0,0,1,0.031020648067733487,0.043493453988979205
5448,0.6,0.7461658392130287,1,0,0,1,0.03188315366112719,0.0353987963736262
5449,0.6,0.7242279901328584,1,0,0,1,0.03176040239213615,0.027045586269110106
5450,0.6,0.7235789566045839,1,0,0,1,0.032273623243570956,0.018400067423940056
5451,0.6,0.7179036351146431,1,0,0,1,0.034136426920361305,0.010130311807939822
5452,0.6,0.7028270511529314,1,0,0,1,0.03673767855219168,0.0036291032429175696
5453,0.6,0.7073640222580262,1,0,0,1,0.03971660283009864,-0.0004754773224124307
5454,0.6,0.7216980148523221,1,0,0,1,0.04191526133335136,-0.00348915781362528
5455,0.6,0.7372026151061117,1,0,0,1,0.044910121183246,-0.00571887595438193
5456,0.6,0.7353065853649174,1,0,0,1,0.047458423057713646,-0.006274730504537428
5457,0.6,0.7377381118623578,1,0,0,1,0.05061697194355493,-0.005147734591010946
5458,0.6,0.7480498500894235,1,0,0,1,0.054257619653184895,-0.0037367859340978163
5459,0.6,0.7666988373720341,1,0,0,1,0.0578987172704407,-0.002477786016241227
5460,0.6,0.7912109904538633,1,0,0,1,0.06458570199085976,-0.0033325148177656585
5461,0.6,0.8129386073033907,1,0,0,1,0.07306194089614351,-0.005052365800561123
5462,0.6,0.8288426272391737,1,0,0,1,0.08196863703641236,-0.006722120969565037
5463,0.6,0.8129993708390791,1,0,1,1,0.08541128407180805,-0.003924158066849094
5464,0.6,0.8154555952747735,1,0,1,0,0.08075287590113311,-0.0011137571109585583
5465,0.6,0.8211079329854194,0,0,1,0,0.07194216113887957,-0.00031524707011210796
5466,0.6,0.8148937229067024,0,0,1,0,0.06534032956210985,0.002051096981535825
5467,0.6,0.8285471835374337,0,0,1,0,0.05842595351469676,0.008129000664508288
5468,0.6,0.8256591079333954,0,1,1,0,0.055469711641179774,0.016275778721192048
5469,0.6,0.8353782697683921,0,1,1,0,0.0603729404418866,0.02318638653392329
5470,0.6,0.8414138681603708,0,1,1,0,0.06785490024573465,0.029407386866718444
5471,0.6,0.8403033959402288,0,1,1,0,0.0734325362097293,0.034320003565597126
5472,0.6,0.8353263557216435,0,1,1,0,0.07601109961823799,0.03745689493888858
5473,0.6,0.8305048367988859,0,1,1,0,0.07805368836582632,0.03915903945965277
5474,0.6,0.8259515891446971,0,1,1,0,0.07967595723305403,0.04059465112835229
5475,0.6,0.8305857875751473,0,1,1,0,0.08029221933190013,0.041836834342474885
5476,0.6,0.8360985006736712,0,1,1,0,0.07942659979869776,0.04352295986328913
5477,0.6,0.8410855232604784,0,1,1,0,0.0769427425649307,0.0453195397262524
5478,0.6,0.8621068772868835,0,1,1,0,0.07375849779008911,0.04712811415419547
5479,0.6,0.8756373162581721,0,1,1,0,0.07124752994180875,0.04833840956864311
5480,0.6,0.8902492276818658,1,1,1,0,0.06848598192354886,0.049940241713600834
5481,0.6,0.8389793996563316,1,1,1,0,0.0578242732478868,0.045524500706994285
5482,0.6,0.7914865490959545,1,1,1,0,0.04430282279815351,0.03613253296514193
5483,0.6,0.7303936318024953,1,1,1,0,0.028674652121352277,0.026446026436441984
5484,0.6,0.7148296896718058,1,0,1,0,0.01346795170671869,0.016608677595266554
5485,0.6,0.7055355563496667,1,0,1,1,0.00048663582762454227,0.008418585272791702
5486,0.6,0.693862324689817,1,0,0,1,-0.009827512527339865,0.0032838231191628063
5487,0.6,0.7155813098354175,1,0,0,1,-0.015854336011101488,-0.004449172245583087
5488,0.6,0.6914632778197355,1,0,0,1,-0.017485096545110244,-0.013435025933673505
5489,0.6,0.6712917448958499,1,0,0,1,-0.015261910689514338,-0.019740347702989366
5490,0.6,0.668665838108579,1,0,0,1,-0.013961194423583088,-0.025388239507500316
5491,0.6,0.6592725637496856,1,0,0,1,-0.014837338771984341,-0.029200852239903406
5492,0.6,0.646763006816675,1,0,0,1,-0.014907299196696788,-0.031019076940720255
5493,0.6,0.6358749759796922,1,0,0,1,-0.015852119598398818,-0.03008730083613056
5494,0.6,0.6305359438936994,1,0,0,1,-0.017617620204257688,-0.027552235648353896
5495,0.6,0.6437249788476195,1,0,0,1,-0.020823731064904732,-0.024444922438964876
5496,0.6,0.6337879614897763,1,0,0,1,-0.023594300713504473,-0.01974325472875716
5497,0.6,0.6350900397772091,1,0,0,1,-0.028138465094493016,-0.01244648354407515
5498,0.6,0.6789595758720947,1,0,0,1,-0.03387453022280549,-0.006775484845207752
5499,0.6,0.6802708669923753,1,0,0,1,-0.040363530313633725,-0.0013437047289787776
5500,0.6,0.684670592304689,1,0,0,1,-0.04878184031337737,0.007894484744237524
5501,0.6,0.7818799822105784,1,0,0,1,-0.05504090947380479,0.012533549820780759
5502,0.6,0.7791832777845588,1,1,0,1,-0.05476982965200351,0.013848696867631478
5503,0.6,0.8304479456561928,1,1,0,1,-0.046465892298460244,0.010666822715871266
5504,0.6,0.853131562578173,0,1,0,1,-0.03608727055754273,0.00483004831007846
5505,0.6,0.8426359301244658,0,1,1,0,-0.02755564455054863,-0.0029791776742900283
5506,0.6,0.8484170663449179,0,1,1,0,-0.025766014396953557,-0.010691297245149663
5507,0.6,0.7920454048365305,0,1,1,0,-0.027112198479917745,-0.017950531119983244
5508,0.6,0.77981363689801,0,1,1,0,-0.02934212126400483,-0.023781312813199805
5509,0.6,0.7374436043226652,0,1,1,0,-0.029665761755006757,-0.028699317923148893
5510,0.6,0.7080520949275768,0,1,1,0,-0.029857871031400387,-0.031802978952493774
5511,0.6,0.680271048948554,0,1,1,0,-0.030041173736825827,-0.03407443931024525
5512,0.6,0.6550212154652088,0,1,1,0,-0.030071416533876964,-0.035940540221985416
5513,0.6,0.6266661459290996,0,1,1,0,-0.029840238899075274,-0.03716200889399972
5514,0.6,0.599558367099869,0,1,1,0,-0.028578879726998394,-0.0367201482149835
5515,0.6,0.5895479315002516,0,1,1,0,-0.026314633099996057,-0.03521930424822287
5516,0.6,0.5891059192359546,0,1,1,0,-0.02526575339022415,-0.0331971094349479
5517,0.6,0.5847593257542618,0,1,1,0,-0.02568715032274815,-0.03142707076067295
5518,0.6,-0.011603473019882156,1,1,1,1,-0.00037637279160354534,-0.0010435317921076482
5519,0.6,-0.09126720764269984,1,1,1,1,-0.0042389781139092935,-0.00042251521396774607
5520,0.6,-0.204855273407809,1,1,1,1,-0.0056720239342062965,0.0029987337529513765
5521,0.6,-0.17969901863194368,1,1,1,0,-0.006467371961636799,0.007556891877252815
5522,0.6,-0.1565916413240137,0,1,0,0,-0.007702361211770555,0.0037296967650574603
5523,0.6,-0.18254278818204886,0,0,0,0,-0.00989811494299422,0.00022430254435716547
5524,0.6,-0.16722436131937202,0,0,0,0,-0.010817344727891596,-0.0020262474846668385
5525,0.6,-0.15535427539005417,0,0,0,0,-0.011628223287348517,-0.0049575538600832155
5526,0.6,-0.17165958638340278,0,0,0,0,-0.012970187484696756,-0.006541529865592091
5527,0.6,-0.1490710766312109,0,0,0,0,-0.013978068635077237,-0.01040427120203682
5528,0.6,-0.14329213693110032,0,0,0,0,-0.015525529312774806,-0.01634458771779423
5529,0.6,-0.15081565167013944,0,0,0,1,-0.017699230021721506,-0.020121903295467276
5530,0.6,-0.1342617253110598,0,0,0,1,-0.01769018619509622,-0.021968619222648488
5531,0.6,-0.15234989293664675,0,0,0,1,-0.013264559144120988,-0.02339992058972879
5532,0.6,-0.11639223626217345,1,0,0,1,-0.007520518179718471,-0.026648177051717806
5533,0.6,-0.123129622884468,1,0,0,1,-0.0037382812444515124,-0.033083079670403207
5534,0.6,-0.11575219320178977,1,0,0,1,-7.678368566122402e-07,-0.040732872189939165
5535,0.6,-0.1215288107141255,1,0,0,1,0.004125053121807092,-0.048606492673280446
5536,0.6,-0.12603335847396085,1,0,0,1,0.0086904895083578,-0.05526946057698612
5537,0.6,-0.11209420698086725,1,0,0,1,0.010240577180961849,-0.0595223665637308
5538,0.6,-0.10296573260705444,1,0,0,1,0.011031478621492322,-0.06334300666123185
5539,0.6,-0.04292118561585833,1,0,0,1,0.0124648540325032,-0.06965023007949417
5540,0.6,-0.031152534580450267,1,0,0,1,0.012811166234401431,-0.07606056980052159
5541,0.6,0.028130096649161218,1,0,0,1,0.015002246851377025,-0.08113556088967963
5542,0.6,0.04153585830847137,1,0,0,1,0.02080798049585069,-0.08768985121784009
5543,0.6,0.06645918193772428,0,0,0,1,0.027782009935833463,-0.0905525817679787
5544,0.6,0.17935164047712918,0,0,0,1,0.03959852170945161,-0.0952271652157068
5545,0.6,0.13622369311248486,0,0,1,1,0.0562981995238614,-0.09676474373478641
5546,0.6,0.18416030572218192,0,0,1,1,0.06269722823846126,-0.08266291840240335
5547,0.6,0.14923636966832377,0,0,1,1,0.06839322733365004,-0.06208321395742658
5548,0.6,0.2304411930063175,0,0,1,1,0.07004788352625538,-0.037472308100371346
5549,0.6,0.20750011206483415,0,1,1,0,0.06973458068839149,-0.015038748180049539
5550,0.6,0.23508826637057226,0,1,1,0,0.0704221670635626,0.0022113792586773854
5551,0.6,0.24338061821811124,0,1,1,0,0.0712790387746902,0.013348431279455316
5552,0.6,0.27069521555297427,0,1,1,0,0.07489416723432753,0.019605453788647656
5553,0.6,0.2963924386666718,0,1,1,0,0.08016995722214902,0.02261757991018416
5554,0.6,0.31477402216952566,0,1,1,0,0.08700119049598606,0.025079149275174722
5555,0.6,0.3382433066074266,0,1,1,0,0.09502304864415353,0.027366216807823144
5556,0.6,0.3733641705596529,0,1,1,0,0.10113979814305303,0.028851635615434197
5557,0.6,0.4070535834189104,0,1,1,0,0.10491081243137262,0.028947057615552035
5558,0.6,0.415512362963208,0,1,1,0,0.10597352373409273,0.029052226992908953
5559,0.6,0.43697827329327804,0,1,1,0,0.1047467603054889,0.03075625220458977
5560,0.6,0.4877605498483264,0,1,1,0,0.10303639614202724,0.03042486658292169
5561,0.6,0.5226819128853595,0,1,1,0,0.09889310493256484,0.0283857613404745
5562,0.6,0.5403540999094423,1,1,1,0,0.09241801277716556,0.026247450728748588
5563,0.6,0.5559225914345259,1,0,1,0,0.08051947201816431,0.020261009229622148
5564,0.6,0.5808438110078243,1,1,1,0,0.066105305133233,0.013970834825579344
5565,0.6,0.5793524856081876,1,0,1,0,0.04758689585844499,0.00820908094581828
5566,0.6,0.5836476726537994,1,0,1,0,0.02773163590829812,0.004645015329191841
5567,0.6,0.6034320550537797,1,0,1,0,0.009406656196422638,0.001370368419964788
5568,0.6,0.6473631079090567,1,0,1,1,-0.0066981241452040916,-0.003717702441895823
5569,0.6,0.6606437558577964,1,0,1,1,-0.01662413089372589,-0.006639492358438419
5570,0.6,0.7012253937604696,1,0,1,1,-0.025169030441858583,-0.00884020137298748
5571,0.6,0.7059298580969522,1,0,1,1,-0.0327497114691076,-0.011457422826990329
5572,0.6,0.711704764447667,1,0,0,1,-0.03721582250502766,-0.012932739232277569
5573,0.6,0.6932245435639383,1,0,0,1,-0.03793891589450699,-0.014288399718644502
5574,0.6,0.6898741357861724,1,0,0,1,-0.03605512604133717,-0.015700498115534978
5575,0.6,0.665081376980997,1,0,0,1,-0.034523715380519925,-0.015354104429699993
5576,0.6,0.6635890276334023,1,0,0,1,-0.035600076118685126,-0.013911946254994268
5577,0.6,0.6473453404434055,1,0,0,1,-0.0406220937137844,-0.009901913153716711
5578,0.6,0.6910298489609636,1,0,0,1,-0.04981210729205218,-0.00471933961161555
5579,0.6,0.6952006583310956,1,0,0,1,-0.057575229605419186,0.0013797169133238415
5580,0.6,0.7154370255986986,1,0,0,1,-0.06464743871043337,0.00966916103660486
5581,0.6,0.7458604253727809,1,0,0,1,-0.07231259014404849,0.018979479114970464
5582,0.6,0.809328853207151,1,0,0,1,-0.07984551913331397,0.02659701437909109
5583,0.6,0.8356481108307483,0,1,0,1,-0.08655502444554071,0.03489957893398206
5584,0.6,0.8646708737787275,1,1,0,1,-0.0855735053897754,0.03909897970091067
5585,0.6,0.9200860460895887,0,1,0,1,-0.07582116310287203,0.03519296026340867
5586,0.6,0.867061734367874,0,1,0,1,-0.059836058168287784,0.03062677535672945
5587,0.6,0.8590659880805861,0,1,0,1,-0.042786298442159094,0.027164234561730963
5588,0.6,0.8260225611420801,0,1,0,1,-0.027266277214969305,0.02091398177058567
5589,0.6,0.8026470830302379,0,1,1,0,-0.016373672824959568,0.009533088574093011
5590,0.6,0.7629711520621401,0,1,1,0,-0.013325214477412192,-0.004024266607249739
5591,0.6,0.7793558338885931,0,1,1,0,-0.014230681002488445,-0.019053546382195165
5592,0.6,0.7523019921498907,0,1,1,0,-0.016053666448414453,-0.03161675219776886
5593,0.6,0.7148469000136495,0,1,1,0,-0.018236163676838557,-0.0364451976366784
5594,0.6,0.7057451481439526,0,1,1,0,-0.0204585034956107,-0.03682320426325482
5595,0.6,0.7302834510885763,0,1,1,0,-0.02065153698089046,-0.03564907312813002
5596,0.6,0.7027883105902272,0,0,1,0,-0.019276805089684983,-0.032545011900414964
5597,0.6,0.7376164288017903,0,1,1,0,-0.017510227669569053,-0.028743062688769416
5598,0.6,0.7279880977886294,0,0,1,0,-0.013861005055244804,-0.024430752166070175
5599,0.6,0.7514838020802629,0,1,1,0,-0.011078811194318167,-0.018911306273897085
5600,0.6,0.7728364536683272,0,1,1,0,-0.008541397976448805,-0.014594022644956184
5601,0.6,0.813473230073197,0,0,1,0,-0.008741587011354737,-0.009746707688540633
5602,0.6,0.8613148120811088,0,0,1,0,-0.013415981043292764,-0.003788678176379544
5603,0.6,0.9026044466479344,1,0,1,0,-0.0233228149223213,0.0038643359302170037
5604,0.6,0.9200335112554714,1,0,1,0,-0.04137830907685453,0.007981448092822209
5605,0.6,0.8954100401934016,1,0,1,1,-0.057602874163681844,0.011193506991679451
5606,0.6,0.8917848814506144,1,0,1,1,-0.06306908027204376,0.019505537133053613
5607,0.6,0.9399319764346705,1,0,0,1,-0.06809953171326676,0.021105909540701268
5608,0.6,0.9140710269708133,1,0,0,1,-0.06812240002961172,0.015375771338864624
5609,0.6,0.8748559555436018,1,0,0,1,-0.06186531609585623,0.010941586516459857
5610,0.6,0.8445556837145463,1,0,0,1,-0.05528654668808213,0.008086422176567869
5611,0.6,0.8290311603980413,1,0,0,1,-0.05122652200397441,0.006505953147572885
5612,0.6,0.8178888887365078,1,0,0,1,-0.051524322991961045,0.00664152807466116
5613,0.6,0.8205412566764065,1,0,0,1,-0.05684999597409501,0.009693416177846583
5614,0.6,0.8376367420618717,1,0,0,1,-0.06244127456902714,0.013769536877042328
5615,0.6,0.8546216514444938,1,0,0,1,-0.06503264178050168,0.01768957379212732
5616,0.6,0.8645229748159398,1,0,0,1,-0.06697577555199559,0.022195291115223698
5617,0.6,0.8640291180909672,1,0,0,1,-0.06913752950903233,0.028731675814626004
5618,0.6,0.8649533358339171,1,0,0,1,-0.07373799800661945,0.03822591495305453
5619,0.6,0.8945774784946857,1,0,0,1,-0.07699192534726172,0.045629173316075015
5620,0.6,0.8990278059084298,1,1,0,1,-0.08074180948708315,0.052195770201881084
5621,0.6,0.9561633251737023,1,1,0,1,-0.07378059877445692,0.04628534628880029
5622,0.6,0.8972572802347443,0,1,0,1,-0.06309976856029882,0.03496872960961134
5623,0.6,0.9131901456687538,1,1,0,1,-0.0498125060882436,0.022363848016401035
5624,0.6,0.8633981287035567,0,1,0,0,-0.03683966001390979,0.009048111031400023
5625,0.6,0.8510772049181898,0,1,1,0,-0.027922910842534676,-0.00525489387011205
5626,0.6,0.8019855591818436,0,1,1,0,-0.026626607837074844,-0.016471169937984715
5627,0.6,0.7685064705622323,0,1,1,0,-0.028876806178185988,-0.02563438595303336
5628,0.6,0.7499385113189929,0,1,1,0,-0.030056652301763142,-0.03414684505646509
5629,0.6,0.710263711403702,0,1,1,0,-0.03098741182239325,-0.04063457217208788
5630,0.6,0.6722133159419683,0,1,1,0,-0.03147776549363641,-0.043686064167978954
5631,0.6,0.639975238942034,0,1,1,0,-0.030085299304670972,-0.04406748086683096
5632,0.6,0.6341808365999063,0,1,1,0,-0.028496008086351977,-0.04391894943338347
5633,0.6,0.633883613343809,0,0,1,0,-0.027648052779263566,-0.04298885840309774
5634,0.6,0.6559606020113832,0,1,1,0,-0.02798289290965001,-0.04172030736196918
5635,0.6,0.6361404755375681,0,1,1,0,-0.02943767090749397,-0.038736675936806006
5636,0.6,0.630161339204966,0,1,1,0,-0.029292198233497466,-0.0335305862577169
5637,0.6,0.6502807803179033,0,1,1,0,-0.028200657545567206,-0.0305814915426491
5638,0.6,0.680039703591933,0,1,1,0,-0.027423427909611612,-0.02985541025093286
5639,0.6,0.7179387428568891,0,1,1,0,-0.0263443143020538,-0.029386503711677968
5640,0.6,0.7432790559956282,0,1,1,0,-0.02750986822285176,-0.028234645487323018
5641,0.6,0.7696138810968272,0,1,1,0,-0.03011127505062425,-0.025724301434637276
5642,0.6,0.7491770018866712,0,0,1,1,-0.030548386627205153,-0.01839970187931031
5643,0.6,0.7908653651915339,1,0,1,1,-0.035050748321596034,-0.006886304771128605
5644,0.6,0.7846797572980255,1,0,1,1,-0.0443022961348269,0.00034638770706658354
5645,0.6,0.8120800310345733,1,0,0,1,-0.05120969379281005,0.005070956626997931
5646,0.6,0.793081763317439,1,0,0,1,-0.050720623847185245,0.007038255829357155
5647,0.6,0.7739945877812083,1,0,0,1,-0.045353824437416736,0.008501880156700874
5648,0.6,0.7407997061249273,1,0,0,1,-0.037901645231998404,0.008038118159742034
5649,0.6,0.7252905994004202,1,0,0,1,-0.03250590216848728,0.006662761383495535
5650,0.6,0.7074396653765173,1,0,0,1,-0.03165871104396729,0.0058349930099174975
5651,0.6,0.7225124241311424,1,0,0,1,-0.0327405496642567,0.004333632842575951
5652,0.6,0.7318890678773794,1,0,0,1,-0.03328993555401073,0.0014950951231695747
5653,0.6,0.7372616609808177,1,0,0,1,-0.032920128011520396,-0.0008238496863451415
5654,0.6,0.7418479737344569,1,0,0,1,-0.031990716110431486,-0.0012587478381922148
5655,0.6,0.7372836819822297,1,0,0,1,-0.031445574460985476,0.0008843330920414685
5656,0.6,0.728837255354631,1,0,0,1,-0.03279587474225771,0.005322804732543759
5657,0.6,0.7187558819288764,1,0,0,1,-0.03556042818368426,0.011252179039960834
5658,0.6,0.7380278089885567,1,0,0,1,-0.038291147522534374,0.016187393241762566
5659,0.6,0.7471859262303646,1,0,0,1,-0.03848078870591948,0.018214776526064753
5660,0.6,0.7741710133835499,1,0,0,1,-0.03559394257827994,0.017453353357979227
5661,0.6,0.7688729619511635,1,1,0,1,-0.028587446923842234,0.013416560544209201
5662,0.6,0.7887006562688754,1,1,1,1,-0.018230469765754927,0.004778799980878589
5663,0.6,0.752010251533091,1,1,1,0,-0.015263554580653238,0.0009025883813249479
5664,0.6,0.6949474965986385,1,1,1,0,-0.015813550887164712,-0.002549879852587377
5665,0.6,0.7275015182758804,0,1,1,0,-0.015790493171121182,-0.011515677415573944
5666,0.6,0.7012822489882389,0,1,1,0,-0.014926627615543418,-0.02000644262829173
5667,0.6,0.6917006562658868,0,1,1,0,-0.013493336558609181,-0.02403705831527374
5668,0.6,0.6933156445942036,0,1,1,0,-0.0099278160694688,-0.026619862493673013
5669,0.6,0.6840169409034953,0,1,1,0,-0.005631097812152125,-0.027400729275223783
5670,0.6,0.6790474978428782,0,1,1,0,-0.003512104863709957,-0.027059773314598138
5671,0.6,0.675146348104957,0,1,1,0,-0.0031178213896873343,-0.02676188834439502
5672,0.6,0.6592468531592036,0,1,1,0,-0.003045449569489561,-0.025969468861551166
5673,0.6,0.6394673585557509,0,1,1,0,-0.0025797643601635353,-0.023707159376585754
5674,0.6,0.6436579278980171,0,1,1,0,-0.0013984952249632033,-0.022861967648010927
5675,0.6,0.62360022312473,0,1,1,0,0.0004412949521557245,-0.02113489271207966
5676,0.6,0.6330692517295983,0,1,1,0,0.0015819022748923928,-0.019285841912271222
5677,0.6,0.6395166378401067,0,1,1,0,0.0006003527969858279,-0.01825471205152699
5678,0.6,0.6515370184704349,0,1,1,0,-0.00163650231677456,-0.01720588851470638
5679,0.6,0.6788606847597745,0,1,1,0,-0.0022302720296785376,-0.016031974634980184
5680,0.6,0.7176389595286476,0,1,1,0,-0.0027972459456482154,-0.015455499360833678
5681,0.6,0.7418848127124218,0,1,1,0,-0.004945684772160382,-0.015250374686962423
5682,0.6,0.7645521660526579,0,1,1,0,-0.007702247916000786,-0.01433599235994689
5683,0.6,0.7578962973483472,1,1,1,1,-0.008147469056550003,-0.010201061819407881
5684,0.6,0.7810681797574399,1,1,1,1,-0.009321413354581838,-0.005459050631661622
5685,0.6,0.7867023755170861,1,0,1,1,-0.014082379889230143,-0.002891486926490584
5686,0.6,0.8081723344531239,1,0,1,1,-0.02148612708314716,-0.0016020461236374154
5687,0.6,0.8011434385050155,1,0,0,1,-0.024547601413822763,-0.002135821754108119
5688,0.6,0.7887611503323412,1,0,0,1,-0.02386171800843053,-0.0025116505861443768
5689,0.6,0.763014370755111,1,0,0,1,-0.020901759942869975,-0.0024638786449339427
5690,0.6,0.7538722022367845,1,0,0,1,-0.01794065567207527,-0.0038494602993209377
5691,0.6,0.7319393530208876,1,0,0,1,-0.016931780296328008,-0.006296770886573763
5692,0.6,0.7202267387030626,1,0,0,1,-0.01643443689665651,-0.007548990787613891
5693,0.6,0.7175858997887133,1,0,0,1,-0.01581835924313847,-0.008295041595751078
5694,0.6,0.7206384816690043,1,0,0,1,-0.015123371108902271,-0.009230950088650167
5695,0.6,0.7196249510381205,1,0,0,1,-0.014743363330405304,-0.010356179281195655
5696,0.6,0.7305993324586318,1,0,0,1,-0.015768836080106256,-0.011061163329349767
5697,0.6,0.7308328867454892,1,0,0,1,-0.017404857542086732,-0.010699357039498843
5698,0.6,0.7245814835369794,1,0,0,1,-0.017751693167607267,-0.008518281010421604
5699,0.6,0.6995764605413525,1,0,0,1,-0.01852774543663204,-0.0027742478201701944
5700,0.6,0.7245734157873561,1,0,0,1,-0.018935680535786696,0.0020784925488707075
5701,0.6,0.7376425776726159,1,0,0,1,-0.018774747157648975,0.004766409348035077
5702,0.6,0.7642472123426327,1,0,0,1,-0.01601234820429433,0.005465732333219501
5703,0.6,0.7907327159130754,1,1,0,1,-0.011086003106411453,0.00471444327941206
5704,0.6,0.8372897697944286,1,1,1,1,-0.003867520712056153,0.0009746081677568372
5705,0.6,0.8582068749142089,0,1,1,1,-0.0016629702280643046,-0.0007127945362814548
5706,0.6,0.8079614846984076,0,1,1,0,0.001320004324277782,-0.005037007069350558
5707,0.6,0.779213133016646,0,1,1,0,0.0042526099126384284,-0.008919512993471306
5708,0.6,0.7787704630562848,0,1,1,0,0.006758475753876795,-0.010215199089049469
5709,0.6,0.7951702818911113,0,1,1,0,0.0071470694754565064,-0.01302857662913442
5710,0.6,0.7827079946991862,0,1,1,0,0.004936926158661231,-0.017527898157286764
5711,0.6,0.7649993696312529,0,1,1,0,0.00318414087949477,-0.02043841070072932
5712,0.6,0.7518369417540748,0,1,1,0,0.002842849658790445,-0.02130402278511524
5713,0.6,0.7426079805859773,0,1,1,0,0.002787058823897304,-0.02131143193204758
5714,0.6,0.7186831539871594,0,1,1,0,0.0027442665296174363,-0.02028034503233612
5715,0.6,0.6978101643458501,0,1,1,0,0.0033800003573441857,-0.017624286755738672
5716,0.6,0.6960791453663535,0,1,1,0,0.0043544494109573366,-0.015601588069862542
5717,0.6,0.6784103897000876,0,1,1,0,0.005738735660878752,-0.01195318462485654
5718,0.6,0.6850745653354113,0,1,1,0,0.006571601742010581,-0.008457651894008439
5719,0.6,0.6902604140771076,0,1,1,0,0.006087304431378555,-0.0066437824689317875
5720,0.6,0.7065886479013394,0,1,1,0,0.004701887944953078,-0.006064345667161891
5721,0.6,0.7400105729766725,0,1,1,0,0.004250463380230391,-0.006350106130961384
5722,0.6,0.7635724728363373,0,1,1,0,0.0029673520010379665,-0.006659482068639037
5723,0.6,0.800283570945066,0,1,1,0,0.0007106520993346094,-0.006467323187934622
5724,0.6,0.8093528968324394,1,1,1,1,-0.002357028335050942,-0.0055174856105655815
5725,0.6,0.7941374183899814,1,0,1,1,-0.00258043570732732,-0.00025382514719714136
5726,0.6,0.8282812933373482,1,0,1,1,-0.008121349717604753,0.0034991412782017176
5727,0.6,0.7899431404411397,1,0,0,1,-0.013178095833389079,0.0053808109593563285
5728,0.6,0.8181365682736854,1,0,0,1,-0.015083733332240586,0.004867697482921975
5729,0.6,0.7869791481488503,1,0,0,1,-0.01570052268122379,0.0022618531703929214
5730,0.6,0.7717160137733111,1,0,0,1,-0.01429794157978827,0.0003473265254598616
5731,0.6,0.7564092373345209,1,0,0,1,-0.013564620123267581,-0.0032220918179187126
5732,0.6,0.7307575516866114,1,0,0,1,-0.013151333204519996,-0.005240164785026483
5733,0.6,0.7261443931782272,1,0,0,1,-0.011757701431875218,-0.007933594548889028
5734,0.6,0.7124586276150299,1,0,0,1,-0.009743802864314392,-0.009858285383600712
5735,0.6,0.7177982447526343,1,0,0,1,-0.008167799076648921,-0.011010301551073885
5736,0.6,0.7256521430055122,1,0,0,1,-0.0076174849524015325,-0.013122402463567483
5737,0.6,0.725108529279127,1,0,0,1,-0.008165554435843507,-0.015587153230716652
5738,0.6,0.7201391005389787,1,0,0,1,-0.009073443009411989,-0.01616242439017896
5739,0.6,0.7158847293728456,1,0,0,1,-0.010602459404853897,-0.01451291421296934
5740,0.6,0.7207379002297042,1,0,0,1,-0.011054985686127427,-0.012137949336832448
5741,0.6,0.7308115125483664,1,0,0,1,-0.010976297268473335,-0.009645661046023457
5742,0.6,0.7480440299320908,1,0,0,1,-0.00867162607347663,-0.008211726204261362
5743,0.6,0.768842447619298,1,0,0,1,-0.0029389169659547474,-0.00824664453106349
5744,0.6,0.7923250340988132,1,0,0,1,0.003239889097633834,-0.008337321699956915
5745,0.6,0.7717913786343868,1,0,1,1,0.0030754264990440943,-0.003066993418189709
5746,0.6,0.7771784086489931,1,1,1,1,0.003564589145407048,0.0029810882534045454
5747,0.6,0.7849781891326214,0,1,1,0,0.004098400742822792,0.0022031284012527085
5748,0.6,0.8202108419955496,0,1,1,0,0.003272159475264661,-0.002201710032351284
5749,0.6,0.7885829859443703,0,1,1,0,0.0013986991948180458,-0.005749642303842218
5750,0.6,0.7859547019544809,0,1,1,0,-0.0016179451918088162,-0.007390992723035579
5751,0.6,0.7885138678008536,0,1,1,0,-0.001381988945110943,-0.009165941553852038
5752,0.6,0.7828806821902983,0,1,1,0,0.0005586246568409079,-0.009617241563912832
5753,0.6,0.7705589967133195,0,1,1,0,0.0009842572925505574,-0.00956070165079105
5754,0.6,0.7613149828681969,0,1,1,0,4.1679851620402546e-05,-0.009753628628629763
5755,0.6,0.7383817845180467,0,1,1,0,-0.001274409626178219,-0.010374523391085794
5756,0.6,0.7185384375044003,0,1,1,0,-0.002014687084293374,-0.01036424117117158
5757,0.6,0.6971427422831394,0,1,1,0,-0.0026963154578830166,-0.011388760979229978
5758,0.6,0.6717365368745517,0,1,1,0,-0.0026865034683611426,-0.011392855447110963
5759,0.6,0.6636245277150721,0,1,1,0,-0.0025195940471437173,-0.011400803146614973
5760,0.6,0.6660552668873476,0,1,1,0,-0.003634284605651619,-0.012370447897193416
5761,0.6,0.6546083123463892,0,1,1,0,-0.006376972226023383,-0.012914441568641398
5762,0.6,0.6665484843873638,0,1,1,0,-0.008375113456500377,-0.011868933620911798
5763,0.6,0.6875062282234223,0,1,1,0,-0.010035041040223786,-0.011935636083654699
5764,0.6,0.7082518705906545,0,1,1,0,-0.012369285635718553,-0.013008102281167317
5765,0.6,0.7196841831790914,0,1,1,1,-0.014982405406052597,-0.014411530648869329
5766,0.6,0.7209080424661604,1,1,1,1,-0.014947333519135426,-0.011830429008046968
5767,0.6,0.7096100622143278,1,1,1,1,-0.014852036381372759,-0.006972309116824263
5768,0.6,0.7164721821814566,1,0,1,1,-0.018931039886157,-0.00309832116855153
5769,0.6,0.7188909622280079,1,0,0,1,-0.025408284309611232,-0.0018009413782516762
5770,0.6,0.7537467124636945,1,0,0,1,-0.030205691874500368,-0.003988505645619713
5771,0.6,0.7237891363163147,1,0,0,1,-0.030055162982418948,-0.005687497187283055
5772,0.6,0.7030682189332125,1,0,0,1,-0.025242882563836024,-0.005821159265273004
5773,0.6,0.6850742719838839,1,0,0,1,-0.02038621776563025,-0.006996427500488962
5774,0.6,0.6677029236394657,1,0,0,1,-0.016910850509932508,-0.008785327002876176
5775,0.6,0.6578323283302578,1,0,0,1,-0.014345886351317422,-0.011099948130014883
5776,0.6,0.6349912993092555,1,0,0,1,-0.012893241040830516,-0.011767190019797548
5777,0.6,0.6450764250090194,1,0,0,1,-0.011835987158234832,-0.012289561470662833
5778,0.6,0.6594175667309221,1,0,0,1,-0.010644035211369371,-0.015978249683134
5779,0.6,0.6656245025452148,1,0,0,1,-0.009861976212753698,-0.01990652203710066
5780,0.6,0.6724073800455922,1,0,0,1,-0.009281111926565546,-0.02236975917276902
5781,0.6,0.6729900050969192,1,0,0,1,-0.007960797066243823,-0.023283209322399127
5782,0.6,0.6708895069491986,1,0,0,1,-0.006418934210682764,-0.022082490337617642
5783,0.6,0.6690030173054771,1,0,0,1,-0.0048413332361956,-0.019330295809074857
5784,0.6,0.6758458764699973,1,0,0,1,-0.0036656922858908756,-0.015832446705549796
5785,0.6,0.7200820043952443,1,0,0,1,-0.00010232636656108556,-0.015639873825157944
5786,0.6,0.6973384236488042,1,1,0,1,0.005740475711824273,-0.01479231521358124
5787,0.6,0.7542178384222837,1,1,1,1,0.014641199288376452,-0.016913224912291122
5788,0.6,0.7407980248179491,1,1,1,1,0.01841960881557845,-0.02026207654282993
5789,0.6,0.724769502145369,1,1,1,1,0.02101112631178849,-0.021958157317170077
5790,0.6,0.6742585320314415,0,1,1,0,0.025601567211025873,-0.023424054756661216
5791,0.6,0.6942360864705759,0,1,1,0,0.03349110360720541,-0.02717625205053546
5792,0.6,0.6516629634061706,0,1,1,0,0.03856198499197773,-0.03141530952747205
5793,0.6,0.644621912637651,0,1,1,0,0.041032792936751945,-0.03357232140464626
5794,0.6,0.6641781175065687,0,1,1,0,0.0449727465524318,-0.03690461509027151
5795,0.6,0.6489866581669138,0,1,1,0,0.04810810003569401,-0.03979415970916926
5796,0.6,0.6297180556394264,0,1,1,0,0.049928571262890256,-0.04035069535105041
5797,0.6,0.631909145538785,0,1,1,0,0.05138339516386742,-0.04003785568716217
5798,0.6,0.6207806794870089,0,1,1,0,0.05221136995278397,-0.03924905495819867
5799,0.6,0.6029918234329628,0,1,1,0,0.05132076181838545,-0.03731256173820958
5800,0.6,0.5870913231785704,0,1,1,0,0.05081091571260131,-0.03471695029439753
5801,0.6,0.5810160646027152,0,1,1,0,0.0507835003515977,-0.03161300390675535
5802,0.6,0.5965646103295659,0,1,1,0,0.051799657434297104,-0.02894183265260955
5803,0.6,0.5919807024077696,0,1,1,0,0.05253589068203042,-0.02663318264300859
5804,0.6,0.6143299793450444,0,1,1,0,0.052431274236249686,-0.0249804388295932
5805,0.6,0.6200644539825,0,1,1,0,0.05259134786129631,-0.02387445307166046
5806,0.6,0.6688990265463565,0,1,1,0,0.0528161651651148,-0.022885669762766365
5807,0.6,0.6429434573062933,1,1,1,0,0.048246079841060975,-0.025267046828430943
5808,0.6,0.6333891547960386,1,1,1,0,0.03927084156184043,-0.03215529219689013
5809,0.6,0.6183070227265063,1,0,1,0,0.029555412826687288,-0.03814866213294725
5810,0.6,0.6225983938356101,1,0,1,0,0.015446388833546135,-0.04362543229744357
5811,0.6,0.609978328891482,1,0,1,0,-0.000517724594015743,-0.05016928131679852
5812,0.6,0.612851798080848,1,0,1,1,-0.01443919831229165,-0.05693002432181444
5813,0.6,0.6161570467902623,1,0,0,1,-0.022356708434989325,-0.0652567637896057
5814,0.6,0.6132661108821182,1,0,0,1,-0.02550247556425925,-0.07699105612040855
5815,0.6,0.6001005261430773,1,0,0,1,-0.02584803817253778,-0.08990436322344723
5816,0.6,0.5925832653385785,1,0,0,1,-0.024743513859673,-0.1018934673764543
5817,0.6,0.5797740594046162,1,0,0,1,-0.023407738103113866,-0.11171047010720671
5818,0.6,0.559009598351002,1,0,0,1,-0.022181864920552397,-0.11771771050887088
5819,0.6,0.5289191893026945,1,0,0,1,-0.021852399459160933,-0.11887847834375588
5820,0.6,0.5233098292781436,1,0,0,1,-0.02331683025400646,-0.11656786738915259
5821,0.6,0.5118006718120239,1,0,0,1,-0.023853817057402728,-0.11355516303642857
5822,0.6,0.514362751822254,1,0,0,1,-0.02561082727612286,-0.11081327982624285
5823,0.6,0.553743040688582,1,0,0,1,-0.032145881165702696,-0.10848624448657684
5824,0.6,0.5607261600682241,1,0,0,1,-0.038742045207882075,-0.10726666191598115
5825,0.6,0.5838627015259716,1,0,0,1,-0.04323806962748994,-0.10516023074788691
5826,0.6,0.609290394795298,1,0,0,1,-0.04766085080023393,-0.10112326408841571
5827,0.6,0.6436352704384857,1,0,0,1,-0.050355249843150665,-0.09771149347935158
5828,0.6,0.660317003878709,1,0,0,1,-0.049478973612573536,-0.09449609884296305
5829,0.6,0.6820657023042114,1,0,1,1,-0.046841838641832986,-0.09104989171894648
5830,0.6,0.662292032788857,1,0,0,0,-0.050386367925730514,-0.0884588371769012
5831,0.6,0.736628043789153,0,0,0,0,-0.057126793255584805,-0.0913489973084438
5832,0.6,0.6560450506557782,0,1,1,0,-0.06551122771557588,-0.09118166420661947
5833,0.6,0.6584275058406303,0,1,1,0,-0.07266948656905974,-0.08387776991623112
5834,0.6,0.6108272764581782,0,1,1,0,-0.07443810693953573,-0.07704828058465495
5835,0.6,0.5682594311233502,0,1,1,0,-0.07156949746396761,-0.0701398519640935
5836,0.6,0.5244103917961443,0,1,1,0,-0.06623642818820888,-0.06536253004017528
5837,0.6,0.49546585129703674,0,1,1,0,-0.062253644644897355,-0.06460831739496954
5838,0.6,0.47548508130021405,0,1,1,0,-0.05998391755106148,-0.06865617553983965
5839,0.6,0.42934235982845126,0,1,1,0,-0.05909382774886959,-0.07415258555285867
5840,0.6,0.4210092820448208,0,1,1,0,-0.05861143988817686,-0.08173772742200948
5841,0.6,0.3919197281145817,0,1,1,0,-0.060286541146349765,-0.0888537775360251
5842,0.6,0.3750748530706229,0,1,1,0,-0.06420541531691847,-0.0951670968877731
5843,0.6,0.3567763444283616,0,1,1,0,-0.06783323520540284,-0.10088707088640056
5844,0.6,0.3204865983697937,0,1,1,1,-0.07189442173524511,-0.10472133494928078
5845,0.6,0.30528424625560513,0,1,1,1,-0.06828480470715173,-0.10283516820361399
5846,0.6,0.3708092733169866,0,1,1,1,-0.06303957680939541,-0.10432080315698651
5847,0.6,0.3321670141582412,0,1,1,1,-0.06056627870442762,-0.10563219225531462
5848,0.6,0.36851262066620905,0,1,1,1,-0.05428881139226487,-0.09985130954189463
5849,0.6,0.3982964732788544,0,0,1,1,-0.052475913248570434,-0.09484671566035004
5850,0.6,0.3585992794620731,0,0,0,1,-0.05350478397210944,-0.0867598105566108
5851,0.6,0.4699903016078456,1,0,0,1,-0.05262809721062652,-0.078835335092146
5852,0.6,0.4534669817604512,1,0,1,1,-0.05419206303674665,-0.07520747980225272
5853,0.6,0.47079923562332127,1,0,1,1,-0.05531556202237002,-0.07283649476087647
5854,0.6,0.4468524201970374,1,0,0,1,-0.05376054159090305,-0.0723302736999255
5855,0.6,0.46352351711142664,1,0,0,1,-0.0476973549823589,-0.073960970027771
5856,0.6,0.48595162424375377,1,0,0,1,-0.03862480054265951,-0.08052902477083218
5857,0.6,0.46505134219594463,1,0,0,1,-0.025982033833787867,-0.08885155585742585
5858,0.6,0.42628486618126893,1,0,0,1,-0.013875702623058683,-0.0937747266430166
5859,0.6,0.4061701735533685,1,0,0,1,-0.005296402469953958,-0.09666753904682758
5860,0.6,0.40470857864208903,1,0,0,1,-0.001425331304764631,-0.09873537616538484
5861,0.6,0.4325973519165687,1,0,0,1,-0.0019872666998023295,-0.10053442166616838
5862,0.6,0.4371924444869081,1,0,0,1,-0.001407304486372551,-0.10146623387791182
5863,0.6,0.4503281725862284,1,0,0,1,0.00046754053777518204,-0.10172313043866997
5864,0.6,0.4582969825476846,1,0,0,1,0.0014933337479116934,-0.10101277692565341
5865,0.6,0.4597924777914561,1,0,0,1,0.0035973494124760213,-0.09981470730133098
5866,0.6,0.43737935994793303,1,0,0,1,0.0068085314332546635,-0.09722743461990802
5867,0.6,0.4846873062364646,1,0,0,1,0.01323675894412745,-0.09723654969986138
5868,0.6,0.44822319092045654,1,0,1,1,0.02071556166534882,-0.09798065456693376
5869,0.6,0.5031602976919222,1,0,1,1,0.01918100130855768,-0.0907177146814306
5870,0.6,0.4971409722645074,1,0,1,1,0.01919914226514848,-0.08385689555908742
5871,0.6,0.5087272104188734,1,0,1,1,0.0193432195166115,-0.07328252656272267
5872,0.6,0.5390465697453299,1,0,1,1,0.018683733668339465,-0.061981755550025226
5873,0.6,0.5562693640168832,0,0,1,1,0.017380139890823675,-0.05081478791009019
5874,0.6,0.5905356147613056,0,0,1,1,0.015050913439846112,-0.039698783578477816
5875,0.6,0.6129499256737062,0,0,1,0,0.011261271296869855,-0.030018148233678328
5876,0.6,0.6012395061456418,0,0,1,0,0.004800532766768125,-0.02021388333642066
5877,0.6,0.5978130744343533,0,0,1,0,-0.005904182783766938,-0.01080713934006694
5878,0.6,0.6218118564147991,0,0,1,0,-0.02058924616808545,-0.0019458429443186247
5879,0.6,0.6453531920712721,0,0,1,0,-0.04141145627669753,0.005269760793023595
5880,0.6,0.6710464356152186,0,0,1,0,-0.06723170133591488,0.012708570621935355
5881,0.6,0.6691065546357946,0,1,1,0,-0.0889193643947755,0.02106904257804098
5882,0.6,0.6329859994838003,0,1,1,0,-0.0972186258891962,0.028528548469103934
5883,0.6,0.6147634988491649,0,1,1,0,-0.09540634367555254,0.035038873056949235
5884,0.6,0.6441562542195132,0,1,1,0,-0.08981151988183349,0.03616951347667696
5885,0.6,0.6673523175463097,0,1,1,0,-0.08531898193950024,0.03238880433017865
5886,0.6,0.6918589544237955,0,1,1,0,-0.08473443809945437,0.02697388983465917
5887,0.6,0.7239116070205239,0,1,1,0,-0.08640730753800435,0.021878573386956757
5888,0.6,0.738499857616805,0,1,1,0,-0.08955616933247196,0.018764564238607232
5889,0.6,0.7574580228608387,0,1,1,0,-0.09500865320513131,0.017094692674293997
5890,0.6,0.7181412834246015,0,0,1,1,-0.101172142486822,0.020081775298119397
5891,0.6,0.7279510092761043,0,0,0,1,-0.10427613835085271,0.03365857003157119
5892,0.6,0.7441862061325323,0,0,0,1,-0.10347298913588313,0.045480076901245614
5893,0.6,0.6968739359222086,1,0,0,1,-0.09749365632916322,0.06062231228315734
5894,0.6,0.6857018276059873,1,0,0,1,-0.09146170649662548,0.0772120471603006
5895,0.6,0.6994712794431014,1,0,0,1,-0.08998022783672315,0.08986858051856753
5896,0.6,0.7284267223817615,1,0,0,1,-0.09284136042940688,0.0976241214622846
5897,0.6,0.7619369896628266,1,0,0,1,-0.09668835373423554,0.10013321127963505
5898,0.6,0.7907720804858676,1,0,0,1,-0.10107615742728386,0.10002159594381538
5899,0.6,0.8281456396946038,1,0,0,1,-0.10505008773519194,0.09829868178324086
5900,0.6,0.8436363942350812,1,0,0,1,-0.10598872540485872,0.09679219482403499
5901,0.6,0.8599611372180819,1,0,0,1,-0.10568361329875904,0.09715564124967159
5902,0.6,0.8746470521750221,1,0,0,1,-0.10445128663118687,0.09964471886631472
5903,0.6,0.8885225852426302,1,0,0,1,-0.1021027867339905,0.10412981730743295
5904,0.6,0.9130322144216589,1,0,0,1,-0.09863794313489324,0.10874268819924725
5905,0.6,0.8598875931289878,1,1,0,1,-0.08641557679874344,0.10599127127419875
5906,0.6,0.8561495380611255,0,1,0,1,-0.06600655661205665,0.09165600284479257
5907,0.6,0.834260401102114,1,1,1,1,-0.04605916940670449,0.07653790745324952
5908,0.6,0.806823694484851,0,1,1,1,-0.034273942352395316,0.06999281218306574
5909,0.6,0.8267437984531731,0,1,1,1,-0.025949696519479936,0.06509050147876681
5910,0.6,0.805022933292825,0,1,1,0,-0.022165048396896425,0.06290701883748097
5911,0.6,0.8676158846799907,0,1,1,0,-0.02033815355069958,0.06126526548663435
5912,0.6,0.8310546291562969,0,1,1,0,-0.01904510448022142,0.06001716513780369
5913,0.6,0.8419385101635752,0,1,1,0,-0.020712164286508773,0.06132916122340245
5914,0.6,0.8296184013783887,0,1,1,0,-0.02179206502872227,0.061863642994338254
5915,0.6,0.8070429814281144,0,1,1,0,-0.02348988396722498,0.0629689381621041
5916,0.6,0.8108152991768874,0,1,1,0,-0.025752053468174357,0.06342660672316282
5917,0.6,0.8021469233663576,0,1,1,0,-0.026749069502251307,0.06631283999319733
5918,0.6,0.7983017264116132,0,1,1,0,-0.026564252683807698,0.07236583571392778
5919,0.6,0.7957797761442789,0,1,1,0,-0.024103269238742925,0.0803487706412373
5920,0.6,0.7925118888469264,0,1,0,0,-0.018841906646986987,0.08842182088888834
5921,0.6,0.7881699023392654,0,1,0,0,-0.01347038859738912,0.09568481431725406
5922,0.6,0.765913037977977,0,0,0,0,-0.007235995008645877,0.10481645076131686
5923,0.6,0.7576295608716574,0,0,0,0,-0.001598762582309188,0.11505986148508683
5924,0.6,0.7738779662939833,0,0,0,0,0.003707407673106732,0.1248513212861702
5925,0.6,0.7628333638243143,1,0,0,0,0.004990153307474862,0.13238355912371622
5926,0.6,0.7113267278420285,1,0,0,0,-0.009368346559655702,0.1279097218257176
5927,0.6,0.6817176209243325,1,0,1,0,-0.02962394824502923,0.11600232226450169
5928,0.6,0.6641553119376928,1,0,1,0,-0.049402210029126384,0.10258435536580571
5929,0.6,0.6292708071714969,1,0,1,1,-0.06292438218021087,0.08921093165434321
5930,0.6,0.6115436351880575,1,0,0,1,-0.06754551665294717,0.07539680703944378
5931,0.6,0.6152221120790494,1,0,0,1,-0.06978026194738382,0.05791867627970451
5932,0.6,0.6099868239484892,1,0,0,1,-0.06972729715148278,0.0399488362879252
5933,0.6,0.6020297708411568,1,0,0,1,-0.06644711313080692,0.02432610340059151
5934,0.6,0.5799521100660485,1,0,0,1,-0.062358437202245334,0.013393559542728056
5935,0.6,0.574192011367834,1,0,0,1,-0.059226701861571446,0.00814957335545437
5936,0.6,0.5896691334176685,1,0,0,1,-0.05705611930701719,0.005820325557921671
5937,0.6,0.5939436214555124,1,0,0,1,-0.05483668475000275,0.006221382659664277
5938,0.6,0.589098368858548,1,0,0,1,-0.053072095124119194,0.00893971660290038
5939,0.6,0.6151265823662214,1,0,0,1,-0.053400865887660784,0.012303823059890352
5940,0.6,0.6155222567948836,1,0,0,1,-0.05679203702883012,0.016752947669844857
5941,0.6,0.6405557313979308,1,0,0,1,-0.06111906845373398,0.02275605784226989
5942,0.6,0.685444121133032,1,0,0,1,-0.0667856684200321,0.028440466656811932
5943,0.6,0.6510359942937384,1,1,0,1,-0.06505963161556447,0.0291222229523386
5944,0.6,0.7074121879682697,1,1,0,1,-0.056936560316431295,0.020911236556487287
5945,0.6,0.6963404453836679,0,1,0,1,-0.04620718481403362,0.011346993217521303
5946,0.6,0.7114900496096702,0,1,0,0,-0.032498735564176415,-0.0017485415783519535
5947,0.6,0.6701566683762135,0,1,1,0,-0.025182704834754436,-0.017540188234319274
5948,0.6,0.6411685348253993,0,1,1,0,-0.02812890288351981,-0.029229973744324938
5949,0.6,0.5912750118144016,0,1,1,0,-0.03550418253879975,-0.03849560075647833
5950,0.6,0.5741671513092023,0,1,1,0,-0.04192470095932275,-0.04526205455678894
5951,0.6,0.5223438704698595,0,1,1,0,-0.04523256762494124,-0.048353679749141974
5952,0.6,0.4838517623369965,0,1,1,0,-0.0456614813020835,-0.047647682284159144
5953,0.6,0.4771266978595807,0,1,1,0,-0.045364977627574174,-0.04788018715856011
5954,0.6,0.4895152654794045,0,1,1,0,-0.04490300014635034,-0.050779587244021186
5955,0.6,0.4409045737293375,0,1,1,0,-0.04417420415765695,-0.04963446477024936
5956,0.6,0.4798021491609101,0,1,1,0,-0.04099106887459108,-0.04724533486193209
5957,0.6,0.46494612996245493,0,1,1,0,-0.03973095957615821,-0.04644257661350123
5958,0.6,0.4877474555322356,0,1,1,0,-0.04063164419302097,-0.04680568463960746
5959,0.6,0.49646657901555835,0,1,1,0,-0.04326755944918233,-0.04898506381608212
5960,0.6,0.5356007059381119,0,1,1,0,-0.04678166185801266,-0.05258548028225709
5961,0.6,0.5579220417598038,0,1,1,0,-0.05128944595675957,-0.056368609219949926
5962,0.6,0.5490441614748218,0,1,1,1,-0.0519908530625598,-0.05646195557791781
5963,0.6,0.5438622692644077,0,1,1,1,-0.049220766137296756,-0.050406617082805284
5964,0.6,0.5871810874765383,0,0,1,1,-0.05105975750213523,-0.04190722699162187
5965,0.6,0.5923088710005638,0,0,1,1,-0.05898592634923354,-0.03256567733147347
5966,0.6,0.6245970844186143,0,0,1,1,-0.06589393253981325,-0.02216580808006189
5967,0.6,0.6382218515146718,1,0,0,1,-0.07216174708895547,-0.011413351499660903
5968,0.6,0.6670298551976028,1,0,0,1,-0.0732688116235566,-0.006082630272774768
5969,0.6,0.6418767543438134,1,0,0,1,-0.06851042983770687,-0.0036953570673862158
5970,0.6,0.6235257183394303,1,0,0,1,-0.061189596723355354,-0.0016277859169511342
5971,0.6,0.6123544049239891,1,0,0,1,-0.05498300357016933,-0.0020006069961783046
5972,0.6,0.6076082120845308,1,0,0,1,-0.05242709919180313,-0.0029147317178712874
5973,0.6,0.6201267618729982,1,0,0,1,-0.053327221573603,-0.004152249900684579
5974,0.6,0.6173063174235943,1,0,0,1,-0.052474050271246304,-0.005579450167009722
5975,0.6,0.6464370106689388,1,0,0,1,-0.05258311371476609,-0.006385774492740185
5976,0.6,0.6440675001040275,1,0,0,1,-0.05228189152893142,-0.006036557460214465
5977,0.6,0.6625420409444255,1,0,0,1,-0.051383793454075816,-0.005788920066078345
5978,0.6,0.6761569838914764,1,0,0,1,-0.05202823721307289,-0.004761444636573298
5979,0.6,0.6869778986569658,1,0,0,1,-0.053089897394671084,-0.002587885634217802
5980,0.6,0.7038252221196885,1,0,0,1,-0.05290952298845294,-4.254081566460882e-05
5981,0.6,0.7530302278360288,1,0,0,1,-0.051099363346879215,0.0008133249640883923
5982,0.6,0.7746315114577914,1,0,0,1,-0.045500535422803086,-1.120258549128848e-05
5983,0.6,0.7918090726904047,1,1,0,1,-0.03620555815507133,-0.0018961909542707174
5984,0.6,0.8268276099102091,1,1,0,1,-0.02553408487675168,-0.007578497003914706
5985,0.6,0.817733545510942,1,1,1,1,-0.019307182716634206,-0.01059953804096023
5986,0.6,0.7996154000446766,1,1,1,0,-0.020041624880232256,-0.013487308064293869
5987,0.6,0.7569737627870162,0,1,1,0,-0.019190200192081203,-0.016711923622309627
5988,0.6,0.7678075435932742,0,1,1,0,-0.014464609947030601,-0.01861281395005213
5989,0.6,0.7463816700983459,0,1,1,0,-0.008090051092536998,-0.0199967233977812
5990,0.6,0.7597546083643067,0,1,1,0,-0.0013020545095525833,-0.02154685730220741
5991,0.6,0.7555408928150862,0,1,1,0,0.006683773191721693,-0.022723109206545578
5992,0.6,0.7485789029214597,0,1,1,0,0.0109870801674523,-0.022165868716008646
5993,0.6,0.7433594813988096,0,1,1,0,0.010585145552015496,-0.02150760798353438
5994,0.6,0.7281065522912804,0,1,1,0,0.009156988336506855,-0.020323135244438198
5995,0.6,0.7130549363542377,0,1,1,0,0.008609102099618618,-0.01810261033082678
5996,0.6,0.7098247906661718,0,1,1,0,0.008813824057668462,-0.01586064740321499
5997,0.6,0.7260381661539163,0,1,1,0,0.00933329003656533,-0.013447449261626547
5998,0.6,0.717079321399748,0,1,1,0,0.009091994593282339,-0.0104793959032529
5999,0.6,0.7383499331350044,0,1,1,0,0.008072896909919544,-0.00751440355435146
6000,0.6,0.754065052679571,0,1,1,0,0.007991513277473234,-0.0061050559930312595
6001,0.6,0.8022523143904337,0,1,1,0,0.009110751966209493,-0.004756182529031831
6002,0.6,0.8354813796552418,0,1,1,0,0.009800189972180922,-0.003923595664545561
6003,0.6,0.8744237455837737,0,1,1,0,0.009072024912745223,-0.002332589517956493
6004,0.6,0.8664531706914569,1,1,1,0,0.0044257307883724855,-0.0011412514726672211
6005,0.6,0.8246485521471761,1,0,1,1,-0.0006080668090370927,0.003024629119531702
6006,0.6,0.8419853511851109,1,0,0,1,-0.005398603094380454,0.007325167868201761
6007,0.6,0.8627040717238964,1,0,0,1,-0.00956520908172961,0.0021471887733213904
6008,0.6,0.8338671125855925,1,0,0,1,-0.012372318036601585,-0.004449465949549741
6009,0.6,0.7910436122233199,1,0,0,1,-0.012688283516542278,-0.007423381314778465
6010,0.6,0.7578094356654079,1,0,0,1,-0.01148055847489214,-0.008762580263715517
6011,0.6,0.7310429377400478,1,0,0,1,-0.009806401387404394,-0.010408673823301934
6012,0.6,0.7115717606886407,1,0,0,1,-0.008899519328123547,-0.01212787685812749
6013,0.6,0.7020075133515286,1,0,0,1,-0.008799858539448027,-0.01382936547520201
6014,0.6,0.694383247787971,1,0,0,1,-0.007461216978319652,-0.016076423009349687
6015,0.6,0.7004214710308168,1,0,0,1,-0.006890895266167667,-0.019604169473269213
6016,0.6,0.7104380632150485,1,0,0,1,-0.007790626895008969,-0.022811217630243796
6017,0.6,0.7121376428459488,1,0,0,1,-0.008405121076234971,-0.024172463216145596
6018,0.6,0.7152662435918935,1,0,0,1,-0.007987269201077916,-0.023745516123781688
6019,0.6,0.7122119633585702,1,0,0,1,-0.007305308465206928,-0.021691119190394056
6020,0.6,0.7119724388435117,1,0,0,1,-0.006481859703769038,-0.017829822583781376
6021,0.6,0.7442016385930554,1,0,0,1,-0.0029376681107055294,-0.01610282565584338
6022,0.6,0.7516452051002448,1,0,0,1,0.0015168700986547075,-0.01579430453121483
6023,0.6,0.7818315242655614,1,0,0,1,0.0065209964109862436,-0.015930939540042325
6024,0.6,0.76413207213158,1,0,1,1,0.006722696830507496,-0.012730728356755337
6025,0.6,0.788189215893658,1,1,1,1,0.006358869863171758,-0.0071533960967414675
6026,0.6,0.7853942755553283,0,1,1,0,0.007828162906940567,-0.005664976129144366
6027,0.6,0.8227785371136148,0,1,1,0,0.005871389890537385,-0.008001915632471598
6028,0.6,0.8180326549971895,0,1,1,0,0.002569009986427221,-0.012031347134909536
6029,0.6,0.7929517372001261,0,1,1,0,-0.0016283911141969272,-0.01365759344063386
6030,0.6,0.7831372655074099,0,1,1,0,-0.004049813740092095,-0.01358219407452913
6031,0.6,0.7716491771015627,0,1,1,0,-0.002311253879676591,-0.012982301498044812
6032,0.6,0.7599354952888774,0,1,1,0,0.00013485050929707427,-0.011563738200557876
6033,0.6,0.7505014711159878,0,1,1,0,0.0008915575206732981,-0.010881271909277485
6034,0.6,0.7298161446840116,0,1,1,0,0.0008062995373531865,-0.010595762007070597
6035,0.6,0.7088397230315524,0,1,1,0,0.00095491462656952,-0.009855757250909617
6036,0.6,0.6964181998301127,0,1,1,0,0.0006275646551249295,-0.010332171311211924
6037,0.6,0.6603684059507389,0,1,1,0,0.001088719351907724,-0.009638397032660022
6038,0.6,0.6640446756877251,0,1,1,0,0.0004798694018270213,-0.008457536378177016
6039,0.6,0.6753132289949982,0,1,1,0,-0.0007992226390728039,-0.009292735515767437
6040,0.6,0.6662052599511182,0,1,1,0,-0.004438803219105425,-0.009950656144907517
6041,0.6,0.6866120199154291,0,1,1,0,-0.008298148665171486,-0.010291575676414191
6042,0.6,0.6453858704237511,1,1,1,0,-0.015180534143621865,-0.012979072975741248
6043,0.6,0.6177660782899219,1,1,1,0,-0.02707127285979633,-0.01941567577144988
6044,0.6,0.578842515137111,1,1,1,1,-0.03735793793337955,-0.026921319364572555
6045,0.6,0.5296016389532869,1,1,1,1,-0.04257828058423923,-0.03005645954887943
6046,0.6,0.5526100372431972,1,0,1,1,-0.05305577443867792,-0.0363622075890716
6047,0.6,0.5184174810726201,1,0,0,1,-0.06590125032577343,-0.04379062841657738
6048,0.6,0.5378079470276601,1,0,1,1,-0.07572209988499932,-0.048648794962997836
6049,0.6,0.5379938976137637,1,0,1,1,-0.08347828619115502,-0.05327200390816302
6050,0.6,0.5620303049860171,1,0,0,1,-0.08723759584416946,-0.05847531170408214
6051,0.6,0.5265742355318728,1,0,0,1,-0.08746181628568689,-0.06304063211487126
6052,0.6,0.5892930301610214,1,0,0,1,-0.08501945810493619,-0.06985573653701786
6053,0.6,0.6054566912532734,1,0,0,1,-0.08032673231227752,-0.08073819203852067
6054,0.6,0.5803673682645124,1,0,0,1,-0.06796267999620205,-0.08808193086763855
6055,0.6,0.5584282936983119,0,0,0,1,-0.05054035899398042,-0.08931530563246332
6056,0.6,0.5606520851515625,0,0,0,1,-0.033011225032550905,-0.08705149813103424
6057,0.6,0.5886773100408254,0,0,0,1,-0.016918684454078292,-0.08375963425018838
6058,0.6,0.6359412337102253,0,0,0,1,-0.005482352460194713,-0.07981818467290985
6059,0.6,0.6250245437971742,0,0,0,1,0.004261356158383008,-0.07360243426361827
6060,0.6,0.5866908476779412,1,0,0,1,0.009740222383213221,-0.062434534125492776
6061,0.6,0.627962237657013,1,0,0,1,0.010455721764756018,-0.054547810448493377
6062,0.6,0.6028787780567264,1,0,0,1,0.006775934995619642,-0.04803164356882436
6063,0.6,0.6191655411022423,1,0,0,1,0.001591667286023811,-0.04214228565364883
6064,0.6,0.6315268329256404,1,0,0,1,-0.001169528984233372,-0.03849556735079796
6065,0.6,0.679242670213747,0,0,0,1,0.002349811418007118,-0.036008054868060295
6066,0.6,0.6521593407315981,0,1,1,0,0.006214137722517615,-0.03471141652146319
6067,0.6,0.696614330274342,0,1,1,0,0.002832043798218037,-0.03301768405677811
6068,0.6,0.6619211141523357,0,1,1,0,-0.0019084262500734933,-0.03286900501347805
6069,0.6,0.6160031475853844,0,1,1,0,-0.00824411671357505,-0.029020671279370077
6070,0.6,0.5900993019609054,0,1,1,0,-0.01125533605681462,-0.024721242741022234
6071,0.6,0.5680227102176942,0,1,1,0,-0.009733019406775635,-0.021280288829546162
6072,0.6,0.5568135480606906,0,1,1,0,-0.006088484646738031,-0.019822043305742262
6073,0.6,0.5617937998947533,0,1,1,0,-0.0012778209130835478,-0.02140262657988458
6074,0.6,0.5641930942789939,0,1,1,0,0.0029653844572175873,-0.025146134595770774
6075,0.6,0.5568886023495794,0,1,1,0,0.006885891048187729,-0.027978146005833027
6076,0.6,0.5655477952017393,0,1,1,0,0.009815240957775652,-0.03014260532382985
6077,0.6,0.5752905638209286,0,1,1,0,0.010491366712125015,-0.032050719402920695
6078,0.6,0.5776764390959986,0,1,1,0,0.007618387579840581,-0.03362430102935869
6079,0.6,0.5765821693236929,0,1,1,0,0.0014515199419153366,-0.03566191285261193
6080,0.6,0.5770030916987369,0,1,1,0,-0.005449282267599038,-0.038825396909258326
6081,0.6,0.5970162275002308,0,1,1,0,-0.010916285007231049,-0.04191887290118359
6082,0.6,0.619927573864137,1,1,1,0,-0.016645841221865288,-0.046223061974250204
6083,0.6,0.6388565030992993,1,1,1,0,-0.02463598602190158,-0.05391950151615303
6084,0.6,0.6069866156852874,1,1,1,1,-0.0339155669543583,-0.06214137571095782
6085,0.6,0.5284591842846371,1,1,1,1,-0.038618148955228526,-0.0636998128785716
6086,0.6,0.5302219332210147,1,0,1,1,-0.044361377738436195,-0.06212084538081688
6087,0.6,0.55445106345571,1,0,1,1,-0.05920320232276009,-0.06361255877138745
6088,0.6,0.523575670437878,1,0,1,1,-0.0735638377841794,-0.06493529702765571
6089,0.6,0.5426317091157533,1,0,0,1,-0.08197844529546128,-0.06452455129870345
6090,0.6,0.5639404753815183,1,0,0,1,-0.08459088842272713,-0.06745730214060547
6091,0.6,0.5458135816105156,1,0,0,1,-0.08234863717454978,-0.07160299742867489
6092,0.6,0.5319189544327759,1,0,0,1,-0.0772770762767201,-0.0760002597928842
6093,0.6,0.5298280665465116,1,0,0,1,-0.0737334014157578,-0.0813135925872083
6094,0.6,0.5264564922497349,1,0,0,1,-0.07251348665677473,-0.08554196382093328
6095,0.6,0.5192035935940358,1,0,0,1,-0.07106571821232345,-0.08856751258283381
6096,0.6,0.5088420330071194,1,0,0,1,-0.07112383461370833,-0.08762920748004531
6097,0.6,0.5277251637649294,1,0,0,1,-0.07205774131650705,-0.08572032735833282
6098,0.6,0.5458064997555226,1,0,0,1,-0.07189530892033165,-0.08623227330714443
6099,0.6,0.5859989067442679,1,0,0,1,-0.07200980086316675,-0.08737689216319154
6100,0.6,0.5891704254236344,1,0,0,1,-0.07312999339632915,-0.08685633160688444
6101,0.6,0.6152572005516735,1,0,0,1,-0.07396015734351316,-0.08350625922996988
6102,0.6,0.6871862662769426,1,0,0,1,-0.07264473526173676,-0.0826981431811425
6103,0.6,0.6847730944730389,1,0,0,1,-0.06941629858056589,-0.08060505863303986
6104,0.6,0.6540764875863948,1,0,0,1,-0.06648913711069797,-0.07243168308020537
6105,0.6,0.7139729874944886,1,0,0,1,-0.06231892999154745,-0.0664257845873205
6106,0.6,0.7536795574684712,1,0,0,1,-0.05811704044433367,-0.06493720716368899
6107,0.6,0.8036808389234279,1,0,0,1,-0.052961472498056224,-0.06408131763595376
6108,0.6,0.8265231642894666,0,0,1,0,-0.04771495545910077,-0.06150324747044127
6109,0.6,0.7955772334206889,0,0,1,0,-0.04626389688312775,-0.05593061995122663
6110,0.6,0.8319112816857608,0,1,1,0,-0.04810209220158372,-0.049409121270641815
6111,0.6,0.811419470547886,0,1,1,0,-0.05111051188135706,-0.04503804461394233
6112,0.6,0.7838476725619331,0,1,1,0,-0.051543604518970935,-0.04101217554030353
6113,0.6,0.7565475390835794,0,1,1,0,-0.04828193415535691,-0.03671215863891438
6114,0.6,0.7370328499756955,0,1,1,0,-0.043654022923539954,-0.03347952020656953
6115,0.6,0.7194951244378548,0,1,1,0,-0.0383411945843182,-0.03209940558556912
6116,0.6,0.6969552452918745,0,1,1,0,-0.033185872710443924,-0.0317447563179619
6117,0.6,0.6997947654385421,0,1,1,0,-0.029531217083353826,-0.03408314124133748
6118,0.6,0.6611001287301511,0,1,1,0,-0.027548509896879878,-0.035130747884776894
6119,0.6,0.6404364073294968,0,1,1,0,-0.027009271087444435,-0.036109983762377264
6120,0.6,0.6275371697273225,0,1,1,0,-0.028406116927979296,-0.037537858639072455
6121,0.6,0.6454058692905212,0,1,1,0,-0.03185740713394497,-0.03947771791361879
6122,0.6,0.6530514298451195,0,1,1,0,-0.03553363240476765,-0.041966164279050346
6123,0.6,0.677985568696341,0,1,1,0,-0.03876876300558364,-0.043507173641236
6124,0.6,0.6968639648882873,0,1,1,0,-0.04321478080669801,-0.046489641516820085
6125,0.6,0.6714006738749019,0,1,1,1,-0.04580051316639546,-0.04757166362169908
6126,0.6,0.7027288131916284,0,1,1,1,-0.044576749519074116,-0.04462554023974935
6127,0.6,0.6958821422646426,1,1,1,1,-0.04362516663780812,-0.04047947000532069
6128,0.6,0.7260461109317787,1,0,1,1,-0.04545754407012828,-0.036791690124605245
6129,0.6,0.7351426881543965,1,0,1,1,-0.052438338405141664,-0.03520651309476622
6130,0.6,0.7135867141306665,1,0,0,1,-0.056203236923231356,-0.03371459120678509
6131,0.6,0.7178477044242543,1,0,0,1,-0.055342902598567,-0.03253086119315027
6132,0.6,0.6922751934506816,1,0,0,1,-0.04992312913684079,-0.03212555454263371
6133,0.6,0.6713572729023777,1,0,0,1,-0.043308919430113904,-0.03209061557166513
6134,0.6,0.6471436843893098,1,0,0,1,-0.038634350816971245,-0.032370643380900725
6135,0.6,0.6496372609786953,1,0,0,1,-0.0368584903233671,-0.033697179808276155
6136,0.6,0.6520236819383268,1,0,0,1,-0.03694427252318779,-0.03579355667517336
6137,0.6,0.6513339436018835,1,0,0,1,-0.035462767083165335,-0.037902716749158294
6138,0.6,0.6588551372476461,1,0,0,1,-0.032140573040250045,-0.03964620229158104
6139,0.6,0.6600914182396185,1,0,0,1,-0.029539728996662382,-0.04028300217404524
6140,0.6,0.6599066469628939,1,0,0,1,-0.027747229582091165,-0.03941625483172012
6141,0.6,0.6469577460300469,1,0,0,1,-0.028556867085865103,-0.037387648429631055
6142,0.6,0.6477160237280261,1,0,0,1,-0.029298008764165776,-0.034810164121997916
6143,0.6,0.6457632084120726,1,0,0,1,-0.029588347737049915,-0.03209885113176765
6144,0.6,0.672726423302562,1,0,0,1,-0.027546666585762304,-0.031470199865688414
6145,0.6,0.6682667329362888,1,0,0,1,-0.021479387466964654,-0.0323063560661183
6146,0.6,0.6318446956711053,1,0,1,1,-0.020726666350761865,-0.02697587109455227
6147,0.6,0.661792772095003,1,0,1,1,-0.024761450559778818,-0.017622470858491127
6148,0.6,0.6862473633455072,1,1,1,1,-0.029111609498363996,-0.010900832781463076
6149,0.6,0.7366147942123067,1,1,1,1,-0.030595576043739952,-0.007268544819386641
6150,0.6,0.7674460377116309,0,0,1,1,-0.03138113055363354,-0.004405206470403977
6151,0.6,0.7490377258738546,0,1,1,0,-0.032765931395193536,8.347815563267027e-05
6152,0.6,0.7057756535593294,0,1,1,0,-0.03473307391396145,0.005393609867152591
6153,0.6,0.7400166215669907,0,1,1,0,-0.036745317876713195,0.00834570552128947
6154,0.6,0.704510369342066,0,1,1,0,-0.04066614995855739,0.00801183770417069
6155,0.6,0.7152816024579602,0,1,1,0,-0.04481374162260904,0.004583621986347453
6156,0.6,0.6911037852909292,0,1,1,0,-0.04647023385636369,0.0009559841626476551
6157,0.6,0.6764763599348196,0,1,1,0,-0.047977781162940186,-0.001323075475561118
6158,0.6,0.6543557807872539,0,1,1,0,-0.04919363507071186,-0.0024818471131768877
6159,0.6,0.6277141663675604,0,1,1,0,-0.04902043985568499,-0.0017109568344112485
6160,0.6,0.626844871501214,0,1,1,0,-0.04902001977351707,-0.001193255712147216
6161,0.6,0.5998591134958078,0,1,1,0,-0.05006615868485197,0.0004474398937558085
6162,0.6,0.5990397373510268,0,1,1,0,-0.05262854169101242,0.0032656672974229707
6163,0.6,0.6054527319476176,0,1,1,0,-0.05509792660258316,0.003662882036996643
6164,0.6,0.6210020672422032,0,1,1,0,-0.05769779290873655,0.0021177188222421977
6165,0.6,0.6417036615243078,0,1,1,0,-0.0605463743259624,0.00015149933144977
6166,0.6,0.6735070253039711,0,1,1,0,-0.06429457660891202,-0.00204823196003667
6167,0.6,0.6925199218899022,0,1,1,0,-0.06865750959733309,-0.004694161228709329
6168,0.6,0.6988869130565915,0,1,1,1,-0.07206646130933375,-0.004357936559235889
6169,0.6,0.6817004265072397,1,1,1,1,-0.07421222882121611,0.0009592025079453733
6170,0.6,0.6909752780589787,1,1,0,1,-0.07749312937549616,0.0038125766897379506
6171,0.6,0.700720138767829,1,0,0,1,-0.07902225594027545,0.00347370351042237
6172,0.6,0.6980912092461092,1,0,0,1,-0.07926094780785344,0.0008548237250048398
6173,0.6,0.7044854030425615,1,0,0,1,-0.08065220528191511,-0.0030275010724826325
6174,0.6,0.7051438237605695,1,0,0,1,-0.08344655320208676,-0.007300249893336156
6175,0.6,0.6963076915651493,1,0,0,1,-0.0851157703468386,-0.010289516239723915
6176,0.6,0.6897538409080314,1,0,0,1,-0.08409788915918268,-0.012909431518567445
6177,0.6,0.6733452186894927,1,0,0,1,-0.0829634160542032,-0.013578701150090664
6178,0.6,0.6834661618932169,1,0,0,1,-0.0812349428491802,-0.013832671195926035
6179,0.6,0.684007578559735,1,0,0,1,-0.07932425819755726,-0.013661029459724075
6180,0.6,0.6916925829248206,1,0,0,1,-0.07874720590539887,-0.0116920036785099
6181,0.6,0.7044743720631522,1,0,0,1,-0.079490243177732,-0.008449104856249183
6182,0.6,0.702896966677073,1,0,0,1,-0.08276581509132819,-0.0037817813597504995
6183,0.6,0.6999114022259629,1,0,0,1,-0.08708307469920651,0.0020296197222036813
6184,0.6,0.7036374769574877,1,0,0,1,-0.09133708357446406,0.008811823476188977
6185,0.6,0.7541742562519775,1,0,0,1,-0.09466420563495744,0.013287459834594189
6186,0.6,0.707537454774496,1,1,0,1,-0.08930675062795311,0.012902154241937247
6187,0.6,0.7515692248613394,1,1,0,1,-0.07655651260601216,0.003938326118860817
6188,0.6,0.7478762412100901,1,1,0,1,-0.06367314254993753,-0.007500801898859231
6189,0.6,0.7109239995912338,1,1,1,1,-0.05314859164649051,-0.01638598632696316
6190,0.6,0.7175183632115912,0,1,1,0,-0.047796539599714805,-0.023612515123948574
6191,0.6,0.7159744139392941,0,1,1,0,-0.041825154193613365,-0.03321233792845529
6192,0.6,0.67144834170622,0,1,1,0,-0.040383003426748734,-0.0413104903978431
6193,0.6,0.6411503967584254,0,1,1,0,-0.04122858132820365,-0.04681426524932246
6194,0.6,0.631063624918369,0,1,1,0,-0.0392201363987406,-0.05079889232549169
6195,0.6,0.6056038209962619,0,1,1,0,-0.035780186818521915,-0.05302536513099339
6196,0.6,0.5863132163052652,0,1,1,0,-0.032978593155020754,-0.0537065744519873
6197,0.6,0.5788306796017941,0,1,1,0,-0.031522570313665246,-0.054065630250827494
6198,0.6,0.5704117177895821,0,1,1,0,-0.03200412540334908,-0.0551803413021052
6199,0.6,0.533148114435103,0,1,1,0,-0.03316269804943777,-0.0528686520669499
6200,0.6,0.5400147316660827,0,1,1,0,-0.033048117181527635,-0.049078800177341605
6201,0.6,0.5381846782688903,0,1,1,0,-0.03312905741744881,-0.04612812527915656
6202,0.6,0.549526876695273,0,1,1,0,-0.0342830130165496,-0.04414840840523186
6203,0.6,0.5569346772854143,0,1,1,0,-0.034974750826328296,-0.044125468565095916
6204,0.6,0.5864105385763478,0,1,1,0,-0.03627458378571691,-0.044755590879470356
6205,0.6,0.610596033467281,0,1,1,0,-0.03751597904273674,-0.04578027696631889
6206,0.6,0.6478355774620957,0,1,1,1,-0.038724028114546775,-0.04681871082144629
6207,0.6,0.6303718086238039,0,1,1,1,-0.03538824862704898,-0.04296383003620601
6208,0.6,0.6944723809404336,0,1,1,1,-0.03389041203730198,-0.03757167550357595
6209,0.6,0.676039654924802,0,0,1,1,-0.03288805521724712,-0.03014842834670733
6210,0.6,0.727777017528252,1,0,1,1,-0.03740894357138755,-0.021161298132072022
6211,0.6,0.7171703738920053,1,0,0,1,-0.04194144918792744,-0.0179375349303277
6212,0.6,0.7334828164293279,1,0,0,1,-0.04047931378186126,-0.016600061544222992
6213,0.6,0.7078874955619705,1,0,0,1,-0.03644509760651426,-0.015477801066184257
6214,0.6,0.6965608184700157,1,0,0,1,-0.03200736833696017,-0.015290974644510513
6215,0.6,0.6621663387928284,1,0,0,1,-0.029763967857426212,-0.014892390201122856
6216,0.6,0.6790328553373832,1,0,0,1,-0.028216525853039676,-0.016862082765362104
6217,0.6,0.6683337045926511,1,0,0,1,-0.026430634285186074,-0.020266624151528658
6218,0.6,0.6728511435554665,1,0,0,1,-0.023976555935255044,-0.022783645031957046
6219,0.6,0.6699350332317161,1,0,0,1,-0.020890426933217927,-0.024720343371893827
6220,0.6,0.6736122901938197,1,0,0,1,-0.01902792587868701,-0.025489008096150553
6221,0.6,0.6741081824994173,1,0,0,1,-0.019532617723159514,-0.02614996606292455
6222,0.6,0.674290172197376,1,0,0,1,-0.019636012652262117,-0.02610025437846481
6223,0.6,0.6622437562909158,1,0,0,1,-0.020110554141810618,-0.023812449316286732
6224,0.6,0.6868842794732412,1,0,0,1,-0.018355338392626822,-0.02265619377420337
6225,0.6,0.6810247045397688,1,0,0,1,-0.013135763503023756,-0.022768355697847176
6226,0.6,0.7015832376363074,1,0,0,1,-0.005392298559956406,-0.023350625017619468
6227,0.6,0.7042812949713229,1,0,1,1,0.0016623278093999528,-0.024498824709996418
6228,0.6,0.7160757772515892,1,0,1,1,0.0028721174206465657,-0.02237975096569393
6229,0.6,0.7249366096966902,1,1,1,1,0.003424363487408812,-0.019561921577496786
6230,0.6,0.7460990027901574,1,1,1,1,0.005140739506167278,-0.01753695624207953
6231,0.6,0.7685975331888917,0,1,1,0,0.004857259865811074,-0.018846796695578934
6232,0.6,0.7846201045703296,0,1,1,0,0.0030335765449320327,-0.021867796937124064
6233,0.6,0.7603576652453906,0,1,1,0,0.00019065211201082244,-0.02336070511101816
6234,0.6,0.7490166196278671,0,1,1,0,-0.002496421486481123,-0.022561351067219765
6235,0.6,0.7424867247920764,0,1,1,0,-0.001206605059735541,-0.021535288412207847
6236,0.6,0.7331614812658228,0,1,1,0,0.0016889261060663832,-0.019555568702231477
6237,0.6,0.7225258575121811,0,1,1,0,0.0030428388312570016,-0.01828315076405255
6238,0.6,0.7151485105094807,0,1,1,0,0.0033462179555843923,-0.0178415397682089
6239,0.6,0.7001414204305882,0,1,1,0,0.0037027823019612936,-0.017979730953797884
6240,0.6,0.6776757164238442,0,1,1,0,0.004383100176858156,-0.016701070211986056
6241,0.6,0.6654077059530791,0,1,1,0,0.004861044008070212,-0.016399374206528892
6242,0.6,0.6405397469444493,0,1,1,0,0.0047782598236518195,-0.015363212986801923
6243,0.6,0.6482894943087976,0,1,1,0,0.0042905938544695295,-0.014651553261460247
6244,0.6,0.6405768021182897,0,1,1,0,0.002573438240711002,-0.014526424131425826
6245,0.6,0.6383766246338384,0,1,1,0,-0.0007132345054581978,-0.013297111781909185
6246,0.6,0.6631962176747658,0,1,1,0,-0.0020263006470717907,-0.01283083856420322
6247,0.6,0.6868907632292165,0,1,1,0,-0.004020861045198022,-0.014075470732654558
6248,0.6,0.7095534879147853,0,1,1,0,-0.00646128775062844,-0.01606725902080508
6249,0.6,0.7191679400213508,0,1,1,1,-0.008361100422419443,-0.01696057204739288
6250,0.6,0.7265109091083979,1,1,1,1,-0.009259802206914044,-0.013828012176132476
6251,0.6,0.718416013111213,1,1,1,1,-0.010989937025438972,-0.010054529609068231
6252,0.6,0.7355677147392122,1,0,1,1,-0.015591979320995467,-0.005987001656226816
6253,0.6,0.7670737658762288,1,0,1,1,-0.023070929015984912,-0.0035704710740888904
6254,0.6,0.7835830964369772,1,0,0,1,-0.02726991163450864,-0.0032729525573675497
6255,0.6,0.7778867460813549,1,0,0,1,-0.026685770893852392,-0.0017485546813485113
6256,0.6,0.7690449993127934,1,0,0,1,-0.022853233228367242,0.0017686288275484462
6257,0.6,0.7761668067386731,1,0,0,1,-0.017168109774349023,0.00634817462295877
6258,0.6,0.7896891972790672,1,0,0,1,-0.009704426274300279,0.010748157517305868
6259,0.6,0.801362828623513,1,0,0,1,8.549629218327541e-05,0.01600868457436858
6260,0.6,0.8260677720765256,1,0,0,1,0.010172687040539937,0.021669996093896065
6261,0.6,0.8361764319039104,1,0,0,1,0.015676629322198522,0.027690824648156784
6262,0.6,0.8452402612541354,1,0,0,1,0.015212111936604406,0.03291042600461865
6263,0.6,0.8500398318706561,1,0,0,1,0.013332315498014679,0.03710328304311402
6264,0.6,0.8422841095441521,1,0,0,1,0.011249145188681876,0.04185284287774491
6265,0.6,0.8429947369759818,1,0,0,1,0.009155798250030817,0.04659661569018199
6266,0.6,0.8515493223831189,1,0,0,1,0.007926766612466118,0.049805576723609524
6267,0.6,0.8712290457060158,1,0,0,1,0.007288314399839252,0.05168268887733647
6268,0.6,0.8902644509294015,1,0,0,1,0.010139397221746406,0.05109991073333414
6269,0.6,0.8942826396659261,1,1,1,1,0.014010328387149946,0.05007713179154006
6270,0.6,0.9174172798347735,1,1,1,1,0.015167268726761354,0.05302155675662729
6271,0.6,0.9272733262924093,1,1,1,1,0.016194691076133024,0.05532027350053846
6272,0.6,0.945091074932479,0,1,1,0,0.01276986672089861,0.0585522071625612
6273,0.6,0.9437564036843861,0,1,1,0,0.008179107190646413,0.0605741498573544
6274,0.6,0.9333382252671455,0,1,1,0,0.0043418770677487875,0.06195406938235615
6275,0.6,0.9170713516096561,0,1,1,0,0.0013719345448107369,0.06314770062946026
6276,0.6,0.9159955327406403,0,1,1,0,0.000931432358664004,0.06231824378594985
6277,0.6,0.9125020136306112,0,1,1,0,0.004349108733585011,0.061752421812340384
6278,0.6,0.916874046586551,0,1,1,0,0.0070115558783118885,0.06154464576920653
6279,0.6,0.9153488501041356,0,1,1,0,0.0071407727664481,0.0620466326317687
6280,0.6,0.895933780865216,0,1,1,0,0.00683738818317243,0.06414258993995128
6281,0.6,0.8800283068402097,0,1,1,0,0.007651426146655606,0.06805427312767427
6282,0.6,0.8641104076119812,0,1,1,0,0.009426087851490109,0.07217772000677548
6283,0.6,0.8638392290070458,0,1,1,0,0.013545387760834821,0.07684493936578798
6284,0.6,0.8536919007193176,0,1,1,0,0.018962899419616066,0.08100408862772554
6285,0.6,0.8659518145728128,0,1,1,0,0.023336311278975695,0.08352107050096369
6286,0.6,0.8848145464080822,0,1,1,0,0.025887726801366473,0.08425959738779927
6287,0.6,0.9220906570904446,0,1,1,0,0.02781101351701886,0.08468575637899228
6288,0.6,0.897366547925362,1,1,1,0,0.022996607448985445,0.08372890390246207
6289,0.6,0.8581258713122345,1,0,1,1,0.015055060719956692,0.0793763161025415
6290,0.6,0.762464227082191,1,0,1,1,0.014746151516318069,0.08411706898126133
6291,0.6,0.760539574941188,1,0,1,1,0.010252209986390707,0.086990772505334
6292,0.6,0.7066885748976076,1,0,0,1,0.0030414539946578803,0.08644318161335122
6293,0.6,0.7264579546159619,1,0,0,1,-0.00026543276279487616,0.083935093822996
6294,0.6,0.7315955104609702,1,0,0,1,-0.002902364596935138,0.07532699745616613
6295,0.6,0.7138425670754792,1,0,0,1,-0.0028025650165668047,0.06626343117597948
6296,0.6,0.7053006629570484,1,0,0,1,0.00025802267593939756,0.05784038006001299
6297,0.6,0.6959344360759988,1,0,0,1,0.004607197890024937,0.05091953476290469
6298,0.6,0.690408465518144,1,0,0,1,0.009744971147337937,0.04446788875649292
6299,0.6,0.6722349841890991,1,0,0,1,0.013890681403794868,0.040975961645327165
6300,0.6,0.6888542145105325,1,0,0,1,0.015795524211208455,0.038667390679609295
6301,0.6,0.6820489337627371,1,0,0,1,0.020155909352681283,0.03574805587842666
6302,0.6,0.6951647659615898,1,0,0,1,0.023691677915864167,0.03349468614399741
6303,0.6,0.693919864988146,1,0,0,1,0.024002452430581203,0.03313549758025928
6304,0.6,0.6929165387101177,1,0,0,1,0.022698066894808234,0.035188667025975985
6305,0.6,0.7013051618379779,1,0,0,1,0.02123904075580636,0.03815680333504344
6306,0.6,0.7106041683812248,1,0,0,1,0.01998594170459625,0.041043201458085564
6307,0.6,0.7388410776331561,1,0,0,1,0.019655129786977418,0.04349576741669294
6308,0.6,0.7624531883659091,1,0,0,1,0.021257201015363034,0.04503541845225535
6309,0.6,0.7914757177670229,1,0,0,1,0.024982505649265886,0.046041801922250096
6310,0.6,0.8350042039277452,1,0,0,1,0.0300562785934403,0.04577624923880048
6311,0.6,0.8254833589275595,1,1,0,1,0.03794042788768986,0.04439765881883493
6312,0.6,0.8698264791416815,1,0,0,1,0.042178412542223896,0.0403640211971268
6313,0.6,0.7649301870937821,0,1,1,0,0.040328047841974135,0.03595566798950599
6314,0.6,0.7857717397335798,0,1,1,0,0.04023057101318277,0.0323355914535588
6315,0.6,0.791287560842861,0,1,1,0,0.043702731249346004,0.02767758101603975
6316,0.6,0.7959086458310005,0,1,1,0,0.048113634256559124,0.024008313186392207
6317,0.6,0.7820502142878507,0,1,1,0,0.05172341345423852,0.021430575031778958
6318,0.6,0.7781117609197618,0,1,1,0,0.055298124776202634,0.021671733307034067
6319,0.6,0.7734284552347543,0,1,1,0,0.057606925829398574,0.023280246329284562
6320,0.6,0.7668607199030221,0,1,1,0,0.05794513326456249,0.024946247811936068
6321,0.6,0.7560661675344754,0,1,1,0,0.05822836014851484,0.026253742892739816
6322,0.6,0.7396373427119866,0,1,1,0,0.059780441377341426,0.028288992805382225
6323,0.6,0.7405323785263055,0,1,1,0,0.06172532096048261,0.030198937047063217
6324,0.6,0.7562808132842581,0,1,1,0,0.06346795953576644,0.032013806892247754
6325,0.6,0.7509253237360163,0,1,1,0,0.06384370900463082,0.03419211653733619
6326,0.6,0.7708054389787173,0,1,1,0,0.06289311044513667,0.03646473811465655
6327,0.6,0.7831575039350693,0,1,1,0,0.06275844402515363,0.038119689383000595
6328,0.6,0.8291304080905516,1,1,1,0,0.06371153322664953,0.03997866082949789
6329,0.6,0.8096722888760787,1,1,1,0,0.05772802155083267,0.037466297919108556
6330,0.6,0.7964912068936956,1,1,1,0,0.049358920752436794,0.03135965957201569
6331,0.6,0.7671271574333063,1,1,1,0,0.038645717304430255,0.02420838935991749
6332,0.6,0.7183331863227992,1,0,1,1,0.025035911344971084,0.017818831188799553
6333,0.6,0.7063552769372659,1,0,1,1,0.013782393988816984,0.013992094125422192
6334,0.6,0.6937858489545271,1,0,0,1,0.004780527308881644,0.009388326631980363
6335,0.6,0.6903260351286772,1,0,0,1,-0.00010492620560455842,0.001856801506957206
6336,0.6,0.6896948424312862,1,0,0,1,-0.002462976970984155,-0.008322027089290144
6337,0.6,0.6781999280460399,1,0,0,1,-0.0023007946635014162,-0.01829081649073579
6338,0.6,0.6689670307597383,1,0,0,1,-0.0002935813699010557,-0.027607056577582625
6339,0.6,0.650522273287909,1,0,0,1,0.001915437238293998,-0.03471795102264524
6340,0.6,0.6386331572664125,1,0,0,1,0.00462144613863483,-0.03969068595310442
6341,0.6,0.6259822535782632,1,0,0,1,0.007367036530988874,-0.04169636729733421
6342,0.6,0.6238213798926844,1,0,0,1,0.00957841392788049,-0.04063082064663734
6343,0.6,0.6191267865930455,1,0,0,1,0.011515159329743662,-0.03783163995188541
6344,0.6,0.630625520333202,1,0,0,1,0.010072672227465948,-0.03518766098385129
6345,0.6,0.631696310504385,1,0,0,1,0.005903454246820061,-0.031191726929433377
6346,0.6,0.6609394702094307,1,0,0,1,0.0014743685267536286,-0.027487792369318413
6347,0.6,0.6697786230041122,1,0,0,1,-0.002757468236320897,-0.024329083056888468
6348,0.6,0.6927613220922789,1,0,0,1,-0.006835780603747524,-0.020109598084016377
6349,0.6,0.7168745738225343,1,0,0,1,-0.009457972557188547,-0.015750703053928762
6350,0.6,0.7433786511812789,1,0,0,1,-0.008636369968351185,-0.012040246770934624
6351,0.6,0.7937494878851653,1,1,0,1,-0.0046360628189527206,-0.010545380483749499
6352,0.6,0.8477919762950088,0,1,1,1,-0.0004521184858479313,-0.009808877065840908
6353,0.6,0.8428718184805323,0,1,1,0,0.0025096539742134783,-0.006939656061086988
6354,0.6,0.8570431602253104,0,1,1,0,0.001979273061377354,-0.007226670984143844
6355,0.6,0.8254960848972385,0,1,1,0,-0.0023297328961960164,-0.007289053773307404
6356,0.6,0.8065802395141208,0,1,1,0,-0.005777882536616632,-0.006923007755857937
6357,0.6,0.7799915767977248,0,1,1,0,-0.005414086518808599,-0.006636078754721343
6358,0.6,0.7708789629396734,0,1,1,0,-0.00284676398554682,-0.006944009716112517
6359,0.6,0.7599265915246514,0,1,1,0,-0.00011526603319738258,-0.007894855251559679
6360,0.6,0.7450048356072193,0,1,1,0,0.0010465209004876413,-0.009396682912686265
6361,0.6,0.7212836676762008,0,1,1,0,0.0014937282757740986,-0.010239307031376809
6362,0.6,0.7108188127873131,0,1,1,0,0.001754652564157705,-0.011325714613659454
6363,0.6,0.682296619320247,0,1,1,0,0.002767682701969554,-0.010949552288232248
6364,0.6,0.6827191129866279,0,1,1,0,0.003285880738319622,-0.009942456751694995
6365,0.6,0.690627209225395,0,1,1,0,0.0023242511118057915,-0.009885006038590785
6366,0.6,0.6895297830652248,0,1,1,0,-0.0009178433480174171,-0.010050342684583715
6367,0.6,0.7088222266978401,0,1,1,0,-0.003983745541962795,-0.010146071615033852
6368,0.6,0.7305184951810725,0,1,1,0,-0.005522777032505485,-0.010628695263091157
6369,0.6,0.7566234243525037,0,1,1,0,-0.008124055520329694,-0.011643274237144726
6370,0.6,0.781148971669096,0,1,1,0,-0.011376156610733882,-0.013179641245576083
6371,0.6,0.7691329249542546,0,1,1,1,-0.012616122036711634,-0.011852351120331192
6372,0.6,0.7408095799339698,1,1,1,1,-0.012957514049817898,-0.005696570361265677
6373,0.6,0.7501792072670529,1,0,1,1,-0.01770924864580564,-0.002455097796823444
6374,0.6,0.7640009774098482,1,0,0,1,-0.025553480537461374,-0.0013866974654777973
6375,0.6,0.7639852199037709,1,0,0,1,-0.028806300725442876,-0.001953915588361108
6376,0.6,0.7373148255691997,1,0,0,1,-0.02656085707964766,-0.001482531340714793
6377,0.6,0.7192464693237552,1,0,0,1,-0.02233194285064264,-0.0007250711841758079
6378,0.6,0.7110763440163517,1,0,0,1,-0.019578102824637622,-0.0019136033119674489
6379,0.6,0.6996462256060482,1,0,0,1,-0.019240113816208892,-0.004446248184476872
6380,0.6,0.6853146234725864,1,0,0,1,-0.019699753634529187,-0.006161872356042985
6381,0.6,0.6893076450340518,1,0,0,1,-0.01850681187885125,-0.00888326289857755
6382,0.6,0.6923141091032439,1,0,0,1,-0.01601331612023711,-0.012172155269583625
6383,0.6,0.6867988997954576,1,0,0,1,-0.01345135071337547,-0.013892791147344135
6384,0.6,0.6859224713033718,1,0,0,1,-0.011851908736429937,-0.014174102609419646
6385,0.6,0.6941914799364589,1,0,0,1,-0.012563952086244197,-0.015122257965726117
6386,0.6,0.6859826608771126,1,0,0,1,-0.01344342467580934,-0.015239276254585597
6387,0.6,0.688548725877811,1,0,0,1,-0.014778112629439498,-0.013108808724980355
6388,0.6,0.6958563546246691,1,0,0,1,-0.015433080865140942,-0.01066923095675094
6389,0.6,0.7072416240257184,1,0,0,1,-0.01496837847759088,-0.008010190947391778
6390,0.6,0.7233281638543315,1,0,0,1,-0.011302085431445442,-0.006953873634429118
6391,0.6,0.7561030404561669,1,0,0,1,-0.00533352319542212,-0.00797766470082095
6392,0.6,0.7659732143168602,1,0,1,1,0.0007547845918367337,-0.008908997782608896
6393,0.6,0.7451183858171458,1,1,1,1,0.001845155160462423,-0.00457876645900828
6394,0.6,0.7604042545851003,0,1,1,0,0.002185214208637621,-0.003199714888483804
6395,0.6,0.7761200869615882,0,1,1,0,0.0005610961556424595,-0.005888676588549934
6396,0.6,0.7744338225028241,0,1,1,0,-0.0010525019181955638,-0.008292512028199802
6397,0.6,0.7552294595393744,0,1,1,0,-0.003947170691740831,-0.008121451296554462
6398,0.6,0.7523976111157169,0,1,1,0,-0.005418277559804348,-0.007121240638697514
6399,0.6,0.7464236771048264,0,1,1,0,-0.0030386166997134942,-0.005859711345109639
6400,0.6,0.7457278180458199,0,1,1,0,0.0005028505584754498,-0.004908913812258356
6401,0.6,0.7366022739668696,0,1,1,0,0.0030275322021342138,-0.004452493889389866
6402,0.6,0.7314703243309031,0,1,1,0,0.004116156642467727,-0.004969225876721463
6403,0.6,0.7119738804973603,0,1,1,0,0.003971557121810982,-0.00627615003961413
6404,0.6,0.6937050154798148,0,1,1,0,0.0038562902612670133,-0.006631726093168349
6405,0.6,0.678665808912436,0,1,1,0,0.004348034186377426,-0.007555199886474453
6406,0.6,0.6625153504697642,0,1,1,0,0.003845666575020918,-0.008283366538815999
6407,0.6,0.6704533426339409,0,1,1,0,0.002342281533354294,-0.009538676548202108
6408,0.6,0.6514379757722549,0,1,1,0,-0.0012725740966863894,-0.010427549319843726
6409,0.6,0.6587945797249728,0,1,1,0,-0.005638304704315617,-0.00998958556079026
6410,0.6,0.6794979338243954,0,1,1,0,-0.007422847967364661,-0.01037301189561771
6411,0.6,0.6670053916728176,1,1,1,0,-0.012459480514307977,-0.012415846194423747
6412,0.6,0.6512673429111812,1,1,1,0,-0.021928227959888667,-0.018448683378782044
6413,0.6,0.6095519547102882,1,1,1,1,-0.02731589784834404,-0.021250173937836556
6414,0.6,0.5933698863934042,1,1,1,1,-0.029885818675332024,-0.02020236833238148
6415,0.6,0.5552485331458804,1,0,1,1,-0.034872721161360656,-0.02134959361598122
6416,0.6,0.5743124321016669,1,0,1,1,-0.042878425249750114,-0.024742251678026093
6417,0.6,0.571677363723011,1,0,0,1,-0.05131430339838472,-0.029304841836470058
6418,0.6,0.6005442348100386,1,0,0,1,-0.05592733599869383,-0.03587301575804039
6419,0.6,0.5917619955378061,1,0,0,1,-0.05852675248519358,-0.042934631516491226
6420,0.6,0.5928952541221206,1,0,0,1,-0.05881887675405556,-0.04832530919919753
6421,0.6,0.5816631009955449,1,0,0,1,-0.0583392319736443,-0.05230002220566879
6422,0.6,0.5902489799584565,1,0,0,1,-0.05666338135385309,-0.05516805154857552
6423,0.6,0.570432923413701,1,0,0,1,-0.05338631206410824,-0.05667406181103214
6424,0.6,0.5680609379350142,1,0,0,1,-0.05030680208030731,-0.056039792408855815
6425,0.6,0.5796930171958607,1,0,0,1,-0.04838486279894789,-0.05557354674540225
6426,0.6,0.5921356745747851,1,0,0,1,-0.04739787191845205,-0.05585438601086101
6427,0.6,0.6082031259269396,1,0,0,1,-0.0475930118122205,-0.056052809128592375
6428,0.6,0.6152289362129716,1,0,0,1,-0.048673325796254274,-0.05460879616528787
6429,0.6,0.6225578240775114,1,0,0,1,-0.050691992981470285,-0.05135039347234038
6430,0.6,0.6355255451624987,1,0,0,1,-0.052658732224754624,-0.04778786053197239
6431,0.6,0.6567889991139185,1,0,0,1,-0.053509332814145966,-0.044569446997084004
6432,0.6,0.6689376981157656,1,0,0,1,-0.053571661229422134,-0.04102823953338253
6433,0.6,0.6980305486172695,1,0,0,1,-0.04998480917018639,-0.03968419722033832
6434,0.6,0.7076188335232017,1,0,0,1,-0.04376473906742258,-0.039095478395739826
6435,0.6,0.7366167809664572,1,0,0,1,-0.03753078185271287,-0.0374725659784501
6436,0.6,0.7091049731938666,1,1,0,1,-0.029140244061864815,-0.03744324026715477
6437,0.6,0.6484234030600917,0,1,1,0,-0.02145889162667662,-0.03948454443437544
6438,0.6,0.7124623067988981,0,1,1,0,-0.016324460627993972,-0.04441031904809486
6439,0.6,0.6763595285657926,0,1,1,0,-0.011402241670277712,-0.05012817098556244
6440,0.6,0.688359135244977,0,1,1,0,-0.009403668150033172,-0.05450621345062442
6441,0.6,0.6948457289618104,0,1,1,0,-0.00889615658623901,-0.05946875816403775
6442,0.6,0.6645972146227124,0,1,1,0,-0.008265106253992318,-0.061775120009386494
6443,0.6,0.6334265369495705,0,1,1,0,-0.006847277092313301,-0.060501940274808735
6444,0.6,0.6228731343600189,0,1,1,0,-0.004863110509120065,-0.059535158561411526
6445,0.6,0.610294358525434,0,1,1,0,-0.0027652615216537113,-0.0601822689769545
6446,0.6,0.5799616450034925,0,1,1,0,-0.000988078896221545,-0.060081871477833684
6447,0.6,0.5710627062330481,0,1,1,0,0.000638800466356883,-0.06040575605389878
6448,0.6,0.5517740559780236,0,1,1,0,0.003510724602217847,-0.059489502381601826
6449,0.6,0.533964575411788,0,1,1,0,0.0047301025565631,-0.05807008340479352
6450,0.6,0.5344419924110002,0,1,1,0,0.005105006360315602,-0.05805091202731582
6451,0.6,0.5487423739872794,0,1,1,0,0.004252597469477488,-0.0590397184106143
6452,0.6,0.5500905966283776,0,1,1,0,0.0016966000026054702,-0.059834913768353516
6453,0.6,0.5703801008437053,0,1,1,0,-0.00080493876264002,-0.05928652774061563
6454,0.6,0.6011004705771618,0,1,1,0,-0.002976486882771199,-0.05975271404260682
6455,0.6,0.5731186332523428,1,1,1,1,-0.0017274106090728002,-0.058108393859148205
6456,0.6,0.6084444597531365,1,1,1,1,-0.0017246090727790838,-0.05693344741962709
6457,0.6,0.5928014001171591,1,1,1,1,-0.0040938706031622574,-0.05639568266308463
6458,0.6,0.6024943068409617,1,0,1,1,-0.007568966812616967,-0.05413207513636378
6459,0.6,0.6294599292771903,1,0,1,1,-0.015407856591904525,-0.0543005932071819
6460,0.6,0.631236732965191,1,0,1,1,-0.02391414487439831,-0.056117467104291774
6461,0.6,0.6217745403220215,1,0,1,1,-0.02898949829298768,-0.05572529821246159
6462,0.6,0.6355175451117774,1,0,0,1,-0.030070332198058318,-0.05478413180249981
6463,0.6,0.6133220047753435,1,0,0,1,-0.026302154810483872,-0.05680076755769967
6464,0.6,0.612202753289792,1,0,0,1,-0.018631902099489214,-0.0616891775147665
6465,0.6,0.582049750626739,1,0,0,1,-0.009573036445419757,-0.06754036027873322
6466,0.6,0.5640943114480501,1,0,0,1,-0.001786909742596249,-0.07222210397146132
6467,0.6,0.5499755345563472,1,0,0,1,0.0038581911106784655,-0.07577568949811057
6468,0.6,0.5532807142009055,1,0,0,1,0.0071790216118897635,-0.0798520829963328
6469,0.6,0.5510791384343801,1,0,0,1,0.009137730834423432,-0.08396030509047142
6470,0.6,0.5624615115039338,1,0,0,1,0.011010722096556017,-0.0868117477053603
6471,0.6,0.5688472034930516,1,0,0,1,0.012963433398019865,-0.08849771457385434
6472,0.6,0.5662753704892814,1,0,0,1,0.014523914499251651,-0.08829542505325044
6473,0.6,0.5692929147055122,1,0,0,1,0.016666344314606656,-0.08714294178075697
6474,0.6,0.5591480800646175,1,0,0,1,0.01927581116882594,-0.08512205961856856
6475,0.6,0.5682019160402443,1,0,0,1,0.023055079050313176,-0.08317003384745403
6476,0.6,0.5624382727693659,1,0,0,1,0.027965893091664425,-0.08092877570527043
6477,0.6,0.5713352398611157,1,0,0,1,0.03559243689730725,-0.07934404570401914
6478,0.6,0.5236791448629204,1,0,1,1,0.04462549976100217,-0.07538414816143989
6479,0.6,0.497896635088268,1,0,1,1,0.046014683610033906,-0.06749211760630972
6480,0.6,0.4841531473527172,1,0,1,1,0.04319908285694098,-0.061023213880024366
6481,0.6,0.5143812557953169,1,0,1,1,0.03917004339718949,-0.056063794711385374
6482,0.6,0.5257544034301457,0,0,1,1,0.03768556311144963,-0.05202394248829456
6483,0.6,0.597153545060064,0,0,1,1,0.03919938350345658,-0.0477552388758234
6484,0.6,0.589387174097762,0,0,1,0,0.04016707589632891,-0.04234308411857206
6485,0.6,0.6272504618829613,0,0,1,0,0.034184873746799724,-0.0364551884882667
6486,0.6,0.6332608707193756,0,0,1,0,0.023494781875620607,-0.031263753094615446
6487,0.6,0.6143062362062169,0,1,1,0,0.01096224409651285,-0.02342246992164927
6488,0.6,0.5962862465339108,0,1,1,0,0.0064293646223232475,-0.01694801999953688
6489,0.6,0.5813149771741456,0,1,1,0,0.007455940725312037,-0.012497379259534494
6490,0.6,0.5682587518747624,0,1,1,0,0.01249422149960409,-0.009471429343969493
6491,0.6,0.5662017025828356,0,1,1,0,0.017683122840174547,-0.008347167924310448
6492,0.6,0.5683598063212908,0,1,1,0,0.022013585066660974,-0.009099702160900669
6493,0.6,0.568285001925552,0,1,1,0,0.023995285036408638,-0.010243571398189375
6494,0.6,0.573830271436586,0,1,1,0,0.023131912946789533,-0.011530627052610617
6495,0.6,0.5761098712832635,0,1,1,0,0.019869105528383252,-0.012539562778831916
6496,0.6,0.5792060041804458,0,1,1,0,0.014362153844574559,-0.013733169515118158
6497,0.6,0.6204890481310895,0,1,1,0,0.008935364643447683,-0.01501112966068372
6498,0.6,0.639682558393821,0,1,1,0,0.00476521295197571,-0.016438279841666518
6499,0.6,0.6621540371981322,1,1,1,0,-0.0019539425391276216,-0.018435591435510847
6500,0.6,0.6753764571077508,1,1,1,0,-0.01144505765760095,-0.023577112142760138
6501,0.6,0.6624875052159185,1,1,1,1,-0.022969205644558288,-0.02629416626055193
6502,0.6,0.6293929396374736,1,0,1,1,-0.029458764613869697,-0.023947135168370715
6503,0.6,0.6554748745916176,1,0,1,1,-0.03929049730792951,-0.0227993301618246
6504,0.6,0.6358365515407789,1,0,1,1,-0.04906969657656575,-0.022376625537124797
6505,0.6,0.6878736345030031,1,0,0,1,-0.05761541962272822,-0.02271544116192223
6506,0.6,0.6926856834061118,1,0,0,1,-0.06303771509357767,-0.027898328986727578
6507,0.6,0.6724275594503298,1,0,0,1,-0.06375876637747781,-0.03186687008181328
6508,0.6,0.6491091203788115,1,0,0,1,-0.06199269077808584,-0.034206982395791265
6509,0.6,0.6421476857434594,1,0,0,1,-0.05966303012850203,-0.03567018567754747
6510,0.6,0.6389494603721191,1,0,0,1,-0.058447012812366,-0.037463870264392095
6511,0.6,0.6315979679112257,1,0,0,1,-0.05903624863955037,-0.03744230893615784
6512,0.6,0.625341524002018,1,0,0,1,-0.059830995648760904,-0.03513390732331503
6513,0.6,0.6468871367917445,1,0,0,1,-0.06087612714532238,-0.03282159299674055
6514,0.6,0.653155520554397,1,0,0,1,-0.06322549007083936,-0.031184695668735683
6515,0.6,0.6752823539540977,1,0,0,1,-0.06568915180031619,-0.028643073721308396
6516,0.6,0.6877325634562106,1,0,0,1,-0.0695463332931258,-0.025240310328315956
6517,0.6,0.7021985634687528,1,0,0,1,-0.07278105756489814,-0.020568972280036017
6518,0.6,0.7234294485505944,1,0,0,1,-0.07509432149423981,-0.015166903323947366
6519,0.6,-0.011603473019882156,1,1,1,1,-0.00037637279160354534,-0.0010435317921076482
