step,vx_cmd,vx_actual,LF,RF,LH,RH,roll,pitch
32,0.8,-0.1147410079075406,1,0,1,0,-0.029884259007676644,0.0027521681980646104
33,0.8,-0.17106349091992132,1,0,1,0,-0.05821742352652209,0.013736320010212065
34,0.8,-0.18958678322098346,1,0,0,0,-0.07577460675053607,0.02062705376560689
35,0.8,-0.19709882144693772,1,0,0,0,-0.08666583103545662,0.022214769235133075
36,0.8,-0.18896824785416685,1,0,0,0,-0.09599032488566772,0.019359635109379724
37,0.8,-0.16844049306153877,1,0,0,1,-0.10562019503775598,0.011819424752613824
38,0.8,-0.16790425941508633,0,0,0,1,-0.10995303390483287,0.005992539925341306
39,0.8,-0.1282615951996692,0,0,0,1,-0.1112977888861487,0.0012601289291032918
40,0.8,-0.09163066560334092,0,0,1,1,-0.11034227925670559,-0.006190728171925561
41,0.8,-0.06872917668598369,0,0,1,1,-0.10940101276590104,-0.014232726996407987
42,0.8,-0.04788454553091261,0,0,1,1,-0.1095773785511016,-0.021259291115673914
43,0.8,-0.006791016383804322,0,0,1,1,-0.10959390294324665,-0.028431205586375602
44,0.8,0.03307955067244865,0,0,1,1,-0.11014299604542062,-0.03608561905860076
45,0.8,0.05850948097018014,0,0,1,1,-0.11194130040771048,-0.04276502804342687
46,0.8,0.09835855376781374,0,0,1,1,-0.1139698675268002,-0.048231470090469075
47,0.8,0.13671315912824153,0,0,1,1,-0.11413964201345432,-0.05382861638557241
48,0.8,0.18332996247847402,0,0,1,1,-0.11260095546716678,-0.06092842215534642
49,0.8,0.30995435132839017,0,0,1,1,-0.1125830871058849,-0.07039994082140391
50,0.8,0.35413495558953856,0,0,0,1,-0.11003182160920681,-0.08314974939539876
51,0.8,0.3919308081635208,0,0,0,1,-0.10454279153231749,-0.09424113053113661
52,0.8,0.45464629379414423,0,0,0,1,-0.09398426969372464,-0.10630271250625492
53,0.8,0.47322941813010266,0,0,0,1,-0.07909645957036282,-0.11700625777827829
54,0.8,0.4814899959566497,0,0,0,1,-0.06502524257301792,-0.12274577551351556
55,0.8,0.5244432595805204,0,0,0,1,-0.055112419640839634,-0.12508929132207905
56,0.8,0.5775435239068312,0,0,0,1,-0.04962571433792221,-0.12731468218088624
57,0.8,0.6192969177909861,0,0,0,1,-0.04733712163854816,-0.13011455521596826
58,0.8,0.6468850494131249,0,0,0,1,-0.04752849526291086,-0.13300094085336828
59,0.8,0.661533800248852,0,0,0,0,-0.0530939787584632,-0.13890297975256333
60,0.8,0.6582380906088413,0,0,0,0,-0.06361462517334932,-0.14683222394801726
61,0.8,0.6103658818065818,0,0,0,0,-0.07731467995882552,-0.15251964778191582
62,0.8,0.6022191475614711,0,0,0,0,-0.08936768461621034,-0.15668468172651093
63,0.8,0.5940969674392405,0,0,0,0,-0.0964712784414235,-0.15873657947961328
64,0.8,0.6362697338074691,0,0,0,0,-0.09688109030212523,-0.16052362818036378
65,0.8,0.6612655901136726,0,0,0,0,-0.09485637749910963,-0.16097830479941663
66,0.8,0.6247876735784461,0,0,1,0,-0.09173745188583032,-0.1560917255931994
67,0.8,0.558923773330569,0,0,1,0,-0.09064743370291485,-0.13813270592028004
68,0.8,0.5571008660804779,0,0,1,0,-0.09051436326512474,-0.1152058390221686
69,0.8,0.5603212600368133,0,0,1,0,-0.09106694356003867,-0.09130359334514222
70,0.8,0.5670379333475977,1,0,1,0,-0.09194362366259075,-0.06747532201153562
71,0.8,0.48320250599464365,1,0,1,1,-0.09952980943061124,-0.04932627107997433
72,0.8,0.4555020246071253,1,0,1,1,-0.10101947515576352,-0.02761945485711217
73,0.8,0.4608043713467127,1,0,1,1,-0.10585629227212186,-0.01268456265862002
74,0.8,0.47524848128397995,1,0,1,1,-0.11228046586341474,-0.004171137825629526
75,0.8,0.498534654855926,1,0,1,1,-0.1178931293768692,-0.0008119288997169578
76,0.8,0.5161121184113364,1,0,1,1,-0.12099417231457449,-1.382588828790693e-05
77,0.8,0.5356420747122345,1,0,1,1,-0.11936532009545657,-0.00041000265862814006
78,0.8,0.5572962376576991,1,0,0,1,-0.1130416199890701,-0.0021548587862919868
79,0.8,0.6110885023041633,1,0,0,1,-0.1024115887366399,-0.006451791930272406
80,0.8,0.6342340839880494,1,0,0,1,-0.08624842878636559,-0.014774670665563691
81,0.8,0.6553944961309947,1,0,0,1,-0.06721850835870481,-0.02254567003921382
82,0.8,0.7151733669152689,1,0,0,1,-0.04744989274914867,-0.0314718663581153
83,0.8,0.7472275855967455,0,0,0,1,-0.027132424494088064,-0.04053379889960226
84,0.8,0.8050320677829166,0,0,0,1,-0.008854247403219937,-0.046262739343454214
85,0.8,0.8832470699916641,0,0,0,1,0.0059497421722205296,-0.048993654617000476
86,0.8,0.9218745148828469,0,0,0,1,0.018907278705176316,-0.04634338333895702
87,0.8,0.9753760870098129,0,0,0,1,0.0287285713852823,-0.039521591053012804
88,0.8,1.020503626167941,0,0,0,1,0.035924522340919716,-0.03272182425265446
89,0.8,1.0602202828765808,0,0,0,1,0.03978068539089615,-0.02633507687015898
90,0.8,1.105348215805632,0,1,0,1,0.042032885362232895,-0.02142092760187185
91,0.8,1.1596939802082251,0,1,0,1,0.049348435220729625,-0.02162183717291119
92,0.8,1.151042883037557,0,1,1,0,0.05409656955741817,-0.026995931623258793
93,0.8,1.1092617883254123,0,1,1,0,0.05066937901662048,-0.02569345253343095
94,0.8,1.0725773631949986,0,1,1,0,0.0473961007993199,-0.01938532946233216
95,0.8,1.022988383923111,0,1,1,0,0.04633313303327019,-0.007031139600218381
96,0.8,0.9818208005946903,0,1,1,0,0.049993722576653896,0.01219363375795973
97,0.8,1.0045329490857613,0,1,1,0,0.06262063605174335,0.033474564084120174
98,0.8,1.0282992966748108,0,1,1,0,0.08231992389802377,0.05267980553454155
99,0.8,1.0474514332124842,0,0,1,0,0.10117737074120361,0.07183656537394235
100,0.8,1.0657201206099678,0,0,1,0,0.11511491888579525,0.0917026851164751
101,0.8,1.0497756258519775,1,0,1,0,0.12597814937150043,0.11189586337470346
102,0.8,0.9599229206131845,1,0,0,0,0.12496789940352439,0.12567155862608245
103,0.8,0.9137514277569169,1,0,0,0,0.11745037220461069,0.12603043114607523
104,0.8,0.8721167964933347,1,0,0,0,0.10264125075481853,0.11077444207642445
105,0.8,0.8228418870849811,1,0,0,0,0.08349663429797148,0.08441830330856023
106,0.8,0.7840729332208561,1,0,1,0,0.06220655628313715,0.052628761396988064
107,0.8,0.7377125937218656,1,0,1,0,0.04451547678477518,0.023568528932323148
108,0.8,0.6933120292712945,1,0,1,0,0.03179348050958341,-0.0005225359120818129
109,0.8,0.6620989544374365,0,0,1,1,0.02309900228297154,-0.018471109621119135
110,0.8,0.6524987589596445,0,0,1,1,0.01654754168256836,-0.02969866961781403
111,0.8,0.6626275580620932,0,0,0,1,0.008938403877283708,-0.03793905609008078
112,0.8,0.6693565257412801,0,0,0,1,0.004050291240817836,-0.045656324400205145
113,0.8,0.6664013783410208,0,0,0,1,0.0024279309999552805,-0.050936001890135446
114,0.8,0.6889278812705171,0,0,0,1,0.003193589860189306,-0.05398642448309001
115,0.8,0.7312271382191566,0,0,0,1,0.004888964029222467,-0.05624576618897571
116,0.8,0.7580199520313747,0,0,0,1,0.005816524763494372,-0.054998787961676676
117,0.8,0.7832652286073374,0,0,0,1,0.00464886076430519,-0.04859721294267352
118,0.8,0.8376219943847579,0,0,0,1,-0.0010874166347572412,-0.038007412182080806
119,0.8,0.8893184252230852,0,0,0,1,-0.008961921097820302,-0.025489707771129702
120,0.8,0.9098968428830302,0,0,0,1,-0.017336542806339048,-0.00965981998012546
121,0.8,0.9736489455485255,0,0,0,1,-0.022927920252068933,0.007099904450162984
122,0.8,0.9388828561221548,0,1,0,1,-0.024265213684017836,0.024393421735299844
123,0.8,0.9682851241262811,0,1,0,1,-0.0196110249559342,0.034485387833759144
124,0.8,0.9831921928648547,0,1,0,1,-0.008720922235832993,0.034902708138032146
125,0.8,1.0133745990151775,0,1,0,1,0.006081991193147959,0.029083405323620037
126,0.8,0.9942606590528142,0,1,1,0,0.01899657564540654,0.021201141116409295
127,0.8,0.9479674878065284,0,1,1,0,0.01748562173478803,0.01660605292097397
128,0.8,0.9223818882861886,0,1,1,0,0.015865314416099705,0.01081100673761888
129,0.8,0.8812903366329208,0,1,1,0,0.0158730326981203,0.008020849655564967
130,0.8,0.8627960390809076,0,1,1,0,0.01700857608912107,0.008835009593726486
131,0.8,0.8759592640639565,0,1,1,0,0.019683220589399312,0.010409119783160163
132,0.8,0.8481321971720029,0,1,1,0,0.025172807639616483,0.015265102824442042
133,0.8,0.8414240055706647,0,1,1,0,0.030211287469992618,0.02576231255425099
134,0.8,0.8692220040512302,0,0,1,0,0.03657818072201592,0.03650271133951876
135,0.8,0.8815388456914396,0,0,1,0,0.04154444632782976,0.04636643438610947
136,0.8,0.8855733301822865,0,0,1,0,0.044732151769245804,0.05796990351762654
137,0.8,0.8481475481687213,1,0,1,0,0.04517001042915874,0.06995206802395584
138,0.8,0.8053483056252841,1,0,1,0,0.035363916875241576,0.07299193847934367
139,0.8,0.7968201710220943,1,0,1,0,0.021992171663825784,0.06721828016723484
140,0.8,0.7834792915183805,1,0,1,0,0.006306062137591342,0.053820712279812444
141,0.8,0.7631437949823204,1,0,1,0,-0.010822185521535712,0.03753387096584236
142,0.8,0.7249611438106761,1,0,1,1,-0.022861753346918447,0.0247989785517921
143,0.8,0.7178164896076816,1,0,1,1,-0.02781640556999945,0.01719543090814249
144,0.8,0.7048756118786244,1,0,0,1,-0.029836880243313935,0.00927488130020585
145,0.8,0.6938884102261553,1,0,0,1,-0.028509929077502928,9.767736582724878e-05
146,0.8,0.6684455978146412,1,0,0,1,-0.02317552569471517,-0.009800713209699462
147,0.8,0.6678283971250689,1,0,0,1,-0.017143263766773213,-0.019128866132306833
148,0.8,0.6743209317544705,0,0,0,1,-0.011826783685473899,-0.027835643002076485
149,0.8,0.6899067127849808,0,0,0,1,-0.009629283645859552,-0.0342898838459108
150,0.8,0.7219273918462219,0,0,0,1,-0.009326639229148039,-0.038325829166446376
151,0.8,0.7554942790277098,0,0,0,1,-0.00961996297046817,-0.04099528718885048
152,0.8,0.7908569025278354,0,0,0,1,-0.01149116276241457,-0.04112013008545242
153,0.8,0.8374204206399641,0,0,0,1,-0.016560788750871133,-0.038363402364588794
154,0.8,0.8868318561785825,0,0,0,1,-0.023630572882253606,-0.03333912612804757
155,0.8,0.9265880850940975,0,0,0,1,-0.030858001910034207,-0.026733542624739735
156,0.8,0.9469169388639308,0,0,0,1,-0.03697786067722351,-0.017101060813413563
157,0.8,1.028337073395836,0,0,0,1,-0.03683400317140866,-0.008711451216236737
158,0.8,1.0248091226792135,0,1,0,1,-0.03070323872104199,-0.0020167020604875637
159,0.8,1.0572112423425877,0,1,0,1,-0.02123563748093943,0.0013142356641375852
160,0.8,1.0751216811316235,0,1,0,1,-0.010587554903301776,-0.00045002661541058823
161,0.8,1.015915076935737,0,1,1,0,-0.008141942466489237,-0.00736585648187907
162,0.8,0.9652371089228411,0,1,1,0,-0.013041062566556058,-0.008995351955006926
163,0.8,0.9335106345968381,0,1,1,0,-0.01596351391641211,-0.009602568324497792
164,0.8,0.9037046167764088,0,1,1,0,-0.016977539926454174,-0.010995681216060347
165,0.8,0.8495431928563849,0,1,1,0,-0.015043939802652792,-0.008966351737144196
166,0.8,0.8266455963050793,0,1,1,0,-0.008339856375261539,-0.0028598417762071672
167,0.8,0.8267625459024283,0,1,1,0,-0.0004962443455718053,0.0029519640741508
168,0.8,0.8308062937295598,0,1,1,0,0.008035123021322336,0.008453447978535828
169,0.8,0.8247891679323074,0,0,1,0,0.015438466661319475,0.015659748405574794
170,0.8,0.8444790143779364,0,1,1,0,0.021033997829722276,0.022291675765967914
171,0.8,0.81763329032201,1,1,1,0,0.02405720167778892,0.02745067790553766
172,0.8,0.7011600921874784,1,0,1,0,0.013461502753476363,0.026654170021342773
173,0.8,0.6100450221012622,1,0,1,0,-0.00540671925728993,0.016440601300487044
174,0.8,0.5378932108188602,1,0,1,0,-0.028465717954462386,-0.0014891273360389155
175,0.8,0.49189618179301636,1,0,1,0,-0.05290399395796548,-0.02517500872462125
176,0.8,0.4318538050911589,1,0,1,1,-0.07367935152607356,-0.05022921208069049
177,0.8,0.3895563168299258,1,0,1,1,-0.0815671740710978,-0.06782745654194132
178,0.8,0.3782429058278657,1,0,1,1,-0.08435655094264385,-0.0837342793765552
179,0.8,0.369880773027898,1,0,0,1,-0.08453311003319414,-0.09914405709985646
180,0.8,0.390280209931466,0,0,0,1,-0.08417181285666338,-0.11354624014087954
181,0.8,0.4097147652673771,0,0,0,1,-0.08253801959954353,-0.12971885304688602
182,0.8,0.41245112946379675,0,0,0,1,-0.07928184306295309,-0.14519395231635887
183,0.8,0.38843070009084196,0,0,0,1,-0.07528577339006196,-0.15651196061550807
184,0.8,0.3892219588728325,0,0,0,1,-0.07218071971409,-0.16445673715015194
185,0.8,0.41510230451063057,0,0,0,1,-0.07089256529580927,-0.17167461767599576
186,0.8,0.44523115775015515,0,0,0,1,-0.07312375801919997,-0.1774837912850446
187,0.8,0.4569628818896541,0,0,0,1,-0.0787534641806179,-0.1801850224161515
188,0.8,0.503206355569642,0,0,0,1,-0.08708734708926474,-0.18060935000349215
189,0.8,0.5406579171540334,0,0,0,1,-0.09960053662530466,-0.17851859874539028
190,0.8,0.5993692703849104,0,0,0,1,-0.11314665184497269,-0.17519891588919156
191,0.8,0.649649161764347,0,0,0,1,-0.12333527694874724,-0.1714214688156491
192,0.8,0.6698450933374286,0,0,0,1,-0.13019414267688895,-0.164760650893477
193,0.8,0.6937789923357219,0,0,0,1,-0.13212262649612005,-0.15706896143264173
194,0.8,0.695714117328939,0,0,0,1,-0.13141083540492432,-0.1480378965442994
195,0.8,0.7347507918107948,0,1,0,1,-0.12812031104445626,-0.14179460422880316
196,0.8,0.7296137538648785,0,1,0,0,-0.12747079356146687,-0.14532030818046315
197,0.8,0.7092376420380092,0,1,0,0,-0.12967715079560474,-0.15602496791019627
198,0.8,0.6677778406541693,0,1,0,0,-0.13078621649719274,-0.17093788188075248
199,0.8,0.6389383183092485,0,1,0,0,-0.12944254347027478,-0.18805950431074334
200,0.8,0.6010053121235008,0,1,1,0,-0.1263225985474362,-0.20668572992355635
201,0.8,0.49110297514520485,0,1,1,0,-0.1293316733711756,-0.21805882908785312
202,0.8,0.38209041259999865,0,1,1,0,-0.1341105193560194,-0.21912039467492775
203,0.8,0.27561593071462304,0,1,1,0,-0.13817564776327934,-0.21337465247698992
204,0.8,0.2650913523822853,0,1,1,0,-0.137919174285723,-0.20885746707001573
205,0.8,0.29292658049267756,0,1,1,0,-0.1322178457450668,-0.2096873907340177
206,0.8,0.3096174760501941,0,1,1,0,-0.12412706318781502,-0.2112521266569226
207,0.8,0.3266441659050052,0,0,1,0,-0.11926026020357626,-0.21051348740373393
208,0.8,0.3651049569555117,0,0,1,0,-0.12125763892230992,-0.20873511712495074
209,0.8,0.3828201777116772,0,0,1,0,-0.12893366082845642,-0.20646624447152429
210,0.8,0.30561824360609474,1,0,1,1,-0.13601260845187346,-0.1977650788423554
211,0.8,0.28745116838321494,1,0,1,1,-0.14163531512276936,-0.1866813021549952
212,0.8,0.28344495626154365,1,0,1,1,-0.14741374234344443,-0.17977198086549043
213,0.8,0.30648967539256683,1,0,1,1,-0.15419857483134983,-0.17924746955861362
214,0.8,0.31887634137970644,1,0,1,1,-0.1606377124287933,-0.18401944860594058
215,0.8,0.3452006491039707,1,0,1,1,-0.16530562738449497,-0.19080724490002773
216,0.8,0.36240988967042304,1,0,1,1,-0.16872929850761179,-0.19769431555574837
217,0.8,0.39068245506370697,1,0,0,1,-0.16683144017365711,-0.20524651275108768
218,0.8,0.40477633288820347,1,0,0,1,-0.1583614147377279,-0.21492655155620452
219,0.8,0.4048293466081039,1,0,0,1,-0.1440415276070353,-0.2244598930995837
220,0.8,0.39384365134753885,1,0,0,1,-0.1263518627484109,-0.23215514164091564
221,0.8,0.3926021248668944,1,0,0,1,-0.11116213969056747,-0.2373134293700986
222,0.8,0.41510507364847327,1,0,0,1,-0.10050009419503815,-0.24081479946318435
223,0.8,0.4382778076618222,0,0,0,1,-0.09325985594984677,-0.24341390409001779
224,0.8,0.4771796253066517,0,0,0,1,-0.08983656004191623,-0.24512905567809568
225,0.8,0.5313702612476621,0,0,0,1,-0.09009428420621486,-0.24695840847084752
226,0.8,0.5650371178839709,0,0,0,1,-0.09288893537039243,-0.24509993363690372
227,0.8,0.6025033671639308,0,0,0,1,-0.09749602505249594,-0.23980640596340697
228,0.8,0.6849306699186205,0,0,0,1,-0.10016717759622261,-0.23705779278240208
229,0.8,0.7134571805025931,0,0,0,1,-0.09976645132744726,-0.236620776799053
230,0.8,0.732242559766689,0,0,0,1,-0.09850773434321929,-0.23528730125849567
231,0.8,0.6729868230364455,0,1,1,0,-0.10115974876304765,-0.23399239358233115
232,0.8,0.6272554842277551,0,1,1,0,-0.10706105444198542,-0.22864789242449896
233,0.8,0.562319988162034,0,1,1,0,-0.11049550291834218,-0.2232439832284453
234,0.8,0.49191178509041567,0,1,1,0,-0.11001696124139815,-0.2156090978167424
235,0.8,0.42271064371203815,0,1,1,0,-0.10500528955988175,-0.2056070531692154
236,0.8,0.42265649872401334,0,1,1,0,-0.09350794126347461,-0.1953631641719402
237,0.8,0.4268619739574259,0,1,1,0,-0.07969348677925878,-0.18881183312397548
238,0.8,0.4170212064248717,0,1,1,0,-0.06661872457939116,-0.1843101568055948
239,0.8,0.4217575597868128,0,1,1,0,-0.055045618203348065,-0.1801725359150171
240,0.8,0.43097703303349066,0,1,1,0,-0.04692882312185201,-0.17724552380149863
241,0.8,0.46346640073883516,0,1,1,0,-0.04224113317451807,-0.17504436595907444
242,0.8,0.5027243582684124,0,1,1,0,-0.04066099646401393,-0.17273065358956016
243,0.8,0.5416937175539669,1,0,1,0,-0.04644421449781361,-0.17127809442532768
244,0.8,0.5299915744602813,1,0,1,0,-0.061399686871644425,-0.17232606200281492
245,0.8,0.5189309676286965,1,0,1,1,-0.08176338519823849,-0.17609328090387258
246,0.8,0.4804584972458567,1,0,1,1,-0.09643639606142354,-0.1776908026031571
247,0.8,0.4817436605725942,1,0,1,1,-0.10781188795639357,-0.17851758858545377
248,0.8,0.4973358874075178,1,0,1,1,-0.11721631470410704,-0.18146619401343717
249,0.8,0.5187320598667119,1,0,1,1,-0.1240173230400387,-0.18637010420271755
250,0.8,0.5427631795007929,1,0,1,1,-0.1285318338120331,-0.19198740761242886
251,0.8,0.5375976674075827,1,0,0,1,-0.12770153906110787,-0.19808249377206893
252,0.8,0.5504087284560895,1,0,0,1,-0.12342848918340506,-0.2039583805988318
253,0.8,0.5906105005624023,1,0,0,1,-0.11519721299134945,-0.2121127934222901
254,0.8,0.6053127486592046,0,0,0,1,-0.10252155478646412,-0.22141885178489706
255,0.8,0.5946383792101695,0,0,0,1,-0.08939385640917837,-0.22706394945377528
256,0.8,0.6094575940965525,0,0,0,1,-0.08113487488131035,-0.2286084614092644
257,0.8,0.6314671462677699,0,0,0,1,-0.07776795765804863,-0.2282210546043452
258,0.8,0.6754636941593909,0,0,0,1,-0.07770564179532653,-0.2259894189064324
259,0.8,0.7122880652731534,0,0,0,1,-0.08139628247764087,-0.22126425074191217
260,0.8,0.7530825799889835,0,0,0,1,-0.09101166342486317,-0.21330176492934308
261,0.8,0.8160197422555889,0,0,0,1,-0.10282109943851532,-0.2061373780480988
262,0.8,0.8394524148612977,0,0,0,0,-0.11887160150452986,-0.2034696384583733
263,0.8,0.8190099326779936,0,1,0,0,-0.1381725725397836,-0.20551098203635504
264,0.8,0.7554040971769451,0,1,0,0,-0.15191039274536045,-0.2121713628840555
265,0.8,0.6597263671914806,0,1,1,0,-0.15798393402573505,-0.21991552141378312
266,0.8,0.5231086680361627,0,1,1,0,-0.16242927592111733,-0.21802536830185712
267,0.8,0.4307432558564239,0,1,1,0,-0.16285530753137725,-0.2125475057774284
268,0.8,0.3485219076670082,0,1,1,0,-0.15925748753809907,-0.20532584642635662
269,0.8,0.31361961485119316,0,1,1,0,-0.1528996518847845,-0.19875920144540588
270,0.8,0.3096259516834692,0,1,1,0,-0.1473849943306008,-0.19650258645039634
271,0.8,0.3147056882239617,0,1,1,0,-0.14430122773700876,-0.19956046437620764
272,0.8,0.3249488943080574,0,1,1,0,-0.1403681206135989,-0.2028862652112124
273,0.8,0.3503274830895761,0,1,1,0,-0.1367560172991856,-0.20565499813973342
274,0.8,0.4157100475458083,0,1,1,0,-0.137553130395186,-0.21314786790925644
275,0.8,0.4064402236594332,0,1,1,0,-0.14382008501062055,-0.22204660909775334
276,0.8,0.3266419101592696,0,1,1,1,-0.15051792557291432,-0.22347083527653144
277,0.8,0.28045049547202444,0,1,1,1,-0.15453116834468647,-0.21350701601287794
278,0.8,0.31183973768293893,0,0,1,1,-0.16011875990987362,-0.2023059817239569
279,0.8,0.34105236845004405,1,0,1,1,-0.16682186308656952,-0.19474938188954735
280,0.8,0.32266291652333506,1,0,1,1,-0.17397640692867877,-0.18990822594451873
281,0.8,0.3139669291767263,1,0,1,1,-0.18012458959892041,-0.18684155760429283
282,0.8,0.31942965326815287,1,0,1,1,-0.1844076440379661,-0.18824023523029002
283,0.8,0.3220834713036149,1,0,1,1,-0.1870281153833958,-0.19183235557379016
284,0.8,0.3347208582431694,1,0,1,1,-0.18803563232331363,-0.19602430669052812
285,0.8,0.33515483311452965,1,0,1,1,-0.18868369049880487,-0.19928637819118822
286,0.8,0.34150416782722187,1,0,1,1,-0.18735691799402884,-0.2004421712294186
287,0.8,0.36111701553967834,1,0,0,1,-0.18031119146947874,-0.2013214395898386
288,0.8,0.3833411106310446,1,0,0,1,-0.16892840855566812,-0.20302789232799284
289,0.8,0.3940540360735374,1,0,0,1,-0.15455831753700003,-0.20594624746054502
290,0.8,0.3866797861589657,1,0,0,1,-0.1406393887858436,-0.20829911350799238
291,0.8,0.39471978758698617,1,0,0,1,-0.13212019304092973,-0.20805037378421048
292,0.8,0.4498012986444825,1,0,0,1,-0.12962204875376362,-0.20782208125039314
293,0.8,0.4831907614400621,0,0,0,1,-0.12986394561755116,-0.20808510521584472
294,0.8,0.5209523373035331,0,0,0,1,-0.1307387910435301,-0.2072427302973811
295,0.8,0.581865703084639,0,0,0,1,-0.13360768116025087,-0.20476841058280737
296,0.8,0.6123613366083334,0,0,0,1,-0.1405190532367929,-0.19946257859962316
297,0.8,0.6890822812860621,0,1,0,1,-0.14816992240152094,-0.19584152338685049
298,0.8,0.7138032167381541,0,1,0,1,-0.1487991988532405,-0.1969409831971805
299,0.8,0.6748036637997591,0,1,0,0,-0.1484608177456447,-0.20426071515623473
300,0.8,0.6697728365445673,0,1,0,0,-0.1458870313643608,-0.21759864267305667
301,0.8,0.6516163287372466,0,1,0,0,-0.13932574580509693,-0.236702670172518
302,0.8,0.5786772709512625,0,1,1,0,-0.13393670533795185,-0.25434639689052224
303,0.8,0.506902516681239,0,1,1,0,-0.1355967051219357,-0.2623212291851287
304,0.8,0.4106655612890635,0,1,1,0,-0.13688300395097655,-0.2631028433697864
305,0.8,0.3353787533978535,0,1,1,0,-0.13422793938150157,-0.25732442557249896
306,0.8,0.33964406826602606,0,1,1,0,-0.12681317907091022,-0.251570761840878
307,0.8,0.34804544341157584,0,1,1,0,-0.11777175575425756,-0.25003755524934573
308,0.8,0.35226698339012125,0,1,1,0,-0.11112495324777046,-0.2501434421271091
309,0.8,0.3731412635963884,0,1,1,0,-0.10495629999817989,-0.2502213749948414
310,0.8,0.42622079570346144,0,1,1,0,-0.10132835447160268,-0.25222605291237765
311,0.8,0.4898995446064814,0,1,1,0,-0.10447800728174433,-0.2586210332656796
312,0.8,0.4192247957294864,0,0,1,1,-0.11408374466834982,-0.25881596115481253
313,0.8,0.39950446322617267,0,0,1,1,-0.1225004642757639,-0.24691071700509762
314,0.8,0.4241453933627834,0,0,1,1,-0.13200225113940622,-0.23420331908224049
315,0.8,0.4504152879403387,1,0,1,1,-0.14194315476416658,-0.2245833577584162
316,0.8,0.4736492933314821,1,0,1,1,-0.1507540065347142,-0.21988527784592724
317,0.8,0.48089691883932933,1,0,1,1,-0.1570863178709765,-0.218031937911286
318,0.8,0.4948618854149987,1,0,1,1,-0.16095879390526258,-0.21777059661340453
319,0.8,0.5022773658044839,1,0,1,1,-0.16320934812185736,-0.21837838432747111
320,0.8,0.5297091619065784,1,0,1,1,-0.16434506813075367,-0.21911724348741438
321,0.8,0.5386571607369183,1,0,0,1,-0.15972084930833005,-0.2207569922725106
322,0.8,0.54433000047015,1,0,0,1,-0.14611335551663399,-0.22213347759200874
323,0.8,0.5587313426906826,1,0,0,1,-0.12814373743370996,-0.2260865301713819
324,0.8,0.5483308846695957,1,0,0,1,-0.11009602208378352,-0.23162476396272644
325,0.8,0.5398158755038261,1,0,0,1,-0.09674505730047411,-0.2342643438861758
326,0.8,0.5432928383329013,1,0,0,1,-0.08985472871496046,-0.23387512361103774
327,0.8,0.5747687324829359,1,0,0,1,-0.08590132620624681,-0.2327585529092882
328,0.8,0.6081601212122739,1,0,0,1,-0.08313756520606475,-0.23172828280715338
329,0.8,0.6309325888978607,0,0,0,1,-0.08211912523376583,-0.229134108995111
330,0.8,0.6945562437132089,0,0,0,1,-0.08338883273281204,-0.22495202611637416
331,0.8,0.7997924888595109,0,0,0,1,-0.08198252231473699,-0.22264817393561093
332,0.8,0.8192662152789784,0,0,0,1,-0.07885078035184583,-0.21936845548034412
333,0.8,0.8469210641539471,0,1,0,1,-0.07416984815633057,-0.21482217536269752
334,0.8,0.8771421351442644,0,1,0,1,-0.06742675119731278,-0.21458803498500903
335,0.8,0.8231225820536774,0,1,1,0,-0.06429485550442472,-0.22238525039995577
336,0.8,0.7763812758747483,0,1,1,0,-0.06501625310898786,-0.22802877069063152
337,0.8,0.7050976243854704,0,1,1,0,-0.06297685500490123,-0.23067714362337602
338,0.8,0.6385885499643332,0,1,1,0,-0.059488432511560246,-0.22862277779243667
339,0.8,0.5901273316212052,0,1,1,0,-0.05488673663093381,-0.22419390591655192
340,0.8,0.5695331767164687,0,1,1,0,-0.04748695421503975,-0.21873094560625805
341,0.8,0.5505445901787865,0,1,1,0,-0.03837453294472357,-0.21373197560306667
342,0.8,0.5557881261791876,0,1,1,0,-0.02910225149445328,-0.2095952458472325
343,0.8,0.5771220082363003,0,1,1,0,-0.02260137335672287,-0.20829468381422803
344,0.8,0.5759094921581188,0,1,1,0,-0.019080860026227477,-0.20819984548275108
345,0.8,0.5999251840497234,0,1,1,0,-0.018343777658182975,-0.20759434551811393
346,0.8,0.6427008513614083,0,1,1,0,-0.018094925747259925,-0.20673402348182976
347,0.8,0.6972219322890074,0,1,1,0,-0.02173564933532325,-0.2091061657429172
348,0.8,0.7490684330171761,0,0,1,0,-0.031653628664581525,-0.2122714416732757
349,0.8,0.6829391422901961,1,0,1,1,-0.04942497649804101,-0.2119382615370781
350,0.8,0.6270423741020639,1,0,1,1,-0.06050899399013398,-0.20377166320760434
351,0.8,0.6608073656306137,1,0,1,1,-0.07072521488313423,-0.197266460228137
352,0.8,0.6864227584836984,1,0,1,1,-0.0805948109050172,-0.19624463739393264
353,0.8,0.7079020739829962,1,0,1,1,-0.0884507120710615,-0.19806103565883637
354,0.8,0.7343847161656291,1,0,1,1,-0.09337487813171448,-0.20211093298447702
355,0.8,0.7370902414888612,1,0,0,1,-0.0924888245817272,-0.20950152878944375
356,0.8,0.7489034903217694,1,0,0,1,-0.08898433217516206,-0.21784597468937614
357,0.8,0.7305905454678178,1,0,0,1,-0.08196199009567459,-0.22517093272142652
358,0.8,0.7092718050763249,1,0,0,1,-0.07181941268274172,-0.22988928256173205
359,0.8,0.6907267711387716,1,0,0,1,-0.06259186146092374,-0.2316253873782958
360,0.8,0.6938703176276136,1,0,0,1,-0.056964775238854994,-0.23169393575733133
361,0.8,0.7143694579823172,1,0,0,1,-0.05270468723103923,-0.23128932616199682
362,0.8,0.7513899513256387,1,0,0,1,-0.05024573801692845,-0.23042880587272432
363,0.8,0.7529925907415973,1,0,0,1,-0.04947408479320423,-0.22771099937203332
364,0.8,0.7604570514595944,0,0,0,1,-0.05230971680734595,-0.22064071190317566
365,0.8,0.8928655860744128,0,0,0,1,-0.05293196408684071,-0.21660355698488917
366,0.8,0.9201387291748035,0,0,0,1,-0.05208709769741321,-0.2121744711833007
367,0.8,0.9285224003666525,0,0,0,1,-0.050598901921917926,-0.20407354456930413
368,0.8,0.9710068240139134,0,1,0,1,-0.04557413185334674,-0.1978469624424961
369,0.8,0.9557585390914719,0,1,1,1,-0.03974157230386081,-0.19746798242020872
370,0.8,0.882018260333444,0,1,1,0,-0.043788268958715466,-0.1992658962470752
371,0.8,0.8063963707567322,0,1,1,0,-0.04778473640918304,-0.20182028294385063
372,0.8,0.739444141899971,0,1,1,0,-0.04898777603671972,-0.20319888842650857
373,0.8,0.6485291030676026,0,1,1,0,-0.04703782379641226,-0.2013568648601216
374,0.8,0.610441935548647,0,1,1,0,-0.042358616015806996,-0.19704144817284294
375,0.8,0.6088418754354434,0,1,1,0,-0.03438497226762004,-0.1929856907086527
376,0.8,0.5824316960633033,0,1,1,0,-0.025805867500288047,-0.19010665925522
377,0.8,0.5811616911946291,0,1,1,0,-0.017238912012995395,-0.18605058583642703
378,0.8,0.606731713397602,0,1,1,0,-0.009654214251286927,-0.18456273030748369
379,0.8,0.6279941168252063,0,1,1,0,-0.004836726970980489,-0.18447330201603845
380,0.8,0.6573348095101085,0,1,1,0,-0.0018174741040789249,-0.18343194136384355
381,0.8,0.7011470102642374,0,1,1,0,-0.0022099783072894465,-0.18362432253227767
382,0.8,0.6889093426617608,1,1,1,0,-0.009899635252015225,-0.18786744906801395
383,0.8,0.6792637766268397,1,0,1,0,-0.024599628670529602,-0.19419860947650155
384,0.8,0.6762771755790359,1,0,1,0,-0.04527085839700302,-0.20021887687228693
385,0.8,0.6241308465338821,1,0,1,1,-0.06349253541644828,-0.20220114554470572
386,0.8,0.6244190897337124,1,0,1,1,-0.07572460715745263,-0.1993728438584117
387,0.8,0.6458273624431988,1,0,1,1,-0.08471718762249635,-0.1987490071410089
388,0.8,0.6615000121055703,1,0,1,1,-0.09064431224826842,-0.20061255251728718
389,0.8,0.6787056401813348,1,0,1,1,-0.09388070079526847,-0.2040902203536928
390,0.8,0.6827700694212621,1,0,0,1,-0.092351473390078,-0.21031440749106473
391,0.8,0.7005260497298309,1,0,0,1,-0.08885925832284215,-0.21754449106564785
392,0.8,0.6973061097486856,1,0,0,1,-0.08115050162344621,-0.22469865630467006
393,0.8,0.6657295164604494,1,0,0,1,-0.07028829562928413,-0.22887718577037305
394,0.8,0.6428669381335561,1,0,0,1,-0.061808964847879705,-0.22892585998881715
395,0.8,0.6640271595544469,1,0,0,1,-0.05778450295490258,-0.22758055981152617
396,0.8,0.6942161138332941,1,0,0,1,-0.05556669646234224,-0.22653832122168077
397,0.8,0.7107829722732405,1,0,0,1,-0.055342960861963254,-0.22395321939851062
398,0.8,0.7385406562913687,0,0,0,1,-0.05707860998128818,-0.2188001147917668
399,0.8,0.8295313308678124,0,0,0,1,-0.05950462097663318,-0.21349690731733148
400,0.8,0.8634965668093089,0,0,0,1,-0.06324993549002174,-0.20625007625131495
401,0.8,0.9079354577171369,0,0,0,1,-0.06799598594288428,-0.19743417313618175
402,0.8,0.9335804214145752,0,1,0,1,-0.06877006393662398,-0.19147810445064947
403,0.8,0.9234326420207287,0,1,0,1,-0.06424939627571263,-0.19048999259680563
404,0.8,0.9276483938343808,0,1,0,0,-0.0612602472426256,-0.19903781702775922
405,0.8,0.8372643204203454,0,1,1,0,-0.06161686120295916,-0.21076508407073652
406,0.8,0.782661736562486,0,1,1,0,-0.06426983348964273,-0.21760590059940113
407,0.8,0.7121722342667663,0,1,1,0,-0.0665352708539989,-0.22264073162432074
408,0.8,0.636673459724948,0,1,1,0,-0.06688532578152587,-0.22314163593650144
409,0.8,0.568959947372735,0,1,1,0,-0.06352316791059665,-0.21848260116366913
410,0.8,0.5659182869518933,0,1,1,0,-0.05610834519597781,-0.21359818238458006
411,0.8,0.5748944278413998,0,1,1,0,-0.0455915716344646,-0.2109423242476425
412,0.8,0.5922279974361389,0,1,1,0,-0.037075668523091417,-0.20973634344855283
413,0.8,0.6107566261643045,0,1,1,0,-0.029087970704693464,-0.20724046448389283
414,0.8,0.6379245619719934,0,1,1,0,-0.023324390320151107,-0.20327686586983332
415,0.8,0.6852341548452586,0,1,1,0,-0.021907561381825143,-0.2010371995787967
416,0.8,0.7155111333513458,1,1,1,0,-0.027012032889372126,-0.2019169807703231
417,0.8,0.7174371712635114,1,0,1,0,-0.041603298026541155,-0.20422174721114936
418,0.8,0.6931577865956107,1,0,1,1,-0.060846826482490755,-0.20668141341743443
419,0.8,0.6681237232793192,1,0,1,1,-0.0735088734125609,-0.2041112592977719
420,0.8,0.6810785132730345,1,0,1,1,-0.08390072053610333,-0.2017080588624505
421,0.8,0.6970297260476581,1,0,1,1,-0.0920052876728516,-0.2014544091914503
422,0.8,0.7113376501562435,1,0,1,1,-0.0972537192442053,-0.20303183051690482
423,0.8,0.7324674648957331,1,0,1,1,-0.09973318145090698,-0.20610175562248462
424,0.8,0.7319985764202521,1,0,0,1,-0.09726736866741757,-0.21158565186924205
425,0.8,0.7440365496864578,1,0,0,1,-0.09257808817359653,-0.21726185155940514
426,0.8,0.7419652750995294,1,0,0,1,-0.08347303721462426,-0.22264800148477704
427,0.8,0.7186383862354313,1,0,0,1,-0.07110228812792194,-0.22567788082723525
428,0.8,0.702557209073313,1,0,0,1,-0.06068183341550851,-0.22523943593775125
429,0.8,0.7369311521970571,1,0,0,1,-0.05507877148721786,-0.22406989039749495
430,0.8,0.7508042934119894,1,0,0,1,-0.05142893367980154,-0.22270358630020493
431,0.8,0.7637718357195121,1,0,0,1,-0.05034876601562386,-0.21922958921225688
432,0.8,0.8011027808947565,0,0,0,1,-0.05002950813387854,-0.21423166465323562
433,0.8,0.8422727843309991,0,0,0,1,-0.05212709181669052,-0.20711487726046818
434,0.8,0.8915903073107682,0,0,0,1,-0.05660781501384287,-0.19836092202739014
435,0.8,0.947088873063758,0,0,0,1,-0.06202665493001775,-0.19061383847251542
436,0.8,0.9739600064808961,0,1,0,1,-0.06563330887998481,-0.18661129507883523
437,0.8,0.9375331093127899,0,1,0,0,-0.06719337208919332,-0.19371525877588663
438,0.8,0.866451138586207,0,1,1,0,-0.06705081536406993,-0.20793788222024087
439,0.8,0.7757633342029383,0,1,1,0,-0.07047591244544468,-0.21745670164006786
440,0.8,0.6855542616089162,0,1,1,0,-0.07372277872879475,-0.22344868578034818
441,0.8,0.5831247173386855,0,1,1,0,-0.07499370122322928,-0.22404936100446118
442,0.8,0.4900820853008625,0,1,1,0,-0.07209392700922526,-0.21884143174102894
443,0.8,0.488625301198179,0,1,1,0,-0.06472375120808203,-0.21308255989038877
444,0.8,0.4901887361347124,0,1,1,0,-0.05402580902073491,-0.20990126457313027
445,0.8,0.5037346568678689,0,1,1,0,-0.0446402235130829,-0.20862790529893926
446,0.8,0.5227755523435821,0,1,1,0,-0.03546754094640525,-0.20788913933567257
447,0.8,0.5532429467209405,0,1,1,0,-0.028987346957544822,-0.20728648782087697
448,0.8,0.5995918282057534,0,1,1,0,-0.028152581743874392,-0.20902768790975124
449,0.8,0.6380699638207524,0,1,1,0,-0.03335887034212505,-0.21415284056746955
450,0.8,0.6292210766986965,1,1,1,0,-0.043483767330482835,-0.21881753331325438
451,0.8,0.5739022291232242,1,0,1,1,-0.06014678496469792,-0.22003699730851867
452,0.8,0.5508864534821142,1,0,1,1,-0.07396651336579164,-0.2145955395297348
453,0.8,0.570225750861165,1,0,1,1,-0.08686933334838305,-0.21102580393600498
454,0.8,0.5917280225922449,1,0,1,1,-0.09770244951277553,-0.21019141147803816
455,0.8,0.607074809836132,1,0,1,1,-0.10535210323508074,-0.21104751350278678
456,0.8,0.6200938593575799,1,0,1,1,-0.10992634530844277,-0.21244210421355322
457,0.8,0.6325207796307959,1,0,1,1,-0.11218359598956566,-0.21386746327499365
458,0.8,0.6461482130763438,1,0,1,1,-0.11297400820266885,-0.21504359472390802
459,0.8,0.6733101106243524,1,0,0,1,-0.1100697791123005,-0.21731673548268374
460,0.8,0.7043584099644826,1,0,0,1,-0.10034055399508619,-0.2214956536369269
461,0.8,0.6910860349986708,1,0,0,1,-0.08467839143787143,-0.2247724752549032
462,0.8,0.6587451213043156,1,0,0,1,-0.0690658650702906,-0.22566090280519446
463,0.8,0.6493618128352043,1,0,0,1,-0.05864863432219117,-0.2240604702710525
464,0.8,0.6763637076763452,1,0,0,1,-0.054566131810922854,-0.22247907810725148
465,0.8,0.690684633823354,1,0,0,1,-0.05361811215535208,-0.2209866663509601
466,0.8,0.6996822342547654,0,0,0,1,-0.05389664853824905,-0.21746702488282546
467,0.8,0.7707990929530555,0,0,0,1,-0.05278422448439257,-0.21355045375554876
468,0.8,0.802769920592358,0,0,0,1,-0.05188560082097916,-0.20765231731579167
469,0.8,0.8386320987729882,0,0,0,1,-0.05369805640666063,-0.19813301580147694
470,0.8,0.8899908561084972,0,0,0,1,-0.05656277254312919,-0.18908169906949635
471,0.8,0.9291770331393869,0,1,0,1,-0.056501681558689947,-0.18438813054281697
472,0.8,0.9114019541552553,0,1,0,0,-0.054436311101659696,-0.19060937158790836
473,0.8,0.8511422333034996,0,1,1,0,-0.05187005684285928,-0.2044131239156138
474,0.8,0.7884184520603227,0,1,1,0,-0.05411220939144012,-0.2147680305362975
475,0.8,0.6964615933282353,0,1,1,0,-0.05728011178481555,-0.2209819409905262
476,0.8,0.5928099502094952,0,1,1,0,-0.058091223715591035,-0.21981446584753606
477,0.8,0.5230481195085346,0,1,1,0,-0.054003606616670016,-0.2130911489836188
478,0.8,0.5445772435065707,0,1,1,0,-0.04471425578973596,-0.20761287984081506
479,0.8,0.5501395055472058,0,1,1,0,-0.032821247217572326,-0.20540693801406512
480,0.8,0.5630586285350466,0,1,1,0,-0.022088363996468272,-0.20413352811346802
481,0.8,0.6056894043080645,0,1,1,0,-0.012611509932852774,-0.20519761857812627
482,0.8,0.6353971632674116,0,1,1,0,-0.006467475180955698,-0.20672914084599314
483,0.8,0.6803168781389388,0,1,1,0,-0.006377633461476617,-0.2094393597890298
484,0.8,0.7211221896890737,0,1,1,0,-0.012955487997775888,-0.21453926620194305
485,0.8,0.7292463708172898,0,1,1,0,-0.024559245047117827,-0.21854045238285982
486,0.8,0.6763996170697504,0,0,1,1,-0.04119280835348341,-0.21630889879836637
487,0.8,0.653178337522342,0,0,1,1,-0.05423035130474924,-0.20334762151368171
488,0.8,0.6803719695296626,0,0,1,1,-0.06675374960829152,-0.18915472089805113
489,0.8,0.7264563114490742,0,0,1,1,-0.07755304150597313,-0.1770529109018872
490,0.8,0.7206631454224947,1,0,1,1,-0.0842921211459884,-0.16725355869046005
491,0.8,0.6986396153216908,1,0,0,1,-0.08656756237669094,-0.1592516799457504
492,0.8,0.6800082213247088,1,0,0,1,-0.08466586587876124,-0.1550484535229136
493,0.8,0.673086743774835,1,0,0,1,-0.08091053609919376,-0.15501601783935118
494,0.8,0.6401548332592022,1,0,0,1,-0.07355439953357995,-0.1564885553247682
495,0.8,0.6013516628160973,1,0,0,1,-0.06473516102054527,-0.1567781124511235
496,0.8,0.578987258094871,1,0,0,1,-0.05863310359373279,-0.15500017873665153
497,0.8,0.5979671425045857,1,0,0,1,-0.056666522544403936,-0.1525769923597534
498,0.8,0.6316564162866318,1,0,0,1,-0.05721792063007544,-0.15086634758872589
499,0.8,0.6392415634738019,1,0,0,1,-0.0566411417487056,-0.14803184924792231
500,0.8,0.6639205511921593,1,0,0,1,-0.05656002120333263,-0.14305154095566483
501,0.8,0.6703811250725765,0,0,0,1,-0.05709328752104504,-0.13591421387859215
502,0.8,0.7299195536884567,0,0,0,1,-0.056951292876317575,-0.12879224071907805
503,0.8,0.7979870810384887,0,0,0,1,-0.05462008817645192,-0.12227438813622633
504,0.8,0.8281312949729894,0,0,0,1,-0.05051773395501769,-0.11495290573011102
505,0.8,0.8852682597891972,0,0,0,1,-0.04472921710677082,-0.10850324801695778
506,0.8,0.9225641021553191,0,0,0,1,-0.038984863931902446,-0.10303057373905165
507,0.8,0.9228101809537895,0,1,1,1,-0.03553573731711738,-0.0967910871117553
508,0.8,0.955701560058805,0,1,1,1,-0.03266272748473126,-0.09161679912605465
509,0.8,0.971534636400351,0,1,1,1,-0.030081163783785416,-0.0896327241254993
510,0.8,0.964406226121117,0,1,1,0,-0.03013211187182818,-0.0935445799338086
511,0.8,0.9228615835049946,0,1,1,0,-0.030223876988807918,-0.09859535848210672
512,0.8,0.8694537701573121,0,1,1,0,-0.028962485818644818,-0.10065832887045384
513,0.8,0.8397229946820505,0,1,1,0,-0.024471376986855115,-0.10016179171135663
514,0.8,0.8371066836708335,0,1,1,0,-0.017016810127888898,-0.09777950614257185
515,0.8,0.8485212048881591,0,1,1,0,-0.010546613025245753,-0.09396326771789233
516,0.8,0.8653974691056228,0,1,1,0,-0.004994767374788085,-0.08924593483090001
517,0.8,0.889077180738061,0,1,1,0,-0.0005914121034360603,-0.08406726729778793
518,0.8,0.9204732336011071,0,1,1,0,0.0022486596830365844,-0.07980549914998764
519,0.8,0.9592418748991872,0,1,1,0,0.004912697893166314,-0.07500883025909617
520,0.8,0.9926780416782535,0,1,1,0,0.005947597471217633,-0.0690138314649871
521,0.8,1.0211271216608302,0,1,1,0,0.004364683311753669,-0.06215671617583299
522,0.8,1.0313920122307827,0,0,1,0,-0.0005732388661933906,-0.0523437161388231
523,0.8,1.0884326457928581,1,0,1,0,-0.009425001143330706,-0.04244187791712876
524,0.8,1.1089557423467002,1,0,1,1,-0.02525373698997538,-0.03765578469118824
525,0.8,1.0410601409889837,1,0,1,1,-0.03156519136498111,-0.02769120127621365
526,0.8,1.0446913625025598,1,0,0,1,-0.033337407957619275,-0.01944033126459764
527,0.8,1.0252141104455295,1,0,0,1,-0.0331320834918737,-0.018518715753239347
528,0.8,0.977987150659939,1,0,0,1,-0.03087127224745722,-0.018429485120703974
529,0.8,0.9273185440791137,1,0,0,1,-0.028845137849887174,-0.015959619292353337
530,0.8,0.9145653426384044,1,0,0,1,-0.027166737094557327,-0.014370059346694908
531,0.8,0.9122011982963363,1,0,0,1,-0.02793414782646906,-0.014154202200149754
532,0.8,0.9249743849397345,1,0,0,1,-0.03048485869864278,-0.015634062398645475
533,0.8,0.9441666098327601,1,0,0,1,-0.029426455889877755,-0.018647774905080603
534,0.8,0.9350595323391654,1,0,0,1,-0.025803176725501472,-0.01986279165092116
535,0.8,0.9500466786117341,1,0,0,1,-0.021278853120184488,-0.017807506549870376
536,0.8,0.9458207377960794,1,0,0,1,-0.01946731142182291,-0.01307867423611466
537,0.8,0.9738234844637387,1,0,0,1,-0.01686211255902148,-0.009315449421367257
538,0.8,0.9808123495473536,1,0,0,1,-0.014059264751166443,-0.0067948881213899795
539,0.8,1.007712919365044,1,0,0,1,-0.012769887925314851,-0.0035476736373714567
540,0.8,1.0633163850830232,1,0,0,1,-0.009439812937595599,-0.002419907654757181
541,0.8,1.09128591937436,1,0,0,1,-0.003483154406336472,-0.0006273433932145201
542,0.8,1.105851128880689,1,1,0,1,0.004160394492593191,0.002502549547550016
543,0.8,1.0984279544124629,0,1,1,1,0.01238928551366398,0.005220792479164339
544,0.8,1.1393944031370813,0,1,1,1,0.018948159466741235,0.008595444065257021
545,0.8,1.0863946372073057,0,1,1,0,0.024460331631876258,0.008814223491415378
546,0.8,1.0613350966771353,0,1,1,0,0.027668033368836175,0.007621389689321795
547,0.8,1.064140453709449,0,1,1,0,0.029351120000755893,0.0040802233608802155
548,0.8,1.0543741709960073,0,1,1,0,0.030114317021620696,-0.000740969808710836
549,0.8,1.039450923579236,0,1,1,0,0.030935186417785095,-0.0035150211433508903
550,0.8,1.0278500759701663,0,1,1,0,0.03052769764363262,-0.0040511717135861165
551,0.8,1.013074554000183,0,1,1,0,0.029186825099032043,-0.0027395625533966016
552,0.8,0.9975479313363792,0,1,1,0,0.028764557478971758,0.00014955136125972972
553,0.8,0.9860643657241963,0,1,1,0,0.030664607229580514,0.0043943564924065655
554,0.8,0.9872134623065865,0,1,1,0,0.032694094128826456,0.00908475608179098
555,0.8,0.9931097837573509,0,1,1,0,0.034589774272531265,0.013536092030024417
556,0.8,0.9985831367361709,0,1,1,0,0.036904391624733364,0.01739647976605203
557,0.8,0.9994688334849384,0,1,1,0,0.04145016472002983,0.02128399738481426
558,0.8,1.018661319957568,0,1,1,0,0.048993797461751885,0.024704482236846365
559,0.8,1.0375041748995748,1,1,1,0,0.05555245091950705,0.0272653965244787
560,0.8,1.0070675559294981,1,1,1,0,0.053346801007382906,0.026897240013879494
561,0.8,0.9908636641717736,1,1,1,0,0.04679963885161592,0.022276031650556458
562,0.8,0.9578436385229353,1,1,1,0,0.0381159699665037,0.015565472620045217
563,0.8,0.8954615730229973,1,0,1,0,0.02637995997652705,0.009283601589261262
564,0.8,0.8287253262310329,1,0,1,1,0.015215366890517766,0.005933314569118509
565,0.8,0.8186066721722465,1,0,1,1,0.004628004925275717,0.004155807130155541
566,0.8,0.8014155487336306,1,0,1,1,-0.004251176064950593,-3.95998891484614e-05
567,0.8,0.7751712691465809,1,0,0,1,-0.008869883408418764,-0.006525982987631327
568,0.8,0.8125370697323061,1,0,0,1,-0.01029304590043784,-0.0169224595874615
569,0.8,0.8034851985109919,1,0,0,1,-0.007096220745872427,-0.028613366050288472
570,0.8,0.7727847631534621,1,0,0,1,0.0012793960741913025,-0.0362462408263929
571,0.8,0.7465156698538349,1,0,0,1,0.010224313921545592,-0.0391884411337189
572,0.8,0.7434709456908971,1,0,0,1,0.016642117114682307,-0.0399472642898657
573,0.8,0.7489192220552673,1,0,0,1,0.020902922664986782,-0.04023807855605553
574,0.8,0.7643975143175602,1,0,0,1,0.02344214003674058,-0.04022593283144799
575,0.8,0.7661114648165093,1,0,0,1,0.024201190258065018,-0.03780204713834151
576,0.8,0.7947715864698798,1,0,0,1,0.023110695524541047,-0.03439466493136247
577,0.8,0.8036810327636568,1,0,0,1,0.02118254364106359,-0.031009955756606887
578,0.8,0.8397038975146879,1,0,0,1,0.019226075429556642,-0.026911591121067457
579,0.8,0.8669687838663775,1,0,0,1,0.01575944724813188,-0.02090568983826889
580,0.8,0.9462338136085943,0,0,0,1,0.01898572974648753,-0.016657711475106116
581,0.8,0.9864178440068049,0,0,0,1,0.029631637913060425,-0.011218855458398494
582,0.8,0.9816683220410586,0,1,1,1,0.04251561609174561,-0.0018746094658802924
583,0.8,0.9996271211702193,0,1,1,1,0.04704663920235531,0.01103626684019649
584,0.8,1.023793323332462,0,1,1,1,0.04753746028708099,0.020467887465255217
585,0.8,1.021627058866272,0,1,1,0,0.04407002678494597,0.023770142909307845
586,0.8,1.012863883962848,0,1,1,0,0.03966915980523627,0.02162984663615658
587,0.8,0.9975892082396784,0,1,1,0,0.03743361660638428,0.017080620395786273
588,0.8,0.9752765299979271,0,1,1,0,0.03769440532746879,0.01281871294059412
589,0.8,0.9511637513964535,0,1,1,0,0.039701669708963584,0.011619050758087729
590,0.8,0.9433425713386233,0,1,1,0,0.04262054495019917,0.013097629775704955
591,0.8,0.9503413490877691,0,1,1,0,0.04660873269381085,0.01616582961232991
592,0.8,0.9768050098562725,0,1,1,0,0.050306057234563197,0.01910928183973737
593,0.8,0.9961751556332812,0,1,1,0,0.052973133045967985,0.02133271943152172
594,0.8,1.0045736719355252,0,1,1,0,0.05337948868328034,0.023882349588866314
595,0.8,1.021395545884855,0,1,1,0,0.05153731713094332,0.026406038014450635
596,0.8,1.0499521040609514,0,1,1,0,0.05005323239787194,0.028938694793483134
597,0.8,1.0745088474185196,0,1,1,0,0.049092312152212395,0.0314307358526981
598,0.8,1.0995637150840218,0,1,1,0,0.047520383400447175,0.034355339687990365
599,0.8,1.1324266288905989,0,0,1,0,0.043693752768614834,0.03772608072512077
600,0.8,1.1555699405020374,0,0,1,0,0.03322113741414085,0.04266553283077292
601,0.8,1.1399217590384136,1,0,1,0,0.017294909790013097,0.04758874967460189
602,0.8,1.1111931274163929,1,0,1,1,0.003794839288764755,0.05152908812666418
603,0.8,1.0717296128403706,1,0,0,1,0.0009110638265879896,0.058347732059470615
604,0.8,1.072949278733709,1,0,0,1,0.0011905709923256862,0.060611065667749195
605,0.8,1.042755048783081,1,0,0,1,0.002190318318704883,0.0586509984010636
606,0.8,1.0168708932829422,1,0,0,1,0.005501708995893449,0.055144331689189655
607,0.8,0.9890429218444563,1,0,0,1,0.00822685597156757,0.05117852377993909
608,0.8,0.987415953097452,1,0,0,1,0.008484541891155967,0.047547267761934964
609,0.8,0.9930949533551371,1,0,0,1,0.00822310194038263,0.04320942878738211
610,0.8,1.0037072152843765,1,0,0,1,0.010320188863901791,0.03927948131407585
611,0.8,1.0194107693367376,0,0,0,1,0.014923137242250117,0.03719320280789029
612,0.8,1.0395198220379585,0,0,0,1,0.020436392841637428,0.03819522606491134
613,0.8,1.0521241323247363,0,0,0,1,0.0262041777284778,0.04176740689690842
614,0.8,1.0756111107007857,1,0,0,1,0.03292142184139368,0.045657598053806044
615,0.8,1.0899888569348744,1,0,0,1,0.03769074543301098,0.04894637857846905
616,0.8,1.1173475986824428,1,0,0,1,0.03991651127233129,0.052642443423903416
617,0.8,1.1715056352287072,1,0,0,1,0.04423634480021275,0.053869354051535805
618,0.8,1.1587443228132486,1,0,1,1,0.04747482528746985,0.057058057972312656
619,0.8,1.1622220588172627,1,0,1,1,0.043653053598827284,0.07008778134699095
620,0.8,1.1752006832863997,1,0,1,0,0.03624131760099749,0.08416825827125791
621,0.8,1.1540388245276771,0,0,1,0,0.024977410299436342,0.10086064613829024
622,0.8,1.1827217720332126,0,0,1,0,0.011550773211061082,0.11852192440380929
623,0.8,1.1792359040795692,0,1,1,0,-0.0008614749262891872,0.136849118125753
624,0.8,1.1761015023216173,0,1,1,0,-0.005501982465135119,0.15246083877922775
625,0.8,1.1890789821347199,0,1,1,0,-0.003832664023527808,0.16484778585551882
626,0.8,1.2112840190633662,0,1,1,0,0.0024445825656340464,0.17479381388297568
627,0.8,1.2271942001929825,0,1,1,0,0.008089304548134543,0.18228678468711368
628,0.8,1.2275401753703572,0,1,1,0,0.010039343843876074,0.18759022610274736
629,0.8,1.2227363836034628,0,1,1,0,0.010785602767329393,0.19123756845720857
630,0.8,1.2193162993133269,0,1,1,0,0.011836365675457108,0.1936950284292414
631,0.8,1.2160201142521798,0,1,1,0,0.012176542087786953,0.19498093500273042
632,0.8,1.2169941758201548,0,1,1,0,0.012082103315539803,0.19548620547052623
633,0.8,1.2172751496901268,0,1,1,0,0.011772816306123729,0.19568231085589324
634,0.8,1.2255019079958056,0,1,1,0,0.012863920221603634,0.19617003924935003
635,0.8,1.2318381663714275,0,1,1,0,0.012545409359165099,0.19712296808631288
636,0.8,1.2483301356586916,0,1,1,0,0.010601720018386867,0.1982893332134773
637,0.8,1.2644997703235084,1,1,1,0,0.005356114257494322,0.19921550899123328
638,0.8,1.2622227128362051,1,1,1,0,-0.0040804683668172895,0.19872026486250632
639,0.8,1.2357972806004769,1,0,1,1,-0.014392601458249974,0.19672704679795822
640,0.8,1.1505140010969326,1,0,1,1,-0.01782923431126823,0.20377934724601665
641,0.8,1.1338718195622033,1,0,0,1,-0.017682254630748545,0.2119384330091998
642,0.8,1.1233935948520015,1,0,0,1,-0.020327167124821348,0.2167967562931389
643,0.8,1.1106205595835676,1,0,0,1,-0.02395074057890347,0.2207409499214799
644,0.8,1.0999517979908215,1,0,0,1,-0.029394610425811048,0.22413235023899505
645,0.8,1.093030505725894,1,0,0,1,-0.03687204964339442,0.22805126273628482
646,0.8,1.1127844408657217,1,0,0,1,-0.041661209264194414,0.2297968182988184
647,0.8,1.1322100617173543,1,0,0,1,-0.04155649279568255,0.2278623677455382
648,0.8,1.131879190542226,1,0,0,1,-0.04090831746157111,0.22643217485338551
649,0.8,1.1390256140646016,1,0,0,1,-0.04071400150839182,0.2272547457895012
650,0.8,1.1487252242432666,1,0,0,1,-0.041515704495313825,0.2302825125783385
651,0.8,1.1508315769328057,1,0,0,1,-0.04511099489705063,0.23552146171506164
652,0.8,1.153156426259316,1,0,0,1,-0.05028964311931303,0.24151549223629806
653,0.8,1.1490052867155793,1,0,0,1,-0.057044463177379504,0.24809616449434663
654,0.8,1.146987181005335,1,0,0,1,-0.06473895265015576,0.25521865961729717
655,0.8,1.1635695776191313,1,0,0,1,-0.07336289592877193,0.26279318374751126
656,0.8,1.1031841875564234,1,1,0,1,-0.06947510291316626,0.26473256749015023
657,0.8,1.0520814050724516,1,1,0,1,-0.05791372071695919,0.2573664608323737
658,0.8,0.998563247713088,1,1,0,1,-0.04524065603214581,0.24460215852319564
659,0.8,0.9574527912413122,1,1,0,1,-0.03404212017996408,0.2285471757240449
660,0.8,0.8603811760610383,0,1,1,0,-0.024600515119536884,0.21085916433184765
661,0.8,0.8699280183174863,0,1,1,0,-0.018367306589453066,0.1946885829627972
662,0.8,0.8831872367308276,0,1,1,0,-0.015552504992242921,0.17623602190536192
663,0.8,0.8836230564103241,0,1,1,0,-0.01741979867930884,0.16137047317845946
664,0.8,0.8895442330282558,0,1,1,0,-0.021009805593657567,0.15108878779379717
665,0.8,0.8861295589428321,0,1,1,0,-0.02501710909306859,0.1464106496339539
666,0.8,0.878926363362965,0,1,1,0,-0.028899285530076868,0.1466343226514405
667,0.8,0.8660414883583819,0,1,1,0,-0.03275921049973873,0.14987434309980793
668,0.8,0.8450654499373562,0,1,1,0,-0.037112097138115606,0.1546295767424701
669,0.8,0.8374742822978288,0,1,1,0,-0.04083878082515871,0.15946686809527277
670,0.8,0.8378788644778111,0,1,0,0,-0.044942881344333246,0.16346139857762762
671,0.8,0.8470619388661713,0,1,0,0,-0.04865412618292712,0.16609693237773862
672,0.8,0.8503542703949173,0,1,0,0,-0.04852463541625728,0.16661200923312736
673,0.8,0.8673093316644048,0,1,1,0,-0.04572861847731963,0.16471033281084843
674,0.8,0.9005031049694482,0,1,1,0,-0.042764809877687965,0.16352992685472284
675,0.8,0.9368247966864766,0,1,1,0,-0.04184206522557177,0.16300328670198652
676,0.8,0.9771649661424601,0,1,1,0,-0.04200884946611193,0.16270913844923343
677,0.8,0.9752970053123305,0,1,1,1,-0.036811243146447084,0.1675618471359632
678,0.8,0.9798664748224115,0,1,0,1,-0.023209062593410584,0.177073179402346
679,0.8,0.9772632861544089,1,1,0,1,-0.004645700840826918,0.18641143956461345
680,0.8,0.9752405627252427,1,0,0,1,0.006462589082779288,0.19484352693326926
681,0.8,0.9789182220632218,1,0,0,1,0.009119133170651604,0.20159021630157775
682,0.8,0.9820211959170613,1,0,0,1,0.005051905885554669,0.2078111876975037
683,0.8,0.9837597984733661,1,0,0,1,-0.002537140354496185,0.21401551670402427
684,0.8,1.0042685514246044,1,0,0,1,-0.0063466473252288035,0.21688116769778706
685,0.8,1.0204889131662804,1,0,0,1,-0.00512934351173317,0.2154000056641424
686,0.8,1.0220938408024176,1,0,0,1,-1.3726295498330956e-05,0.21271870080796978
687,0.8,1.0232967380095197,1,0,0,1,0.007901694985074668,0.20933333498578302
688,0.8,1.010097597703613,1,0,0,1,0.01487558148426599,0.20624721383140424
689,0.8,0.9986420708840117,1,0,0,1,0.02117012792264454,0.20319189788589428
690,0.8,0.9823004156179088,1,0,0,1,0.026302603740083638,0.19966964671702822
691,0.8,0.9701671171981999,1,0,0,1,0.03142578735053299,0.19653148083356242
692,0.8,0.9643142713770647,1,0,0,1,0.03461540509608825,0.19460008660663886
693,0.8,0.9594906699225756,1,0,0,1,0.04031188364072625,0.1926845202961042
694,0.8,0.9691690047768919,1,0,0,1,0.047436656881661966,0.1915161681009577
695,0.8,0.9627573412690825,1,0,0,1,0.0542314995151952,0.19094294182745908
696,0.8,0.9526093569067848,1,0,1,1,0.0577399535859331,0.1941920976541916
697,0.8,0.9711181666716735,1,0,1,1,0.05682791684596925,0.20174498959906215
698,0.8,0.9922184900255622,1,1,1,1,0.05337836289049451,0.2099099829507249
699,0.8,1.01869124520406,1,1,1,1,0.04940727607689463,0.21707801037060342
700,0.8,1.0040824537295427,1,1,1,0,0.045759144329402764,0.22277916458592661
701,0.8,0.97385327093258,0,1,1,0,0.04373621423335346,0.22582168408670805
702,0.8,1.00572917730469,0,1,1,0,0.04484905004103563,0.2239481647329882
703,0.8,1.053093239313165,0,1,1,0,0.04926496166895283,0.21784339038345496
704,0.8,1.0816938956266133,0,1,1,0,0.053647535202418564,0.21210442433135557
705,0.8,1.1081175391968388,0,1,1,0,0.055891994326324815,0.20976502027610022
706,0.8,1.1324344953065915,0,1,1,0,0.055470308190378376,0.2102002147867585
707,0.8,1.1460101190599474,0,1,1,0,0.05288671612135963,0.21263733330245688
708,0.8,1.1446223041864678,0,1,1,0,0.05062199639205688,0.2164320842052847
709,0.8,1.1298133549594784,0,1,1,0,0.052510821716763086,0.22184622151352662
710,0.8,1.1188134407904573,0,1,0,0,0.05782570487061202,0.22812361001504897
711,0.8,1.1114723701178597,0,1,0,0,0.06356232820216988,0.2337210238034404
712,0.8,1.1053224109056201,0,1,0,0,0.0684876635743723,0.23896445184518111
713,0.8,1.1114915958259288,0,1,0,0,0.07351139591830855,0.2438640837377747
714,0.8,1.1297728221147638,0,1,0,0,0.08054162483923347,0.24838857896446415
715,0.8,1.1225221770963116,1,1,0,0,0.08373053082295226,0.24969941338852755
716,0.8,1.1175952681859087,1,1,0,0,0.07728291464319842,0.24129022249826004
717,0.8,1.1220697777668622,1,1,1,0,0.06740365631262657,0.2270525223410206
718,0.8,1.0778255738580773,1,1,1,0,0.05396466805020986,0.21394459818816677
719,0.8,1.0407385320100904,1,0,1,1,0.03827508474826675,0.2014708432291022
720,0.8,0.9827491174062342,1,0,0,1,0.028156721932318378,0.19224712191233553
721,0.8,1.005365517578392,1,0,0,1,0.02206250027635845,0.1844359256221057
722,0.8,0.9995127765147407,1,0,0,1,0.01977743919151887,0.17555054082341795
723,0.8,1.001985343202737,1,0,0,1,0.021546527015724827,0.16880867704221425
724,0.8,0.9899743741957306,1,0,0,1,0.024458349128317833,0.16595918401375914
725,0.8,0.9860121016938882,1,0,0,1,0.027470062280104537,0.16699958875155888
726,0.8,0.984859745349116,1,0,0,1,0.02976750146390333,0.16976735041233193
727,0.8,0.994205369102071,1,0,0,1,0.0318857210420896,0.1728977327988218
728,0.8,1.0093041091034018,1,0,0,1,0.03390470863476443,0.17573180742877012
729,0.8,1.0132831470284998,1,0,0,1,0.03577676134676245,0.17943223917909393
730,0.8,1.0044349284472918,1,0,0,1,0.03377326195172737,0.18555793266089926
731,0.8,1.0031693474333392,1,0,0,1,0.02874638848498073,0.19252498584594008
732,0.8,0.9976747567246542,1,0,0,1,0.022392627290903928,0.19924951593657556
733,0.8,1.0072086052817333,1,0,0,1,0.013520528437278191,0.2061487008152839
734,0.8,1.0368800455442444,1,0,0,1,0.00490172018690855,0.2122665871129681
735,0.8,1.0550850875784816,1,1,0,1,0.0007962369973950136,0.21794377745982346
736,0.8,1.040899123443283,1,1,0,1,0.00590164561641761,0.21960039069869405
737,0.8,0.9969435058542857,0,1,0,1,0.014956240118309296,0.21819009896220976
738,0.8,0.9232287393199762,0,1,1,0,0.01811476485271937,0.21612156555479894
739,0.8,0.9197508730869536,0,1,1,0,0.01521659206864638,0.2131502483791885
740,0.8,0.9268336284978316,0,1,1,0,0.010980890513590096,0.20602008306693356
741,0.8,0.938750226421238,0,1,1,0,0.007397744485635633,0.19732634247500785
742,0.8,0.9431696028943084,0,1,1,0,0.005262041281169513,0.19006867112581674
743,0.8,0.9432853211720428,0,1,1,0,0.001820976279497226,0.1851179738716725
744,0.8,0.9332679655561363,0,1,1,0,-0.003057076004879938,0.18260139512923562
745,0.8,0.917255407374434,0,1,1,0,-0.006561277950881947,0.18187115035162252
746,0.8,0.9051970173774027,0,1,1,0,-0.00686674973566225,0.18273696234850578
747,0.8,0.9079265534040178,0,1,1,0,-0.007118906501563899,0.18337804515946002
748,0.8,0.9070989709293817,0,1,1,0,-0.00895432832164896,0.18343800456740186
749,0.8,0.9147563913387168,0,1,1,0,-0.011949730476494735,0.18351460393093535
750,0.8,0.9189421923668614,0,1,1,0,-0.015432544424758108,0.1841607911368464
751,0.8,0.9333010214018963,0,1,1,0,-0.017426488271084374,0.18572219985959298
752,0.8,0.957077037674951,0,1,1,0,-0.019218802336317238,0.18681974315669772
753,0.8,0.9892122181230745,0,1,1,0,-0.02280550398466594,0.18664679847482235
754,0.8,1.028498801613799,0,1,1,0,-0.02742779750155959,0.18588448271291358
755,0.8,1.0451900194271182,0,1,1,1,-0.029873036983463122,0.18731137029185013
756,0.8,1.0278483840454218,1,1,1,1,-0.027029873977088274,0.19726484671419073
757,0.8,0.990368704346144,1,0,0,1,-0.02212414230895424,0.20908961653473593
758,0.8,0.9878974980818173,1,0,0,1,-0.0189137127835445,0.2158627368724872
759,0.8,0.970040078222589,1,0,0,1,-0.01880378003551665,0.21960480552628453
760,0.8,0.957416277175581,1,0,0,1,-0.020610573209674396,0.2257788052297377
761,0.8,0.9675244869174692,1,0,0,1,-0.025249744341689185,0.23125616232202043
762,0.8,0.9684088906816968,1,0,0,1,-0.03316954444626031,0.23594305152269396
763,0.8,0.9955368730914986,1,0,0,1,-0.03816446105785521,0.23765648999161576
764,0.8,1.0260744147821794,1,0,0,1,-0.037036248655329375,0.23369943036330207
765,0.8,1.0388441327942548,1,0,0,1,-0.03407809817222025,0.22765847249013452
766,0.8,1.040026879934344,1,0,0,1,-0.03037725658619235,0.22413070612957864
767,0.8,1.0359492723073256,1,0,0,1,-0.026689695144203458,0.22417790566159826
768,0.8,1.0323168984499582,1,0,0,1,-0.024445758249007455,0.22589833393738426
769,0.8,1.031269732046474,1,0,0,1,-0.02347410362355276,0.22790256148789317
770,0.8,1.0282290776282097,1,0,0,1,-0.023166576441900736,0.2300681001690295
771,0.8,1.0306020979740413,1,0,0,1,-0.023523945108212273,0.23318922315472254
772,0.8,1.0630715323160087,1,0,0,1,-0.02592078133691657,0.23711653571673608
773,0.8,1.0757117251708965,1,1,0,1,-0.023163712815822933,0.23867843481521372
774,0.8,1.0569566457570934,1,1,0,1,-0.010592116250451014,0.2333862202953786
775,0.8,1.0029349061707045,1,1,0,1,0.002067571595539387,0.22600588051910328
776,0.8,0.9590237361251476,1,1,1,1,0.009766137706933098,0.2185880659788458
777,0.8,0.9441698237185449,1,1,1,1,0.011000836775134927,0.21253138247167697
778,0.8,0.903557582251754,0,1,1,0,0.013066772770039477,0.2052079969394457
779,0.8,0.9050627250938527,0,1,1,0,0.01489579392772926,0.19771265616016706
780,0.8,0.9134735106725428,0,1,1,0,0.016195673015714684,0.189993109213444
781,0.8,0.9187101193109966,0,1,1,0,0.01722552020859569,0.18426275568108674
782,0.8,0.9366952532685002,0,1,1,0,0.01970815254027811,0.18142282360903458
783,0.8,0.9470962290869964,0,1,1,0,0.021551022426446617,0.1820061632620046
784,0.8,0.9538721022081875,0,1,1,0,0.021931836500926418,0.1856229296287263
785,0.8,0.9510745735419248,0,1,1,0,0.02199258746383287,0.19163349003866267
786,0.8,0.9528625843252351,0,1,1,0,0.02335910134394217,0.19929073806269973
787,0.8,0.9455967820787624,0,1,1,0,0.026492060484352976,0.20753303468059062
788,0.8,0.9448161987122216,0,1,1,0,0.0316164422702903,0.21536982260941664
789,0.8,0.9422680468163971,0,1,1,0,0.037522695911401394,0.22196081791302372
790,0.8,0.9492058843864962,0,1,0,0,0.044511921935665916,0.22754564301487887
791,0.8,0.949455148019263,1,1,1,0,0.054058489883012775,0.23238143579936255
792,0.8,0.9010596483629546,1,1,1,0,0.05035729664144416,0.23026378376779658
793,0.8,0.8525832344586277,1,1,1,0,0.039936424397538715,0.22096468346399636
794,0.8,0.8206555835996534,1,1,1,0,0.02540434977514236,0.2078488598766351
795,0.8,0.8155789783621837,1,0,1,0,0.008416459445868883,0.19329428698614406
796,0.8,0.8006932224442069,1,0,1,1,-0.00906215128289406,0.17824773196876642
797,0.8,0.7666262483645586,1,0,1,1,-0.019352236999120177,0.1681770794019941
798,0.8,0.7596637872008317,1,0,1,1,-0.026374090487697295,0.1622316913480579
799,0.8,0.7494295363639469,1,0,0,1,-0.028201896949492374,0.15606144297143554
800,0.8,0.7702605666214295,1,0,0,1,-0.027536405639271067,0.14691197857585012
801,0.8,0.7731539129751667,1,0,0,1,-0.024380810288894536,0.13781156522499396
802,0.8,0.7555746985086249,1,0,0,1,-0.017271339600798904,0.13214377134703922
803,0.8,0.7450182644978924,1,0,0,1,-0.010645902315616388,0.12967251945734057
804,0.8,0.7429581778030137,1,0,0,1,-0.0076097195019605175,0.12942192689980675
805,0.8,0.7515952290425639,1,0,0,1,-0.008341238257030655,0.12995227412323834
806,0.8,0.7735490269121097,1,0,0,1,-0.010088398855068499,0.1301491222518829
807,0.8,0.7923828865704756,1,0,0,1,-0.013423836266578767,0.13065897970729923
808,0.8,0.8120883118552377,1,0,0,1,-0.019665167866032725,0.13341082769935106
809,0.8,0.8485709530445453,0,0,0,1,-0.025476853092224173,0.13703413133744252
810,0.8,0.887447272774191,0,0,0,1,-0.03126834859883398,0.142241569881974
811,0.8,0.8900371835727177,0,1,0,1,-0.031746547145121706,0.14725314503013678
812,0.8,0.904165665454151,0,1,0,1,-0.02044536855043353,0.1439832411383332
813,0.8,0.9051883556737755,0,1,0,1,-0.0037418569072422783,0.13582268712381618
814,0.8,0.9346246343575078,0,1,0,1,0.01676487380351258,0.12419421249195925
815,0.8,0.9631243129944006,0,1,0,1,0.03700060586779373,0.10998959591331782
816,0.8,0.9649548708365077,0,1,0,1,0.05209902949064455,0.09357367089614041
817,0.8,0.8914733494154115,0,1,1,0,0.060366691659923956,0.07422330048282341
818,0.8,0.8823123926266496,0,1,1,0,0.06340130767993893,0.05929913355972953
819,0.8,0.8886913253242927,0,1,1,0,0.06219829195462434,0.04514873250161441
820,0.8,0.8603153781361264,0,1,1,0,0.05833597206595333,0.03608834306376228
821,0.8,0.8370004585291027,0,1,1,0,0.0566248762588329,0.03455670204270728
822,0.8,0.8203982500571531,0,1,1,0,0.06006130784205168,0.038735926967294707
823,0.8,0.8420044876439482,0,0,1,0,0.06671022170318318,0.04455123164077242
824,0.8,0.867505531913739,0,0,1,0,0.07666380525334697,0.04998660960446123
825,0.8,0.8939172844437934,0,0,1,0,0.08821773951919303,0.055329835384796605
826,0.8,0.9203565380721513,0,0,1,0,0.09800616999563193,0.06031424696510799
827,0.8,0.9603791216796985,0,0,1,0,0.10691786923948068,0.06607213456845339
828,0.8,0.9411366703569322,1,0,1,0,0.11158628254190649,0.07192596436225579
829,0.8,0.9017400497357415,1,0,1,0,0.10631259610427837,0.07080332849322851
830,0.8,0.8780748231435181,1,0,1,0,0.0979400252478812,0.06533708562082087
831,0.8,0.8786565544085814,1,0,1,0,0.08755749100955122,0.055849412053833127
832,0.8,0.8871276626036605,1,0,1,0,0.07603417964727255,0.04336876114415096
833,0.8,0.905664167871421,1,0,1,0,0.0644088427415962,0.029301553401079188
834,0.8,0.9102294728740175,1,0,1,0,0.054566360360366176,0.015272297685677063
835,0.8,0.892025249165748,1,0,1,0,0.04849211576023895,0.001794305025213125
836,0.8,0.8333658285813755,1,0,0,0,0.046626692239885525,-0.012414567541886827
837,0.8,0.8019308952517474,1,0,0,1,0.04660221904887082,-0.025838071101679978
838,0.8,0.8151357269958461,1,0,0,1,0.05143902572364645,-0.04030380546282065
839,0.8,0.7795076717352312,1,0,0,1,0.061361065112400734,-0.05331325740891278
840,0.8,0.7177932882614735,1,0,0,1,0.07018296163667548,-0.057895401872024674
841,0.8,0.6920974554242405,1,0,0,1,0.07040305029185998,-0.05578847119649018
842,0.8,0.7073599663739984,1,0,0,1,0.06388950221578081,-0.05199542313321842
843,0.8,0.7064188933377006,1,0,0,1,0.05316608279915574,-0.046768377326177966
844,0.8,0.7233451444234562,1,0,0,1,0.04123841429425615,-0.0395306363564253
845,0.8,0.7569350370388205,0,0,0,1,0.03013276003676948,-0.032354888343322084
846,0.8,0.8046254225120258,1,0,0,1,0.016808788205964674,-0.023853196190586397
847,0.8,0.8578695967932894,0,0,0,1,0.007035882041298626,-0.01568093271014989
848,0.8,0.9123753188282923,0,0,0,1,0.0045428551804484,-0.006884050538282328
849,0.8,0.9361013523362406,0,1,0,1,0.00963897715961993,0.0035234509854321387
850,0.8,0.9513022362395653,0,1,1,1,0.019969651766545488,0.010185119051856685
851,0.8,0.9368540025106086,0,1,1,1,0.021208244225083626,0.019743555434465068
852,0.8,0.965995845321121,0,1,1,1,0.02123345926553497,0.02591534172368218
853,0.8,0.9465692812011265,0,1,1,0,0.018095976319668,0.025060336001710377
854,0.8,0.9216192931234604,0,1,1,0,0.013168541603680984,0.019019043086112426
855,0.8,0.9135747657524012,0,1,1,0,0.01041501184414343,0.010357493383532866
856,0.8,0.8796942353936099,0,1,1,0,0.008697816621361867,0.0024418194280943694
857,0.8,0.8449374241403625,0,1,1,0,0.008188914167393545,-0.000714264260859015
858,0.8,0.8345202753231623,0,1,1,0,0.011054436396423986,-0.0003842893115490751
859,0.8,0.8610874479377568,0,1,1,0,0.015773853533886047,0.0006989547344454528
860,0.8,0.8712874532266031,0,1,1,0,0.019237200673910243,0.0013673060943670066
861,0.8,0.8855500156527082,0,1,1,0,0.019702618907134567,0.002583618059614004
862,0.8,0.9064662640835472,0,1,1,0,0.01749106180746194,0.003807572235541876
863,0.8,0.9409362470835063,0,1,1,0,0.015497861278238486,0.0053707638244531964
864,0.8,0.9680428136129521,0,1,1,0,0.012979930782971584,0.007493917789551385
865,0.8,0.9865510024739137,0,0,1,0,0.008650926608333732,0.011446523177265036
866,0.8,0.9698598841946616,1,0,1,0,-0.0033932439497674372,0.014267016833096747
867,0.8,0.9631551460337047,1,0,1,0,-0.02052200413074248,0.013677391412222932
868,0.8,0.9829979707709328,1,0,1,0,-0.039198795128100705,0.011087585484640483
869,0.8,0.9405841373294132,1,0,1,1,-0.05127329883434157,0.011439860893456185
870,0.8,0.9445292188979619,1,0,1,1,-0.05554965588462315,0.01485579003946298
871,0.8,0.9281035573435958,1,0,0,1,-0.0574093866975276,0.013387053626757649
872,0.8,0.9004235462291322,1,0,0,1,-0.056008032952809546,0.010423724122354615
873,0.8,0.8833906255388064,1,0,0,1,-0.053582035697822966,0.006919424805029816
874,0.8,0.8569680387598027,1,0,0,1,-0.05114381445038333,0.0041126699930753826
875,0.8,0.8475177960733584,1,0,0,1,-0.050554010549324034,0.0022372133560481697
876,0.8,0.8537148675058627,1,0,0,1,-0.052792581969202855,0.000712040432144709
877,0.8,0.8844256942254896,0,0,0,1,-0.0544216442406674,-0.002127571247782189
878,0.8,0.9252346737881869,1,0,0,1,-0.0522431537151788,-0.0062788246322038775
879,0.8,0.9145986726653803,1,0,0,1,-0.048621372286044795,-0.0065430582390010854
880,0.8,0.9417195264578293,1,0,0,1,-0.04553570950232025,-0.002495181245896935
881,0.8,0.9528186840182554,1,0,0,1,-0.044625050402373044,0.0026812840386178233
882,0.8,0.9872058641793737,1,0,0,1,-0.04457743951670274,0.008206846702717091
883,0.8,1.0190956003871126,1,0,0,1,-0.04637003586592913,0.013841171673468562
884,0.8,1.050996792353865,1,1,0,1,-0.04671760391306431,0.019319101685057082
885,0.8,1.0866335169490302,0,1,0,1,-0.036673912407226124,0.016539492468925502
886,0.8,1.0797309642478115,0,1,0,1,-0.02273657249604909,0.011796805694588184
887,0.8,1.1128406299969595,0,1,0,1,-0.0056753194635759206,0.006826055172369106
888,0.8,1.0928515718831584,0,1,1,0,0.0036184322429855605,0.0018002447104917454
889,0.8,1.026017075834888,0,1,1,0,0.0003185325301716097,0.00034470645646715847
890,0.8,0.9926538666848437,0,1,1,0,-0.0048454389979395,-0.0009407917322877342
891,0.8,0.9734626231935014,0,1,1,0,-0.0054548973028847375,-0.0037971924106689025
892,0.8,0.944680575339923,0,1,1,0,-0.002919392231194191,-0.0071314487653452024
893,0.8,0.9154587660822394,0,1,1,0,0.001602386046104241,-0.008556948591205015
894,0.8,0.8880743857903866,0,1,1,0,0.00646117209250305,-0.008126557440834993
895,0.8,0.867720792463486,0,1,1,0,0.011961324890149986,-0.0059815777358145136
896,0.8,0.86610145928182,0,0,1,0,0.017442725847044486,-0.002519335691639759
897,0.8,0.8848302787658042,0,1,1,0,0.021443467973897,0.0006994212025901208
898,0.8,0.8799648875005872,0,1,1,0,0.025487949399551662,0.005126463294843739
899,0.8,0.8992535397033744,0,1,1,0,0.028496629844315544,0.009457568117032442
900,0.8,0.9331641840008071,0,1,1,0,0.032208089787917116,0.013164571564821334
901,0.8,0.9652988719166385,0,1,1,0,0.034764628396867815,0.016766021825298422
902,0.8,0.9687018348120656,1,1,1,0,0.03426471715740882,0.019857935752952357
903,0.8,0.9719153662428528,1,1,1,0,0.03010771217647414,0.01886621235213198
904,0.8,0.9745923083681527,1,0,1,0,0.024401595055743602,0.015564294111709186
905,0.8,0.9659183506445533,1,0,1,0,0.012736622999225535,0.012017882711424368
906,0.8,0.9539609545888035,1,0,1,0,-0.0018951920887319935,0.00840346853178961
907,0.8,0.9306861058793001,1,0,1,1,-0.013729447724829194,0.005666117435142272
908,0.8,0.9232267154643385,1,0,1,1,-0.019277229238243446,0.0046705684635666295
909,0.8,0.9033519694946068,1,0,0,1,-0.021076247317851397,0.0011773548185608149
910,0.8,0.8806533373184082,1,0,0,1,-0.01883840866169936,-0.004450551220859628
911,0.8,0.8434250048703199,1,0,0,1,-0.014557200843340149,-0.009674917861123167
912,0.8,0.809544860705585,1,0,0,1,-0.010134446504051068,-0.012755438108447757
913,0.8,0.794194632215523,1,0,0,1,-0.007206185245051072,-0.015243218051171988
914,0.8,0.7919997815025169,1,0,0,1,-0.007049971962352229,-0.01789270667219837
915,0.8,0.8034089090214273,0,0,0,1,-0.00823344133692947,-0.0210737079577171
916,0.8,0.8311731884590765,0,0,0,1,-0.007904703408080133,-0.02477487080406235
917,0.8,0.8478959014034931,0,0,0,1,-0.007175296049013816,-0.026645965945126193
918,0.8,0.8519826976865346,1,0,0,1,-0.006991170080144597,-0.02405637179652129
919,0.8,0.8658264893152282,0,0,0,1,-0.007741356670735531,-0.01886724978950997
920,0.8,0.9150824326813496,1,0,0,1,-0.009477586341816866,-0.013987741361618232
921,0.8,0.9442767668756508,1,0,0,1,-0.011287854734170462,-0.008894516462929955
922,0.8,0.9949828988813079,0,0,0,1,-0.010470356658857444,-0.0033309621066859784
923,0.8,1.0508180083595884,0,1,0,1,-0.0012982587056681086,0.0017654077540404237
924,0.8,1.0987549444818794,0,1,0,1,0.014919810030751473,0.004694946968258793
925,0.8,1.077046519062954,0,1,1,1,0.02864185198033023,0.008460978344687106
926,0.8,1.1002937009577942,0,1,1,1,0.032814376928170366,0.016185763078437793
927,0.8,1.0900734796745213,0,1,1,0,0.0333728691444134,0.020309009492229805
928,0.8,1.0562602730548507,0,1,1,0,0.02911544563505814,0.01972967261585173
929,0.8,1.0363340029000856,0,1,1,0,0.025796414494819127,0.015995133659965664
930,0.8,1.0190688973326163,0,1,1,0,0.025800221499719674,0.010628242096379132
931,0.8,0.9887316561627316,0,1,1,0,0.027883154490335224,0.0070637309052661084
932,0.8,0.9679203319496351,0,1,1,0,0.03174558634817827,0.0068530308917670235
933,0.8,0.9642360775236584,0,1,1,0,0.03682015713533397,0.009188136814553717
934,0.8,0.9824339499093111,0,1,1,0,0.04112638652532399,0.011959903678124835
935,0.8,0.9844278555507769,0,1,1,0,0.04451430875815855,0.015803371007840742
936,0.8,0.9972318423234222,0,1,1,0,0.04695837543669079,0.020796234782469027
937,0.8,1.0138214563551897,0,1,1,0,0.04840067095148862,0.02526867503360828
938,0.8,1.0415475277521717,0,1,1,0,0.05028447390118241,0.029340490235830723
939,0.8,1.0727041139406974,0,1,1,0,0.0524061136061077,0.0329440419711571
940,0.8,1.0212401621910532,1,1,1,0,0.047434828490059734,0.03393110956054368
941,0.8,1.0020584725213952,1,0,1,0,0.03945295167969403,0.030171938533483142
942,0.8,0.9945898788614342,1,0,1,0,0.028607762834182787,0.024317969196436882
943,0.8,0.9675384768924885,1,0,1,0,0.013996621141770853,0.017296849699870987
944,0.8,0.9477267124950215,1,0,1,0,-0.0017503758643622174,0.009683812177088524
945,0.8,0.9139692368795587,1,0,1,1,-0.015218437097184807,0.002404802029971585
946,0.8,0.8769143887480355,1,0,1,1,-0.02012680751265285,0.00011520945530281505
947,0.8,0.8428424011239293,1,0,0,1,-0.022271468497723716,-0.002125459942620485
948,0.8,0.8245759614719442,1,0,0,1,-0.02102863647794853,-0.0058956554764108176
949,0.8,0.7928760324226574,1,0,0,1,-0.017267057264388895,-0.010654687827378398
950,0.8,0.766431504152752,1,0,0,1,-0.013086968768422193,-0.014409315097426073
951,0.8,0.7598816644668139,1,0,0,1,-0.012569744272141874,-0.017573717198805364
952,0.8,0.7667993067219804,0,0,0,1,-0.014601970937151775,-0.02098147018797346
953,0.8,0.7945898910117638,0,0,0,1,-0.016136389504759607,-0.025259251227735154
954,0.8,0.8257985183479662,0,0,0,1,-0.017594205856028118,-0.02928367351660324
955,0.8,0.8436041408397084,0,0,0,1,-0.01925865068640386,-0.030211948448366187
956,0.8,0.8625742661638297,0,0,0,1,-0.020977212688923868,-0.027387366149644553
957,0.8,0.9022490468961705,0,0,0,1,-0.024012309104567694,-0.02223387787204398
958,0.8,0.9405005245946613,0,0,0,1,-0.026897405035911547,-0.01602735292670553
959,0.8,0.9864426812734333,0,0,0,1,-0.02726824896256299,-0.009202852979368494
960,0.8,1.038038095437604,0,0,0,1,-0.02087520993266581,-0.0023139778163213816
961,0.8,1.031620495095419,0,1,0,1,-0.006411179979710205,0.0031755660673774343
962,0.8,1.087647787030246,0,1,0,1,0.009549448073423774,0.0037644905225644953
963,0.8,1.0741542636674177,0,1,1,1,0.018542935328673717,0.005622934330147711
964,0.8,1.1057638743528626,0,1,1,1,0.020135580980440278,0.009579822686101708
965,0.8,1.084586736773777,0,1,1,0,0.017595461430081276,0.009601837915331455
966,0.8,1.0561463839587426,0,1,1,0,0.013905752866185846,0.006853651383965167
967,0.8,1.0526359881612137,0,1,1,0,0.012139552293904931,0.002074614462818164
968,0.8,1.0227950481428425,0,1,1,0,0.011391400905392455,-0.002356014307925013
969,0.8,0.9888050940831904,0,1,1,0,0.013585425230078704,-0.0022569681995913723
970,0.8,0.9873679047757534,0,1,1,0,0.01952315291939864,0.0005034050871982609
971,0.8,1.0011074083615439,0,1,1,0,0.027096725614722716,0.0049452452425598065
972,0.8,1.0170118738055633,0,1,1,0,0.03393105641823118,0.009829889472336874
973,0.8,1.0316336345616226,0,0,1,0,0.03915668026396131,0.015264047520387635
974,0.8,1.0556910831664992,0,1,1,0,0.0417745489888757,0.02016408239710497
975,0.8,1.0723308905448656,0,0,1,0,0.04420724864630225,0.025772878247586558
976,0.8,1.1080527255404644,0,1,1,0,0.046432533441447675,0.03191086088165686
977,0.8,1.0520001338718452,1,0,1,0,0.04241544819999655,0.03617965423592024
978,0.8,1.0160784416006337,1,0,1,0,0.03073392536752221,0.035902826659114026
979,0.8,0.9973584698397904,1,0,1,0,0.016359893287069254,0.03138205855360768
980,0.8,1.00340622684067,1,0,1,0,0.00014324691380577305,0.023232951732388523
981,0.8,0.9992972925786756,1,0,1,1,-0.0165550625649242,0.01256079895596853
982,0.8,0.9355796335935589,1,0,1,1,-0.021361503747965013,0.009047802172830379
983,0.8,0.9108738853731646,1,0,0,1,-0.02182746194878989,0.0063430728566769325
984,0.8,0.8759912336876667,1,0,0,1,-0.02002603065809699,0.0007262836704117704
985,0.8,0.825310015703213,1,0,0,1,-0.016849921473356944,-0.0038474236616885963
986,0.8,0.8015327353274022,1,0,0,1,-0.014888018320918659,-0.007443021724437012
987,0.8,0.787917152499097,1,0,0,1,-0.015962820474538,-0.011577374593794865
988,0.8,0.7872747396219199,0,0,0,1,-0.017854168592479305,-0.015620736566746554
989,0.8,0.8177658935877093,0,0,0,1,-0.01947526940662725,-0.020491126340436424
990,0.8,0.8408949011558631,0,0,0,1,-0.020944680024707747,-0.024870282323259194
991,0.8,0.8508886287642783,0,0,0,1,-0.022423184885208836,-0.025777606062121285
992,0.8,0.8720822782482273,0,0,0,1,-0.024955916205988696,-0.02306320894052419
993,0.8,0.9109470645836892,0,0,0,1,-0.028909327142494185,-0.018328842976567145
994,0.8,0.9452903188451592,0,0,0,1,-0.03258499256464591,-0.012505734153668943
995,0.8,0.9848594984093819,0,0,0,1,-0.03448268113389263,-0.005992673515037565
996,0.8,1.0337262096556656,0,0,0,1,-0.0312290577757136,-0.0005194657745137067
997,0.8,1.0245157441478283,0,1,0,1,-0.018276333145723068,0.003682985296735443
998,0.8,1.0684682566606334,0,1,0,1,-0.001781486668429048,0.004692514885212704
999,0.8,1.0674090464898016,0,1,1,1,0.011888732657319441,0.005224156653830779
1000,0.8,1.0795471076333052,0,1,1,1,0.015091963146115727,0.009627144502453324
1001,0.8,1.0744152594434933,0,1,1,0,0.014215108424590495,0.011290515854664254
1002,0.8,1.0342144624212966,0,1,1,0,0.009468321705615559,0.009229941213335341
1003,0.8,1.006033961296543,0,1,1,0,0.00575933248862942,0.005440161411063475
1004,0.8,0.99180505467789,0,1,1,0,0.004769609794610389,0.00028666222396411855
1005,0.8,0.9562534093971762,0,1,1,0,0.005676037578555263,-0.003002261413786265
1006,0.8,0.9269180114192473,0,1,1,0,0.00918175747461376,-0.0025132188490769687
1007,0.8,0.9211906113645195,0,1,1,0,0.014781193325570196,0.0005936007732322085
1008,0.8,0.9367334541986244,0,1,1,0,0.021187227317782057,0.004517387234855573
1009,0.8,0.9437743036345358,0,0,1,0,0.026853760105219105,0.008882229687469326
1010,0.8,0.9640731154839172,0,1,1,0,0.03114399078208625,0.013198032369697717
1011,0.8,0.9705773552272055,0,0,1,0,0.035341355883358454,0.018341125031707022
1012,0.8,0.999059193678345,0,1,1,0,0.04033370937908825,0.02419227665245877
1013,0.8,1.023017724432608,1,1,1,0,0.044134836205532504,0.02976035245406698
1014,0.8,0.9614209772072163,1,1,1,0,0.03912973581839792,0.032586545127598496
1015,0.8,0.9456488971394594,1,0,1,0,0.02915786767470518,0.030636408928497512
1016,0.8,0.9230424814806335,1,0,1,0,0.014225042834445409,0.02601433281313333
1017,0.8,0.9090087598675535,1,0,1,0,-0.0017061511411805208,0.019256071130475564
1018,0.8,0.8715433136294204,1,0,1,1,-0.013583459164180179,0.013164116632653183
1019,0.8,0.8410280255973411,1,0,1,1,-0.017425120698040808,0.01105965186121709
1020,0.8,0.8179435570710042,1,0,0,1,-0.018679386496394588,0.006645670491943212
1021,0.8,0.7971705044887493,1,0,0,1,-0.01676700559159874,-0.0009457398274499537
1022,0.8,0.758113830294677,1,0,0,1,-0.012200951511005101,-0.009091397585080438
1023,0.8,0.7286923971088941,1,0,0,1,-0.008037542267896576,-0.015275202116844282
1024,0.8,0.7311440413621934,1,0,0,1,-0.006391779931667837,-0.021683328867419412
1025,0.8,0.744734542545661,0,0,0,1,-0.005319273563296697,-0.029000379269673148
1026,0.8,0.7707302016981628,0,0,0,1,-0.0040693874270233505,-0.0363352449999179
1027,0.8,0.7897851280464574,0,0,0,1,-0.0017060906388907668,-0.041903410463592354
1028,0.8,0.8050637124246512,0,0,0,1,0.0004039635797756842,-0.043746329116493315
1029,0.8,0.805326694268244,0,0,0,1,0.0016488621410117124,-0.041300335952688394
1030,0.8,0.8446228376601199,0,0,0,1,0.00223607473739387,-0.037573751531343416
1031,0.8,0.8697748439978243,0,0,0,1,0.001054280319856974,-0.03271845126670571
1032,0.8,-0.011603473019882156,1,1,1,1,-0.00037637279160354534,-0.0010435317921076482
1033,0.8,-0.027159681565812638,0,1,1,1,0.003968737373453135,0.002557650338264969
1034,0.8,0.01633290495875803,0,1,1,1,0.014738453152429462,0.006263625977503342
1035,0.8,-0.0019074759608188557,0,1,1,1,0.02484699762669905,0.012010477838394023
1036,0.8,-0.020065272903909602,0,1,1,0,0.03021277920966793,0.019652127066212676
1037,0.8,-0.027761766660570023,0,1,1,0,0.03318322142144069,0.02575345569462093
1038,0.8,-0.0200347288904676,0,1,1,0,0.0352603838177364,0.02947987071482178
1039,0.8,-0.03511937230343509,0,1,1,0,0.03742506337283144,0.03189255112845465
1040,0.8,-0.05850409097272005,0,1,1,0,0.03654943050385361,0.03309376120464548
1041,0.8,-0.054729302487800835,0,1,1,0,0.03598309846144978,0.032893577283268166
1042,0.8,-0.0434669467006952,0,1,1,0,0.03377234018645815,0.02951793468705142
1043,0.8,-0.04734793950196239,0,1,1,0,0.02803675610891966,0.024010384027176757
1044,0.8,-0.0680033507014556,0,1,1,0,0.02262479735973363,0.02113548156581741
1045,0.8,-0.03998606355523299,0,1,1,0,0.02108907020484979,0.02017621425545384
1046,0.8,-0.026119751041019,0,1,1,0,0.02430123802911226,0.01949962775549256
1047,0.8,-0.0093239586473194,0,1,1,0,0.026932476526089714,0.019947714042454486
1048,0.8,0.02117159411736345,0,1,1,0,0.026812646283471023,0.01972686096557783
1049,0.8,0.06680116753279845,0,0,1,0,0.02523208908930669,0.01966097894324475
1050,0.8,0.101512809874035,0,0,1,0,0.021042660929560194,0.023316284346473135
1051,0.8,0.10088854339038565,1,0,1,0,0.01199124141873066,0.028347477419795156
1052,0.8,0.1800079522689776,1,0,1,0,-0.003153838329216726,0.02700425098342269
1053,0.8,0.2563477790124833,1,0,1,0,-0.025715420373833363,0.019503856767700313
1054,0.8,0.2650769775285195,1,0,1,1,-0.048254906067915,0.012589783662525658
1055,0.8,0.32298979715588516,1,0,1,1,-0.062038149030451316,0.011677573270223986
1056,0.8,0.37430779181948537,1,0,1,1,-0.07173512532371157,0.009130313578273862
1057,0.8,0.4125654821450719,1,0,1,1,-0.07692960723391089,0.005801846884628244
1058,0.8,0.4534584402019739,1,0,1,1,-0.0801092599261589,0.0008424647224574299
1059,0.8,0.4930411511980899,1,0,0,1,-0.08088426683035847,-0.006371246103022366
1060,0.8,0.4822906659190257,1,0,0,1,-0.07611462247804326,-0.015100608868911035
1061,0.8,0.4643753319534536,1,0,0,1,-0.06599283985986766,-0.02169703247293707
1062,0.8,0.4587552358464467,1,0,0,1,-0.05500117908830973,-0.02726383344514917
1063,0.8,0.4624681145344646,1,0,0,1,-0.04691646029923353,-0.03140400584595539
1064,0.8,0.4908753792092283,1,0,0,1,-0.04196102989974891,-0.03412884953245133
1065,0.8,0.5133990948369473,1,0,0,1,-0.03889541197115784,-0.035092139521546585
1066,0.8,0.5305880287992354,0,0,0,1,-0.03747626506672976,-0.03356347133364975
1067,0.8,0.566640501736853,1,0,0,1,-0.03807536888342601,-0.03062136696217086
1068,0.8,0.578989581047163,0,0,0,1,-0.04059557388006782,-0.024868799704985557
1069,0.8,0.6353163363189397,0,0,0,1,-0.04482122260299942,-0.018603102261025538
1070,0.8,0.6810055460647378,0,0,0,1,-0.048446309454002905,-0.013224348991223328
1071,0.8,0.7017578764986652,0,0,0,1,-0.04840475579661526,-0.006523732749391878
1072,0.8,0.7330767568019553,0,1,0,1,-0.03833784362839335,-0.002987217330442085
1073,0.8,0.7815103677860291,0,1,0,1,-0.02442561704097179,-0.003367224459293098
1074,0.8,0.808580341052004,0,1,1,1,-0.008180323898015311,-0.005661383194373839
1075,0.8,0.8244945575283623,0,1,1,1,0.001093264011000539,-0.005505300628904518
1076,0.8,0.8658837984155406,0,1,1,1,0.006303009834923381,-0.004686493031665557
1077,0.8,0.8714021454721915,0,1,1,0,0.0061447864004324695,-0.007287559270631733
1078,0.8,0.8635688856526791,0,1,1,0,0.004185028524593501,-0.012097458357711723
1079,0.8,0.8851585580063664,0,1,1,0,0.0028148773956208,-0.019009705422772933
1080,0.8,0.853122686935731,0,1,1,0,0.002834356672259624,-0.0229758058595638
1081,0.8,0.85176818755296,0,1,1,0,0.0039155179916267905,-0.02131091040404073
1082,0.8,0.8714309425322163,0,1,1,0,0.0072498062773456995,-0.01696122845733967
1083,0.8,0.8968856094965704,0,1,1,0,0.01270027115697441,-0.01158565234553765
1084,0.8,0.9202104100411129,0,1,1,0,0.018217616891092806,-0.0057308736614753875
1085,0.8,0.9443868430320252,0,1,1,0,0.022356524352553846,0.00015135483920034949
1086,0.8,0.9796952155319889,0,1,1,0,0.025165897919660712,0.005449035411959229
1087,0.8,1.0105377905055917,0,0,1,0,0.028103850847216002,0.012112410288722153
1088,0.8,1.0416730310358826,0,1,1,0,0.03075372684230705,0.02002580884647344
1089,0.8,1.0095466512721092,1,0,1,0,0.027411657485178615,0.02798636724343351
1090,0.8,1.0224774251292128,1,0,1,0,0.01730618411442312,0.029977538915687878
1091,0.8,1.0147996490495304,1,0,1,0,0.0037493786001254865,0.026503750438824764
1092,0.8,1.0256761143573867,1,0,1,0,-0.011031737406706085,0.01969100125407335
1093,0.8,1.023654852589216,1,0,1,1,-0.025422741144871724,0.01083166301855778
1094,0.8,0.9683755940221417,1,0,0,1,-0.02744938106164495,0.007125985570974419
1095,0.8,0.9455951654548596,1,0,0,1,-0.02544635636156807,0.00404155647127506
1096,0.8,0.8932481112174756,1,0,0,1,-0.02342537652412127,0.0017930097551530036
1097,0.8,0.8520103390357453,1,0,0,1,-0.02215478305521716,0.0021474659142054872
1098,0.8,0.8467915239105199,1,0,0,1,-0.023676436477178493,0.0012389017290070836
1099,0.8,0.851734059501649,1,0,0,1,-0.026607442327998353,-0.001776347852858612
1100,0.8,0.8625450955518982,0,0,0,1,-0.029454488374429925,-0.005377851732809266
1101,0.8,0.8816704689688929,1,0,0,1,-0.029457155693929038,-0.00831203450120609
1102,0.8,0.8749807934277598,1,0,0,1,-0.029760442503023846,-0.0074799612051989345
1103,0.8,0.8816816559862443,1,0,0,1,-0.029884440227116175,-0.003148963482928603
1104,0.8,0.902979999745064,1,0,0,1,-0.03162153644830457,0.002997680558133651
1105,0.8,0.9322359446055899,1,0,0,1,-0.03358526282927307,0.00898269576420962
1106,0.8,0.959651440896046,1,0,0,1,-0.03632698422673129,0.015182301095752436
1107,0.8,1.0008622853703926,1,1,0,1,-0.03683506907801649,0.019921722322583938
1108,0.8,1.000028775144167,0,1,0,1,-0.02696016513081868,0.0176021454545989
1109,0.8,1.0271270636963268,0,1,0,1,-0.012602490401828313,0.012484965498950791
1110,0.8,1.0433390713939976,0,1,1,1,0.007262399858602707,0.007535395090827752
1111,0.8,1.0197753064099246,0,1,1,1,0.019781401730631563,0.00819139890990421
1112,0.8,0.9780065203059233,0,1,1,0,0.0218121331374275,0.011076893833672967
1113,0.8,0.9619009252639439,0,1,1,0,0.02002495105901994,0.011517233016562945
1114,0.8,0.9512979958191404,0,1,1,0,0.01890258095588177,0.008028790670432096
1115,0.8,0.9217080785473787,0,1,1,0,0.01898479651784346,0.0037198493281789856
1116,0.8,0.9153786984867186,0,1,1,0,0.020772499593934006,-0.0003836021926680039
1117,0.8,0.8970961516970222,0,1,1,0,0.02356156062106092,-0.00285475659842489
1118,0.8,0.8898121889877193,0,1,1,0,0.026310391704950645,-0.0023937418297255127
1119,0.8,0.8913330387136477,0,1,1,0,0.0275232452270369,-0.0003403312179266638
1120,0.8,0.9009398709344933,0,1,1,0,0.028110709999660363,0.00284243031078087
1121,0.8,0.9127998075830304,0,1,1,0,0.028066384981817374,0.006332278731968069
1122,0.8,0.9256803100094448,0,1,1,0,0.02799843721314385,0.009675380619127757
1123,0.8,0.9488805973413461,0,1,1,0,0.029987884096037833,0.013384354141872626
1124,0.8,0.9839810772103573,0,1,1,0,0.03323475058796336,0.016855820805515634
1125,0.8,1.0171749193727913,0,1,1,0,0.03553324104432447,0.020022307147557483
1126,0.8,0.9880630178844425,1,1,1,0,0.031977224893562806,0.020756791112737896
1127,0.8,0.9910201560071583,1,0,1,0,0.02521007408951556,0.01785267075466965
1128,0.8,0.9725011982252936,1,0,1,0,0.013887080692408914,0.014164190383410461
1129,0.8,0.9660709424851028,1,0,1,0,0.001185453729797583,0.009922610989546943
1130,0.8,0.9428513300241657,1,0,1,1,-0.009491555673288965,0.005271757008774036
1131,0.8,0.9118235924811383,1,0,0,1,-0.013110619356077184,0.0033891424263288567
1132,0.8,0.9035555929989162,1,0,0,1,-0.013542638561018748,-0.0012471073479128584
1133,0.8,0.8521831912547894,1,0,0,1,-0.011819016147547797,-0.006196944729766988
1134,0.8,0.8113227232178561,1,0,0,1,-0.00730707849547725,-0.00995272348216645
1135,0.8,0.7820447841546887,1,0,0,1,-0.0042391683444610966,-0.013922319434969304
1136,0.8,0.7730191612321855,1,0,0,1,-0.004925877335744804,-0.01733002983082843
1137,0.8,0.7767582548285201,1,0,0,1,-0.007401095633850133,-0.02110992245758158
1138,0.8,0.8033438966100571,0,0,0,1,-0.006756486669922958,-0.0255473044783781
1139,0.8,0.8090876514572235,0,0,0,1,-0.004985594939454807,-0.028835505864713618
1140,0.8,0.8093488132936957,1,0,0,1,-0.0031111998761368886,-0.027894819070280363
1141,0.8,0.806260683816755,1,0,0,1,-0.0030864844291532273,-0.023021246766769456
1142,0.8,0.8427949978661605,1,0,0,1,-0.0017662386327311987,-0.019247929503983487
1143,0.8,0.864537526998655,1,0,0,1,-0.002680681183788108,-0.015437911367601588
1144,0.8,0.9049442250878864,1,0,0,1,-0.0051843813340692905,-0.010737417140126845
1145,0.8,0.9625547680574981,1,0,0,1,-0.003413987730355923,-0.008746627115246547
1146,0.8,0.9656792720118748,0,1,0,1,0.004070348870217191,-0.0077177929766198755
1147,0.8,1.0354570341398992,0,1,1,1,0.018742052796959813,-0.009874344205094733
1148,0.8,1.0107868824382318,0,1,1,1,0.031952088300460556,-0.006823989059066419
1149,0.8,1.0336072301216233,0,1,1,0,0.041478620694923786,-0.001511321594486834
1150,0.8,0.9875674402808715,0,1,1,0,0.04530245401016398,0.0008740130952821105
1151,0.8,0.9394227117082401,0,1,1,0,0.04602065713975003,0.004398017264499733
1152,0.8,0.9440251143808219,0,1,1,0,0.04669114008937958,0.0053356699014421
1153,0.8,0.9347148383615739,0,1,1,0,0.04590702979483949,0.0029582197958738002
1154,0.8,0.9119016594001924,0,1,1,0,0.0458895553356227,0.0024668009260141346
1155,0.8,0.9098434618009346,0,1,1,0,0.047193411742422794,0.0040555245093705245
1156,0.8,0.9114391976859452,0,1,1,0,0.04845555639582245,0.0074287727490319555
1157,0.8,0.9174036874353791,0,1,1,0,0.049896174408329476,0.012538268617959529
1158,0.8,0.9340475478413512,0,1,1,0,0.05136688828468536,0.018368372585666908
1159,0.8,0.9354672520107259,0,1,1,0,0.052278595805954425,0.02464112888466589
1160,0.8,0.9440222868960835,0,1,1,0,0.053251863436975924,0.030899782812099184
1161,0.8,0.8757709143266507,1,0,0,0,0.05201808149732035,0.03610236495810991
1162,0.8,0.7752105954912988,1,0,0,0,0.03948861056642739,0.03256864966113357
1163,0.8,0.7044143777992166,1,0,0,0,0.021970136903959183,0.021721946024820925
1164,0.8,0.6800259860046476,1,0,0,0,0.00012847861738387478,0.002832903100031698
1165,0.8,0.6627470803519929,1,0,1,0,-0.022680832259026007,-0.02449724742494735
1166,0.8,0.6455445146756099,1,0,1,0,-0.046659244315713014,-0.05092120927652303
1167,0.8,0.6321874061983892,1,0,1,1,-0.06724997749869585,-0.07176284067400994
1168,0.8,0.6403284386466855,1,0,1,1,-0.07786842989346328,-0.08249804990936822
1169,0.8,0.6523732123071262,1,0,0,1,-0.08313384500721255,-0.0889556065035173
1170,0.8,0.65928674946615,1,0,0,1,-0.08390500156366582,-0.09602247710763735
1171,0.8,0.6894040897384515,1,0,0,1,-0.0827531396081017,-0.10372113646105192
1172,0.8,0.6881673627912964,1,0,0,1,-0.07798268305228548,-0.10944718188911029
1173,0.8,0.6790569519356341,1,0,0,1,-0.07031492935524712,-0.11244792944948385
1174,0.8,0.6533936236585804,1,0,0,1,-0.06353729069821235,-0.11178732159746439
1175,0.8,0.652537764342979,1,0,0,1,-0.061624756866450504,-0.10802163106149568
1176,0.8,0.6878116464086608,1,0,0,1,-0.06418822895217634,-0.10421757949279206
1177,0.8,0.7095599251732019,1,0,0,1,-0.0685037543376018,-0.09999199251042223
1178,0.8,0.7246905955373013,1,0,0,1,-0.07321918490430919,-0.09364308285613362
1179,0.8,0.7477813806349447,0,0,0,1,-0.07744669770804342,-0.08547907918249638
1180,0.8,0.7854212669340513,0,1,0,1,-0.08175656032967327,-0.07681509549139272
1181,0.8,0.8221506374080338,0,1,0,1,-0.07470449992000534,-0.07602211176843342
1182,0.8,0.7983504376391317,0,1,0,1,-0.06086168620499873,-0.08088844519651323
1183,0.8,0.8044075325868886,0,1,0,1,-0.043020569364638696,-0.08912216396394992
1184,0.8,0.8253381738147296,0,1,0,1,-0.023302256164111666,-0.1022349550815703
1185,0.8,0.8292947176569051,0,1,0,1,-0.006074969431690984,-0.11696567251114215
1186,0.8,0.8359329004494339,0,1,0,1,0.00552368559233362,-0.1315978073257324
1187,0.8,0.7976956197284979,0,1,0,0,0.010574784853996004,-0.14877183443164016
1188,0.8,0.7823763704225201,0,1,1,0,0.014932687746912603,-0.167176452486625
1189,0.8,0.7917446816054516,0,1,1,0,0.01665651636397393,-0.18379994969057045
1190,0.8,0.7726145577116387,0,1,1,0,0.015608589056643066,-0.19622027586571608
1191,0.8,0.7108123168443242,0,1,1,0,0.01272976374936559,-0.19864255108596385
1192,0.8,0.7013911405974278,0,1,1,0,0.011516347341116756,-0.19382262724897376
1193,0.8,0.6961637676411015,0,1,1,0,0.01738793745753629,-0.18671532111757475
1194,0.8,0.7142954807727284,0,1,1,0,0.02900859906081252,-0.18081388084638642
1195,0.8,0.728683440440242,0,1,1,0,0.041440705815354244,-0.17528672124183836
1196,0.8,0.7558388162557684,0,0,1,0,0.05148102466655627,-0.16778888653783372
1197,0.8,0.7923464138640306,0,0,1,0,0.05897098332315875,-0.15713650255760436
1198,0.8,0.6752380994402103,1,0,1,0,0.057328271058024224,-0.1477323692374227
1199,0.8,0.6560273399858192,1,0,1,0,0.051555389427931565,-0.14601205299554015
1200,0.8,0.6781119510903385,1,0,1,0,0.04188920302328181,-0.15257912688996542
1201,0.8,0.7058092216159322,1,0,1,0,0.028174344643263696,-0.164947097136085
1202,0.8,0.7195011577469008,1,0,1,0,0.012726500475193123,-0.17902138153473132
1203,0.8,0.6859041450010732,1,0,1,1,0.0016013473790662573,-0.18949558024568922
1204,0.8,0.6761826319199589,1,0,1,1,-0.00282393694637168,-0.19492655731571693
1205,0.8,0.6357479272025828,1,0,0,1,-0.002342394653306843,-0.201241908236906
1206,0.8,0.6240119430729969,1,0,0,1,-0.00027598528126218576,-0.2097850784504187
1207,0.8,0.6250775912184443,1,0,0,1,0.0046639695492290715,-0.22222613853725254
1208,0.8,0.6047592062761575,1,0,0,1,0.00933925117054377,-0.2343796796127395
1209,0.8,0.565100542417454,1,0,0,1,0.012523785074449548,-0.24235495976677285
1210,0.8,0.5565099278008402,1,0,0,1,0.011967113259677187,-0.24597501212674258
1211,0.8,0.5594365546732328,0,0,0,1,0.008873336037554722,-0.2471121475528252
1212,0.8,0.5890397954490048,0,0,0,1,0.004054656471964722,-0.2469445740412142
1213,0.8,0.6000634014088374,0,0,0,1,-0.0026690672887506686,-0.24410131426118875
1214,0.8,0.6355388802475399,0,0,0,1,-0.011703061920853818,-0.23819232913331062
1215,0.8,0.6878389721438813,0,0,0,1,-0.01846061962629958,-0.2322739925387749
1216,0.8,0.7215283945245345,0,0,0,1,-0.020269601292795945,-0.22483852274571373
1217,0.8,0.7387830207601412,0,0,0,1,-0.016570730137094473,-0.2155146929580265
1218,0.8,0.7390528044129235,0,1,0,1,-0.0071722677874133094,-0.20848379063205782
1219,0.8,0.7601611135638433,0,1,1,1,0.004251296248733223,-0.20771425766205084
1220,0.8,0.745258699513744,0,1,1,1,0.00981675994800356,-0.2060653998919792
1221,0.8,0.7570996271399116,0,1,1,1,0.013645902823332013,-0.20528237243833983
1222,0.8,0.7693107217747567,0,1,1,1,0.01786612889602997,-0.2057475674942685
1223,0.8,0.7808035103716956,0,1,1,1,0.020696938014807906,-0.2074486532105496
1224,0.8,0.7731953148000944,0,1,1,0,0.018651532385065433,-0.211209392096466
1225,0.8,0.7470052190375176,0,1,1,0,0.013625963730372398,-0.2143873144770781
1226,0.8,0.7235393572979375,0,1,1,0,0.00791895241687522,-0.2159967163989765
1227,0.8,0.682786277014639,0,1,1,0,0.004276380058306818,-0.2144663433429546
1228,0.8,0.7004626042270083,0,0,1,0,0.0025454454476650395,-0.21053334221413594
1229,0.8,0.6851109839997869,0,0,1,0,-0.0005392810146484354,-0.20314313530959438
1230,0.8,0.685179938228061,0,0,1,0,-0.004421174891806688,-0.19169803632783544
1231,0.8,0.7056936952209313,0,0,1,0,-0.00836434268640675,-0.17858254659695388
1232,0.8,0.7336500984051167,0,0,1,0,-0.01066590444135516,-0.16521293927220668
1233,0.8,0.7217624510031369,1,0,0,0,-0.009570517302096973,-0.1493001322164397
1234,0.8,0.6691069600116232,1,0,0,0,-0.015010961833089035,-0.1390554856502434
1235,0.8,0.6053984243823133,1,0,0,0,-0.024774461985495537,-0.1388482629955967
1236,0.8,0.5942079029177193,1,0,0,0,-0.03802389564836557,-0.14980460158270492
1237,0.8,0.5385131843655077,1,0,1,1,-0.054814710708712064,-0.16625730465939004
1238,0.8,0.4657335062396728,1,0,1,1,-0.06063355041094192,-0.17151790124607375
1239,0.8,0.43699341735610103,1,0,0,1,-0.0622539031118655,-0.17747927852817022
1240,0.8,0.3852110182235733,1,0,0,1,-0.06080025779325194,-0.1874302212981267
1241,0.8,0.32460856532610727,1,0,0,1,-0.057066175316855525,-0.19563428148668005
1242,0.8,0.3078675867357,1,0,0,1,-0.05536167052365471,-0.20284784821355503
1243,0.8,0.3065574403161359,1,0,0,1,-0.056564495130234184,-0.21200351013640464
1244,0.8,0.3143981421390141,1,0,0,1,-0.05837939419080935,-0.22237818865279885
1245,0.8,0.3262340747561997,1,0,0,1,-0.05799083755196306,-0.23284206394601298
1246,0.8,0.3368744998841434,1,0,0,1,-0.0537839765749607,-0.24276670162345576
1247,0.8,0.3318465776893762,0,0,0,1,-0.04829271557781315,-0.24965536001318947
1248,0.8,0.3803383726409498,0,0,0,1,-0.04103926786090415,-0.2559579581317404
1249,0.8,0.4086722950115815,0,0,0,1,-0.03232819830831405,-0.26210702442064915
1250,0.8,0.3899656764983973,0,0,0,1,-0.0259941842497425,-0.2629745150617768
1251,0.8,0.49425049839163804,0,0,0,1,-0.01588478941814452,-0.2652684072241083
1252,0.8,0.4993106662094262,0,0,0,1,-9.972741259319827e-05,-0.2683323760806586
1253,0.8,0.5388612453979926,0,0,1,1,0.018752562724368007,-0.271182487185413
1254,0.8,0.5337507509717188,0,0,1,1,0.03085982367750505,-0.27073733236352887
1255,0.8,0.529997816254261,0,0,1,1,0.037040266104714406,-0.2666878563794856
1256,0.8,0.5280541610816584,0,0,1,1,0.040249597098105924,-0.2611584278658134
1257,0.8,0.5377362120597354,0,0,1,1,0.042426454713411575,-0.25435800947181164
1258,0.8,0.5390331579042346,0,0,1,1,0.04304268245345163,-0.24702101373949314
1259,0.8,0.5070392774498602,0,0,1,0,0.03765110965888799,-0.23813743766471254
1260,0.8,0.5022826409901331,0,0,1,0,0.028231258229859342,-0.22839100618004976
1261,0.8,0.516061983752504,0,1,1,0,0.015613263622243087,-0.22195116232044726
1262,0.8,0.4644598530666577,0,1,1,0,0.006689809708432823,-0.21590716991747308
1263,0.8,0.45717632092532545,0,1,1,0,0.005263889977320766,-0.20876096506884964
1264,0.8,0.4701654589518896,0,1,1,0,0.008531175220990294,-0.20173641307739343
1265,0.8,0.457441548191731,0,1,1,0,0.013669720518078231,-0.19321410499153638
1266,0.8,0.4646407638869586,0,0,1,0,0.015242588042155053,-0.18233658260072322
1267,0.8,0.4746734160409867,0,0,1,0,0.01189107857461221,-0.16933225258997667
1268,0.8,0.4823476491992767,0,0,1,0,0.0096994217431054,-0.15365074507092613
1269,0.8,0.42033222862528835,1,0,1,0,0.0003469458251619852,-0.1421113265125456
1270,0.8,0.39476635754371514,1,0,1,0,-0.01641482302775184,-0.14128526194134833
1271,0.8,0.3980351715246653,1,0,1,0,-0.03779364810985444,-0.1495643476679603
1272,0.8,0.4113385916106018,1,0,1,1,-0.06362690786771927,-0.16374333324322757
1273,0.8,0.36105496962114686,1,0,1,1,-0.0812901218296987,-0.17398607830605797
1274,0.8,0.38046689269876593,1,0,1,1,-0.09040386789369288,-0.18070147514903354
1275,0.8,0.3715107596766495,1,0,0,1,-0.09269286681405475,-0.19142472899136764
1276,0.8,0.3646842740084827,1,0,0,1,-0.09211536853924253,-0.20329553240612536
1277,0.8,0.3517096740771904,1,0,0,1,-0.0898560626501636,-0.2150513815572107
1278,0.8,0.3608952979079105,1,0,0,1,-0.085911977999752,-0.2273217084628814
1279,0.8,0.35212924258090755,1,0,0,1,-0.07929500241292883,-0.23898145162239198
1280,0.8,0.3435456763251391,1,0,0,1,-0.07251273366145984,-0.24721430223377072
1281,0.8,0.3537017629282608,1,0,0,1,-0.06617509617175585,-0.25250007053626494
1282,0.8,0.3813221325498362,1,0,0,1,-0.06095147795645431,-0.2561576388097415
1283,0.8,0.3566207797395915,1,0,0,1,-0.0556826139067095,-0.2565064557766826
1284,0.8,0.4188273532444814,0,0,0,1,-0.05153926514317062,-0.25536432903181966
1285,0.8,0.5035951205089801,0,0,0,1,-0.04539137756141443,-0.25614158663375614
1286,0.8,0.5149961754757384,0,0,0,1,-0.037389339637554635,-0.2528452143648676
1287,0.8,0.5650768294181087,0,0,0,1,-0.025729847925192506,-0.24767739287208798
1288,0.8,0.5539490849633892,0,0,1,1,-0.011768106052072087,-0.24219438099228063
1289,0.8,0.5706470782712495,0,0,1,1,-0.00514022729737896,-0.23224362697292075
1290,0.8,0.5683605965434753,0,0,1,0,-0.0030477234627484754,-0.22190408861674665
1291,0.8,0.5196075750492573,0,1,1,0,-0.009191802396362395,-0.21185781985560742
1292,0.8,0.5036575783176904,0,1,1,0,-0.016916978676553014,-0.20390368538395537
1293,0.8,0.4505159517416502,0,1,1,0,-0.022853526733998174,-0.19731227847490537
1294,0.8,0.4221833241811545,0,1,1,0,-0.025783250531014518,-0.19148735435502323
1295,0.8,0.42253505137362046,0,1,1,0,-0.024310570159661187,-0.18811685260505973
1296,0.8,0.4329356221863714,0,1,1,0,-0.020102976863538024,-0.1866244793490438
1297,0.8,0.39224315064719983,0,1,1,0,-0.016891589707838713,-0.18371719150065266
1298,0.8,0.381760128286811,0,1,1,0,-0.016388828714241663,-0.17875219048394772
1299,0.8,0.38855869978883506,0,1,1,0,-0.0175863518684096,-0.17444297571126907
1300,0.8,0.397482793233875,0,1,1,0,-0.019676363239418383,-0.17059569562327173
1301,0.8,0.44482870819558384,0,0,1,0,-0.021524317216211872,-0.16594687829368224
1302,0.8,0.48283217291679564,1,0,1,0,-0.028161585761459863,-0.1634330940780495
1303,0.8,0.4779652142425562,1,0,1,0,-0.043757308973977345,-0.16636385161882367
1304,0.8,0.47290872713399185,1,0,1,0,-0.06389374694564207,-0.17402814095377875
1305,0.8,0.43251003627627227,1,0,1,1,-0.08217601744039925,-0.18184686750664983
1306,0.8,0.44053188396105575,1,0,1,1,-0.09591425149388595,-0.18694931258237696
1307,0.8,0.4596561451716895,1,0,1,1,-0.10735286463472893,-0.1926024253929751
1308,0.8,0.49280594447393644,1,0,1,1,-0.11421564770613393,-0.19930868018036413
1309,0.8,0.4919441470860828,1,0,0,1,-0.11491809285276308,-0.2083363581316732
1310,0.8,0.4885771276062164,1,0,0,1,-0.1125726190703963,-0.21528297209396274
1311,0.8,0.4962212058536348,1,0,0,1,-0.10670834789830053,-0.22107523083109942
1312,0.8,0.5043685377770725,1,0,0,1,-0.09736207988961725,-0.22623918426051476
1313,0.8,0.5055880451358417,0,0,0,1,-0.08630397924628405,-0.2299440934043586
1314,0.8,0.5269155619577449,0,0,0,1,-0.0774825970557469,-0.23156656273821036
1315,0.8,0.5523548833749632,0,0,0,1,-0.07174121138002133,-0.23129452470110348
1316,0.8,0.5595121411819541,0,0,0,1,-0.06864968933837012,-0.22807105409007764
1317,0.8,0.61564562931239,0,0,0,1,-0.06482065225600538,-0.22308706002831996
1318,0.8,0.6387970806740122,0,0,0,1,-0.06259681079126696,-0.21512974342855368
1319,0.8,0.6697955170262457,0,0,0,1,-0.06127963057853678,-0.20482699574065805
1320,0.8,0.701354623538484,0,0,0,1,-0.05827055672712466,-0.19570135767770716
1321,0.8,0.6713342630835291,0,0,0,1,-0.05388022600431997,-0.18617044834310553
1322,0.8,0.6716251559587657,0,1,1,0,-0.04827151795813869,-0.17960189492328354
1323,0.8,0.5714140818913699,0,1,1,0,-0.048632006591530406,-0.17472004796008217
1324,0.8,0.5274286909098362,0,1,1,0,-0.05532324613248713,-0.16916543305668313
1325,0.8,0.46036172672388637,0,1,1,0,-0.06338089561165049,-0.16439041206962415
1326,0.8,0.4098461875785393,0,1,1,0,-0.06951547333033226,-0.1605451856100265
1327,0.8,0.3579135963945198,0,1,1,0,-0.07227462980306434,-0.15851966292993397
1328,0.8,0.3032470214943885,0,1,1,0,-0.07009511886620981,-0.1559232212913993
1329,0.8,0.2782630510457281,0,1,1,0,-0.06545858002509615,-0.15407774995162896
1330,0.8,0.2871274762037875,0,1,1,0,-0.05842671216319127,-0.15570122470784165
1331,0.8,0.2846567710961512,0,1,1,0,-0.05060600876107273,-0.16024556831298234
1332,0.8,0.29059982207046897,0,1,1,0,-0.046334468417863636,-0.16631224125822927
1333,0.8,0.3117760790268213,0,1,1,0,-0.044062390161368134,-0.17260664247301807
1334,0.8,0.34988878135892776,0,1,1,0,-0.04478997050644257,-0.1790366862955509
1335,0.8,0.39746015673601964,0,1,1,0,-0.05077183007267826,-0.18875971906119265
1336,0.8,0.3999476299305846,1,0,1,0,-0.06501665093760431,-0.1991787530561082
1337,0.8,0.36619568990698065,1,0,1,1,-0.0895114647635988,-0.2078984896547517
1338,0.8,0.3105966759373848,1,0,1,1,-0.11039140613108332,-0.20826541531164358
1339,0.8,0.32327987624601945,1,0,1,1,-0.12922858331641848,-0.20616549318240243
1340,0.8,0.34863143379904815,1,0,1,1,-0.14551375559347243,-0.20579383728948863
1341,0.8,0.368611629967993,1,0,1,1,-0.1569934487748163,-0.2063261975922996
1342,0.8,0.3995965522479475,1,0,1,1,-0.1636616113175097,-0.20746984917910993
1343,0.8,0.4228382980320333,1,0,1,1,-0.16733736903186944,-0.20861298165715236
1344,0.8,0.4358023142355218,1,0,1,1,-0.16821092058728232,-0.20831610000817757
1345,0.8,0.45164571052248903,1,0,1,1,-0.16606112981956092,-0.2065506715110626
1346,0.8,0.46961198405287724,1,0,0,1,-0.1583230569384023,-0.2050847494293088
1347,0.8,0.4929246319664543,1,0,0,1,-0.14800860178607478,-0.20484029546567004
1348,0.8,0.49745673687435443,1,0,0,1,-0.13587725491868113,-0.20505299110775246
1349,0.8,0.4869828786645641,1,0,0,1,-0.12357304825491136,-0.20431968572777912
1350,0.8,0.48042813113238936,1,0,0,1,-0.11438983860488323,-0.2012789377022795
1351,0.8,0.539383350082286,1,0,0,1,-0.10980272268678193,-0.19780823756394508
1352,0.8,0.5855047631513096,0,0,0,1,-0.1053231223712091,-0.19357859992363738
1353,0.8,0.5943192226819622,0,0,0,1,-0.10030622784935689,-0.18613552718769616
1354,0.8,0.5906316750845582,0,0,0,1,-0.09243213672519504,-0.17671861371004666
1355,0.8,0.5948323051917298,0,0,0,1,-0.08593243044630952,-0.16515067849278212
1356,0.8,0.6062336875976742,0,1,0,1,-0.08160204697400954,-0.15413645160799438
1357,0.8,0.5667241913152795,0,1,0,0,-0.07113914156234492,-0.15101539745785925
1358,0.8,0.48987875294042277,0,1,0,0,-0.060434454013964814,-0.1550281544891835
1359,0.8,0.4288684457699089,0,1,0,0,-0.04611867355000946,-0.1637108709335095
1360,0.8,0.3938114510927181,0,1,1,0,-0.029799545928393113,-0.17739381224659395
1361,0.8,0.38152074738666136,0,1,1,0,-0.023405935795650232,-0.19081615806249788
1362,0.8,0.37493144430657804,0,1,1,0,-0.02334418440972639,-0.20568191202684086
1363,0.8,0.3077162756743935,0,1,1,0,-0.0269166200569465,-0.21618240127133243
1364,0.8,0.21366456026705577,0,1,1,0,-0.03185146076137198,-0.2194889304280242
1365,0.8,0.21581493024488774,0,1,1,0,-0.03368095187136751,-0.22161099962910125
1366,0.8,0.22048815496571125,0,1,1,0,-0.03144192002731584,-0.22571966342262978
1367,0.8,0.26115380982270237,0,1,1,0,-0.027756717604330263,-0.23125517900927767
1368,0.8,0.2859299867819463,0,1,1,0,-0.02440645758688376,-0.23682217256306207
1369,0.8,0.3236646011954073,0,1,1,0,-0.024760153428740397,-0.2428030553020197
1370,0.8,0.363511636923729,0,1,1,0,-0.031108911877333563,-0.25135416546625616
1371,0.8,0.3650480378422726,0,1,1,0,-0.04294268231880892,-0.25965047974236605
1372,0.8,0.2796052976280365,0,0,1,1,-0.05317048235385819,-0.2599819588825579
1373,0.8,0.269351353181106,1,0,1,1,-0.06368827963028947,-0.25228514468102714
1374,0.8,0.3008989629426629,1,0,1,1,-0.07900306851614096,-0.24599705192589952
1375,0.8,0.3374563738700422,1,0,1,1,-0.09485791164987871,-0.24202796980424587
1376,0.8,0.3634156833100849,0,0,1,1,-0.10811795553199974,-0.239404760699266
1377,0.8,0.3902086994851273,0,0,1,1,-0.11726456257714674,-0.23730203294559463
1378,0.8,0.40013608892219965,0,0,1,1,-0.12208594741623893,-0.23519844940300672
1379,0.8,0.4315175543929749,0,0,1,1,-0.12409696283342804,-0.23372526514350603
1380,0.8,0.453715734771637,0,0,1,1,-0.12352927260593238,-0.23286816780028152
1381,0.8,0.4532937532380079,0,0,1,1,-0.12092773250034794,-0.23036504860080245
1382,0.8,0.4769433906305763,0,0,0,1,-0.11634665538324335,-0.22660045715456062
1383,0.8,0.4864658526790187,1,0,0,1,-0.10493007675146766,-0.22515840519363586
1384,0.8,0.45083260931017516,1,0,0,1,-0.08794836063546682,-0.22283901927117936
1385,0.8,0.4196716901911466,1,0,0,1,-0.07069104449560645,-0.2204501193418469
1386,0.8,0.39833048493847517,1,0,0,1,-0.05727017175480137,-0.2165707111509679
1387,0.8,0.43151244198366534,0,0,0,1,-0.04997068545751773,-0.21102209232112143
1388,0.8,0.4688737690717546,0,0,0,1,-0.04074369250819952,-0.20464053894536585
1389,0.8,0.4765341193287905,0,0,0,1,-0.028306778993322262,-0.19604472850735594
1390,0.8,0.4635115952722376,0,0,0,1,-0.014065060163471033,-0.18463557033676467
1391,0.8,0.4708467424106051,0,0,0,1,-0.0008656467409772292,-0.17138543096595918
1392,0.8,0.4737546544527537,0,1,0,1,0.008413010384889508,-0.15743253471434765
1393,0.8,0.4942418081187255,0,1,0,1,0.023218055644756465,-0.152623037866843
1394,0.8,0.44398498093948546,0,1,0,0,0.03884045426481367,-0.15554067092440646
1395,0.8,0.42381377797318714,0,1,1,0,0.0574126062995334,-0.1635865923366859
1396,0.8,0.3397659303161848,0,1,1,0,0.06737578793039768,-0.17029045297619289
1397,0.8,0.27316183477779565,0,1,1,0,0.0714848869805994,-0.1725773256478253
1398,0.8,0.27009038251302897,0,1,1,0,0.07271457658395157,-0.17641601280110922
1399,0.8,0.2518753748666716,0,1,1,0,0.07323318383604337,-0.18362122042926385
1400,0.8,0.24108384959139628,0,1,1,0,0.07437042378284717,-0.1907909352359111
1401,0.8,0.22473614369965225,0,1,1,0,0.0784306022760738,-0.19559160266909148
1402,0.8,0.22436347454299058,0,1,1,0,0.08358714783577612,-0.19871058584011847
1403,0.8,0.2658890444422941,0,1,1,0,0.08855032598877342,-0.20148714897555728
1404,0.8,0.29210106034193034,0,1,1,0,0.09226155581441468,-0.20468915697354334
1405,0.8,0.27880586507837757,1,1,1,0,0.08942536628745507,-0.20850479038691874
1406,0.8,0.31355890462764113,1,0,1,0,0.08071137991709507,-0.21536386800052845
1407,0.8,0.3293498154088216,1,0,1,0,0.06261896453463248,-0.2240263199644542
1408,0.8,0.35264511506987495,1,0,1,0,0.036417133400432934,-0.23418514442526547
1409,0.8,0.3795271422393357,1,0,1,1,0.004373943827611912,-0.24269008167643602
1410,0.8,0.3294897651615334,0,0,1,1,-0.020093258841850217,-0.24420424276690117
1411,0.8,0.3476709004422152,0,0,1,1,-0.03468483346714606,-0.24168848537709922
1412,0.8,0.3492955402711428,0,0,1,1,-0.045175001768756315,-0.23965903122344023
1413,0.8,0.3634080795294393,0,0,1,1,-0.05056794244598456,-0.2380135664087772
1414,0.8,0.35900872218080065,0,0,1,1,-0.05252609030190383,-0.23622800741819072
1415,0.8,0.3712028992750093,0,0,1,1,-0.05184283196511624,-0.23416398062401764
1416,0.8,0.3730839606014389,0,0,1,1,-0.05032116380033296,-0.23176085800057616
1417,0.8,0.37001201509201453,0,0,1,1,-0.04735395437947092,-0.22821417237348351
1418,0.8,0.36993006338450674,0,0,0,1,-0.0400051642389029,-0.22494664317111573
1419,0.8,0.3395958747902398,0,0,0,1,-0.025284875893972686,-0.2223496119839891
1420,0.8,0.29145706229445056,0,0,0,1,-0.005151489569749423,-0.21878288445757257
1421,0.8,0.2901520751382825,1,0,0,1,0.013373824882232576,-0.21491475850270633
1422,0.8,0.25789808535349423,1,0,0,1,0.02470517062496784,-0.2111039528335419
1423,0.8,0.2683494433357816,1,0,0,1,0.029024623348696845,-0.20603547283658477
1424,0.8,0.2906827467575328,0,0,0,1,0.030887530401453412,-0.20091513143228662
1425,0.8,0.303131442092529,0,0,0,1,0.03620911422829566,-0.19406549156184938
1426,0.8,0.298505500702956,0,0,0,1,0.04275253621000027,-0.18289176618283937
1427,0.8,0.29528422549294997,0,1,0,1,0.047915004382817275,-0.16711328018724983
1428,0.8,0.2727458021123073,0,1,0,1,0.06198931482209246,-0.15640967047030183
1429,0.8,0.26804959718467136,0,1,0,1,0.08016580544779774,-0.1538619441102531
1430,0.8,0.26416600924884986,0,1,0,1,0.1032963387706598,-0.15845901009346136
1431,0.8,0.2603619419071976,0,1,1,1,0.130558444217305,-0.1678404117722097
1432,0.8,0.24973739335735776,0,1,1,1,0.14903720923593236,-0.17455962062360422
1433,0.8,0.24084628057058804,0,1,1,1,0.160698732654438,-0.17843672248902737
1434,0.8,0.23967158990546117,0,1,1,1,0.16748826767677408,-0.17947631714035547
1435,0.8,0.2507672621689664,0,1,1,0,0.17051839526390428,-0.18084245945823646
1436,0.8,0.2523105820993706,0,1,1,0,0.16906834308881255,-0.18224795219548526
1437,0.8,0.24012639710467415,0,1,1,0,0.1665142811765332,-0.1833586271429631
1438,0.8,0.28715666718851746,0,1,1,0,0.1633332604371023,-0.18656119323711395
1439,0.8,0.28847913703737843,0,1,1,0,0.1585519923296798,-0.1906249941836944
1440,0.8,0.2997672365376929,0,1,1,0,0.1558003287520266,-0.19210949758191367
1441,0.8,0.3396849154618953,0,1,1,0,0.15530665814387862,-0.1916093059105152
1442,0.8,0.3634019714786806,0,0,1,0,0.15637579708075502,-0.18741831853236907
1443,0.8,0.43320051821914707,1,0,1,0,0.15577374787295115,-0.1818922573256964
1444,0.8,0.4480320334454914,1,0,1,0,0.15309746048569908,-0.17871064552538685
1445,0.8,0.4581248020775852,1,0,1,0,0.15252286935580434,-0.1758879338768506
1446,0.8,0.5029868609994337,1,0,1,0,0.14917583097976506,-0.1769296939479324
1447,0.8,0.5396741864820508,1,0,1,0,0.14201074292921062,-0.18270126452907484
1448,0.8,0.5754419250520253,1,0,1,0,0.13352300315091223,-0.18946169083737124
1449,0.8,0.6114005651701536,1,0,1,0,0.12315622703239842,-0.19630070731775381
1450,0.8,0.6332497973379309,1,0,1,0,0.11307857545335354,-0.20030678867926965
1451,0.8,0.6651734600543984,0,0,1,1,0.10351098156802388,-0.2024730557404573
1452,0.8,0.674029385555837,0,0,1,1,0.09769579654927169,-0.20233569767342777
1453,0.8,0.6715893667973166,0,0,1,1,0.09447052404946678,-0.20005114063114296
1454,0.8,0.6713466020107511,0,0,1,1,0.09195188195058698,-0.19900573492670157
1455,0.8,0.6217206556488323,0,0,0,1,0.09072523674974449,-0.1962577764269127
1456,0.8,0.5089168768073511,0,0,0,1,0.09661503439584973,-0.1849187654598738
1457,0.8,0.5281240700610185,0,0,0,1,0.10490275392135989,-0.17420144955225642
1458,0.8,0.5021358442387535,1,0,0,1,0.11005879374336933,-0.1634405821783223
1459,0.8,0.47703421945104174,1,0,0,1,0.10948298984591819,-0.14903603175040175
1460,0.8,0.480848815470895,1,0,0,1,0.10151397229237656,-0.13256180865572145
1461,0.8,0.5126735507980271,1,0,0,1,0.08857577558546313,-0.11683348803942431
1462,0.8,0.4669207816900391,0,1,0,1,0.08606288684034971,-0.10538701539269237
1463,0.8,0.4296448555953409,0,1,0,1,0.09333338429760167,-0.09908033820272454
1464,0.8,0.4000807209003502,0,1,0,1,0.1024293641246507,-0.09686075901353593
1465,0.8,0.3526413449741935,0,1,0,1,0.11247220854962893,-0.09942118975387207
1466,0.8,0.33108281737453604,0,1,0,1,0.12331431204050583,-0.10746298614430938
1467,0.8,0.30510553641319105,0,1,0,1,0.13936793233645434,-0.12191174272565271
1468,0.8,0.27818582242040746,0,1,0,1,0.15793582151572122,-0.1376465934269067
1469,0.8,0.22140713848014013,0,1,1,1,0.17033501627277559,-0.14728082157040895
1470,0.8,0.22558682510256226,0,1,1,1,0.17701446417665764,-0.1509663462014833
1471,0.8,0.22967993793274724,0,1,1,1,0.1822858827030902,-0.15430100524754972
1472,0.8,0.2354470993804812,0,1,1,1,0.18522132160209068,-0.15577898100043616
1473,0.8,0.24949544231410783,0,1,1,0,0.18717484546496183,-0.15594598578761626
1474,0.8,0.262141422504323,0,0,1,0,0.18922227944137543,-0.15513988863334313
1475,0.8,0.2772699602449402,0,0,1,0,0.1906504965524835,-0.15362306901794598
1476,0.8,0.29978204679638026,0,1,1,0,0.19159970870734003,-0.15170695422601632
1477,0.8,0.28662330950273407,0,0,1,0,0.19058825353190154,-0.14601876769140695
1478,0.8,0.3507237920202435,0,0,1,0,0.18797152302098158,-0.1407827122322716
1479,0.8,0.3808793866279819,0,0,1,0,0.182031742177089,-0.1379148448724196
1480,0.8,0.39290367581506713,0,0,1,0,0.18036479553059118,-0.13049620015539293
1481,0.8,0.4130115212374901,1,0,1,0,0.18030630805935863,-0.12199051142180095
1482,0.8,0.4233740710495755,1,0,1,0,0.17424863367288085,-0.12003538850339475
1483,0.8,0.42436138366325915,1,0,1,0,0.169412713728216,-0.12248587609389983
1484,0.8,0.4569036717881876,1,0,1,0,0.16737052353483428,-0.1284040797156142
1485,0.8,0.4807369235318578,1,0,1,0,0.16759122191833978,-0.1362872468795528
1486,0.8,0.4947263906478331,1,0,1,0,0.16926873520415414,-0.14508364647549082
1487,0.8,0.49852106512404215,1,0,1,0,0.17303974579766757,-0.15387365596678776
1488,0.8,0.5256891225091083,1,0,0,0,0.17990067919100838,-0.16771819871490684
1489,0.8,0.49921777337054685,1,0,0,0,0.18955029684441937,-0.18450061251367536
1490,0.8,0.4517253229783217,1,0,0,0,0.2007485577299844,-0.19750029468533248
1491,0.8,0.4178723446038226,1,0,0,0,0.20998485709054993,-0.20827443768670753
1492,0.8,0.41717574294727333,1,0,0,0,0.21109170989838344,-0.21887531242036942
1493,0.8,0.4503155625701133,1,0,0,0,0.20279909628593015,-0.23021764823957228
1494,0.8,0.49308255966374376,1,0,0,0,0.18844981882507542,-0.24439826610715895
1495,0.8,0.4604772450612989,1,0,0,1,0.17758947107312886,-0.2576262422334886
1496,0.8,0.38547296315198526,1,0,0,1,0.17510037403368714,-0.2629709588275704
1497,0.8,0.38846280395338817,0,0,0,1,0.17879305194936893,-0.2645119552299391
1498,0.8,0.36660423538901193,0,0,0,1,0.19155210557007465,-0.26460728266875133
1499,0.8,0.31750468836199114,0,0,0,1,0.21023568563210687,-0.25864289621443526
1500,0.8,0.28777410350198895,0,1,0,1,0.23124701369469436,-0.25075776905050295
1501,0.8,0.18169178649116147,0,1,1,1,0.2473908917910347,-0.23989431172698064
1502,0.8,0.1522095603087828,0,1,1,1,0.2567541715187433,-0.22448545385180554
1503,0.8,0.15097170481300273,0,1,1,1,0.2660666881825432,-0.2092772888353692
1504,0.8,0.134270747014635,0,1,1,1,0.2755157229104543,-0.19437325897935806
1505,0.8,0.14019917017340958,0,1,1,1,0.2840756968174133,-0.1795588491345921
1506,0.8,0.15968149164404902,0,1,1,1,0.29045805161259475,-0.16728664523795828
1507,0.8,0.18770963473072894,0,0,1,1,0.2917598298776877,-0.157954946811792
1508,0.8,0.21736286751964318,0,0,1,1,0.28850614259889895,-0.1504015167385311
1509,0.8,0.25020339334331704,0,0,1,1,0.2813864906684411,-0.14400353734326055
1510,0.8,0.272750020385342,0,0,1,1,0.2703634814420505,-0.13837058784262926
1511,0.8,0.29411090428826114,0,0,1,0,0.2562047396861248,-0.13245916214561795
1512,0.8,0.3154818800036582,0,0,1,0,0.23988899101942535,-0.12642689585530945
1513,0.8,0.3727567606323901,0,0,1,0,0.22131745537140066,-0.12317911843309247
1514,0.8,0.39862212775708317,0,0,1,0,0.19933969112061609,-0.12212530146946986
1515,0.8,0.42776375575964193,0,0,1,0,0.17871599376582956,-0.12048143837012347
1516,0.8,0.4411801705635984,0,0,1,0,0.16163735928614553,-0.11794521562868039
1517,0.8,0.4636490801510786,0,0,1,0,0.14823924828154914,-0.11437111489425744
1518,0.8,0.4497631248509752,1,0,1,0,0.1341907841799202,-0.11281082907031154
1519,0.8,0.4280777509540923,1,0,0,0,0.12157088097133126,-0.11692146852076339
1520,0.8,0.4302161132219187,1,0,0,0,0.1164046718415363,-0.12521054972067622
1521,0.8,0.3877192315307107,1,0,0,0,0.11703070492140391,-0.13678797266062043
1522,0.8,0.3793373774861527,1,0,0,0,0.1147162644319664,-0.1513473460775928
1523,0.8,0.31552988085246925,1,0,0,0,0.1096551447186057,-0.1616583673157396
1524,0.8,0.3482035352402219,1,0,0,0,0.10291580099662512,-0.1714024479357617
1525,0.8,0.3796863545391214,1,0,0,0,0.08955946040642218,-0.18501311992550903
1526,0.8,0.3576427845964735,1,0,0,1,0.07294063027792365,-0.1989912287770501
1527,0.8,0.2353715622159252,1,1,0,1,0.07254372336501032,-0.20495474957674928
1528,0.8,0.18273777070989813,1,1,0,1,0.07920677779811128,-0.21057756714262893
1529,0.8,0.13948588506649426,1,1,0,1,0.087709736730313,-0.21765311251897862
1530,0.8,0.10301564774667757,1,1,0,1,0.09958765196309001,-0.22735699513335866
1531,0.8,0.07586424073646077,1,1,0,1,0.11538149015690173,-0.2379035728046094
1532,0.8,0.08632857992190927,0,1,0,1,0.1392700846129053,-0.25011734767826393
1533,0.8,0.01640771031420651,0,0,0,1,0.16857696960208018,-0.256612423890319
1534,0.8,-0.004260468131801138,0,0,1,1,0.1984589067160465,-0.2590049632991893
1535,0.8,-0.02435598876933403,0,0,1,1,0.21885734788935934,-0.2548748625536888
1536,0.8,-0.053430706460258964,0,0,1,1,0.2330920700742095,-0.24360583304166164
1537,0.8,-0.08938941671697812,0,0,1,1,0.2414558310234914,-0.22525398998034007
1538,0.8,-0.06785912083133966,0,0,1,1,0.24721702399550374,-0.20727637232676732
1539,0.8,-0.050634160267649476,0,0,1,1,0.24957077698606414,-0.19246466710681606
1540,0.8,-0.034584535221906056,0,0,1,1,0.2466241047092882,-0.17912611810435522
1541,0.8,-0.03963030733842132,0,0,1,0,0.23906698768789242,-0.16624707922404272
1542,0.8,-0.013870893095370101,0,0,1,0,0.2292448135643275,-0.15483497698457152
1543,0.8,-0.004924442462034608,0,0,1,0,0.21684421188310254,-0.1442609995145254
1544,0.8,0.0508589374326873,0,0,1,0,0.20003892221254063,-0.13537366743853488
1545,0.8,0.028257717798597724,0,0,1,0,0.18221353832120651,-0.1249337189918788
1546,0.8,0.07683355959697603,0,0,1,0,0.1654844727554122,-0.11551532584137497
1547,0.8,0.08982606534155232,0,0,1,0,0.14732115891261682,-0.10867338790767428
1548,0.8,0.09570465858346285,0,0,1,0,0.13184591268461607,-0.09971704142389717
1549,0.8,0.11010675224255018,0,0,1,0,0.12037559805677016,-0.09051174346506467
1550,0.8,0.07123648522433619,1,0,1,0,0.10886834357818995,-0.08318804749711899
1551,0.8,0.08350920268140563,1,0,1,0,0.08975677549442436,-0.08610421822316383
1552,0.8,0.08061500174258072,1,0,1,0,0.07136034644107042,-0.09767700121487967
1553,0.8,0.04962904758158743,1,0,0,0,0.05798825093966723,-0.11375122406080418
1554,0.8,0.015010005719654735,1,0,0,0,0.048446183246630636,-0.1365107394691123
1555,0.8,-0.0938539512540384,1,1,0,0,0.04148880183868975,-0.16209700370390825
1556,0.8,-0.11454190080797746,1,1,0,0,0.03693187617030296,-0.19323120489974627
1557,0.8,-0.11159485885098427,1,1,0,0,0.027812038415333182,-0.22829724753354683
1558,0.8,-0.1419092477789774,0,1,0,1,0.015814353837611643,-0.2650092475148046
1559,0.8,-0.21198111307003956,0,1,0,1,0.017983052851572673,-0.29480841046765927
1560,0.8,-0.2544119716336261,0,1,0,1,0.029848393356213948,-0.3209152601738312
1561,0.8,-0.2663747977422199,0,0,0,1,0.04666195914162386,-0.345647513492559
1562,0.8,-0.26344486837288883,0,0,0,1,0.06595680934384496,-0.37052764825052636
1563,0.8,-0.2613535422564649,0,0,0,1,0.08585194099462605,-0.39484404273673085
1564,0.8,-0.2521129191139162,0,0,0,1,0.1072677466527406,-0.419014720530295
1565,0.8,-0.2138425227608987,0,0,0,1,0.13339500764753806,-0.444764323519547
1566,0.8,-0.22922001727806499,0,0,0,1,0.16432739416020117,-0.47100248196845973
1567,0.8,-0.21558509005438126,0,0,0,1,0.19934795737726846,-0.4979557457220202
1568,0.8,-0.011603473019882156,1,1,1,1,-0.00037637279160354534,-0.0010435317921076482
1685,0.8,-0.04761015102546369,1,1,1,0,-0.02138883725321302,-0.015217088826671905
1686,0.8,-0.19711090899391692,1,1,1,0,-0.03923693088587884,-0.02706671671251421
1687,0.8,-0.23546206740923956,1,1,1,0,-0.04370719229100082,-0.030388809249585324
1688,0.8,-0.1882006512771676,0,0,1,0,-0.041847898846985525,-0.0336834098786438
1689,0.8,-0.12903122730615135,0,0,1,0,-0.04413019741730756,-0.03980392291472055
1690,0.8,-0.1243950168036132,0,0,1,0,-0.04973857445785691,-0.044886226005894946
1691,0.8,-0.10298302188713174,0,0,1,0,-0.05902130931603344,-0.050837617085612304
1692,0.8,-0.09279519452469163,0,0,1,1,-0.07089651340978267,-0.058130650406949314
1693,0.8,-0.0664776247618793,0,0,1,1,-0.0791580778168791,-0.06286628076874727
1694,0.8,-0.10331965026875832,0,0,0,1,-0.08272366140273042,-0.0663621861787658
1695,0.8,-0.06790071275103775,0,0,0,1,-0.08548081064852528,-0.0675981376532026
1696,0.8,-0.007158557410641863,0,0,0,1,-0.08647546435765538,-0.07409148196944383
1697,0.8,-0.022333155163091735,0,0,0,1,-0.08291585876582686,-0.08296667374005438
1698,0.8,-0.013049825560381006,0,0,0,1,-0.07660657426692964,-0.09085632587457171
1699,0.8,0.0035714047897088272,0,0,0,1,-0.06826829473379789,-0.10029695303210814
1700,0.8,-0.004923319256881541,0,0,0,1,-0.05924171367171473,-0.10783838538550673
1701,0.8,0.04233673560748766,0,0,0,1,-0.05077555213647401,-0.11455345054361292
1702,0.8,0.07957281732342764,0,0,0,1,-0.0443330487526453,-0.12097392810617089
1703,0.8,0.08505842128482081,0,0,0,1,-0.0391780223588863,-0.12427189308389616
1704,0.8,0.07942842239203966,0,0,0,1,-0.03384062897107264,-0.12557149991888084
1705,0.8,0.10230040384746285,0,0,0,1,-0.026843927044457046,-0.12862660994685035
1706,0.8,0.1468152800900055,0,0,0,1,-0.025571937735869542,-0.1318930535742588
1707,0.8,0.2301308542641674,0,0,0,1,-0.026127573925059377,-0.13746445666430296
1708,0.8,0.24877120876844672,0,0,1,1,-0.027305778103326038,-0.14412305714593207
1709,0.8,0.28433225421351666,0,0,1,1,-0.031297686551581314,-0.14393994493000883
1710,0.8,0.3153724685798085,0,0,1,1,-0.032785865207262475,-0.14055000562215395
1711,0.8,0.3485264291725911,0,0,1,1,-0.03406862286728482,-0.13522612317794255
1712,0.8,0.3855686794363536,0,0,1,1,-0.03395003773237388,-0.13089082346386113
1713,0.8,0.4306974595174722,0,0,1,1,-0.031543566794574616,-0.12825183325718556
1714,0.8,0.4702963626715894,0,0,1,1,-0.027643552496982776,-0.12791197611776103
1715,0.8,0.502865399394307,0,0,1,0,-0.025395607605274362,-0.13058568132942022
1716,0.8,0.5007314674105131,0,0,1,0,-0.024468336930020696,-0.13392011071901527
1717,0.8,0.5261440913015949,0,0,1,0,-0.025306419673350643,-0.1383376448533023
1718,0.8,0.5125673775066002,0,0,1,0,-0.02927968051098647,-0.14475869563674537
1719,0.8,0.5021657132230363,0,0,1,0,-0.03194842055102741,-0.14884453709380688
1720,0.8,0.5453892900507806,0,0,1,0,-0.031066802207464553,-0.1504757093179991
1721,0.8,0.5952888501636207,0,0,1,0,-0.027260221710310853,-0.1501921244034055
1722,0.8,0.632361699657351,0,0,1,0,-0.02337589657713547,-0.14767005642226083
1723,0.8,0.6487693336517995,0,0,1,0,-0.021376953681997057,-0.14185246404843896
1724,0.8,0.6987230200392958,0,0,1,0,-0.021924513866543996,-0.13542026970116097
1725,0.8,0.7425920480258275,0,0,1,0,-0.02649753691678704,-0.1297419564277747
1726,0.8,0.7699921594821766,0,0,1,0,-0.03421263917561264,-0.1230214419983812
1727,0.8,0.8172681192666322,0,0,1,0,-0.04528910090751326,-0.11585665288383734
1728,0.8,0.8694695028673309,0,0,1,0,-0.06104054920474026,-0.10938121911963829
1729,0.8,0.8760129709703484,0,0,1,1,-0.07795135319530909,-0.10229304526158506
1730,0.8,0.8288624279013573,0,0,0,1,-0.0827022867298786,-0.08889456875131352
1731,0.8,0.8222841185316233,0,0,0,1,-0.08119986174496341,-0.07177640435284399
1732,0.8,0.781104407331028,0,0,0,1,-0.07460616190580871,-0.05215188543278392
1733,0.8,0.7676414379014093,1,0,0,1,-0.06613707948560607,-0.03077895986940463
1734,0.8,0.7562310540846823,1,0,0,1,-0.06993513757211658,-0.012458570675194331
1735,0.8,0.7950362176588623,1,0,0,1,-0.08284689996971971,0.0009096068741394228
1736,0.8,0.8462916733482748,1,0,0,1,-0.09821074061950488,0.007949290487225428
1737,0.8,0.8719962011173191,1,0,0,1,-0.10846418948080667,0.012474737997519319
1738,0.8,0.8670585647050634,1,0,0,1,-0.11501674457111628,0.020074538702451423
1739,0.8,0.9163448145029803,1,0,0,1,-0.12282120202529231,0.03135696084770919
1740,0.8,0.968671456267357,0,1,0,1,-0.12565889353962317,0.03895842330064774
1741,0.8,0.9787538099485218,0,1,0,1,-0.11282923328770589,0.03775893033616483
1742,0.8,0.9715204423492699,0,1,0,1,-0.09362699942076959,0.02897966532134101
1743,0.8,0.9868699866704078,0,1,0,1,-0.07257905758695873,0.015348661806488119
1744,0.8,1.0070086709594988,0,1,0,1,-0.05399266820604044,-0.0007176430172731661
1745,0.8,1.0214887560905686,0,1,0,1,-0.04159203308489133,-0.01577608253830162
1746,0.8,1.0435672586667104,0,0,1,1,-0.03419437178187341,-0.027127707841642524
1747,0.8,1.053442694736398,0,0,1,1,-0.03017364336749663,-0.033957439796785734
1748,0.8,1.0657336929445185,0,0,1,1,-0.027265723161486437,-0.03835074307331712
1749,0.8,1.035263068524391,0,0,1,0,-0.027029295906869116,-0.042338253080662795
1750,0.8,1.024889953795451,0,0,1,0,-0.02701994200735323,-0.04535586548496483
1751,0.8,1.0767816505940053,0,0,1,0,-0.029241382125728504,-0.05279076984697082
1752,0.8,1.05672326030846,0,0,1,0,-0.03462765039353514,-0.06040320841287929
1753,0.8,1.0517064313480833,0,0,1,0,-0.03914042794980109,-0.06227873181575688
1754,0.8,1.0659519756661047,0,0,1,0,-0.04263034377060713,-0.06183069356290823
1755,0.8,1.0767076229470605,0,0,1,0,-0.043287737555328054,-0.05719248455313768
1756,0.8,1.073233103274647,0,0,1,0,-0.039199663585304204,-0.04706537256254703
1757,0.8,1.0776404596652722,0,0,1,0,-0.032508045079101926,-0.033895157730823765
1758,0.8,1.0844421668643192,0,1,1,0,-0.023420367228523177,-0.020599351707502496
1759,0.8,1.100410638538474,0,1,1,0,-0.012148838950337155,-0.008333675890193223
1760,0.8,1.1050406194935525,0,1,1,0,-0.0006199748278671957,0.004420600465204842
1761,0.8,1.0939625449124317,1,0,1,0,0.0075280856930676765,0.017707108664583245
1762,0.8,1.0421211630612526,1,0,0,0,0.00638068119731119,0.022355774669718404
1763,0.8,0.9910542815888175,1,0,0,0,0.001851847269279583,0.016158491186652614
1764,0.8,0.9705899173545884,1,0,0,0,-0.008608088376051762,0.00010480979454160969
1765,0.8,0.8434836631990371,1,0,0,1,-0.01431521126013507,-0.01685134409716644
1766,0.8,0.724839354700128,1,0,0,1,-0.005522232750959994,-0.020376344868853005
1767,0.8,0.6534035689432959,1,0,0,1,0.005267540204603259,-0.019371781336063855
1768,0.8,0.6088490134182334,1,0,0,1,0.01089515922124133,-0.018818874610049434
1769,0.8,0.5976484957720286,1,0,0,1,0.010470864994827602,-0.020829029555126808
1770,0.8,0.6017613388835409,1,0,0,1,0.008588535159159657,-0.02802032633688632
1771,0.8,0.6124576146023675,1,0,0,1,0.007811153257743857,-0.03761129288572559
1772,0.8,0.6003573299525692,1,0,0,1,0.008624149738847831,-0.04617203847120903
1773,0.8,0.6196985948749887,0,0,0,1,0.014198337856953196,-0.053646940940878865
1774,0.8,0.6208409093305702,0,0,0,1,0.022450194541112026,-0.05975054930035478
1775,0.8,0.6278600247572449,1,0,0,1,0.03309073225956378,-0.06382596882573903
1776,0.8,0.6511848426802223,1,0,0,1,0.04403118904366701,-0.06788214437663169
1777,0.8,0.6957554447055453,1,0,0,1,0.058214434856712585,-0.07465615810428083
1778,0.8,0.7211109546218087,1,0,0,1,0.07428024017422179,-0.08146247958904754
1779,0.8,0.6860305980362953,0,0,1,1,0.08617534202645846,-0.08176186329021498
1780,0.8,0.7339550513765262,0,0,1,1,0.09645744872593523,-0.07603125870643307
1781,0.8,0.7943571059341444,0,0,1,1,0.10902529922564326,-0.07077247299719015
1782,0.8,0.8064214148055733,0,0,1,1,0.1202073156345541,-0.061726398719157444
1783,0.8,0.8421775500739831,0,0,1,1,0.12611443956080673,-0.050002302052651444
1784,0.8,0.8421740584823406,0,0,1,0,0.12600136926767622,-0.03613435409429372
1785,0.8,0.8782464652119211,0,0,1,0,0.119829602614762,-0.022018441768961373
1786,0.8,0.8840039481143837,0,0,1,0,0.10952707070125373,-0.0072375207384927105
1787,0.8,0.884809409660402,0,1,1,0,0.09720060667356098,0.0047838237328596735
1788,0.8,0.8931597699732128,0,1,1,0,0.0900444402550952,0.010952329405646777
1789,0.8,0.8948676372819493,0,1,1,0,0.0863495042751336,0.014002758295367906
1790,0.8,0.9097938252143664,0,1,1,0,0.0848487925111962,0.016674450009475237
1791,0.8,0.9380633757993956,0,1,1,0,0.08557010489313925,0.019899658891653745
1792,0.8,0.9887219585912079,0,1,1,0,0.0903681244100563,0.0237106008132717
1793,0.8,1.0394506201375235,0,1,1,0,0.09726308144952835,0.0283248147515322
1794,0.8,1.07389796100742,0,0,1,0,0.10269227705517776,0.034472073032447516
1795,0.8,1.113485068257742,0,0,1,0,0.10722644615706535,0.04216018724611015
1796,0.8,1.1088146135944936,1,0,1,0,0.10923866208255342,0.05010519906894042
1797,0.8,1.0709418906371777,1,0,1,0,0.10069509109241971,0.05217247965341716
1798,0.8,1.0646391752340518,1,0,1,0,0.09106603446235392,0.04734184239415846
1799,0.8,1.0895889730292343,1,0,1,0,0.07611996812024462,0.03475763214175875
1800,0.8,1.0723603038918101,1,0,1,0,0.05950678560075375,0.019354855974683338
1801,0.8,1.0264606026760674,1,0,0,0,0.04447478586477732,0.0024896435711235228
1802,0.8,1.0362680267269493,1,0,0,0,0.026417351759415616,-0.018283042308174163
1803,0.8,1.0087299885835193,1,0,0,1,0.011027014555222299,-0.04105975006823989
1804,0.8,0.9742124429169581,1,0,0,1,0.009647821211369784,-0.05335588256174883
1805,0.8,0.9567503277394279,1,0,0,1,0.01629296678045799,-0.059149329847520624
1806,0.8,0.9235208266000506,1,0,0,1,0.024531528964879933,-0.0603723730384168
1807,0.8,0.8897749677933731,1,0,0,1,0.0275144417825812,-0.05834957809642904
1808,0.8,0.8665806138602143,1,0,0,1,0.02516224780210634,-0.05433120146353389
1809,0.8,0.8695057587319193,1,0,0,1,0.020250076908081123,-0.05010264961125051
1810,0.8,0.8766086034374183,1,0,0,1,0.01389908863219618,-0.04527971592402168
1811,0.8,0.8994194987807198,1,0,0,1,0.007672638319695256,-0.03945383500706507
1812,0.8,0.9229921968109313,1,0,0,1,0.0020929929259769398,-0.0325341319887494
1813,0.8,0.9651384245590491,1,0,0,1,-0.003503707898519318,-0.024589946865938628
1814,0.8,0.9588523553745936,1,1,0,1,-0.005490846477156882,-0.017199268724972558
1815,0.8,0.986213661775209,1,1,0,1,0.004287042086958241,-0.01827182334314116
1816,0.8,0.9388414732082621,0,1,0,1,0.019979683952905225,-0.022702578524266825
1817,0.8,0.9802866356934645,0,1,0,1,0.03985664576624859,-0.029766179240134475
1818,0.8,0.9628816051253009,0,1,1,1,0.05341327586906877,-0.035032377000263286
1819,0.8,0.9485706473452475,0,1,1,0,0.05670120027044768,-0.03427443074405551
1820,0.8,0.9042996365961045,0,1,1,0,0.055280254305375406,-0.03554841073755612
1821,0.8,0.8902592671105558,0,1,1,0,0.05344405079290037,-0.038901680640089135
1822,0.8,0.8759610346609871,0,1,1,0,0.053703142213284136,-0.04433248019136348
1823,0.8,0.8422723656017791,0,1,1,0,0.0551168150286299,-0.048113994174473464
1824,0.8,0.815899801710176,0,1,1,0,0.0585248766189815,-0.048396195883603034
1825,0.8,0.7961341208388267,0,1,1,0,0.06387489400482822,-0.04540596491362359
1826,0.8,0.7998162794508114,0,1,1,0,0.06907874948789701,-0.040681824473468575
1827,0.8,0.7965535241474192,0,1,1,0,0.0735786389945778,-0.03486956102731948
1828,0.8,0.816223898471266,0,1,1,0,0.07902650129499324,-0.02835674346051899
1829,0.8,0.8277277944560908,0,1,1,0,0.08257178849562098,-0.02261688685656169
1830,0.8,0.8371557725575355,0,1,1,0,0.08408400800033235,-0.016481962922831515
1831,0.8,0.7728464075212892,1,1,1,0,0.08228114864405424,-0.011263190994337997
1832,0.8,0.6560044399522783,1,1,1,0,0.06953459386755778,-0.014239938997712512
1833,0.8,0.565526499966092,1,1,1,0,0.05406600611224371,-0.024478918051492094
1834,0.8,0.5309905563816302,1,0,1,0,0.03378828877287243,-0.04355986575866494
1835,0.8,0.5164410975404524,1,0,1,0,0.009650363112143834,-0.06866392183225163
1836,0.8,0.5072390446237722,1,0,1,0,-0.013235737711671504,-0.09408719763048226
1837,0.8,0.49719964284131213,1,0,1,0,-0.03231973243246013,-0.11620957179084403
1838,0.8,0.48467418540145735,1,0,1,0,-0.046151693729163216,-0.13300408342241568
1839,0.8,0.4815858487175464,0,0,1,1,-0.057852098000773795,-0.14498128130685375
1840,0.8,0.48563911272529514,0,0,0,1,-0.06765107505211043,-0.15354906127186374
1841,0.8,0.49779018704911204,0,0,0,1,-0.07685256840771547,-0.16287145824215893
1842,0.8,0.47713895852221727,0,0,0,1,-0.08453043556130836,-0.1699490885878855
1843,0.8,0.46160809316326357,0,0,0,1,-0.08965936812663171,-0.17278105217452094
1844,0.8,0.4676569541613859,0,0,0,1,-0.09238196629290171,-0.17350348535380722
1845,0.8,0.4539646981109316,0,0,0,1,-0.09196696280979416,-0.17255652983338307
1846,0.8,0.4718233505120007,0,0,0,1,-0.09341674016589736,-0.16937979359693245
1847,0.8,0.5058123706587759,0,0,0,1,-0.09954821407302662,-0.16420385870101467
1848,0.8,0.531434922312209,0,0,0,1,-0.10798962755361999,-0.15666372606063753
1849,0.8,0.5483198715515119,0,0,0,1,-0.11794086740734386,-0.14632601287054067
1850,0.8,0.6219319736778279,0,0,0,1,-0.12853832740605897,-0.1341108777998258
1851,0.8,0.539291255803621,0,1,0,1,-0.13211646481987824,-0.12344128821915287
1852,0.8,0.5285676590783969,0,1,0,1,-0.12937907972095353,-0.12223312412777323
1853,0.8,0.507812813951727,0,1,0,1,-0.1212760406891152,-0.13166180569063957
1854,0.8,0.499679593218222,0,1,0,1,-0.11114726405486108,-0.14657616679503963
1855,0.8,0.5136053834670861,0,1,0,1,-0.10152369445246812,-0.16480846434460183
1856,0.8,0.5337540708603934,0,1,0,1,-0.09421459085793439,-0.18295927964786113
1857,0.8,0.5416315594724482,0,1,0,1,-0.09075936521835416,-0.19745888690478025
1858,0.8,0.5450274381337628,0,0,0,1,-0.08977256819581662,-0.20714124529476216
1859,0.8,0.5336196289053813,0,0,0,0,-0.09066913506087453,-0.21285725743572254
1860,0.8,0.537293489391334,0,0,0,0,-0.09363380206432963,-0.21923333922390656
1861,0.8,0.5203510578356749,0,0,0,0,-0.09901417971122148,-0.22723501524690853
1862,0.8,0.5479411007678716,0,0,0,0,-0.10831341616404082,-0.2394232653103126
1863,0.8,0.5103720684066394,0,1,0,0,-0.12042874316160235,-0.25378518653884063
1864,0.8,0.4522795639392521,0,1,0,0,-0.13117761407560788,-0.2641345973624786
1865,0.8,0.4212525979928379,0,1,1,0,-0.13537329606374734,-0.2700801818680136
1866,0.8,0.4283193907275916,0,0,1,0,-0.13594423003340278,-0.26796368047838687
1867,0.8,0.448096895259641,0,0,1,0,-0.135063015737413,-0.2579619790060159
1868,0.8,0.4688458265676443,0,0,1,0,-0.1341828893042399,-0.2432816525765796
1869,0.8,0.4848370487496824,0,0,1,0,-0.13319910268140273,-0.22514357021333356
1870,0.8,0.5107007530158048,0,0,1,0,-0.13151818410954288,-0.20476241606209802
1871,0.8,0.5257371679602115,1,0,1,0,-0.1346618365136655,-0.18673615726291018
1872,0.8,0.42444698150504523,1,0,1,1,-0.14081930524847314,-0.17186735813094056
1873,0.8,0.4044195249658555,1,0,0,1,-0.1423415800729326,-0.1568129099751565
1874,0.8,0.36082639380689774,1,0,0,1,-0.1441695417042535,-0.1517329025724069
1875,0.8,0.34542362111883795,1,0,0,1,-0.14931743351677457,-0.15066529650058563
1876,0.8,0.32299099610775894,1,0,0,1,-0.15673709828990715,-0.15287527903254433
1877,0.8,0.3222781534643014,1,0,0,1,-0.16285043242412398,-0.15859890663743725
1878,0.8,0.3315556838569876,1,0,0,1,-0.1669228138965261,-0.1677702694568316
1879,0.8,0.34051352600597545,1,0,0,1,-0.16682183733336375,-0.17975781791940323
1880,0.8,0.3729627726470575,1,0,0,1,-0.16084902244707966,-0.19373440477658574
1881,0.8,0.36379191037465514,1,0,0,1,-0.1515440363552179,-0.20730274188987094
1882,0.8,0.36422604079226834,1,0,0,1,-0.1391098203229677,-0.21723104601600612
1883,0.8,0.3882810953205528,0,0,0,1,-0.1239023902514892,-0.2248276186030904
1884,0.8,0.44984747778070977,0,0,0,1,-0.1041977450964094,-0.23269633096759948
1885,0.8,0.48958688449754423,0,0,0,1,-0.08196418085484079,-0.24108335469460282
1886,0.8,0.48647378214572884,0,0,0,1,-0.06439540038815392,-0.24535042763123938
1887,0.8,0.5657599960987432,0,0,0,1,-0.048922527642823024,-0.2506193354709592
1888,0.8,0.6008893356445545,0,0,0,1,-0.03362800289492881,-0.2588874396180154
1889,0.8,0.5405421727653968,0,0,1,1,-0.02603005517818538,-0.263463218623552
1890,0.8,0.5773907264379441,0,0,1,1,-0.0225718329606429,-0.26305515261650275
1891,0.8,0.5797880688384996,0,0,1,1,-0.019945966682996457,-0.26490208018153105
1892,0.8,0.5232931269343545,0,0,1,0,-0.023747219057654333,-0.265420435866368
1893,0.8,0.4848565660567646,0,0,1,0,-0.03125351954123847,-0.26124221109481743
1894,0.8,0.4834949857096353,0,0,1,0,-0.04111870028382181,-0.2572899691929478
1895,0.8,0.46104991765020764,0,0,1,0,-0.05167110618320832,-0.2540633435285536
1896,0.8,0.43549856596732806,0,0,1,0,-0.05910258153727434,-0.24814855923454812
1897,0.8,0.4144219886734334,0,0,1,0,-0.06280922949709696,-0.23962005277008788
1898,0.8,0.3935692277937377,0,1,1,0,-0.06535143554520624,-0.22959201942352844
1899,0.8,0.3897064039876109,0,1,1,0,-0.0642565953763629,-0.2201034909168355
1900,0.8,0.40228821412249666,0,1,1,0,-0.06041124699009784,-0.21038170109907392
1901,0.8,0.4354515790898741,0,1,1,0,-0.052122813293750764,-0.19991559705210613
1902,0.8,0.4918838838750451,0,1,1,0,-0.042861247184324845,-0.19188151589185345
1903,0.8,0.5352008563178733,1,0,1,0,-0.039055559896510994,-0.18647205187583818
1904,0.8,0.5182162563231666,1,0,1,0,-0.04702556571799021,-0.1857237770446088
1905,0.8,0.49607091689189725,1,0,1,0,-0.06181782902724564,-0.18890727060014142
1906,0.8,0.4684352357008949,1,0,1,1,-0.079913216834848,-0.19344379065649345
1907,0.8,0.4502482425027821,1,0,1,1,-0.09300196665767557,-0.19528860411998725
1908,0.8,0.4576453783817521,1,0,1,1,-0.1031722634253969,-0.1969959440940754
1909,0.8,0.48698971618947084,1,0,1,1,-0.11101792187340412,-0.19991501796671118
1910,0.8,0.5172158051821018,1,0,1,1,-0.11722515654554014,-0.20338649257477362
1911,0.8,0.5310127268877538,1,0,1,1,-0.12023903716615772,-0.20626595372117804
1912,0.8,0.5408738589552256,0,0,0,1,-0.11821832413256154,-0.20987276977315866
1913,0.8,0.5673476239173677,0,0,0,1,-0.11353950416576282,-0.21345532105296555
1914,0.8,0.5935720313098578,0,0,0,1,-0.10579782946062885,-0.21742726363643283
1915,0.8,0.5972382114270174,0,0,0,1,-0.09594251134448062,-0.22026265957658606
1916,0.8,0.6242492296936029,0,0,0,1,-0.08636467997405649,-0.2205434440605264
1917,0.8,0.6543832941843468,0,0,0,1,-0.08198410023823804,-0.21832908361719214
1918,0.8,0.6736731096929065,0,0,0,1,-0.0844625547094382,-0.21292253677695158
1919,0.8,0.6990374597528614,0,0,0,1,-0.09218968334548006,-0.2054408117339848
1920,0.8,0.7208278452695384,0,0,0,1,-0.10620471636473096,-0.19498378254413212
1921,0.8,0.7692692588911145,0,0,0,1,-0.12405554593600941,-0.18334485472088502
1922,0.8,0.7919918526160769,0,1,0,0,-0.14732046596939383,-0.1751682190303598
1923,0.8,0.744714470510689,0,1,0,0,-0.16675308713878706,-0.17526345368537
1924,0.8,0.6649499855406102,0,1,0,0,-0.17581037760626855,-0.18347714909278587
1925,0.8,0.5663087561065652,0,1,0,0,-0.17597048857236372,-0.19365239519539043
1926,0.8,0.49035839673171805,0,1,0,0,-0.16860016888981266,-0.205089917564921
1927,0.8,0.4668089771661767,0,1,1,0,-0.15589889189763198,-0.22223362224533477
1928,0.8,0.3789875899515802,0,1,1,0,-0.1507017094392132,-0.23351941538731477
1929,0.8,0.2980663100621263,0,1,1,0,-0.15170796953088042,-0.2360695375361241
1930,0.8,0.21115107305029393,0,1,1,0,-0.15787353817557245,-0.23649725782917877
1931,0.8,0.21313026096398743,0,1,1,0,-0.16648656879014434,-0.24011859232568683
1932,0.8,0.2435393951902813,0,1,1,0,-0.17038100872531337,-0.24573243695482724
1933,0.8,0.28124721572461503,0,1,1,0,-0.1727292920197262,-0.25210340709487805
1934,0.8,0.31475491438089714,0,1,1,0,-0.17885180204026346,-0.26061504266224433
1935,0.8,0.2597431576144854,0,1,1,1,-0.18740016511389793,-0.26653025057293794
1936,0.8,0.16254474332469132,0,1,1,1,-0.18874205598016486,-0.2598608136808449
1937,0.8,0.14509085421971654,0,1,1,1,-0.18918918957985517,-0.2498510301389631
1938,0.8,0.16691119401667504,0,1,1,1,-0.18832880689408013,-0.24383742161260272
1939,0.8,0.17474580909002657,0,0,1,1,-0.18944807311743458,-0.2391874086034027
1940,0.8,0.2020396831311386,0,0,1,1,-0.19123436702222166,-0.2352491547780468
1941,0.8,0.24344851412357152,0,0,1,1,-0.19355529667789925,-0.234116771667629
1942,0.8,0.28224551433095085,0,0,1,1,-0.19703026963881037,-0.2362421590507629
1943,0.8,0.301778699460514,0,0,1,1,-0.2007324533867625,-0.23926427522042773
1944,0.8,0.32431086082894955,0,0,1,1,-0.20332619287859865,-0.2412889345498872
1945,0.8,0.342042522161016,0,0,1,1,-0.20501737990686061,-0.24217723326393217
1946,0.8,0.3661398199783724,0,0,0,1,-0.20508925331300937,-0.2418480866010149
1947,0.8,0.351024850650611,0,0,0,1,-0.1991640161828885,-0.2394862880561256
1948,0.8,0.37561686861179155,0,0,0,1,-0.1885273498586392,-0.23616474370629062
1949,0.8,0.38473097770621745,0,0,0,1,-0.17388076758001275,-0.23478528772384166
1950,0.8,0.36588451181630394,0,0,0,1,-0.15757720876557627,-0.23121503377925243
1951,0.8,0.409820770484873,0,0,0,1,-0.14466560294926964,-0.22622862895877388
1952,0.8,0.4577768269729922,0,0,0,1,-0.13714626862142307,-0.22182491119651251
1953,0.8,0.4857536346905914,0,0,0,1,-0.1342579270266881,-0.21687047369777282
1954,0.8,0.5005024177982926,0,0,0,1,-0.1340013726234824,-0.21142909966613863
1955,0.8,0.540257975308533,0,0,0,1,-0.13703990290207224,-0.2054916417624271
1956,0.8,0.5928039437575737,0,0,0,1,-0.14336880819578715,-0.19998177608276593
1957,0.8,0.610996188329916,0,1,0,1,-0.14975356248486846,-0.19569295331432393
1958,0.8,0.6252358755744788,0,1,0,1,-0.144034936514342,-0.1988370996366714
1959,0.8,0.6118762677110431,0,1,0,1,-0.13278426000697724,-0.20586693956963034
1960,0.8,0.5974591949403546,0,1,0,0,-0.12449387287264539,-0.21663900398920108
1961,0.8,0.5958074684346097,0,1,0,0,-0.11543914050064348,-0.2330146527213614
1962,0.8,0.5735414456891575,0,1,1,0,-0.10800195597780418,-0.25069363761503904
1963,0.8,0.5278022784930956,0,1,1,0,-0.1065872835727899,-0.261808313473463
1964,0.8,0.45629804244835653,0,1,1,0,-0.11076543463365504,-0.2660853001163958
1965,0.8,0.3855856194750732,0,1,1,0,-0.11365692270034315,-0.2629017738848916
1966,0.8,0.39644615946176864,0,1,1,0,-0.10869685502840236,-0.2578172844155996
1967,0.8,0.42230890365091345,0,1,1,0,-0.09938946777008453,-0.2565602410052223
1968,0.8,0.4492182024240277,0,1,1,0,-0.08828346686102383,-0.2557596465569645
1969,0.8,0.454411293624547,0,1,1,0,-0.0790931374387163,-0.25178946338892033
1970,0.8,0.4748861798958209,0,0,1,0,-0.07567173336584342,-0.24527337268203409
1971,0.8,0.5100333404384174,0,0,1,0,-0.07794357964903866,-0.2386472821716796
1972,0.8,0.521390155381618,1,0,1,0,-0.0872550670141258,-0.23274709762569767
1973,0.8,0.4826375861548426,1,0,1,1,-0.10205007204132774,-0.22745618170088672
1974,0.8,0.46567373492082453,1,0,1,1,-0.1119677880803031,-0.21914334828470292
1975,0.8,0.4752233443502853,1,0,1,1,-0.12054757677643577,-0.21331611476028495
1976,0.8,0.4928858905719079,1,0,1,1,-0.12748637082847247,-0.2112019526881049
1977,0.8,0.5193802217363122,1,0,1,1,-0.13244375417815296,-0.21215003775739733
1978,0.8,0.5486707755672092,1,0,1,1,-0.13585702148957707,-0.21464358130267078
1979,0.8,0.5792967339393497,1,0,1,1,-0.13696656288240422,-0.21768571860809785
1980,0.8,0.5781869697043619,0,0,0,1,-0.1323779824550069,-0.2214833156594658
1981,0.8,0.5869987227597029,0,0,0,1,-0.12252934090581097,-0.22502027436211666
1982,0.8,0.6171147423074436,0,0,0,1,-0.1076507322532838,-0.23103552246604428
1983,0.8,0.6274928931458037,0,0,0,1,-0.08925992788157015,-0.2387097364006002
1984,0.8,0.6140198603560667,0,0,0,1,-0.0723051875490681,-0.24344939870217666
1985,0.8,0.6258472805715671,0,0,0,1,-0.06110883376836916,-0.2443958158813944
1986,0.8,0.6590161971356044,0,0,0,1,-0.05388574393003086,-0.2433075236781825
1987,0.8,0.6775974534037452,0,0,0,1,-0.05004439779991669,-0.23979536381669117
1988,0.8,0.7075406569832552,0,0,0,1,-0.05008558993535189,-0.2340084125327703
1989,0.8,0.7691297675002774,0,0,0,1,-0.05463382126215001,-0.2276629299630564
1990,0.8,0.8213247887822049,0,0,0,1,-0.06113075061224401,-0.2223662680256102
1991,0.8,0.8706875573766771,0,0,0,1,-0.06617317087693551,-0.21877235397336434
1992,0.8,0.8329857420115478,0,1,0,0,-0.07274011732266633,-0.21722036204369893
1993,0.8,0.7833451147857398,0,1,1,0,-0.0758871546994938,-0.2203313386048083
1994,0.8,0.6819085774169142,0,1,1,0,-0.08141007628301333,-0.21977952411086563
1995,0.8,0.6143914687270542,0,1,1,0,-0.08623973674211816,-0.21713075892652198
1996,0.8,0.49807997900457257,0,1,1,0,-0.08666221646988331,-0.20898907890005022
1997,0.8,0.4459648040660277,0,1,1,0,-0.08005274920608994,-0.19689296901497438
1998,0.8,0.44796946048264913,0,1,1,0,-0.06864514951133555,-0.18590950796623273
1999,0.8,0.44363990714325735,0,1,1,0,-0.05572371628452849,-0.17901823634218633
2000,0.8,0.4459574846357452,0,1,1,0,-0.04192289593007399,-0.17334814678379953
2001,0.8,0.46324845714528734,0,1,1,0,-0.028963177903717947,-0.16931571162688788
2002,0.8,0.49821002536361764,0,1,1,0,-0.01788640728263828,-0.16652032457686494
2003,0.8,0.5229684571911379,0,0,1,0,-0.010685979132596127,-0.16344450728714793
2004,0.8,0.5247493399233782,1,0,1,0,-0.012085528350419003,-0.16318139599335266
2005,0.8,0.5166902423765386,1,0,1,0,-0.02487985476684971,-0.1668609371791219
2006,0.8,0.4933112481620056,1,0,1,0,-0.043341209439577526,-0.171378497281227
2007,0.8,0.47037515673418806,1,0,1,1,-0.0638010685921432,-0.1778743915872742
2008,0.8,0.447599323847746,1,0,1,1,-0.07865449240591701,-0.1828471828051857
2009,0.8,0.4663000578610362,1,0,1,1,-0.08918334888053862,-0.18848251530194005
2010,0.8,0.48711046416162684,1,0,1,1,-0.09653871221426048,-0.19513183042737978
2011,0.8,0.5128742251711879,1,0,1,1,-0.10153653743064761,-0.20175707356177747
2012,0.8,0.5395030439628468,1,0,1,1,-0.10515466075924244,-0.20778580174598912
2013,0.8,0.5494733495527573,1,0,0,1,-0.10445972720187063,-0.21414807013426995
2014,0.8,0.5662564073893791,0,0,0,1,-0.10029177424457592,-0.22032728203167243
2015,0.8,0.6004738990033518,0,0,0,1,-0.09116412374630849,-0.22775429764213406
2016,0.8,0.6015902209915964,0,0,0,1,-0.07979961462247562,-0.23413286768683705
2017,0.8,0.5633699975734987,0,0,0,1,-0.06872755058397641,-0.23484373942654768
2018,0.8,0.5830121603779397,0,0,0,1,-0.06205595379587196,-0.23216404783237737
2019,0.8,0.6266028462781701,0,0,0,1,-0.06112352716042209,-0.22928256251992593
2020,0.8,0.6617653544303661,0,0,0,1,-0.0632909357401372,-0.22457912941541824
2021,0.8,0.6847391606122482,0,0,0,1,-0.06921650945181544,-0.21628957565225593
2022,0.8,0.7293612385177618,0,0,0,1,-0.07954284975498555,-0.20551679553567453
2023,0.8,0.7836666638382885,0,0,0,1,-0.09081181647089977,-0.1953406103010658
2024,0.8,0.8197020971681931,0,1,0,1,-0.10278698532924736,-0.18667047014277022
2025,0.8,0.785269174407795,0,1,0,0,-0.11065862919069774,-0.18853158867734146
2026,0.8,0.7015246506331977,0,1,0,0,-0.11529896281858575,-0.1979274527699308
2027,0.8,0.630553178387336,0,1,1,0,-0.11273181501315908,-0.21073628900146268
2028,0.8,0.5095408711286534,0,1,1,0,-0.11082563034537496,-0.2188577369785653
2029,0.8,0.435301407356966,0,1,1,0,-0.11141736002977522,-0.22176996105213112
2030,0.8,0.34685165405054036,0,1,1,0,-0.11045966249036572,-0.22198665978455134
2031,0.8,0.29478714938026596,0,1,1,0,-0.10764830171559084,-0.21927625182094676
2032,0.8,0.28884756448551563,0,1,1,0,-0.10474179555559535,-0.21817946521579246
2033,0.8,0.3006712056207054,0,1,1,0,-0.10113908070457693,-0.22045501203009138
2034,0.8,0.30290078442097307,0,1,1,0,-0.09604937425912331,-0.22271630644039894
2035,0.8,0.32488453291907093,0,1,1,0,-0.09061506771540268,-0.22378558011522887
2036,0.8,0.37462865582241905,0,1,1,0,-0.0878586510837022,-0.2267830632907754
2037,0.8,0.415370692496427,0,1,1,0,-0.09100807785846028,-0.23387186941107593
2038,0.8,0.4127418167563103,0,1,1,0,-0.09910146360817129,-0.2404962436930913
2039,0.8,0.3294833099614988,0,0,1,1,-0.10771249654860977,-0.23715464184974658
2040,0.8,0.3322273509379597,1,0,1,1,-0.1165819059215257,-0.22595467610522554
2041,0.8,0.3489673100397245,1,0,1,1,-0.12855008935007625,-0.21749159959516665
2042,0.8,0.36722765012906783,1,0,1,1,-0.14020996824483256,-0.21372759884164177
2043,0.8,0.383259429380429,1,0,1,1,-0.14872797243401062,-0.21402752401872902
2044,0.8,0.39140185668959276,1,0,1,1,-0.15389834007265762,-0.2166696541491377
2045,0.8,0.39821316008519236,1,0,1,1,-0.15655494040945328,-0.21976499033599808
2046,0.8,0.4168219089128291,1,0,1,1,-0.15767676933702662,-0.22244702474309735
2047,0.8,0.4418615048524559,0,0,1,1,-0.1581846776353633,-0.2244482407684546
2048,0.8,0.48571773722997175,0,0,1,1,-0.15755745517566008,-0.2260148447717556
2049,0.8,0.48374568752553476,0,0,0,1,-0.1514451011131933,-0.2264306083066523
2050,0.8,0.48476950415529124,0,0,0,1,-0.13848740102167018,-0.22531289205040933
2051,0.8,0.5104395246384824,0,0,0,1,-0.12007152436282842,-0.22680272103843038
2052,0.8,0.512011897518668,1,0,0,1,-0.09915824233112926,-0.2296424303068844
2053,0.8,0.4872941004928215,1,0,0,1,-0.08315209426555385,-0.22900480586715716
2054,0.8,0.5363001841905882,0,0,0,1,-0.0729725121756323,-0.22634013173727247
2055,0.8,0.590781100592482,0,0,0,1,-0.06598253008218614,-0.2243197263097341
2056,0.8,0.6108061588312577,0,0,0,1,-0.06132890883950278,-0.22079627525186055
2057,0.8,0.6078396976156867,0,0,0,1,-0.05738011855874246,-0.21515555779890874
2058,0.8,0.6519657973123477,0,0,0,1,-0.05645545668060397,-0.20859486242853617
2059,0.8,0.7192422178969412,0,0,0,1,-0.05841170079926317,-0.20378350567354994
2060,0.8,0.7744317066897071,0,1,0,1,-0.062249801168455174,-0.2022675611390187
2061,0.8,0.735578202685738,0,1,0,0,-0.06425249171216264,-0.2080762115370751
2062,0.8,0.6802464817933543,0,1,1,0,-0.06311670986673756,-0.220310381384385
2063,0.8,0.5764373955945529,0,1,1,0,-0.06618579405477448,-0.22538927517210522
2064,0.8,0.4826787129038639,0,1,1,0,-0.06937898968229667,-0.22362719880657803
2065,0.8,0.38738598109698796,0,1,1,0,-0.0698958314086303,-0.2166057605208047
2066,0.8,0.34247645992716325,0,1,1,0,-0.06224032314225,-0.2056040289928374
2067,0.8,0.3613291047795329,0,1,1,0,-0.04927045697176453,-0.19675249783549842
2068,0.8,0.36342873999067826,0,1,1,0,-0.03409963165752757,-0.19208824324366283
2069,0.8,0.3772412945385821,0,1,1,0,-0.02016930058594306,-0.18925501906041212
2070,0.8,0.4164455709955949,0,1,1,0,-0.007894995977050345,-0.1889702462185636
2071,0.8,0.43302071095087963,0,1,1,0,0.0010195898526375639,-0.1879616505307286
2072,0.8,0.47740944048850154,1,1,1,0,0.004014466847039738,-0.18800706683113366
2073,0.8,0.5057741391942233,1,1,1,0,-0.001583767484592707,-0.19265511476162986
2074,0.8,0.4970620477144053,1,0,1,0,-0.016957408434409314,-0.19930834425071184
2075,0.8,0.49352022990341926,1,0,1,0,-0.040247947681261435,-0.20532260758494192
2076,0.8,0.45449373475061994,1,0,1,1,-0.06236769858597729,-0.20849963436671956
2077,0.8,0.4721526159184304,1,0,1,1,-0.07824030229889344,-0.20847364801702942
2078,0.8,0.4948255347250086,1,0,1,1,-0.08948709748929774,-0.21004474272031984
2079,0.8,0.5141010317605836,1,0,1,1,-0.09591401706377806,-0.21209772071983474
2080,0.8,0.5390624950757212,1,0,1,1,-0.09870630250717453,-0.2144586709734634
2081,0.8,0.5648281748069999,1,0,1,1,-0.09984264519967316,-0.2171148487518073
2082,0.8,0.5863088152970248,1,0,1,1,-0.10003246918823089,-0.21908374331695474
2083,0.8,0.6114227466166768,1,0,0,1,-0.09787738890902382,-0.22080113950894215
2084,0.8,0.6114116200650003,1,0,0,1,-0.0889689233769009,-0.2232238530952951
2085,0.8,0.6234983523575529,1,0,0,1,-0.07346292881436275,-0.2256223460859352
2086,0.8,0.5910061034204003,1,0,0,1,-0.057070262485629984,-0.22677066992940645
2087,0.8,0.569337709777044,1,0,0,1,-0.04690011790408553,-0.22417802613270735
2088,0.8,0.5979844374339981,1,0,0,1,-0.0448024442781191,-0.2203584703106807
2089,0.8,0.6418962957893214,1,0,0,1,-0.04677083531009584,-0.21804944997061088
2090,0.8,0.6657026762986519,0,0,0,1,-0.05016996415825558,-0.21492431308247217
2091,0.8,0.7203248040580924,0,0,0,1,-0.05201324645429036,-0.21000583075057994
2092,0.8,0.7560395592973876,0,0,0,1,-0.05505260193447279,-0.20225847953768508
2093,0.8,0.7870913286006457,0,0,0,1,-0.059277213918882576,-0.19208819480295763
2094,0.8,0.7943946931589069,0,1,0,1,-0.06262230003139332,-0.18163508088284158
2095,0.8,0.8028916276847602,0,1,0,1,-0.056876585107786544,-0.17965785613095553
2096,0.8,0.8004426941193842,0,1,0,1,-0.04810411346053427,-0.18397944196567836
2097,0.8,0.7928678278006017,0,1,0,0,-0.040692498651457236,-0.19636579935709378
2098,0.8,0.7417287593330248,0,1,1,0,-0.03405684267028721,-0.21360555947168988
2099,0.8,0.6968789671898125,0,1,1,0,-0.03325337876143902,-0.22645391062647502
2100,0.8,0.6405735737483963,0,1,1,0,-0.034561477450295086,-0.23653219442570805
2101,0.8,0.5521447628509998,0,1,1,0,-0.03574128719147032,-0.23928678104631004
2102,0.8,0.503445822418455,0,1,1,0,-0.033826901571666054,-0.23538826474217764
2103,0.8,0.5074140685158784,0,1,1,0,-0.026016734803135388,-0.23102549722131754
2104,0.8,0.5259734310778871,0,1,1,0,-0.01623682274108865,-0.22868813799605253
2105,0.8,0.5591906154072603,0,1,1,0,-0.007898694601140892,-0.2278226179088696
2106,0.8,0.5796632943854173,0,1,1,0,-0.001108255352398337,-0.2251023297249344
2107,0.8,0.597187041668348,0,1,1,0,0.0017102720599730368,-0.21987779247039232
2108,0.8,0.6189132073160291,0,0,1,0,-0.002096508021062293,-0.21336024032768036
2109,0.8,0.6452484848028356,1,0,1,0,-0.014070162170341433,-0.20930361325469726
2110,0.8,0.6729190287606416,1,0,1,0,-0.03411513964562727,-0.21003595010411127
2111,0.8,0.6390270687792657,1,0,1,1,-0.053026413621619486,-0.20985651504705516
2112,0.8,0.6497992654744634,1,0,1,1,-0.06512732139232666,-0.206571691690769
2113,0.8,0.6587422672126942,1,0,1,1,-0.07258060655927086,-0.20477110458754696
2114,0.8,0.6742944931415092,1,0,1,1,-0.07663673999437279,-0.2041532746708131
2115,0.8,0.69620315140112,1,0,1,1,-0.07913345810407518,-0.20519433557526529
2116,0.8,0.7127297714228954,1,0,1,1,-0.08053207665049746,-0.20693533877552775
2117,0.8,0.7351518317881227,1,0,0,1,-0.07862924797816792,-0.21027563650371967
2118,0.8,0.7304989086233176,1,0,0,1,-0.07102143397262722,-0.2147874452086783
2119,0.8,0.7100585770834928,1,0,0,1,-0.059866320165572307,-0.21842284416945065
2120,0.8,0.6836658828102561,1,0,0,1,-0.049404347732810036,-0.22083580588565535
2121,0.8,0.6848649922468025,1,0,0,1,-0.042828512251915404,-0.22210827232043814
2122,0.8,0.7087455565638165,1,0,0,1,-0.038718951558983764,-0.22282074606232893
2123,0.8,0.7383724885107679,1,0,0,1,-0.0359429185098725,-0.22296463461267504
2124,0.8,0.7276743917731812,1,0,0,1,-0.03488716881616324,-0.21994890293692704
2125,0.8,0.7523348384006824,0,0,0,1,-0.035516068756724604,-0.21312346863681078
2126,0.8,0.8592275813607887,0,0,0,1,-0.03396135911670028,-0.2087111870443706
2127,0.8,0.861544084038526,0,0,0,1,-0.0328677778346119,-0.20146084878133486
2128,0.8,0.9132742552679501,0,0,0,1,-0.034588554686017174,-0.1913365467473613
2129,0.8,0.9340426146053884,0,1,0,1,-0.03195675970099259,-0.18589139166576926
2130,0.8,0.9480141113813098,0,1,0,1,-0.024743881822856528,-0.18696621051181472
2131,0.8,0.9615580272024645,0,1,1,1,-0.016997488583032017,-0.19432880146102793
2132,0.8,0.8974424136721707,0,1,1,0,-0.019138088698811718,-0.20281895892680954
2133,0.8,0.836483810366789,0,1,1,0,-0.02287261514584425,-0.21089001099439955
2134,0.8,0.7663916096888328,0,1,1,0,-0.026115019768357367,-0.21683147520504295
2135,0.8,0.6682047204285587,0,1,1,0,-0.027552486933931444,-0.21772252886213125
2136,0.8,0.6267693465304233,0,1,1,0,-0.023946363722282454,-0.21348117415407225
2137,0.8,0.6365135114735406,0,1,1,0,-0.014389247120030948,-0.20839703713726507
2138,0.8,0.6381466644542387,0,1,1,0,-0.0019081319041806932,-0.20555273428264798
2139,0.8,0.6480353863929793,0,1,1,0,0.009239093457095678,-0.2030733580219552
2140,0.8,0.6789114882177701,0,1,1,0,0.017938964552658997,-0.201111095027043
2141,0.8,0.6954003840871396,0,0,1,0,0.02355918916312152,-0.1971171980452519
2142,0.8,0.7295278114380405,0,1,1,0,0.024471858242765276,-0.19294522979557624
2143,0.8,0.7475559709627309,0,0,1,0,0.01834047959528529,-0.18847159246891193
2144,0.8,0.7492017956052853,1,0,1,0,0.00636369865486225,-0.18475086987970754
2145,0.8,0.7691106124588684,1,0,1,0,-0.010870921096651148,-0.18497205893147453
2146,0.8,0.7945760427676959,1,0,1,1,-0.032264363796243256,-0.18756487328446772
2147,0.8,0.7472254367485843,1,0,1,1,-0.04503782540068584,-0.18568762743881337
2148,0.8,0.7458258925354151,1,0,1,1,-0.05249800160124345,-0.1812738372018234
2149,0.8,0.7550573099592489,1,0,1,1,-0.05767675129779089,-0.1792274860695464
2150,0.8,0.760810911006463,1,0,1,1,-0.06082226117940561,-0.1798918455793192
2151,0.8,0.7717249029282118,1,0,0,1,-0.06082386982456185,-0.183754712590691
2152,0.8,0.7576388448767082,1,0,0,1,-0.05718760132531407,-0.1904783308962309
2153,0.8,0.7271550039875054,1,0,0,1,-0.05160926965847304,-0.19589572991510354
2154,0.8,0.7109753434684934,1,0,0,1,-0.04443727530167552,-0.19927496880284595
2155,0.8,0.7139651172273931,1,0,0,1,-0.037936798970345555,-0.20207420375973037
2156,0.8,0.7226369852826757,1,0,0,1,-0.03227631880205466,-0.20415983009054628
2157,0.8,0.7468782692851961,0,0,0,1,-0.027998767561423703,-0.20501026964426433
2158,0.8,0.7814760613097993,1,0,0,1,-0.024893570841069797,-0.20515742925182312
2159,0.8,0.7706084910755764,1,0,0,1,-0.02361647657459413,-0.20222074129809567
2160,0.8,0.7760830488307167,0,0,0,1,-0.02581630496532315,-0.19471722545001904
2161,0.8,0.899910637896598,0,0,0,1,-0.02566312896180755,-0.19017262741194269
2162,0.8,0.9067981321153326,0,0,0,1,-0.024195341694456023,-0.1837002900648501
2163,0.8,0.9684690561729452,0,0,0,1,-0.022857186017764944,-0.1749896783873709
2164,0.8,0.9802359764617701,0,0,0,1,-0.0193941537207911,-0.16716551543608088
2165,0.8,0.9953454454688244,0,0,1,1,-0.015396583690922548,-0.15927002889283273
2166,0.8,0.9879639126953649,0,1,1,1,-0.01576222031717872,-0.14682973530818752
2167,0.8,0.9534886723612643,0,1,1,0,-0.01705416980794641,-0.1402582210315988
2168,0.8,0.9146925631520584,0,1,1,0,-0.019517929450939744,-0.13631890406460878
2169,0.8,0.8592861722485003,0,1,1,0,-0.02079495562614833,-0.13259113629173228
2170,0.8,0.8098040776092295,0,1,1,0,-0.01988843550042253,-0.1273385714400408
2171,0.8,0.7961815399051436,0,1,1,0,-0.014802453788478697,-0.12125249185116334
2172,0.8,0.8055698127909388,0,1,1,0,-0.007105818227094825,-0.11711836883282349
2173,0.8,0.8153062742766846,0,1,1,0,0.0009600132380802148,-0.11366298081703415
2174,0.8,0.8398145300848747,0,1,1,0,0.007875326375295566,-0.11120746288947923
2175,0.8,0.8619255550871664,0,1,1,0,0.013328943449202307,-0.11018180484370207
2176,0.8,0.8869811454034157,0,1,1,0,0.015380555979436423,-0.10886900928177003
2177,0.8,0.906559915287636,0,1,1,0,0.016005213921211712,-0.10483675880503047
2178,0.8,0.9345627510724089,0,0,1,0,0.012874476121250056,-0.09932808471030953
2179,0.8,0.9690588914363018,0,0,1,0,0.006012390708753451,-0.0927056384172596
2180,0.8,0.9910583940118993,0,0,1,0,-0.005877899067860285,-0.08534321122110164
2181,0.8,1.0033772158188914,1,0,1,1,-0.020600245198285703,-0.07621244553935091
2182,0.8,0.9474212172087346,1,0,1,1,-0.026316983345558896,-0.05986900988970594
2183,0.8,0.932361073581141,1,0,0,1,-0.028770791271383468,-0.04442153840596105
2184,0.8,0.9270829841359524,1,0,0,1,-0.030896707770185213,-0.03578320229041505
2185,0.8,0.8763051985901623,1,0,0,1,-0.03210486831121345,-0.03224467745014104
2186,0.8,0.8531435942593962,1,0,0,1,-0.03378216825636613,-0.03082245806528065
2187,0.8,0.8478279808026633,1,0,0,1,-0.03431116356810524,-0.034208936160183716
2188,0.8,0.8312584843271027,1,0,0,1,-0.033741004483072996,-0.04020013219407416
2189,0.8,0.8283221916240658,1,0,0,1,-0.032683832428486395,-0.045831333476247564
2190,0.8,0.8460507664140555,1,0,0,1,-0.030362151459695765,-0.051178764028704936
2191,0.8,0.8702361476879572,1,0,0,1,-0.024119408298285613,-0.05617572503835039
2192,0.8,0.8789185496703548,1,0,0,1,-0.015322430422655945,-0.058093255669964414
2193,0.8,0.8799384199160393,1,0,0,1,-0.0074567945572333125,-0.054829448001904715
2194,0.8,0.9104717708291763,1,0,0,1,-0.0018609242578060783,-0.05016695318539089
2195,0.8,0.9245559262175438,1,0,0,1,0.002166748926132883,-0.046586749133950195
2196,0.8,0.9492679857555278,1,0,0,1,0.0038091818356970606,-0.04192103332415171
2197,0.8,0.9914668528526059,1,0,0,1,0.005545828057370721,-0.03859803359103529
2198,0.8,1.0118387835762324,1,0,0,1,0.01017775474249881,-0.03691037699075845
2199,0.8,1.0437280180491346,0,0,0,1,0.019155870208456802,-0.035070636899341374
2200,0.8,1.0453172618877746,0,0,1,1,0.02828563496931631,-0.028310992532147007
2201,0.8,1.0496439283822816,0,1,1,1,0.03420468481849375,-0.01428077484387768
2202,0.8,1.0469197602186397,0,1,1,0,0.03724394881732852,-0.002307487788407628
2203,0.8,1.0214874238135379,0,1,1,0,0.03503108521102425,0.006487285421266726
2204,0.8,1.017647580282226,0,1,1,0,0.03082465503187174,0.011345145791500276
2205,0.8,1.0111108505094697,0,1,1,0,0.02952965899948345,0.01260972415301638
2206,0.8,1.0008530040115184,0,1,1,0,0.031761481386412015,0.012729846299105285
2207,0.8,0.9891901330239762,0,1,1,0,0.03542904377485464,0.01346769558471335
2208,0.8,0.9733150668763348,0,1,1,0,0.03807002594594301,0.015152975871276906
2209,0.8,0.9672554759482529,0,1,1,0,0.04113844441514195,0.017686335520958985
2210,0.8,0.9831226188062864,0,1,1,0,0.045023642714556576,0.020048291701494445
2211,0.8,0.9833555144424777,0,1,1,0,0.048163217527375256,0.022501426846143976
2212,0.8,1.0031195360447156,0,1,1,0,0.04987660457290004,0.02478453503336322
2213,0.8,1.0031207744625816,0,1,1,0,0.050180941212447566,0.02642627549058248
2214,0.8,1.0298308623564425,0,1,1,0,0.0499779620777801,0.027787995364807406
2215,0.8,1.0507223439476914,0,1,1,0,0.050067229732324844,0.02890926454204461
2216,0.8,1.0204196513500874,1,1,1,0,0.04451017684834546,0.02806311889008352
2217,0.8,1.0176642579706423,1,1,1,0,0.03486512036879317,0.021929274882380525
2218,0.8,1.0003083477569146,1,0,1,0,0.021732455449297937,0.015455774171348571
2219,0.8,0.9852686305936715,1,0,1,0,0.00451878912499434,0.00898003802560031
2220,0.8,0.9594746591514303,1,0,1,1,-0.012410655710156046,0.003192297112326194
2221,0.8,0.9258651722946051,1,0,1,1,-0.021402286743843237,0.0024865258085830337
2222,0.8,0.9226593037594986,1,0,0,1,-0.027677588467959282,0.0006859921898522219
2223,0.8,0.9023818227804877,1,0,0,1,-0.02922644149305026,-0.005075826357047613
2224,0.8,0.867731449401804,1,0,0,1,-0.026850448484728586,-0.010818007282488197
2225,0.8,0.8440381112018452,1,0,0,1,-0.02289787002327745,-0.014978034992830193
2226,0.8,0.8294532727239501,1,0,0,1,-0.01850777842371935,-0.018485162651198553
2227,0.8,0.8210622226307063,1,0,0,1,-0.01554565203450217,-0.021120876451186935
2228,0.8,0.8256439197134092,1,0,0,1,-0.014390650744607351,-0.022778190040452367
2229,0.8,0.8503944757833837,1,0,0,1,-0.012621501934256733,-0.024202367562692735
2230,0.8,0.8864447223563342,1,0,0,1,-0.00973703357276337,-0.02572227879662989
2231,0.8,0.9007483267246443,1,0,0,1,-0.007544766460632145,-0.024661819212621495
2232,0.8,0.9136112563806846,1,0,0,1,-0.006002658017022758,-0.02051726344375148
2233,0.8,0.9433097774251462,1,0,0,1,-0.006527297949974742,-0.015309470135222708
2234,0.8,0.98363752510492,1,0,0,1,-0.009039951843347584,-0.010308583041174126
2235,0.8,1.01181233401835,1,0,0,1,-0.011933660914290385,-0.004290507067688852
2236,0.8,1.0705256010883404,1,0,0,1,-0.011010850761710024,0.00032188300531528925
2237,0.8,1.0680640392145835,0,1,0,1,-0.0005844189157133314,0.004429835292843098
2238,0.8,1.1210602853220273,0,1,0,1,0.014588786774461933,0.004704902191263142
2239,0.8,1.0784090468600769,0,1,1,0,0.021033414474101775,0.006013506992761214
2240,0.8,1.0318976146006915,0,1,1,0,0.015592288722383017,0.008694852515022429
2241,0.8,1.0101100128760707,0,1,1,0,0.009171565722571363,0.008287941819156822
2242,0.8,0.977127909241941,0,1,1,0,0.006619156490375709,0.005968208582358757
2243,0.8,0.940982765973769,0,1,1,0,0.008623289808412695,0.005138855933684446
2244,0.8,0.9091390887904142,0,1,1,0,0.013349733457800987,0.006289463218240823
2245,0.8,0.884788761517948,0,1,1,0,0.018526354508701704,0.008765997590727333
2246,0.8,0.8806858507485432,0,1,1,0,0.02380446120820915,0.011467127984787303
2247,0.8,0.8787455917900349,0,1,1,0,0.02965537253267797,0.014513751753240704
2248,0.8,0.8970788597512969,0,1,1,0,0.03487487664598709,0.0173545201009835
2249,0.8,0.8965712009961796,0,1,1,0,0.038686860656682115,0.02017071851899788
2250,0.8,0.9194346811494285,0,1,1,0,0.04068464982731168,0.022810464576110766
2251,0.8,0.941412198249616,0,1,1,0,0.04304998765333976,0.025714514813576284
2252,0.8,0.9726316843632027,1,1,1,0,0.04418104728803073,0.028822795146542155
2253,0.8,0.9593678304963905,1,1,1,0,0.04031006952042062,0.02883075316741238
2254,0.8,0.9489029045181624,1,1,1,0,0.03274080766057145,0.02544249063478095
2255,0.8,0.9345305182612048,1,0,1,0,0.019732397526135856,0.020841137083754235
2256,0.8,0.926896157785557,1,0,1,0,0.0015535427740836865,0.015720018163902387
2257,0.8,0.8795938093741912,1,0,1,1,-0.01510836289534053,0.011756500374712259
2258,0.8,0.8546356858663939,1,0,1,1,-0.023143876709129936,0.012473976193782876
2259,0.8,0.8552409161861466,1,0,1,1,-0.028758443040548497,0.010324188054928615
2260,0.8,0.8499653199894593,1,0,1,1,-0.03291746583663211,0.004776980654281425
2261,0.8,0.828101321006274,1,0,0,1,-0.032560768735293566,-0.0024510231873778863
2262,0.8,0.8351381544470703,1,0,0,1,-0.027841986588817993,-0.011395181510619435
2263,0.8,0.8274523139688827,1,0,0,1,-0.019342349739828662,-0.020534396022815884
2264,0.8,0.8163171348042204,1,0,0,1,-0.010840910643549832,-0.026873275662980704
2265,0.8,0.822337901036971,0,0,0,1,-0.004393613924660102,-0.030421744512593375
2266,0.8,0.8403128284566962,0,0,0,1,0.0004740417583610969,-0.031213206956580943
2267,0.8,0.8806805220133027,0,0,0,1,0.004282984480963673,-0.03107042536933245
2268,0.8,0.9020216119378183,0,0,0,1,0.007408638945944994,-0.029532279310965734
2269,0.8,0.9081159858983991,0,0,0,1,0.008728684692429562,-0.024803032713992673
2270,0.8,0.9384207432217246,0,0,0,1,0.007341981395662405,-0.018097482833545554
2271,0.8,0.9833261538840639,0,0,0,1,0.005567918265449794,-0.012162430926376415
2272,0.8,1.0241747211501333,0,0,0,1,0.004689697070762213,-0.005151308599221189
2273,0.8,1.0677049263786713,0,0,0,1,0.006253348558825852,0.0037158236821288617
2274,0.8,1.1038996860847547,0,0,0,1,0.012651030282192038,0.012006531961348257
2275,0.8,1.1451944493451534,0,0,0,1,0.021497193950795617,0.01997451555744341
2276,0.8,1.1298601833370399,0,0,1,1,0.025868151708046603,0.031924603483494664
2277,0.8,1.1076224154713148,0,1,1,0,0.021892697377423713,0.04541123173921173
2278,0.8,1.091510452838139,0,1,1,0,0.018793440710885935,0.05224551193803354
2279,0.8,1.052382457000075,0,1,1,0,0.01852002650650334,0.058916193087427834
2280,0.8,1.0423390804561983,0,1,1,0,0.022092503425491277,0.06567458123016202
2281,0.8,1.03847832730943,0,1,1,0,0.028837498365662375,0.07309563147949519
2282,0.8,1.0563023425954063,0,1,1,0,0.03563710892253797,0.08061575561261301
2283,0.8,1.0751363473588635,0,1,1,0,0.04224980641508709,0.08744690191508846
2284,0.8,1.098721490476798,0,1,1,0,0.0484973668659356,0.09436240682617436
2285,0.8,1.1319634819109106,0,1,1,0,0.053461961009305725,0.09953000870059261
2286,0.8,1.1435217932455408,0,1,1,0,0.05543166563858112,0.10374099618446883
2287,0.8,1.1638425923671336,0,1,1,0,0.054836313761144236,0.10835960455130635
2288,0.8,1.1774091172658447,0,1,1,0,0.053484892824322436,0.11326782737148362
2289,0.8,1.2075845090464838,0,1,1,0,0.05090042998149931,0.11810903430737714
2290,0.8,1.2285589179128689,0,0,1,0,0.04693595350679039,0.12312784078700864
2291,0.8,1.2545047421660998,0,0,1,0,0.03808437534443655,0.1286670582326078
2292,0.8,1.288015189344926,0,0,1,1,0.025125048587230036,0.13463235050671607
2293,0.8,1.2503334407073239,1,0,1,1,0.019836240241310678,0.1487451959602048
2294,0.8,1.2271986712453293,1,0,0,1,0.020479132658691637,0.16609568113893952
2295,0.8,1.2010974600158066,1,0,0,1,0.025347289295608283,0.17900305419053816
2296,0.8,1.1879093640242966,1,0,0,1,0.02997072721685862,0.18589101270126013
2297,0.8,1.1564401138071385,1,0,0,1,0.03018494564671598,0.18979083545544104
2298,0.8,1.1566546954078265,1,0,0,1,0.02731613753276983,0.1909217403759705
2299,0.8,1.168265628165813,1,0,0,1,0.024100123636125556,0.18834467436926558
2300,0.8,1.1793148153595505,1,0,0,1,0.022962067496296205,0.18306677078064743
2301,0.8,1.1708041372089542,1,0,0,1,0.024606674560596332,0.17789230157581043
2302,0.8,1.164626869088099,1,0,0,1,0.026288696635344284,0.1753968389585291
2303,0.8,1.1630106521409227,1,0,0,1,0.02772299790358031,0.17573410896127248
2304,0.8,1.1651827856154013,1,0,0,1,0.02657089922606395,0.17892627928298668
2305,0.8,1.1710574877748405,1,0,0,1,0.022798483451157425,0.18239208812386967
2306,0.8,1.1666265608258708,1,0,0,1,0.015994133633619945,0.18657572080040716
2307,0.8,1.1764555103860515,1,0,0,1,0.009180716764715977,0.19069341357665764
2308,0.8,1.1883723198887182,1,0,0,1,0.005603017271723276,0.1942932574181222
2309,0.8,1.1736474228249991,1,1,0,1,0.008408397505770772,0.19641046611599552
2310,0.8,1.145044618305283,1,1,0,1,0.01744482383080879,0.19413398301171053
2311,0.8,1.0961118494754765,1,1,1,1,0.026109621742558466,0.18960210278691358
2312,0.8,1.0108739134006093,0,1,1,0,0.02552094953825228,0.18831779384759706
2313,0.8,1.012064259976949,0,1,1,0,0.02317952689739978,0.18725254311498182
2314,0.8,1.0248733499266331,0,1,1,0,0.02409465421517182,0.18274913846384427
2315,0.8,1.0398340355708298,0,1,1,0,0.027773939824885147,0.17812317561676627
2316,0.8,1.0476827409129483,0,1,1,0,0.033179380474300094,0.17640200611862406
2317,0.8,1.0610913287372703,0,1,1,0,0.03694429940196928,0.17699145113762393
2318,0.8,1.0608265067022404,0,1,1,0,0.03735329037419489,0.17935755759585398
2319,0.8,1.048059381143349,0,1,1,0,0.0352628833399243,0.18371818152436953
2320,0.8,1.0270307681222346,0,1,1,0,0.034657947749068024,0.1902615478487697
2321,0.8,1.0182338410180365,0,1,1,0,0.03709355244660722,0.19787970022511472
2322,0.8,1.0176561914887148,0,1,1,0,0.04003603498442964,0.20450373925844118
2323,0.8,1.017873230058943,0,1,0,0,0.043383876077464106,0.21031914407674113
2324,0.8,1.0260555993451996,0,1,0,0,0.04769783417141465,0.2148239804211345
2325,0.8,1.0402861396614382,0,1,1,0,0.05395581461391969,0.21758248913662337
2326,0.8,1.0651466572728197,0,1,1,0,0.05948802154545866,0.22039267112543526
2327,0.8,1.1013060846894165,1,1,1,0,0.061892606425109506,0.22340572118970983
2328,0.8,1.0920183856340364,1,1,1,0,0.05642938317625204,0.22310441305836873
2329,0.8,1.084815141100177,1,1,1,0,0.04864595812125333,0.2190299830493992
2330,0.8,1.0369410726487231,1,0,1,1,0.03731721106737623,0.2147195190277949
2331,0.8,1.0044635709135614,1,0,1,1,0.03057422261564435,0.21322838981120715
2332,0.8,1.001888029626184,1,0,1,1,0.0250564448369421,0.21217523102626656
2333,0.8,0.9884792537898073,1,0,0,1,0.02339245414946536,0.2087085420062679
2334,0.8,0.9800248464433976,1,0,0,1,0.02519692298837444,0.2029601478683306
2335,0.8,0.9641140553546438,1,0,0,1,0.030398127953922414,0.19655766115666776
2336,0.8,0.9408622897129961,1,0,0,1,0.03663428196770621,0.1911905216731447
2337,0.8,0.9304547756457263,1,0,0,1,0.04122870152241527,0.18689935508700398
2338,0.8,0.9270085507244986,1,0,0,1,0.04399935447590841,0.18248290980799672
2339,0.8,0.9204374423391358,1,0,0,1,0.04573629586306457,0.17898564738011266
2340,0.8,0.9282064314634989,1,0,0,1,0.049082750843352375,0.17635705669487756
2341,0.8,0.94341387965762,1,0,0,1,0.05360791058653228,0.17400631219127632
2342,0.8,0.9426186391304072,1,0,0,1,0.057279020909640765,0.17428384460222182
2343,0.8,0.9435645179899147,1,0,0,1,0.05834425740894039,0.17666431181586048
2344,0.8,0.948499748473182,1,0,0,1,0.05706259430026551,0.17871025705477206
2345,0.8,0.9643029209896419,1,0,0,1,0.05367221392043539,0.18104323011390386
2346,0.8,0.9835343425549848,1,0,0,1,0.049830551734428505,0.1843126315349589
2347,0.8,1.0319487749770508,1,0,0,1,0.04832360199138297,0.18669164081599157
2348,0.8,1.0586002966250623,1,0,0,1,0.050714329845176445,0.1881735329945895
2349,0.8,1.0484509781722404,1,1,0,1,0.056716755141464494,0.18983598160462647
2350,0.8,0.984443669987732,1,1,1,0,0.05603216292781845,0.19203295648916674
2351,0.8,0.9644709695122147,0,1,1,0,0.04850818214139866,0.19618861563599838
2352,0.8,0.9607864333313683,0,1,1,0,0.042927838011532694,0.19617297322848157
2353,0.8,0.9799158263324533,0,1,1,0,0.04013367190756464,0.19510104903710113
2354,0.8,0.9966571651460483,0,1,1,0,0.04224368107134854,0.19379321626767407
2355,0.8,1.006088043113003,0,1,1,0,0.04633769349983833,0.19483024395597265
2356,0.8,1.0201657284890893,0,1,1,0,0.04897452236951831,0.19731971540485477
2357,0.8,1.0227515290462816,0,1,1,0,0.04869252547298826,0.200608971402762
2358,0.8,1.0098640472494151,0,1,1,0,0.04607412203514491,0.20448627392120436
2359,0.8,0.9982589942487055,0,1,1,0,0.04615826185579305,0.20928044379303876
2360,0.8,0.9878322901090437,0,1,1,0,0.04939311088044227,0.21429191877208614
2361,0.8,0.9861583509664869,0,1,1,0,0.053413296708109986,0.21833593301115498
2362,0.8,0.9863742931774114,0,1,1,0,0.05741837708223074,0.22146256350624438
2363,0.8,0.9919068456690306,0,1,1,0,0.06055099749611668,0.22419438766356964
2364,0.8,1.0025765511307008,0,1,1,0,0.06288731588287999,0.22721896291906793
2365,0.8,1.030089683286243,0,1,1,0,0.06437586816886838,0.23022970289102995
2366,0.8,1.0381204909666313,1,1,1,0,0.06070693722050985,0.23106319695108632
2367,0.8,1.0516799315032161,1,1,1,0,0.05190448430416647,0.22634712305881696
2368,0.8,1.0521441119167732,1,1,1,0,0.04198142319317744,0.21937561957471632
2369,0.8,1.0077703068357375,1,0,1,1,0.028447849049918563,0.21327696763588122
2370,0.8,0.9753579619009707,1,0,1,1,0.02016764100847316,0.21191979560602553
2371,0.8,0.9877256906439252,1,0,1,1,0.012871420223564922,0.21011567381429638
2372,0.8,0.9976186551856927,1,0,0,1,0.007667322641660903,0.20582843996618744
2373,0.8,0.983946326174514,1,0,0,1,0.007319925607939243,0.1987839614043731
2374,0.8,0.9776711339036894,1,0,0,1,0.011305216189343976,0.19242278217087072
2375,0.8,0.9628160007735588,1,0,0,1,0.01700809245200999,0.1880079466575485
2376,0.8,0.9541367812432654,1,0,0,1,0.022521696764491582,0.18580258850618536
2377,0.8,0.9544693831548637,1,0,0,1,0.025806338176199123,0.18462635588912357
2378,0.8,0.955493406381361,1,0,0,1,0.02734384689634678,0.18460521349850537
2379,0.8,0.9708352089629356,1,0,0,1,0.029213713828959743,0.18518087545864848
2380,0.8,0.9935473011542498,1,0,0,1,0.0321959179232299,0.1856658321923631
2381,0.8,0.9997110711208601,1,0,0,1,0.0333536938741222,0.18811791068901287
2382,0.8,0.9939661443495761,1,0,0,1,0.03034777813696011,0.19266187159802656
2383,0.8,0.9995851708519139,1,0,0,1,0.024949883034794014,0.19754749570816618
2384,0.8,1.0120668309212753,1,0,0,1,0.017840622287909995,0.20260352170333662
2385,0.8,1.037660212735457,1,0,0,1,0.011168868989952346,0.2075846381687554
2386,0.8,1.066631690559042,1,1,0,1,0.006467823976870974,0.2122450150322767
2387,0.8,1.0606100096909157,1,1,0,1,0.011305975186407228,0.21233732494987517
2388,0.8,1.0064443179605147,1,1,0,0,0.016492772576191146,0.21007988821041565
2389,0.8,0.9198465743576599,0,1,1,0,0.020584114291035092,0.20407335906600632
2390,0.8,0.9104890810143689,0,1,1,0,0.018997782230349702,0.1991441395793757
2391,0.8,0.911810561291772,0,1,1,0,0.015378892009871907,0.1933330797632648
2392,0.8,0.9185615496887768,0,1,1,0,0.012935086137268242,0.18715662666622127
2393,0.8,0.9271016383743327,0,1,1,0,0.013872140117000883,0.18243397913678477
2394,0.8,0.9262930013839722,0,1,1,0,0.015043527423400517,0.18095003119432
2395,0.8,0.9206550184858768,0,1,1,0,0.013476082179289877,0.18182550163890837
2396,0.8,0.9035444727623301,0,1,1,0,0.009351991749281053,0.18391766273649127
2397,0.8,0.8846062868899933,0,1,1,0,0.0071731019915639025,0.18729947397534266
2398,0.8,0.8652253433709667,0,1,1,0,0.009049527249890641,0.19190793896201605
2399,0.8,0.8584993858978135,0,1,1,0,0.012343030142581996,0.19617740479544543
2400,0.8,0.8568404701962349,0,1,1,0,0.014877484062987178,0.19958294067351992
2401,0.8,0.8658559304379466,0,1,1,0,0.01688239793867994,0.2021293792218879
2402,0.8,0.8712164053926894,0,1,1,0,0.018436855690019103,0.20431137055354864
2403,0.8,0.887615938875345,0,1,1,0,0.019351450652503606,0.20693869364022532
2404,0.8,0.9187507354383513,0,1,1,0,0.01944017617165126,0.20889145160063338
2405,0.8,0.9578600982288943,0,1,1,0,0.017644287151108107,0.20971409259315568
2406,0.8,0.9791026192249375,1,1,1,0,0.011919752408299898,0.20869648743459862
2407,0.8,1.0121193128377082,1,1,1,1,0.00522982378356273,0.20425369994289505
2408,0.8,0.9751546441906883,1,1,1,1,0.002962611433172497,0.20593617581002122
2409,0.8,0.9406458071979182,1,0,1,1,0.00017064321195984085,0.2121517707633599
2410,0.8,0.9431775941584591,1,0,0,1,-0.0005533426359600785,0.21404127571651685
2411,0.8,0.9450447292919353,1,0,0,1,-0.0007430681007391684,0.21024698850729967
2412,0.8,0.9310845014830381,1,0,0,1,3.0620302843133867e-07,0.20678146526521413
2413,0.8,0.9323976858604724,1,0,0,1,0.001375550305508949,0.2035550346522124
2414,0.8,0.9267035506303283,1,0,0,1,0.0014025047537546966,0.20091620882085803
2415,0.8,0.9367830347299971,1,0,0,1,0.0021720691284215937,0.19863910987492198
2416,0.8,0.9498965235837867,1,0,0,1,0.0047002243878540816,0.19481412581717908
2417,0.8,0.961337896181421,1,0,0,1,0.008385317698449095,0.19034780214849567
2418,0.8,0.969278435341787,1,0,0,1,0.01141156273781264,0.18707205582871253
2419,0.8,0.9741066559464638,1,0,0,1,0.013529810917146253,0.18649445117574667
2420,0.8,0.9747910120170431,1,0,0,1,0.013935532603586431,0.18883809700897622
2421,0.8,0.982590305195152,1,0,0,1,0.012474162097009743,0.1922772736435839
2422,0.8,0.9883780666526484,1,0,0,1,0.010742164361394756,0.19551662204593154
2423,0.8,1.007452747632209,1,0,0,1,0.008591855924952936,0.1991221334372845
2424,0.8,1.0374934820111832,1,0,0,1,0.0035725927482843645,0.20440062568363074
2425,0.8,1.0898175452869003,1,0,0,1,0.0007924544488143793,0.20792473537133027
2426,0.8,1.1103628756734925,1,1,0,1,0.0012895357196040162,0.21107861512982223
2427,0.8,1.1202046461169473,1,1,0,1,0.007403609672500597,0.21030943277242206
2428,0.8,1.0785840004714697,1,1,1,1,0.012133970313938609,0.20845978547545585
2429,0.8,1.0209161487878107,1,1,1,0,0.0068428141477271795,0.20797428880311947
2430,0.8,1.0074612800812421,0,1,1,0,0.0013085529747239788,0.20621117234586378
2431,0.8,1.0240655248187625,0,1,1,0,0.0002577417313036225,0.20080243304223158
2432,0.8,1.040595606406141,0,1,1,0,0.004333220434899149,0.19433348860079458
2433,0.8,1.047670056292669,0,1,1,0,0.010482646197807824,0.19032245533001652
2434,0.8,1.0512898510626139,0,1,1,0,0.014323692387988104,0.18968843555095313
2435,0.8,1.0565274839629824,0,1,1,0,0.014466999279595693,0.19088408408318097
2436,0.8,1.0481130098965368,0,1,1,0,0.011455178938141807,0.193201728540381
2437,0.8,1.0237342384114605,0,1,1,0,0.008452704015847044,0.19734863833550723
2438,0.8,1.0031899459771398,0,1,1,0,0.010107421877373249,0.20348230816025517
2439,0.8,0.986713254032405,0,1,1,0,0.015106389566510649,0.2098295902067477
2440,0.8,0.9742059083626722,0,1,0,0,0.021152643969564216,0.21589777929067946
2441,0.8,0.9748212995317772,0,1,0,0,0.027744481179338386,0.22130142965263092
2442,0.8,0.9820298537790547,0,1,0,0,0.03514863249915161,0.22568639489818443
2443,0.8,0.9978776358729846,0,1,1,0,0.04477536573963916,0.22952108393023749
2444,0.8,1.018883696902907,0,1,1,0,0.05261921674788447,0.2325678579370767
2445,0.8,0.9955672776402869,1,1,1,0,0.0483908372850297,0.2323619541458217
2446,0.8,0.9934041017102093,1,1,1,0,0.040069748387183385,0.2263567797798522
2447,0.8,0.9792931926366809,1,1,1,0,0.03096482924535951,0.21826840514498472
2448,0.8,0.950915809771438,1,0,1,1,0.019506231173568936,0.2098246622004998
2449,0.8,0.9069855847370075,1,0,1,1,0.01049486570036149,0.20535303004574582
2450,0.8,0.897138301881438,1,0,0,1,0.005138240128522529,0.20443759253598956
2451,0.8,0.9012748746993611,1,0,0,1,0.0026562041490145083,0.19964274712070973
2452,0.8,0.9077065392222732,1,0,0,1,0.002892351918039268,0.19249879038319795
2453,0.8,0.8960575993160723,1,0,0,1,0.00611745407887301,0.18623742676160923
2454,0.8,0.8873293741446214,1,0,0,1,0.011246880561744168,0.1817808342224563
2455,0.8,0.8878134737032498,1,0,0,1,0.015303312886000764,0.17891000689226308
2456,0.8,0.8920042945767003,1,0,0,1,0.017892371135601843,0.1766735475684903
2457,0.8,0.8957363008451833,1,0,0,1,0.019929957733031394,0.17504510747020233
2458,0.8,0.9091065613990953,1,0,0,1,0.02296001049314677,0.17395448682494855
2459,0.8,0.9335823319695264,1,0,0,1,0.026433700223469712,0.17367958861564306
2460,0.8,0.9372682176640355,1,0,0,1,0.02768140854052413,0.17635241988663125
2461,0.8,0.9455097493219947,1,0,0,1,0.026248223680556182,0.18055248962797815
2462,0.8,0.95679568450355,1,0,0,1,0.023741784034089854,0.18446509393750898
2463,0.8,0.9860276271444873,1,0,0,1,0.0200516987435168,0.18870471389093002
2464,0.8,1.0235060153823132,1,0,0,1,0.015283960992866788,0.1939158408630891
2465,0.8,1.0227833795712558,1,1,0,1,0.020386317290790594,0.19458633383704937
2466,0.8,1.005253146633806,1,1,0,1,0.03365608075894299,0.18795195246702612
2467,0.8,0.9833249693990255,1,1,0,1,0.046947547048411406,0.17836451549204602
2468,0.8,0.9025135301250224,0,1,1,0,0.05451160395617501,0.16799389049066568
2469,0.8,0.8896754097513643,0,1,1,0,0.05568637632442078,0.1611433061013499
2470,0.8,0.9077339750836397,0,1,1,0,0.05557853306130673,0.15339392845089217
2471,0.8,0.9008780131532695,0,1,1,0,0.055170189674216684,0.1479172684693864
2472,0.8,0.9176525703217493,0,1,1,0,0.0565253755744164,0.1451544402015785
2473,0.8,0.9230693001412545,0,1,1,0,0.057731875161875924,0.1445016772763824
2474,0.8,0.9280018177213276,0,1,1,0,0.05751749011045257,0.14640822689487434
2475,0.8,0.919070733722458,0,1,1,0,0.05660097476388175,0.15022755723852335
2476,0.8,0.9038836550783312,0,1,1,0,0.05635819646421339,0.1556904323652112
2477,0.8,0.9014150046560957,0,1,1,0,0.05840801103059395,0.16148049176784798
2478,0.8,0.902561596588458,0,1,1,0,0.061178188745596496,0.16673486135800175
2479,0.8,0.9131851000616782,0,1,1,0,0.06458589560994896,0.17122283242619468
2480,0.8,0.9362337298985014,0,1,1,0,0.06814825682156472,0.17445973697544867
2481,0.8,0.9246064627553542,1,1,1,0,0.0701910831131207,0.17698434317889122
2482,0.8,0.8705176431502456,1,0,1,0,0.06111753819697591,0.17354191153165
2483,0.8,0.8457746233784209,1,0,1,0,0.04718462637109189,0.16481772073199338
2484,0.8,0.8374684381001671,1,0,1,0,0.03082135226845966,0.15065680442413526
2485,0.8,0.8104438294194432,1,0,1,0,0.014898844116509508,0.13460116356752283
2486,0.8,0.7944767682907898,1,0,1,0,-0.000702826843727147,0.11914305640794995
2487,0.8,0.783070625855832,1,0,1,0,-0.01536459511072664,0.10380659696477099
2488,0.8,0.7873358968991556,1,0,1,0,-0.030149719477802976,0.08798513159996138
2489,0.8,0.7756352920765642,1,0,1,1,-0.04283809928789271,0.07398552058085497
2490,0.8,0.7711278051324827,1,0,1,1,-0.050538932434689085,0.06496085409404356
2491,0.8,0.7829187781761342,1,0,0,1,-0.05559933191048473,0.058624930660306565
2492,0.8,0.7945002316719227,0,0,0,1,-0.05768278659035792,0.05276466142915305
2493,0.8,0.8049222777909867,0,0,0,1,-0.05708623020857672,0.04942173662365262
2494,0.8,0.8127509807485742,1,0,0,1,-0.054420613736572296,0.04964381424555824
2495,0.8,0.7925748424321372,1,0,0,1,-0.05255204885905477,0.05393961104167249
2496,0.8,0.7968552207861718,1,0,0,1,-0.05741329898017988,0.06300586558947166
2497,0.8,0.8394524712162231,1,0,0,1,-0.07063922039268018,0.07249466339111431
2498,0.8,0.8915409562230334,1,0,0,1,-0.08542841194735216,0.08147237966253192
2499,0.8,0.8852061149562872,0,0,0,1,-0.09874181132014835,0.09263736960530933
2500,0.8,0.9442085681684451,0,0,0,1,-0.1115432907996363,0.10428485622714229
2501,0.8,0.9094503185493853,0,1,0,1,-0.1191301577242045,0.11368218779101079
2502,0.8,0.8782676242062264,0,1,0,1,-0.11267521886534375,0.11454307071170154
2503,0.8,0.8468915828297097,0,1,0,1,-0.10317194921045801,0.1077950718498903
2504,0.8,0.8556608705793729,0,1,0,1,-0.08918372112271264,0.09112681871410916
2505,0.8,0.8492401005750101,0,1,0,1,-0.07283588371031767,0.06825377367902732
2506,0.8,0.7830810270690505,0,1,0,0,-0.06168241958965339,0.04164963801103551
2507,0.8,0.7500418478318583,0,1,0,0,-0.05162412870629625,0.011369083295908794
2508,0.8,0.7341270935366864,0,1,0,0,-0.0423245415060195,-0.021102412199262247
2509,0.8,0.7337208704310639,0,0,1,0,-0.037860983746189195,-0.05282179693341232
2510,0.8,0.7184324752380532,0,0,1,0,-0.04142860171661538,-0.07625257937341427
2511,0.8,0.6898588610398005,0,0,1,0,-0.04864247516402983,-0.09007968019112648
2512,0.8,0.6642897540856748,0,0,1,0,-0.054836715800382976,-0.09414978699411436
2513,0.8,0.6367186008230046,0,0,1,0,-0.06085516573041886,-0.09213817513584044
2514,0.8,0.6372238365444296,0,0,1,0,-0.06531705904425013,-0.08661572417046054
2515,0.8,0.6305743188488191,0,0,1,0,-0.06805898379694357,-0.07853458963387483
2516,0.8,0.6410131253512228,0,0,1,0,-0.07020820005185409,-0.0689081028275255
2517,0.8,0.6719209311676588,0,1,1,0,-0.06883889778674955,-0.06105946391668147
2518,0.8,0.7109669664935533,0,1,1,0,-0.06518387232170243,-0.057779967506173265
2519,0.8,0.7403176367353631,0,1,1,0,-0.06320109371240946,-0.05731356240308223
2520,0.8,0.7623900584926229,0,1,1,1,-0.06410097187758641,-0.05789676898051131
2521,0.8,0.7381904105597877,0,1,1,1,-0.06161035964100158,-0.05236133499583081
2522,0.8,0.7400355561718674,0,1,1,1,-0.059994266152369864,-0.04156177745751629
2523,0.8,0.7224116114300886,0,0,1,1,-0.061169689756608976,-0.026027255467430614
2524,0.8,0.7756964025782125,1,0,0,1,-0.06135982760799741,-0.012364676768112239
2525,0.8,0.7525205712836696,1,0,0,1,-0.0605794345299605,-0.004522251174331241
2526,0.8,0.7064847339409978,1,0,0,1,-0.0589045301674466,0.005598284015313862
2527,0.8,0.7021991520918935,1,0,0,1,-0.060349637312149554,0.01524150203904417
2528,0.8,0.6939111214059867,1,0,0,1,-0.06640050045611509,0.022391736984835455
2529,0.8,0.7176302354047099,1,0,0,1,-0.0721585790687853,0.025989277542810597
2530,0.8,0.7519677109362212,1,0,0,1,-0.07322710872367404,0.022699445584830204
2531,0.8,0.7626782069159403,1,0,0,1,-0.06973818966572953,0.01603133993375792
2532,0.8,0.7720571407081304,1,0,0,1,-0.06439729260521296,0.009775993090531102
2533,0.8,0.7728799472047919,1,0,0,1,-0.05897169093756542,0.006860884943194874
2534,0.8,0.7674289613783609,1,0,0,1,-0.05551280146914131,0.008369044820036609
2535,0.8,0.7906234323958768,1,0,0,1,-0.05429158872535638,0.011525140738084768
2536,0.8,0.8053918736894521,1,0,0,1,-0.05512641242499289,0.01497701853117291
2537,0.8,0.8359528390139614,1,0,0,1,-0.05507972296971091,0.01749567500322701
2538,0.8,0.8739210996635121,1,0,0,1,-0.054492014819671655,0.01963689454306776
2539,0.8,0.9215957200856403,1,1,0,1,-0.05198333143467011,0.02139730561560803
2540,0.8,0.9551863724875516,0,1,0,1,-0.038184340382241944,0.01596356605878609
2541,0.8,0.9843451777500939,0,1,0,1,-0.019944307640213026,0.00821767589888934
2542,0.8,0.9920533027320635,0,1,1,1,0.0019420820686429927,0.0032057086962595334
2543,0.8,1.0080077293514313,0,1,1,1,0.016063735932226066,0.004325230098915044
2544,0.8,1.0239775008432717,0,1,1,0,0.022993753425754743,0.004614180370842674
2545,0.8,0.9865813744057349,0,1,1,0,0.022315232710338685,0.0034207806878011047
2546,0.8,0.9691543440933346,0,1,1,0,0.020476348339335926,0.0018624259241718294
2547,0.8,0.9730765288652626,0,1,1,0,0.02134927988894343,-0.001418145283744439
2548,0.8,0.9606621558997899,0,1,1,0,0.023697856461426393,-0.004937334899567632
2549,0.8,0.9445483000128831,0,1,1,0,0.027631106610307113,-0.004880061644701223
2550,0.8,0.934597373695453,0,1,1,0,0.03256044610666368,-0.001270345627728412
2551,0.8,0.9411749518449263,0,1,1,0,0.03712097500864846,0.004268904683957831
2552,0.8,0.9486012313489316,0,1,1,0,0.040813855785663856,0.010534454180079918
2553,0.8,0.9636617280346509,0,1,1,0,0.04518452420533084,0.017367543820852985
2554,0.8,0.9774118834136817,0,1,1,0,0.04962549369125324,0.023690882396025698
2555,0.8,0.994345744724631,0,1,1,0,0.053471695214466285,0.028800148167456897
2556,0.8,1.0273463907349183,0,1,1,0,0.059253498301086276,0.03344160958031876
2557,0.8,1.0538963639053132,1,1,1,0,0.0659248714125123,0.03821206485488382
2558,0.8,1.016168235650323,1,1,1,0,0.06372582407194304,0.03909132224068263
2559,0.8,1.0015977172671056,1,1,1,0,0.05833147574766561,0.035246195807152415
2560,0.8,0.9784737169322988,1,0,1,0,0.04799231793454254,0.02812531563186178
2561,0.8,0.9481042530768193,1,0,1,0,0.034634334710314456,0.020033421067050552
2562,0.8,0.9231781467558389,1,0,1,0,0.02010090105779197,0.01094513526305451
2563,0.8,0.8855220933207002,1,0,1,1,0.007744237526486339,0.0029526279853207033
2564,0.8,0.8547307341266387,1,0,0,1,0.0026391097607565334,-0.0008826295535137406
2565,0.8,0.8332565616250122,1,0,0,1,0.0015239999101254486,-0.005852532814413764
2566,0.8,0.8221685976248359,1,0,0,1,0.0029085510595621856,-0.013035073229665373
2567,0.8,0.7816223444562063,1,0,0,1,0.007890817943068482,-0.019620264082381676
2568,0.8,0.7603485279524941,1,0,0,1,0.01395145890538944,-0.025037248662323458
2569,0.8,0.7386458434907207,1,0,0,1,0.017862242366395498,-0.029444231895463854
2570,0.8,0.7384360761000284,0,0,0,1,0.019139295259160645,-0.03297819477404443
2571,0.8,0.7562484154516508,0,0,0,1,0.020551368286837214,-0.036570213706622196
2572,0.8,0.7716827670437838,0,0,0,1,0.021594558141299947,-0.03943167431658372
2573,0.8,0.7784687087295228,0,0,0,1,0.020980503013901267,-0.03904603069955591
2574,0.8,0.8042295274851669,0,0,0,1,0.019838168239867192,-0.0367155802101351
2575,0.8,0.8131990629103087,0,0,0,1,0.01830164998584864,-0.03215651446675367
2576,0.8,0.8568097712505521,0,0,0,1,0.01656385681983312,-0.026515390812932662
2577,0.8,0.8841728804191414,0,0,0,1,0.015531498994380949,-0.019073570846765642
2578,0.8,0.9514159733775869,0,0,0,1,0.021377908795335243,-0.012291190130352889
2579,0.8,0.9937298426169767,0,0,0,1,0.03359393892902411,-0.004660722949011772
2580,0.8,0.9486448828294,0,1,1,1,0.047674958414410946,0.004722461856486507
2581,0.8,0.966470342647766,0,1,1,1,0.05236233095753767,0.016385402744249954
2582,0.8,0.9912924572682684,0,1,1,1,0.05315766225264938,0.02423310656842297
2583,0.8,1.0162316288415019,0,1,1,0,0.05407522435542331,0.027577338042842094
2584,0.8,0.9849851631677918,0,1,1,0,0.051383866544885894,0.0269564339309458
2585,0.8,0.9716044685662661,0,1,1,0,0.04741083812861478,0.023444762643161192
2586,0.8,0.9637910181569941,0,1,1,0,0.04620978556241434,0.018732877065202016
2587,0.8,0.9512459326154157,0,1,1,0,0.04615610996439352,0.014622507978231397
2588,0.8,0.9350644735405148,0,1,1,0,0.04670022756657373,0.01381806192785464
2589,0.8,0.945362380311506,0,1,1,0,0.049172015176153334,0.015860189677907435
2590,0.8,0.9620893334655726,0,1,1,0,0.05343365846161388,0.019171995834450905
2591,0.8,0.9841799452787204,0,1,1,0,0.05635097299780495,0.02266862153834728
2592,0.8,0.9938546613434674,0,1,1,0,0.057277897447487666,0.026652963803641506
2593,0.8,1.0092864427809258,0,1,1,0,0.055547363918932204,0.03117387679359818
2594,0.8,1.0348476618379885,0,1,1,0,0.0550382240062575,0.0360890635154275
2595,0.8,1.0448142626649244,1,1,1,0,0.05541571070687596,0.04057650973128012
2596,0.8,0.9771760029424291,1,1,1,0,0.04811946317089827,0.04033881818786667
2597,0.8,0.9458061174618758,1,0,1,0,0.038259335168154614,0.037094299674930144
2598,0.8,0.9596284335516121,1,0,1,0,0.023026212884172035,0.029349776259221118
2599,0.8,0.975945457489699,1,0,1,0,0.003660585802488348,0.017994270251879965
2600,0.8,0.9695438255509409,1,0,1,1,-0.01657826236926811,0.005669906684709314
2601,0.8,0.900578660128321,1,0,1,1,-0.025232052019012487,0.0009788586957227906
2602,0.8,0.871494080531978,1,0,0,1,-0.028737563676153204,0.0005277325785326923
2603,0.8,0.855936259666123,1,0,0,1,-0.0285306969201296,-0.0025860827330454355
2604,0.8,0.8447493225252746,1,0,0,1,-0.02650412777899321,-0.008574109314843908
2605,0.8,0.8102745423284422,1,0,0,1,-0.02266966496335927,-0.01337303182153955
2606,0.8,0.7889538003507807,1,0,0,1,-0.02000681587357828,-0.016180329197687037
2607,0.8,0.7836123919961011,1,0,0,1,-0.021237448776740487,-0.017574437466335267
2608,0.8,0.8025065902037073,0,0,0,1,-0.023601197692554515,-0.018701221758255754
2609,0.8,0.8432813949925435,0,0,0,1,-0.024772133347558095,-0.02077411074615262
2610,0.8,0.8689710622468801,0,0,0,1,-0.02598233967384684,-0.021612086875886644
2611,0.8,0.875372472917175,0,0,0,1,-0.02749491305687836,-0.018459310912999422
2612,0.8,0.9093413677552062,0,0,0,1,-0.030683720591604943,-0.012479862555196898
2613,0.8,0.9554594513456548,0,0,0,1,-0.03453020327123776,-0.006227855465954306
2614,0.8,0.9798431312434228,0,0,0,1,-0.038877024378345885,0.0017388020521237487
2615,0.8,1.0563757893997718,0,1,0,1,-0.039287712141022266,0.008777058893752005
2616,0.8,1.0360573655942653,0,1,0,1,-0.030304333597102745,0.013362357367373814
2617,0.8,1.0800096391180878,0,1,0,1,-0.017389984159575544,0.013927664968568964
2618,0.8,1.114662013637706,0,1,0,1,-0.003684064861767394,0.010084302688472154
2619,0.8,1.106765377762562,0,1,1,0,0.0020085700008363543,0.005299988445153941
2620,0.8,1.0510259362131067,0,1,1,0,-0.0036833093591002296,0.0008103638286719642
2621,0.8,1.0143669391762549,0,1,1,0,-0.009222851813114002,-0.0036328789805168313
2622,0.8,1.0000662474587527,0,1,1,0,-0.011683969642831332,-0.009608135563801284
2623,0.8,0.9548365560082204,0,1,1,0,-0.012412011543516921,-0.01416490154568754
2624,0.8,0.9160388452815725,0,1,1,0,-0.009790099623545927,-0.014690371729890213
2625,0.8,0.8967384182955125,0,1,1,0,-0.00348576361297842,-0.012067397616022112
2626,0.8,0.905935642256874,0,1,1,0,0.004001069848872743,-0.008232939762732951
2627,0.8,0.9163864823880039,0,1,1,0,0.010213248891316118,-0.004415189688233445
2628,0.8,0.9274471284927533,0,1,1,0,0.014464086225185604,-0.0006444838770744933
2629,0.8,0.9526774082575802,0,1,1,0,0.015585274477493073,0.002077637781416624
2630,0.8,0.9769210656373388,0,1,1,0,0.017582913209911066,0.005670857650405641
2631,0.8,1.0059990849443727,0,1,1,0,0.01890074097459186,0.009949652849170286
2632,0.8,1.0303084329799814,1,1,1,0,0.018445583761270975,0.015071325854071295
2633,0.8,0.9973279649172117,1,0,1,0,0.012533086155135414,0.018697334898052267
2634,0.8,0.9958425503370251,1,0,1,0,0.0008784021979077372,0.01905265200614772
2635,0.8,0.9879959261097797,1,0,1,0,-0.014791428411776593,0.016303754696270146
2636,0.8,0.985142528720749,1,0,1,1,-0.030742203722297617,0.011621278408655067
2637,0.8,0.9601167558570874,1,0,1,1,-0.03734330890870127,0.010737115305581722
2638,0.8,0.9458371691337848,1,0,0,1,-0.039527983544221344,0.00950236364743467
2639,0.8,0.9138302055043507,1,0,0,1,-0.037745947264826656,0.005728895609181933
2640,0.8,0.8692300777306332,1,0,0,1,-0.03369821357870518,0.002782029505055593
2641,0.8,0.8393935140106279,1,0,0,1,-0.030280068481851694,0.001089991694712327
2642,0.8,0.8275060351476796,1,0,0,1,-0.028753326599774323,-0.0012575150589703077
2643,0.8,0.8291193657831956,1,0,0,1,-0.029740812443409842,-0.004727810402926472
2644,0.8,0.8352006478532584,0,0,0,1,-0.03208587287930526,-0.008134397757430198
2645,0.8,0.8687225401681167,0,0,0,1,-0.032070567476594425,-0.011865544899532975
2646,0.8,0.8850520749925597,0,0,0,1,-0.030605804093218177,-0.014045483355951368
2647,0.8,0.8924766408086792,0,0,0,1,-0.028530726827393146,-0.012076733214095536
2648,0.8,0.9130406186910496,1,0,0,1,-0.027051892292686182,-0.007715081093733316
2649,0.8,0.9359638073131967,0,0,0,1,-0.0267284383075892,-0.0023943495321912638
2650,0.8,0.9795729384216771,1,0,0,1,-0.027644769221704623,0.003138512799290029
2651,0.8,1.028303126386375,1,0,0,1,-0.027392355888279898,0.0072246601531543
2652,0.8,1.0196517208594633,0,1,0,1,-0.021056667820293168,0.010704150715343011
2653,0.8,1.083418206451168,0,1,0,1,-0.007313706501510586,0.009741335692319312
2654,0.8,1.0986820961022716,0,1,1,1,0.010975145659491847,0.007298334413430758
2655,0.8,1.085113812314747,0,1,1,1,0.020815387052565748,0.009626891998779436
2656,0.8,1.0416059506183448,0,1,1,0,0.02054716384988924,0.013251777289667824
2657,0.8,1.0105948850027309,0,1,1,0,0.01819370650124871,0.01375315754487736
2658,0.8,1.002036311355984,0,1,1,0,0.01893176418445547,0.01074327074063189
2659,0.8,0.9888755939168533,0,1,1,0,0.01961680332708203,0.004393151447557605
2660,0.8,0.9623103932963771,0,1,1,0,0.021131127938900474,5.889251976512555e-05
2661,0.8,0.9331689371018996,0,1,1,0,0.023204427698977084,-0.0005607426099498896
2662,0.8,0.9160951222647786,0,1,1,0,0.026460885768514637,0.0022358222711684208
2663,0.8,0.9288418226738693,0,1,1,0,0.029892282453630573,0.00598009837785067
2664,0.8,0.9295772687172118,0,1,1,0,0.032641232951597834,0.010070469557283726
2665,0.8,0.9432568182272584,0,1,1,0,0.034905141196386213,0.014716472834932569
2666,0.8,0.9538886550028202,0,1,1,0,0.03667488591670419,0.019135983588358635
2667,0.8,0.9813722467237903,0,1,1,0,0.0395166318978534,0.023749119503703592
2668,0.8,1.0163420014931255,0,1,1,0,0.04238099232903599,0.027764845617121215
2669,0.8,0.9927159440166847,1,1,1,0,0.04024349244702881,0.030233327798758838
2670,0.8,0.9788971191408936,1,0,1,0,0.03405920040947327,0.028383284184092163
2671,0.8,0.9749786131804594,1,0,1,0,0.023675391581416873,0.024305727054262014
2672,0.8,0.9508823710269635,1,0,1,0,0.010317737849230527,0.01895983000583347
2673,0.8,0.9338542321971399,1,0,1,0,-0.003973130104229882,0.012621187668349214
2674,0.8,0.8856697406410792,1,0,1,1,-0.012635660186172588,0.008686080430562803
2675,0.8,0.8617261109122657,1,0,0,1,-0.016418731696018724,0.006588109660849144
2676,0.8,0.8221865261180015,1,0,0,1,-0.017755397110399116,0.0020781510180397497
2677,0.8,0.8158700376224376,1,0,0,1,-0.01736096444716489,-0.0042050494994211
2678,0.8,0.7826893932708469,1,0,0,1,-0.013843836597376506,-0.011412212262220566
2679,0.8,0.7576451976630724,1,0,0,1,-0.009834361813263812,-0.017666893607929297
2680,0.8,0.7369872700033869,1,0,0,1,-0.009073755731641445,-0.02208154354946657
2681,0.8,0.7503282953501635,0,0,0,1,-0.010603983714325228,-0.02599790112326057
2682,0.8,0.7828346469318962,0,0,0,1,-0.010011385296383773,-0.031241667169145875
2683,0.8,0.8039109819629446,0,0,0,1,-0.008798475629527468,-0.035607457985849265
2684,0.8,0.8128011628809693,0,0,0,1,-0.007255762627543381,-0.03618313852693752
2685,0.8,-0.011603473019882156,1,1,1,1,-0.00037637279160354534,-0.0010435317921076482
2686,0.8,-0.04147142296824765,1,1,0,1,0.011264499185294971,-0.007969039165826216
2687,0.8,-0.08359981061140728,1,1,0,1,0.016766685671901007,-0.01466497801293133
2688,0.8,-0.0316299655032487,1,1,0,1,0.020783855113001678,-0.022662463600564745
2689,0.8,-0.03800570018022659,0,1,0,1,0.029529562108729996,-0.03196503576460941
2690,0.8,-0.028842295300512882,0,0,1,1,0.04143046928491224,-0.03905593375515611
2691,0.8,-0.0046346500823657285,0,0,1,1,0.04838165163056235,-0.0414859193811848
2692,0.8,-0.006608181016281247,0,0,1,1,0.05265769355877538,-0.04465467238559652
2693,0.8,0.027762224444748844,0,0,1,1,0.054346704184317786,-0.04634911902321502
2694,0.8,0.048445076705472934,0,0,1,1,0.05581348343490975,-0.04872708258651271
2695,0.8,0.04312632906390002,0,0,1,0,0.054931143101870736,-0.050785600881022526
2696,0.8,0.053805626355566516,0,0,1,0,0.05086089177877016,-0.05341396175407026
2697,0.8,0.01253935177380139,0,0,1,0,0.0429109003360246,-0.055662331855712364
2698,0.8,0.055187552021673594,0,0,1,0,0.034012714090838565,-0.05912683572718634
2699,0.8,0.07514260654754508,0,0,1,0,0.024587350235648196,-0.06688373155933182
2700,0.8,0.07562651612401576,0,0,1,0,0.01440435223181594,-0.0738628778125184
2701,0.8,0.08821615573513146,0,0,1,0,0.006031242561754432,-0.07815599515511638
2702,0.8,0.09720570533143251,0,0,1,0,0.0007948603465703589,-0.08068275804249649
2703,0.8,0.12291838917972792,0,0,1,0,-0.0006337241160634635,-0.08099453707087736
2704,0.8,0.14612282393312034,0,0,1,0,0.00022250573445713366,-0.08019582946189173
2705,0.8,0.16957108386069164,0,0,1,0,0.0008253793878193446,-0.07859299405062208
2706,0.8,0.20683567742733844,0,0,1,0,0.002410235082683622,-0.07439953461405333
2707,0.8,0.21668432332756493,0,0,1,0,0.0045568837289673095,-0.06568000227106116
2708,0.8,0.2985770691009702,0,0,1,0,0.007126673304006094,-0.057334234171336776
2709,0.8,0.3927664961877579,0,0,1,0,0.0031888009048126257,-0.05410029340538729
2710,0.8,0.39927129255803556,1,0,1,1,-0.005350569828622489,-0.04989765303444044
2711,0.8,0.44738361994380393,1,0,1,1,-0.010990672730742918,-0.04134683732970654
2712,0.8,0.524280556362853,1,0,1,1,-0.018332830664747075,-0.03636191054535538
2713,0.8,0.6096558165742249,1,0,1,1,-0.027864222309317097,-0.035323140149557716
2714,0.8,0.6703925986158604,1,0,1,1,-0.03613576047667179,-0.03677965694743383
2715,0.8,0.7334767095897079,1,0,1,1,-0.04252501405667331,-0.038749005480838344
2716,0.8,0.7906215316389592,1,0,0,1,-0.043521545347459986,-0.04291044605931156
2717,0.8,0.7711590610937905,1,0,0,1,-0.03668335643748843,-0.049174932387458556
2718,0.8,0.7793641846532198,1,0,0,1,-0.025479431861259356,-0.0547327565521984
2719,0.8,0.7915910723894375,0,0,0,1,-0.011956031474466663,-0.06194137624624012
2720,0.8,0.787141136194152,0,0,0,1,0.0003101471186312122,-0.06630580071626156
2721,0.8,0.8120437724791715,0,0,0,1,0.008387226875163127,-0.06754217169297161
2722,0.8,0.82854783384201,0,0,0,1,0.012727382645117654,-0.06629586108456866
2723,0.8,0.8615857847391742,0,0,0,1,0.014117357303309081,-0.06361668531689033
2724,0.8,0.8813980722461582,0,0,0,1,0.01074449885632415,-0.058882766712797026
2725,0.8,0.9471055826071766,0,0,0,1,0.0045954016656899735,-0.05422910385164553
2726,0.8,0.9781923421398839,0,0,0,1,-0.0013576597366745879,-0.04952551203631798
2727,0.8,1.0169842799483757,0,0,0,1,-0.005645658125246133,-0.04172155063377314
2728,0.8,1.0948665439284644,0,0,0,1,-0.0032345834614131578,-0.0366914526507292
2729,0.8,1.10736610372987,0,0,0,1,0.003805640156467119,-0.03032328640088086
2730,0.8,1.1465454058781452,0,1,0,1,0.013645179970239538,-0.023364736450090743
2731,0.8,1.1286298311140388,0,1,1,1,0.019503444743099358,-0.015496818220275316
2732,0.8,1.1139170365393054,0,1,1,0,0.016974048484020902,-0.009874389793249599
2733,0.8,1.0663867266858384,0,1,1,0,0.012591960615073313,-0.006436610368668529
2734,0.8,1.0408901733085334,0,1,1,0,0.012248802666683371,-0.0024540970851758114
2735,0.8,1.016692450684193,0,1,1,0,0.0164598169089895,0.0020221636754243974
2736,0.8,1.0142976643621924,0,1,1,0,0.022491070754068337,0.006887129830240155
2737,0.8,1.0219956737399165,0,1,1,0,0.02989226808191318,0.01158586045720116
2738,0.8,1.0512330822364049,0,1,1,0,0.03860823007402624,0.01589144811029832
2739,0.8,1.07610730583097,0,1,1,0,0.047039419138714234,0.019690509650347052
2740,0.8,1.0944590465636428,0,0,1,0,0.052940697112853465,0.024116432983123104
2741,0.8,1.1129884423802934,0,0,1,0,0.055828519857334905,0.030020688221462033
2742,0.8,1.1407345367937063,0,0,1,0,0.05797993512259169,0.03781746288991673
2743,0.8,1.1085570950929062,1,0,1,0,0.05407371071832257,0.045445711574907906
2744,0.8,1.045639036362837,1,0,1,0,0.04202124474804491,0.0484762284309877
2745,0.8,1.0309234487487307,1,0,1,0,0.03005527577548655,0.047121144598408216
2746,0.8,1.0499359779190927,1,0,1,0,0.015306002782746035,0.03887575875008757
2747,0.8,1.0547409711814792,1,0,1,0,-0.0005440236591943321,0.02632385728028028
2748,0.8,1.0172262399377814,1,0,1,1,-0.013262791830312556,0.01393100524680107
2749,0.8,0.9680064694613872,1,0,1,1,-0.015263484156361744,0.008469837365393211
2750,0.8,0.9126853028945426,1,0,0,1,-0.01361669864317816,0.004049658219861557
2751,0.8,0.8869759970343662,1,0,0,1,-0.011493999390723318,-0.0016952773754927348
2752,0.8,0.8486120295241703,1,0,0,1,-0.008806892947446646,-0.007904124291990727
2753,0.8,0.819491010715283,1,0,0,1,-0.008497620947869875,-0.01299999802001467
2754,0.8,0.795350805412838,0,0,0,1,-0.011465137451368478,-0.01598872783780859
2755,0.8,0.813003072556138,0,0,0,1,-0.01746964993508197,-0.018055088336882383
2756,0.8,0.8452000050307866,0,0,0,1,-0.02410690435317803,-0.02070785949152735
2757,0.8,0.881196472861018,0,0,0,1,-0.031207408647557267,-0.02240717343845793
2758,0.8,0.9012564753900513,0,0,0,1,-0.03874566807504233,-0.021186966614502627
2759,0.8,0.9318211024707143,0,0,0,1,-0.04999294136409219,-0.014592428896363854
2760,0.8,1.017859061174919,0,0,0,1,-0.05750427706177898,-0.010129727591444126
2761,0.8,1.0249306712880932,0,0,0,1,-0.0635837654798421,-0.0032271924186407434
2762,0.8,1.0611909249857847,0,1,0,1,-0.06571625278249044,0.005902209061627096
2763,0.8,1.0717304569867878,0,1,0,1,-0.057341830331644396,0.01071425383637654
2764,0.8,1.09396469598377,0,1,0,1,-0.045884515017006584,0.012146132914776033
2765,0.8,1.1313303931385683,0,1,0,1,-0.03322993229167444,0.00891078237906998
2766,0.8,1.1471312875837203,0,1,0,0,-0.02252711037240586,0.00022071451938825476
2767,0.8,1.0591211663881468,0,1,1,0,-0.023366287214595605,-0.01083415699002783
2768,0.8,1.0216047041010292,0,1,1,0,-0.028066425842156163,-0.018113953842542
2769,0.8,1.011695268072328,0,1,1,0,-0.03248623768567945,-0.02613950014757957
2770,0.8,0.9690924563714203,0,1,1,0,-0.037731280556026946,-0.03329928256061181
2771,0.8,0.9005448715060416,0,1,1,0,-0.0404068635245458,-0.033357720711462355
2772,0.8,0.8591362563835475,0,1,1,0,-0.03908619987494436,-0.028466900816655726
2773,0.8,0.859537771978425,0,1,1,0,-0.03329506320494218,-0.022900865475133623
2774,0.8,0.8728529747723781,0,1,1,0,-0.025782098128200648,-0.01867179218120803
2775,0.8,0.8808621490514529,0,1,1,0,-0.01919428108600085,-0.01548095375237794
2776,0.8,0.9145501036401884,0,1,1,0,-0.014605679192269603,-0.01347868352295334
2777,0.8,0.943514095279121,0,1,1,0,-0.010898298066577859,-0.011064888857519358
2778,0.8,0.9672467600616173,0,1,1,0,-0.010551353399806576,-0.007441577144263151
2779,0.8,0.9813551976480163,0,0,1,0,-0.013904017115850943,-0.0016461066503910137
2780,0.8,0.9875768254512717,1,0,1,0,-0.021482276263583216,0.00592493342162594
2781,0.8,0.9833130793736741,1,0,1,0,-0.035258996084999474,0.009751076861921861
2782,0.8,0.9866871553485133,1,0,1,1,-0.05271501275865507,0.009838981973298038
2783,0.8,0.9197818074967478,1,0,1,1,-0.05963414360515928,0.015799805186748332
2784,0.8,0.9226562059827238,1,0,0,1,-0.06258752908452639,0.020467664063505107
2785,0.8,0.8989957301325343,1,0,0,1,-0.06236921743830135,0.018165432949958267
2786,0.8,0.8547270202219064,1,0,0,1,-0.059015810289828545,0.015626428796908502
2787,0.8,0.826484165229736,1,0,0,1,-0.055144787615724514,0.013452394994994376
2788,0.8,0.8156106741556363,1,0,0,1,-0.05347189734410343,0.01039969733565082
2789,0.8,0.8219690894227721,1,0,0,1,-0.05451589216533526,0.006582339287342198
2790,0.8,0.8444340709500145,1,0,0,1,-0.056192997386476005,0.001566886748102314
2791,0.8,0.8751476064094531,0,0,0,1,-0.05364356497412673,-0.0050765325439594946
2792,0.8,0.9039106578308538,0,0,0,1,-0.04716165292886922,-0.010957751655339892
2793,0.8,0.912571841693925,1,0,0,1,-0.03928991164335187,-0.01251262445438124
2794,0.8,0.9002821605543009,1,0,0,1,-0.03294306944342157,-0.008266430028170998
2795,0.8,0.924550748345987,1,0,0,1,-0.027417170932483918,-0.003454190988640215
2796,0.8,0.9502789766594748,1,0,0,1,-0.024073953484471788,-0.00015883561242887667
2797,0.8,0.9861599096599246,1,0,0,1,-0.02337490254992047,0.0031094041980284093
2798,0.8,0.9569318884750646,1,1,0,1,-0.013548021212425217,0.000766457826320751
2799,0.8,0.9750308217148079,0,1,0,1,0.0038677857392937086,-0.00875561566202715
2800,0.8,1.0073133063558624,0,1,0,1,0.023171534583652096,-0.01946831798599217
2801,0.8,0.9888893766646311,0,1,1,1,0.038044592628005615,-0.02561895984269266
2802,0.8,0.9290720449076967,0,1,1,0,0.039643119355075515,-0.02694929584077895
2803,0.8,0.8996399698787809,0,1,1,0,0.03906807578662056,-0.028143192792444368
2804,0.8,0.9005353264203255,0,1,1,0,0.03940272132867755,-0.031746394016200205
2805,0.8,0.8763312608455028,0,1,1,0,0.0385537448436728,-0.03683356328407297
2806,0.8,0.8498787733723936,0,1,1,0,0.04029722488058474,-0.03858252410782447
2807,0.8,0.8292924201579945,0,1,1,0,0.04486666108375844,-0.03660942928971331
2808,0.8,0.8195772616398393,0,1,1,0,0.05067234834030524,-0.031716680656785734
2809,0.8,0.8185428722079677,0,1,1,0,0.05592853748117304,-0.02591770067520641
2810,0.8,0.8347941666522203,0,1,1,0,0.06086700896787429,-0.02084395343788489
2811,0.8,0.8457629993464468,0,0,1,0,0.06576319572712319,-0.016188155003809455
2812,0.8,0.8754121226681273,0,0,1,0,0.06987966769054142,-0.01237148035042643
2813,0.8,0.8849501884659667,1,0,1,0,0.0732252524630143,-0.008331634882227148
2814,0.8,0.810623660777057,1,0,1,0,0.06628411407228478,-0.009468519044884724
2815,0.8,0.7414294141473575,1,0,1,0,0.05388142931370511,-0.01673818574307155
2816,0.8,0.6870782453736026,1,0,1,0,0.03908425184575309,-0.027310345094216624
2817,0.8,0.6541374501538952,1,0,1,0,0.02322711188502926,-0.041879032895649135
2818,0.8,0.6377976943340438,1,0,1,0,0.006743737837566404,-0.05889586207728051
2819,0.8,0.6269744127685594,1,0,1,0,-0.008003451333134053,-0.07690170193525027
2820,0.8,0.6099272605543612,1,0,1,0,-0.019155633368134996,-0.09390204680045187
2821,0.8,0.576768032784741,1,0,1,1,-0.025842683925918864,-0.10821404753344586
2822,0.8,0.5534922080991691,1,0,0,1,-0.028659907964983848,-0.11937670930957835
2823,0.8,0.5264011294205242,1,0,0,1,-0.029345852913865628,-0.12916749596153237
2824,0.8,0.5386817532057877,1,0,0,1,-0.029944160648193167,-0.13765607812854708
2825,0.8,0.5658106244250323,0,0,0,1,-0.03164347082665346,-0.14670613464545396
2826,0.8,0.5625253901690253,0,0,0,1,-0.033600681095171545,-0.15387142528559897
2827,0.8,0.5371294205686739,0,0,0,1,-0.03601722513690241,-0.15585513179378868
2828,0.8,0.5435476643310215,0,0,0,1,-0.04037293989951115,-0.1545320910338745
2829,0.8,0.570652529571599,0,0,0,1,-0.04956069566097508,-0.15156892321368318
2830,0.8,0.600601203211435,0,0,0,1,-0.06273958826943386,-0.14629612727310085
2831,0.8,0.6280356283965753,0,0,0,1,-0.07731185526810974,-0.13900942224395743
2832,0.8,0.6530417649844295,0,0,0,1,-0.09445209074024369,-0.1288527488122245
2833,0.8,0.7304823854641767,0,1,0,1,-0.11059359191744296,-0.11792481968935327
2834,0.8,0.7105099986507255,0,1,0,1,-0.11427334149653233,-0.11169876362812657
2835,0.8,0.6832176799504164,0,1,0,1,-0.11119945200727348,-0.11147960628351987
2836,0.8,0.6896124861114293,0,1,0,1,-0.10310487577192388,-0.11819146766798701
2837,0.8,0.7019188677117637,0,1,0,1,-0.09215373054015161,-0.13098675199343804
2838,0.8,0.6784560549432052,0,1,0,0,-0.08671716096481029,-0.1509510894558616
2839,0.8,0.6754078582946287,0,1,0,0,-0.08301883545765269,-0.17840704860059356
2840,0.8,0.6809753307498346,0,1,0,0,-0.08013107139751326,-0.21088430319836168
2841,0.8,0.6603448093454177,0,1,1,0,-0.0810660141434786,-0.24429396902009232
2842,0.8,0.565223742966301,0,1,1,0,-0.09155311093453786,-0.26512373239162496
2843,0.8,0.44963883310558694,0,1,1,0,-0.10404950505282638,-0.27066882304477835
2844,0.8,0.37968470248717995,0,1,1,0,-0.10810958064003275,-0.26658275057949715
2845,0.8,0.3862294886336992,0,1,1,0,-0.10359080582359226,-0.2619558271235388
2846,0.8,0.4087628964348712,0,1,1,0,-0.09575091769044783,-0.2621349792821213
2847,0.8,0.42768734434048855,0,1,1,0,-0.08665705723649196,-0.2620751729405601
2848,0.8,0.4621700960966347,0,0,1,0,-0.08013604899730058,-0.26023717000180646
2849,0.8,0.5036711975767557,0,0,1,0,-0.08047355746810454,-0.2569543991175697
2850,0.8,0.5399685858345321,0,0,1,1,-0.08873846370324413,-0.2539866912968136
2851,0.8,0.4381492675210362,0,0,1,1,-0.09391656023021125,-0.23955288634687535
2852,0.8,0.4751688257160656,1,0,1,1,-0.10050559101700031,-0.2199375174765727
2853,0.8,0.4723759808167384,1,0,1,1,-0.11073775698621552,-0.20697795420923168
2854,0.8,0.452122265201346,1,0,1,1,-0.11882843826942974,-0.19687908362766332
2855,0.8,0.44955172036773566,1,0,1,1,-0.1237347438267039,-0.19139483615023536
2856,0.8,0.4581749085593251,1,0,1,1,-0.12779538657656236,-0.19084203308170392
2857,0.8,0.4687147044847517,1,0,1,1,-0.13089953975649016,-0.19348569814553324
2858,0.8,0.47097388262251383,1,0,1,1,-0.13154683938839987,-0.1971946492564028
2859,0.8,0.45863430336970773,1,0,0,1,-0.12691680631431598,-0.20112957188240846
2860,0.8,0.47786745904263517,1,0,0,1,-0.11910333523392325,-0.2068409469453133
2861,0.8,0.46513486247717295,1,0,0,1,-0.10772868485307517,-0.2150038200414628
2862,0.8,0.45442519994784203,1,0,0,1,-0.09657774258812062,-0.22238317667690907
2863,0.8,0.44925495518847725,1,0,0,1,-0.08812489308165762,-0.22792376300953104
2864,0.8,0.4767253396556509,1,0,0,1,-0.08118927285725583,-0.23211694942820282
2865,0.8,0.4966544004400288,1,0,0,1,-0.07335119522069934,-0.23571447770563056
2866,0.8,0.49768442468580615,1,0,0,1,-0.06619505669632449,-0.23630229814070447
2867,0.8,0.5290962520028272,0,0,0,1,-0.060132682196300975,-0.23572718079380028
2868,0.8,0.5937698582864127,0,0,0,1,-0.055430563167221385,-0.23640606048004473
2869,0.8,0.658212333495066,0,0,0,1,-0.049617886183652773,-0.23746432247147536
2870,0.8,0.6979394373237764,0,0,0,1,-0.041481318710545535,-0.23741467334450717
2871,0.8,0.7414254800956861,0,0,0,1,-0.029858240485756495,-0.23824624791277976
2872,0.8,0.7681180373654993,0,1,0,1,-0.017113926015647943,-0.23954518247592166
2873,0.8,0.7672563765819753,0,1,1,1,-0.00798244672500695,-0.24014889787739452
2874,0.8,0.7558838926540778,0,1,1,0,-0.006624831327641822,-0.2426238513488347
2875,0.8,0.7296792529300056,0,1,1,0,-0.007585332505149301,-0.24644433689226478
2876,0.8,0.6910401735074552,0,1,1,0,-0.006806811172844313,-0.2487780504814468
2877,0.8,0.6573487643480872,0,1,1,0,-0.001831103479802496,-0.24756135124295173
2878,0.8,0.6578746111133945,0,1,1,0,0.00514449284256594,-0.24543886964062508
2879,0.8,0.641724778473999,0,1,1,0,0.012592792999045657,-0.2412324411004259
2880,0.8,0.634319663313669,0,1,1,0,0.019137996967555686,-0.23541352682810507
2881,0.8,0.659841628966934,0,1,1,0,0.02525431735348711,-0.23114124587006626
2882,0.8,0.6765946716417708,0,1,1,0,0.029374969914064273,-0.22758323573890024
2883,0.8,0.7033300740895196,0,1,1,0,0.03187130605219321,-0.22334478630650922
2884,0.8,0.7249790360473369,0,0,1,0,0.03447402487288657,-0.21607444192994027
2885,0.8,0.7623580881911511,0,0,1,0,0.03485268431005588,-0.20651761682225356
2886,0.8,0.7950338773112311,1,0,1,0,0.03042372903719327,-0.19818050662921807
2887,0.8,0.8197913233268559,1,0,1,0,0.01893887570853615,-0.1945980882784628
2888,0.8,0.8577339582986114,1,0,1,0,0.00367465638726599,-0.19550493378406164
2889,0.8,0.847289550010795,1,0,1,1,-0.010070255389714242,-0.19800521854998981
2890,0.8,0.8569974966306143,1,0,1,1,-0.01801439812225627,-0.1980138966954995
2891,0.8,0.8733276548461112,1,0,1,1,-0.0239895264679663,-0.19936582197318417
2892,0.8,0.8642908927335644,1,0,0,1,-0.02487655388378774,-0.20463733534152184
2893,0.8,0.8588522565422451,1,0,0,1,-0.02546168655482565,-0.2128179057116246
2894,0.8,0.8442767921790262,1,0,0,1,-0.024679958709941628,-0.22228997280805735
2895,0.8,0.8306310079540002,1,0,0,1,-0.022185037326920665,-0.2309277411612061
2896,0.8,0.8107114106758978,1,0,0,1,-0.018179533516232537,-0.23712173101790746
2897,0.8,0.8023552105383535,1,0,0,1,-0.014719854488945474,-0.23943660042697834
2898,0.8,0.8032842920356796,1,0,0,1,-0.012094494260438765,-0.23802984694951404
2899,0.8,0.8104515010854916,1,0,0,1,-0.012001336934457478,-0.23355126190919218
2900,0.8,0.8001988373052279,1,0,0,1,-0.015529185058191827,-0.2263005689562809
2901,0.8,0.8687101481096979,1,0,0,1,-0.020376717338552827,-0.2199439904826729
2902,0.8,0.8935075921180107,1,0,0,1,-0.026753242599776825,-0.2133587384761391
2903,0.8,0.9543148060829271,0,0,0,1,-0.03040667051501692,-0.20484661849672067
2904,0.8,0.9860110553891274,0,0,0,1,-0.028340331911632176,-0.1963302693404821
2905,0.8,0.9840431076208936,0,1,0,1,-0.01949167789049049,-0.18954302591799224
2906,0.8,0.9844751256189844,0,1,1,1,-0.008123946950797763,-0.18849641100626552
2907,0.8,0.9320506579996299,0,1,1,1,-0.005800216611727096,-0.18398831205689462
2908,0.8,0.9285980503832958,0,1,1,1,-0.005272123140483957,-0.18227786728922302
2909,0.8,0.8765153817168673,0,1,1,0,-0.007330122831118078,-0.18587407148436622
2910,0.8,0.8334132006009065,0,1,1,0,-0.009905367147113707,-0.19115308085593266
2911,0.8,0.7871561095288986,0,1,1,0,-0.009950485602748615,-0.19546694536721881
2912,0.8,0.7387276205535812,0,1,1,0,-0.008082409134839272,-0.19831621788603243
2913,0.8,0.7069164426973698,0,1,1,0,-0.005073810437804716,-0.1985664536219678
2914,0.8,0.6933159431700777,0,1,1,0,-0.00020778832745748703,-0.1971672954370526
2915,0.8,0.6904061053023559,0,1,1,0,0.006443242019922297,-0.1952461722557156
2916,0.8,0.708387393401644,0,1,1,0,0.012050238468122448,-0.1935881538320282
2917,0.8,0.7271790936678211,0,1,1,0,0.0148029993698109,-0.19385600961818175
2918,0.8,0.7453125049688649,0,1,1,0,0.014552592894896008,-0.19329613240028393
2919,0.8,0.7453490040996363,0,0,1,0,0.012106574365200174,-0.18841906462450173
2920,0.8,0.7773951165152562,1,0,1,0,0.00647161642906347,-0.18196829685485422
2921,0.8,0.8306928074675347,1,0,1,0,-0.006367239686168723,-0.18027586937055742
2922,0.8,0.874667419280677,1,0,1,0,-0.026649776351085373,-0.1850555271518737
2923,0.8,0.838518760289738,1,0,1,1,-0.0477807191753117,-0.19046519157919273
2924,0.8,0.7826652302542675,1,0,1,1,-0.056533500322812597,-0.1864273778754013
2925,0.8,0.7761277475163229,1,0,1,1,-0.0619914049304738,-0.18283078192610375
2926,0.8,0.7712766102979877,1,0,1,1,-0.06572480599473271,-0.18336696968241145
2927,0.8,0.7596390543978266,1,0,0,1,-0.06656904203394062,-0.18797221801880193
2928,0.8,0.7225910303580385,1,0,0,1,-0.06459991844447258,-0.19477436405514864
2929,0.8,0.699080946120909,1,0,0,1,-0.061991392786773854,-0.2015724973486741
2930,0.8,0.6846216519560508,1,0,0,1,-0.05979769186746846,-0.20790004715848467
2931,0.8,0.6778831282588023,1,0,0,1,-0.05862861762038324,-0.21362125473717497
2932,0.8,0.6864246428528602,1,0,0,1,-0.056662023856767996,-0.21856645934141
2933,0.8,0.6986476539332641,1,0,0,1,-0.05352784721948162,-0.22200660910048686
2934,0.8,0.7037036506742878,0,0,0,1,-0.050251192360079314,-0.22235424011234234
2935,0.8,0.7540313984603126,1,0,0,1,-0.047978747914842745,-0.22148556373298162
2936,0.8,0.7480802674857561,1,0,0,1,-0.04618056907251735,-0.21897858631689762
2937,0.8,0.7657731624185392,0,0,0,1,-0.04779325011339563,-0.2123248590784862
2938,0.8,0.8674457955499867,0,0,0,1,-0.04742429163878797,-0.20796209313745734
2939,0.8,0.8939627551048861,0,0,0,1,-0.042868172306099364,-0.20337877779636448
2940,0.8,0.9173001144560271,0,1,0,1,-0.03465719270702696,-0.19704119044754717
2941,0.8,0.9565960738947153,0,1,0,1,-0.024209429548005312,-0.19562171557817648
2942,0.8,0.9088367557041113,0,1,1,1,-0.02002994015166776,-0.1938698653306178
2943,0.8,0.8966254233636499,0,1,1,0,-0.02411123148726893,-0.19360943847058654
2944,0.8,0.8512729132044189,0,1,1,0,-0.027949047030285116,-0.19872119805813948
2945,0.8,0.7937185592431951,0,1,1,0,-0.03016344779345324,-0.20412995311478338
2946,0.8,0.7067357584286578,0,1,1,0,-0.029771953388959185,-0.20601061493034345
2947,0.8,0.6647708752140766,0,1,1,0,-0.026064305256940513,-0.20483621077114023
2948,0.8,0.6659480381915043,0,1,1,0,-0.018638777483199687,-0.20410163634635634
2949,0.8,0.6444054329298481,0,1,1,0,-0.009746531159695178,-0.20408940444954318
2950,0.8,0.6532522165020938,0,1,1,0,-0.0021423586667262615,-0.20305889316240944
2951,0.8,0.6778921309796694,0,1,1,0,0.003633421091433779,-0.20466413458553248
2952,0.8,0.7062475116945047,0,1,1,0,0.006900557573332967,-0.20729637534347303
2953,0.8,0.7246157700431709,0,1,1,0,0.0071348900167299304,-0.20718404240207344
2954,0.8,0.7615048526462797,0,1,1,0,0.0034000607679183443,-0.20672110559456783
2955,0.8,0.7819098322169593,1,0,1,0,-0.004535444161502126,-0.20662617838901617
2956,0.8,0.7912707332148006,1,0,1,0,-0.020381005396185432,-0.2072731914214062
2957,0.8,0.805994843094761,1,0,1,0,-0.04195825428632444,-0.20916022547736934
2958,0.8,0.744673905158358,1,0,1,1,-0.058019396753928816,-0.20687853594317857
2959,0.8,0.7447024997564256,1,0,1,1,-0.06782775028663145,-0.20052223060241894
2960,0.8,0.7561648356878848,1,0,1,1,-0.07545187106079132,-0.19701564597384272
2961,0.8,0.7625782242972726,1,0,1,1,-0.08034190322983702,-0.19663873136306873
2962,0.8,0.7720529276990947,1,0,0,1,-0.0812513891972288,-0.20004397799280854
2963,0.8,0.760541248015426,1,0,0,1,-0.07872102239179425,-0.20626253859939783
2964,0.8,0.7366923977405977,1,0,0,1,-0.07421825348007562,-0.21143162909660587
2965,0.8,0.7089847293240744,1,0,0,1,-0.06828933120579439,-0.2146598138156424
2966,0.8,0.6970812681118403,1,0,0,1,-0.06365383653677968,-0.21614345984101635
2967,0.8,0.7021709518628086,1,0,0,1,-0.061377127784728334,-0.21693511585100403
2968,0.8,0.7202861858611921,1,0,0,1,-0.059554386959433714,-0.21739287922476097
2969,0.8,0.7445867907689567,1,0,0,1,-0.05691508076025828,-0.21714630879180194
2970,0.8,0.7439557861277096,1,0,0,1,-0.055310252962104386,-0.21379967458509797
2971,0.8,0.7732796681033857,0,0,0,1,-0.054253485835710345,-0.20767633095903185
2972,0.8,0.8713461341997107,0,0,0,1,-0.05195589425910452,-0.20330928344733723
2973,0.8,0.8875533148146675,0,0,0,1,-0.04936675993416038,-0.1967992554158243
2974,0.8,0.9445360906875812,0,1,0,1,-0.04833513591924575,-0.1880011115059561
2975,0.8,0.971255896027198,0,1,0,1,-0.04295945450083655,-0.18488806363204083
2976,0.8,1.001685761204333,0,1,0,1,-0.03488201015772995,-0.18790111641187401
2977,0.8,0.9916580138444214,0,1,1,1,-0.028612460910029766,-0.19496989294463613
2978,0.8,0.9422884673078542,0,1,1,0,-0.03261957563475537,-0.20174730574548366
2979,0.8,0.8782529685789497,0,1,1,0,-0.03619999014393079,-0.2091168418542379
2980,0.8,0.8037461637073596,0,1,1,0,-0.03821312978530907,-0.21381907609197176
2981,0.8,0.7089195392252943,0,1,1,0,-0.03712558879262017,-0.21331271389601061
2982,0.8,0.6901907765758392,0,1,1,0,-0.03173023732194811,-0.2101292091152567
2983,0.8,0.6986255959818342,0,1,1,0,-0.021232127333791602,-0.20759206826295087
2984,0.8,0.700181572194702,0,1,1,0,-0.008926544296961608,-0.20620356551243643
2985,0.8,0.7178295678954906,0,1,1,0,0.0013517608613826443,-0.20530181010440063
2986,0.8,0.7450221375342322,0,1,1,0,0.008508948957815716,-0.20579246231755283
2987,0.8,0.762956837997057,0,1,1,0,0.012211666329607065,-0.20435782965869448
2988,0.8,0.7917202093177881,0,1,1,0,0.01068885954179906,-0.20187216823403
2989,0.8,0.8096452159726109,1,1,1,0,0.005393618660415949,-0.1997956714592758
2990,0.8,0.8124103115277738,1,0,1,0,-0.0063729076837735705,-0.19904100574521857
2991,0.8,0.8306064822796472,1,0,1,0,-0.025697131900618515,-0.20112309634841596
2992,0.8,0.8378606534614198,1,0,1,1,-0.049158501140774566,-0.20554402566645355
2993,0.8,0.7731537879683155,1,0,1,1,-0.06189257785545167,-0.20237349613696762
2994,0.8,0.7707037928880613,1,0,1,1,-0.06976818533278424,-0.19683642820109706
2995,0.8,0.773038310761127,1,0,1,1,-0.07504084422538151,-0.19454434538230156
2996,0.8,0.7694566973552536,1,0,1,1,-0.07783440871271675,-0.19515813447563957
2997,0.8,0.754405740829755,1,0,0,1,-0.07669435898348012,-0.19878034059176253
2998,0.8,0.7515862729986845,1,0,0,1,-0.07452806822588515,-0.20469072684267536
2999,0.8,0.7386274192834457,1,0,0,1,-0.0700321151952478,-0.211066616940245
3000,0.8,0.7228536712572602,1,0,0,1,-0.06325683318211733,-0.21641866889698266
3001,0.8,0.7018828773451862,1,0,0,1,-0.056866960932670324,-0.21929679109736072
3002,0.8,0.7150729280811264,1,0,0,1,-0.0525230480377875,-0.22047128131202626
3003,0.8,0.7433908394163119,1,0,0,1,-0.04887970751896562,-0.22114178421201547
3004,0.8,0.7531664866143787,0,0,0,1,-0.04646229720141767,-0.21971694760945792
3005,0.8,0.78557384458417,0,0,0,1,-0.045320470302324174,-0.2157211362552649
3006,0.8,0.8460790101820148,0,0,0,1,-0.043057882527437766,-0.21097141018058524
3007,0.8,0.8693915958774007,0,0,0,1,-0.042110228070586106,-0.20348220381126916
3008,0.8,0.9134925157063226,0,0,0,1,-0.043802925317120586,-0.19407103374061774
3009,0.8,0.96900549701965,0,1,0,1,-0.04339666884491044,-0.18884524591812427
3010,0.8,0.9856048868214666,0,1,0,1,-0.039064790709832986,-0.18927273022913468
3011,0.8,1.0274820313457478,0,1,1,1,-0.031809170496021236,-0.1953269672526792
3012,0.8,0.9481949102741457,0,1,1,0,-0.03385513380743756,-0.20229398199672566
3013,0.8,0.9113021989109942,0,1,1,0,-0.03832912063622181,-0.209309926304225
3014,0.8,0.8386184371779132,0,1,1,0,-0.04126390109029579,-0.2159057779546507
3015,0.8,0.7424166894209202,0,1,1,0,-0.04193131993743271,-0.2168815961762249
3016,0.8,0.681632887546148,0,1,1,0,-0.03907496308185326,-0.2134094148335196
3017,0.8,0.6784660835356577,0,1,1,0,-0.030986942355253063,-0.20869172076408848
3018,0.8,0.6756625542093911,0,1,1,0,-0.019489886392734797,-0.2051465543025369
3019,0.8,0.6827639061679834,0,1,1,0,-0.007941311412641485,-0.20167596158094347
3020,0.8,0.7207906169694481,0,1,1,0,-0.00027942537910604926,-0.20144701386645883
3021,0.8,0.739723115250882,0,1,1,0,0.005546670529719304,-0.20100019013782428
3022,0.8,0.7580324653101481,0,1,1,0,0.008202024656142446,-0.19795548001051338
3023,0.8,0.786169998798931,0,1,1,0,0.006094952753982767,-0.19543399014868254
3024,0.8,0.7821209448477758,1,1,1,0,-0.0023384438430026585,-0.1963122013133891
3025,0.8,0.7768933769727655,1,0,1,0,-0.01858180250323502,-0.19958427913876792
3026,0.8,0.7874038762323781,1,0,1,1,-0.0396534707814603,-0.20338011845195264
3027,0.8,0.7217751058338459,1,0,1,1,-0.053786422361116436,-0.2022299168220753
3028,0.8,0.7257806236249761,1,0,1,1,-0.06313199064324235,-0.19784141739555575
3029,0.8,0.7371915444589248,1,0,1,1,-0.07053719337125795,-0.19641320508438453
3030,0.8,0.7435858429473428,1,0,1,1,-0.07541161183582364,-0.19760405942042264
3031,0.8,0.7495459552500219,1,0,1,1,-0.0774324448209805,-0.20083342485478028
3032,0.8,0.7383806351741194,1,0,0,1,-0.07512259230734708,-0.20680523614321752
3033,0.8,0.7375511462247671,1,0,0,1,-0.07131094376749218,-0.21343293092832294
3034,0.8,0.7207438483132764,1,0,0,1,-0.06448017751696448,-0.21958424396269158
3035,0.8,0.7018354054342719,1,0,0,1,-0.05584605357622028,-0.22392034792224177
3036,0.8,0.6890251682387223,1,0,0,1,-0.04969541970578966,-0.22552972724670384
3037,0.8,0.7071146054629293,1,0,0,1,-0.04669383373255749,-0.22555053346225276
3038,0.8,0.7242452264645571,1,0,0,1,-0.04351981284467913,-0.22510193831487552
3039,0.8,0.7303849052388307,1,0,0,1,-0.042163159011868484,-0.22214604477632494
3040,0.8,0.763234022463174,0,0,0,1,-0.042288195040709665,-0.21692290175859394
3041,0.8,0.8572328836644116,0,0,0,1,-0.04160814524348835,-0.212767506962532
3042,0.8,0.8815992204845898,0,0,0,1,-0.041279607688872774,-0.20626625399214304
3043,0.8,0.9144332694757744,0,0,0,1,-0.043087793076609905,-0.19617374901089463
3044,0.8,0.9668610922829505,0,1,0,1,-0.04163819836268017,-0.19053541829832427
3045,0.8,0.967532826666543,0,1,0,1,-0.03623797776256028,-0.19072366576697944
3046,0.8,0.9982695345693828,0,1,1,1,-0.030223715981254267,-0.19810355790877043
3047,0.8,0.9212682623764366,0,1,1,0,-0.0326312784177884,-0.20675910559673483
3048,0.8,0.8621158552918513,0,1,1,0,-0.035643026475377364,-0.2141820151501203
3049,0.8,0.7968396581183177,0,1,1,0,-0.037388794121162174,-0.21950496799609928
3050,0.8,0.7104549290441512,0,1,1,0,-0.03791655510747629,-0.22024148425101844
3051,0.8,0.6536775646278907,0,1,1,0,-0.03594437209019755,-0.21629840626101504
3052,0.8,0.6530470658747186,0,1,1,0,-0.02894427191719026,-0.21135842505611677
3053,0.8,0.6470997995967188,0,1,1,0,-0.017988427615100513,-0.20785569825122613
3054,0.8,0.653946412124379,0,1,1,0,-0.0071581764762457326,-0.2037728945215412
3055,0.8,0.6903701663243513,0,1,1,0,0.0007286952907245984,-0.2024116648121796
3056,0.8,0.7195241134620074,0,1,1,0,0.006471989347755504,-0.20142049722422825
3057,0.8,0.7465446241473567,0,1,1,0,0.007663005731675316,-0.19924498132341392
3058,0.8,0.7772212668512759,0,1,1,0,0.004445816654326408,-0.19750330324253762
3059,0.8,0.8031008486945367,0,0,1,0,-0.00491304146259631,-0.19647800169085616
3060,0.8,0.8007797273001963,0,0,1,0,-0.02114426885597701,-0.19252034869925294
3061,0.8,0.7845723689357634,1,0,1,1,-0.040191101478400305,-0.18517604822159817
3062,0.8,0.7547129844033195,1,0,1,1,-0.05211397378002079,-0.17393065026836116
3063,0.8,0.7714651895981054,1,0,1,1,-0.06241900159972954,-0.1655206066870292
3064,0.8,0.7692941720217439,1,0,1,1,-0.0705762168197546,-0.16104724282631538
3065,0.8,0.76789294133333,1,0,1,1,-0.07554643672164606,-0.159259862932599
3066,0.8,0.769953010818268,1,0,0,1,-0.07585698121932881,-0.16169683235481755
3067,0.8,0.7566642171285448,1,0,0,1,-0.07178201253056976,-0.16694620443769842
3068,0.8,0.7233340061679446,1,0,0,1,-0.06479497239505719,-0.17094278338286145
3069,0.8,0.6800299246045874,1,0,0,1,-0.05705499121282639,-0.17134134185540195
3070,0.8,0.6685530510481672,1,0,0,1,-0.05291445975704782,-0.16938281322962506
3071,0.8,0.6877360267398799,1,0,0,1,-0.05071390885458188,-0.16814416647634056
3072,0.8,0.7254314393183026,1,0,0,1,-0.04753699821887636,-0.16801207095867277
3073,0.8,0.7469912055354977,1,0,0,1,-0.04360075818298154,-0.16702331884186106
3074,0.8,0.7499590766550095,1,0,0,1,-0.040727333004026894,-0.16242318527650096
3075,0.8,0.7719949606022702,1,0,0,1,-0.03983058809956648,-0.15526528085111269
3076,0.8,0.8610866202740473,0,0,0,1,-0.03842080367905105,-0.14928035571289913
3077,0.8,0.8968918465241452,0,0,0,1,-0.03674825302066388,-0.14193338330515645
3078,0.8,0.9686578999542839,0,0,0,1,-0.03505873984947892,-0.1338681597654031
3079,0.8,0.9833781162228906,0,0,0,1,-0.03181542442726631,-0.12628636310638852
3080,0.8,0.999703107773219,0,1,1,1,-0.028274594883333365,-0.11832260764617174
3081,0.8,0.9985240937231545,0,1,1,1,-0.02800158152455897,-0.1082105586598358
3082,0.8,1.0193105728432823,0,1,1,1,-0.025807437267095647,-0.1021136998042393
3083,0.8,0.9995829594932737,0,1,1,0,-0.02617051409524439,-0.10079151161377088
3084,0.8,0.959647059406781,0,1,1,0,-0.0279500823183967,-0.10090420812060164
3085,0.8,0.9155147054742758,0,1,1,0,-0.028245051407388512,-0.09997157865510492
3086,0.8,0.8724098742006725,0,1,1,0,-0.027559772083748546,-0.09719518291047097
3087,0.8,0.8523146382092689,0,1,1,0,-0.023693902513318172,-0.09218771620368524
3088,0.8,0.867760702101064,0,1,1,0,-0.015160674980678699,-0.08716898648538096
3089,0.8,0.8975272999267766,0,1,1,0,-0.005499791048242282,-0.08351349095562555
3090,0.8,0.9241500358300956,0,1,1,0,0.0027553806739595054,-0.08113259645777426
3091,0.8,0.9315164197766982,0,1,1,0,0.006223840657586292,-0.07825572832841157
3092,0.8,0.9585120933496876,0,1,1,0,0.0063932294314492655,-0.07378088602087193
3093,0.8,0.9848348137915671,0,1,1,0,0.00528051053988825,-0.06811174943843122
3094,0.8,1.0157004434490435,0,0,1,0,0.0005149222951514678,-0.061643753127423095
3095,0.8,1.0452824804451182,0,0,1,0,-0.008828909264373852,-0.05394003243262866
3096,0.8,1.065183149146137,1,0,1,0,-0.023248291863351613,-0.045536011364476665
3097,0.8,1.014376447135775,1,0,1,1,-0.03540581177990946,-0.03469850908429703
3098,0.8,0.9943060685795567,1,0,1,1,-0.03915452190108121,-0.01895936149958555
3099,0.8,1.0088387521234692,1,0,0,1,-0.042288495620939774,-0.010190920496999422
3100,0.8,0.9908420035416421,1,0,0,1,-0.04540035815207825,-0.0070731480847394486
3101,0.8,0.9186796233664545,1,0,0,1,-0.04362740904542882,-0.0038930560707292386
3102,0.8,0.9149293370322206,1,0,0,1,-0.04004107874031715,-0.002677592672085788
3103,0.8,0.9057372313816171,1,0,0,1,-0.037080549740882575,-0.006042647979454716
3104,0.8,0.904983159060733,1,0,0,1,-0.03545348110080605,-0.011338388115349854
3105,0.8,0.9009340622920682,1,0,0,1,-0.034029218825816006,-0.01602035885100728
3106,0.8,0.9205407460218209,1,0,0,1,-0.03187052494298568,-0.020224089454774895
3107,0.8,0.9320937124380038,1,0,0,1,-0.02537293500832116,-0.02409095441090441
3108,0.8,0.9306483130251748,1,0,0,1,-0.01842477430742549,-0.024230124184800597
3109,0.8,0.9427415356215626,1,0,0,1,-0.013354653732939079,-0.021304122666345758
3110,0.8,0.9548083038535554,1,0,0,1,-0.0099847474698011,-0.01781927803261733
3111,0.8,0.9771722388546377,1,0,0,1,-0.006540787193366148,-0.015688770534911384
3112,0.8,1.001111585710901,1,0,0,1,-0.004042014110260079,-0.014057141206892582
3113,0.8,1.045746965524694,1,0,0,1,-0.0011561086430830095,-0.012848635752735644
3114,0.8,1.070830734177927,1,0,0,1,0.0053138918275566745,-0.011163120399872975
3115,0.8,1.1047961119294059,1,0,0,1,0.013861798009764309,-0.008616518873306153
3116,0.8,1.1033649583704424,0,1,1,1,0.025074502644558683,-0.003415729701456408
3117,0.8,1.1448340662639285,0,1,1,1,0.03453312409808575,0.004931264129842109
3118,0.8,1.1350006243246642,0,1,1,1,0.04274487711247535,0.012460208963076156
3119,0.8,1.087686250903232,0,1,1,0,0.04554825705888461,0.018655984413313006
3120,0.8,1.069819294817896,0,1,1,0,0.044890178318503095,0.02185493494697563
3121,0.8,1.0668725985577308,0,1,1,0,0.04444271188324767,0.021732411551202792
3122,0.8,1.0563234273406843,0,1,1,0,0.04708370661863791,0.020484222166864165
3123,0.8,1.0461223247185374,0,1,1,0,0.05070668863535288,0.020430811375078062
3124,0.8,1.0387789838139114,0,1,1,0,0.05400421150860689,0.021873129432533705
3125,0.8,1.0284205923361036,0,1,1,0,0.056091170708405406,0.02443373012835648
3126,0.8,1.0225077462647412,0,1,1,0,0.059103147460768085,0.028329884537301578
3127,0.8,1.028646569242383,0,1,1,0,0.06307884821205974,0.0329452467081234
3128,0.8,1.0299655116658453,0,1,1,0,0.06764731461655604,0.03798523594340125
3129,0.8,1.0405980598827111,0,1,1,0,0.0713495568252588,0.04261066482680674
3130,0.8,1.052278761299828,0,1,1,0,0.07508174477694834,0.046451947478725025
3131,0.8,1.0806628401031007,0,1,1,0,0.07974087156115243,0.04973374140450271
3132,0.8,1.0091308525414446,1,1,1,0,0.07629602717557954,0.049976245296004314
3133,0.8,0.9791977709470007,1,1,1,0,0.06775376001823483,0.043741783573502196
3134,0.8,0.946273431084552,1,1,1,0,0.056220501980566426,0.03462337746288282
3135,0.8,0.9057945215301885,1,0,1,0,0.04272197273897277,0.02478841580489389
3136,0.8,0.8857043613996962,1,0,1,0,0.026924326493399264,0.014820082811003416
3137,0.8,0.8609022615412841,1,0,1,1,0.01055441419321084,0.004242348138563115
3138,0.8,0.8122331686167502,1,0,1,1,0.002300918295751782,-0.0018376667199315442
3139,0.8,0.7803716020847428,1,0,1,1,-0.003703666614284721,-0.005364730763890322
3140,0.8,0.7479149330081738,1,0,0,1,-0.006490678734375982,-0.00986223681239134
3141,0.8,0.7614943730897501,1,0,0,1,-0.007955553670802367,-0.017408977522438886
3142,0.8,0.7606370126803653,1,0,0,1,-0.0069059054551890665,-0.02659091772528541
3143,0.8,0.7362449782696496,1,0,0,1,-0.0008441522430782186,-0.03314148691157109
3144,0.8,0.7114056723670743,1,0,0,1,0.0060325801233896414,-0.03557272687830144
3145,0.8,0.7095573430214637,1,0,0,1,0.009489930355932359,-0.034837512993347745
3146,0.8,0.74857574009913,1,0,0,1,0.009017915812698197,-0.0343209544775471
3147,0.8,0.7604591401978958,0,0,0,1,0.008191797714115143,-0.033463812943767074
3148,0.8,0.7804463454433093,0,0,0,1,0.005680714059859471,-0.030511297694728417
3149,0.8,0.81201411234697,0,0,0,1,0.0006741133889953801,-0.026257349925399742
3150,0.8,0.8407903658242164,0,0,0,1,-0.004243086455486745,-0.021032876261932756
3151,0.8,0.8747189767745814,0,0,0,1,-0.010525526099581907,-0.013813999473518811
3152,0.8,0.9641786945343336,0,0,0,1,-0.01214630379689669,-0.007564361438406717
3153,0.8,0.990139213161439,0,0,0,1,-0.008117650074089116,-1.3201432822778863e-06
3154,0.8,0.9988455526762827,0,1,0,1,0.0011870398007861416,0.008228418133863396
3155,0.8,1.0307428119035853,0,1,1,1,0.012358541476357426,0.011209007687460214
3156,0.8,1.038931564435075,0,1,1,1,0.014822676175628456,0.016142846015879907
3157,0.8,1.0620796675876634,0,1,1,1,0.015534858602131638,0.01806269982782263
3158,0.8,1.0234116501768575,0,1,1,0,0.01304292911342315,0.015465608200947386
3159,0.8,0.9985181058065178,0,1,1,0,0.009819785040595759,0.01078812320774589
3160,0.8,0.9775454336196732,0,1,1,0,0.009159638575234089,0.0054539609055289295
3161,0.8,0.9437823320066203,0,1,1,0,0.01093459219097211,0.0020944626240023976
3162,0.8,0.9223681107449145,0,1,1,0,0.014897921214390132,0.0019177208356844818
3163,0.8,0.9308749445168912,0,1,1,0,0.020543314517690005,0.003596128396316848
3164,0.8,0.9400038880353542,0,1,1,0,0.027099190766765403,0.006052255946434622
3165,0.8,0.9609732686808063,0,1,1,0,0.03229036744793915,0.009121102616201115
3166,0.8,0.9703648643733097,0,1,1,0,0.03531082071635537,0.011971325955598943
3167,0.8,0.994663590825621,0,1,1,0,0.03503915515696828,0.014461775860970496
3168,0.8,1.024843483587271,0,1,1,0,0.03485758813830849,0.017302237720537083
3169,0.8,1.0555836377994479,0,1,1,0,0.03373381842753276,0.020817758032313245
3170,0.8,1.0779135250012797,0,1,1,0,0.03168789621412481,0.025492595926197636
3171,0.8,1.0955661686289233,0,0,1,0,0.027266260034658017,0.03260872058820002
3172,0.8,1.0951740594577783,1,0,1,0,0.01597901514240357,0.039521503650680155
3173,0.8,1.1037977257085392,1,0,1,0,0.0005316554865260182,0.042104972706802794
3174,0.8,1.0839244249657078,1,0,1,1,-0.013194623143626138,0.04286447208638666
3175,0.8,1.0454155344898162,1,0,0,1,-0.014101207062489306,0.04671691125270497
3176,0.8,1.0243521582786639,1,0,0,1,-0.01136684546005585,0.047322648737557066
3177,0.8,0.974934124752962,1,0,0,1,-0.00915128631524075,0.047147510971645386
3178,0.8,0.9545065849306337,1,0,0,1,-0.008309656467867115,0.046501220519049466
3179,0.8,0.9463624530140201,1,0,0,1,-0.00849086813109119,0.04311504054706781
3180,0.8,0.9450195699485946,1,0,0,1,-0.009046656371834534,0.038237559206278846
3181,0.8,0.9560521132381078,1,0,0,1,-0.009416356162816397,0.032267585351205726
3182,0.8,0.9757093548670303,0,0,0,1,-0.006026245043165339,0.0268119178426337
3183,0.8,0.9957552785555672,0,0,0,1,-0.0006921262979580652,0.023602114883994364
3184,0.8,1.014067989011943,0,0,0,1,0.005331215445555807,0.023830891582122777
3185,0.8,1.0140954303282945,0,0,0,1,0.012113371297816018,0.02738856109548249
3186,0.8,1.0364110247837535,1,0,0,1,0.019561995748953634,0.03142606621972094
3187,0.8,1.0516605806521884,1,0,0,1,0.025399330317958133,0.03510093195865651
3188,0.8,1.095898729953453,1,0,0,1,0.02847408314145776,0.03843208192064928
3189,0.8,1.143074575935786,1,0,0,1,0.034290287012291414,0.0398524776058798
3190,0.8,1.1500291328265497,1,0,1,1,0.04030261203532406,0.04291286398531838
3191,0.8,1.1502758341742463,1,0,1,1,0.039010039457832296,0.054246786674062325
3192,0.8,1.1565961050215652,0,0,1,1,0.03573984323110904,0.06707870637624415
3193,0.8,1.1758665207436114,0,0,1,0,0.029859368436853797,0.08006828566059503
3194,0.8,1.179327354657183,0,0,1,0,0.020519993495743013,0.09437159487192218
3195,0.8,1.1905902881331363,0,1,1,0,0.009028989911819267,0.11051481510737238
3196,0.8,1.1954095767896502,0,1,1,0,0.0033935258271804228,0.12308644541943535
3197,0.8,1.2048835941480431,0,1,1,0,0.004206554899878822,0.13347938802347128
3198,0.8,1.219727312951048,0,1,1,0,0.009376622801335463,0.14291082075399453
3199,0.8,1.2309277073994125,0,1,1,0,0.01439442811652431,0.15102737590252258
3200,0.8,1.2287700600864562,0,1,1,0,0.016765354660987563,0.15763600070902306
3201,0.8,1.2231227780016254,0,1,1,0,0.018454501877617577,0.16306588853865092
3202,0.8,1.2249529071624472,0,1,1,0,0.02039612424660921,0.1670893030866212
3203,0.8,1.223215732296581,0,1,1,0,0.02206300794801492,0.16964970273750923
3204,0.8,1.2223967386410726,0,1,1,0,0.02337589604439399,0.17171146949067165
3205,0.8,1.2234586771629823,0,1,1,0,0.02389858868149588,0.17364319609421874
3206,0.8,1.2394785772681123,0,1,1,0,0.023990132048797002,0.17538620737884614
3207,0.8,1.2532922149544277,0,1,1,0,0.02364169292299924,0.17655972990218946
3208,0.8,1.2713726736709263,0,1,1,0,0.02109013969871914,0.17715513114907167
3209,0.8,1.2908530463039452,0,1,1,0,0.015935750032789443,0.1773950749890687
3210,0.8,1.3042453435115864,0,1,1,0,0.009524873037354005,0.17820897856770798
3211,0.8,1.2419338857103317,1,1,1,1,0.006383767447800592,0.18472730935623177
3212,0.8,1.1881066971045031,1,0,0,1,0.009845230410041666,0.1974240561744593
3213,0.8,1.1849218004979691,1,0,0,1,0.013907661363096811,0.20719949352310138
3214,0.8,1.173184835706662,1,0,0,1,0.011499244597471009,0.212700213672502
3215,0.8,1.1504235304972281,1,0,0,1,0.00402770311079528,0.21769416676198858
3216,0.8,1.1509425589926763,1,0,0,1,-0.006208388236984,0.22173275888899532
3217,0.8,1.1715059700669568,1,0,0,1,-0.013889074608868927,0.22224689945057655
3218,0.8,1.198624355452038,1,0,0,1,-0.014919882033691198,0.21789138275498426
3219,0.8,1.201446399599162,1,0,0,1,-0.011870000567881457,0.21281150637079277
3220,0.8,1.202345156119871,1,0,0,1,-0.007861939601314058,0.21012139066473803
3221,0.8,1.1973030110656326,1,0,0,1,-0.004803000858667046,0.2108563979887044
3222,0.8,1.1907594666450818,1,0,0,1,-0.004636406016270161,0.2147322032625287
3223,0.8,1.1893926471049598,1,0,0,1,-0.006915384307860976,0.22005247364552188
3224,0.8,1.1841442820108257,1,0,0,1,-0.011853630038334137,0.22611341197240958
3225,0.8,1.1744153046982566,1,0,0,1,-0.01863180643460011,0.23301393374354604
3226,0.8,1.1724747443375354,1,0,0,1,-0.02711599315661872,0.24047988705540985
3227,0.8,1.193243013148978,1,0,0,1,-0.03470358030101042,0.2463888971972002
3228,0.8,1.1371138547862858,1,1,0,1,-0.034355063716149305,0.2505346130663652
3229,0.8,1.0921952116240592,1,1,0,1,-0.025332465040870514,0.24750992864705984
3230,0.8,1.037923241674847,1,1,0,1,-0.015418509953616506,0.2395461706386095
3231,0.8,0.9985009909970683,1,1,1,0,-0.007063699642962623,0.22759253947152133
3232,0.8,0.9204977343245675,1,1,1,0,-0.0068440798342352316,0.21648586693087055
3233,0.8,0.9180403759207437,0,1,1,0,-0.0059982296361973855,0.20524957728049595
3234,0.8,0.950742989848635,0,1,1,0,-0.0014835863715054807,0.19030039172011387
3235,0.8,0.9544325951547781,0,1,1,0,0.003371916487790734,0.176922504422171
3236,0.8,0.937715064918131,0,1,1,0,0.0052980467560032,0.17022964412263825
3237,0.8,0.9383896546488336,0,1,1,0,0.004617638256640401,0.16887523314402522
3238,0.8,0.9404336402152919,0,1,1,0,0.0021345801559222535,0.16979633977421904
3239,0.8,0.9274486574675346,0,1,1,0,-0.0013168296222003937,0.17271620325033044
3240,0.8,0.899281790163355,0,1,1,0,-0.002591914157394885,0.17875389837447633
3241,0.8,0.8780829056828331,0,1,1,0,1.0864819438719463e-05,0.18717576782435075
3242,0.8,0.8603757998987538,0,1,0,0,0.004992242317666718,0.19613087013194028
3243,0.8,0.8500204132087904,0,1,0,0,0.010905234947291242,0.20527726969620844
3244,0.8,0.8430197602917645,0,1,0,0,0.017204623852161562,0.2141509716492523
3245,0.8,0.8551045921764013,0,1,0,0,0.02421180939387297,0.22181522345747057
3246,0.8,0.8807443257660907,0,1,0,0,0.03419590353901232,0.22793452073607517
3247,0.8,0.9101262772673429,0,1,0,0,0.044467713923526345,0.2305210829324754
3248,0.8,0.9144713789085247,1,1,1,0,0.05047726186575333,0.227632543526022
3249,0.8,0.9263031869682123,1,1,1,0,0.04796267373540173,0.22021658847921685
3250,0.8,0.9279239575221347,1,1,1,0,0.04288841999341397,0.2135393545695297
3251,0.8,0.9008586459033164,1,1,1,1,0.03809124606940896,0.20850534539884621
3252,0.8,0.8549045536282828,1,0,0,1,0.0387123206011573,0.20544536029341653
3253,0.8,0.8698203978873934,1,0,0,1,0.03840407535342842,0.19901489705619493
3254,0.8,0.8653747921630428,1,0,0,1,0.0368261507546242,0.190030541785229
3255,0.8,0.8525703846829109,1,0,0,1,0.03761776863227248,0.18183655285269612
3256,0.8,0.8491176927654674,1,0,0,1,0.041152728006968516,0.17496124512723127
3257,0.8,0.8491049273047893,1,0,0,1,0.04742596256933881,0.16896026416986987
3258,0.8,0.8492028017945309,1,0,0,1,0.05546689770152541,0.1634259486196398
3259,0.8,0.8485180090466173,1,0,0,1,0.06334307100568018,0.1586263718604232
3260,0.8,0.8430348634084266,1,0,0,1,0.06971728167938898,0.1552580881632213
3261,0.8,0.8359061372251825,1,0,0,1,0.07450057861730801,0.1533319834916053
3262,0.8,0.8252910193171614,1,0,0,1,0.07748165635895932,0.15350710570715143
3263,0.8,0.819568051752889,1,0,0,1,0.0768064491837706,0.15647309156485573
3264,0.8,0.8213293542040581,1,0,0,1,0.07493823026454652,0.15961976038176612
3265,0.8,0.8232205647107093,1,0,0,1,0.07427230889446795,0.16216112374542693
3266,0.8,0.8225937604551745,1,0,0,1,0.07219116638144418,0.16692362855117027
3267,0.8,0.8629800818753638,1,0,0,1,0.06947145648383646,0.17136910200122807
3268,0.8,0.8868973481537785,1,0,0,1,0.06992335452107323,0.1750522736906639
3269,0.8,0.9260735072736652,1,0,0,1,0.0726997980715991,0.1783753915563532
3270,0.8,0.9136295439161132,1,0,1,1,0.07091900004403313,0.1868025889859149
3271,0.8,0.9504657781472564,1,1,1,1,0.06412314783791526,0.19953416987912445
3272,0.8,0.9499971166485588,0,1,1,1,0.060470542726363465,0.20893041719293895
3273,0.8,0.9525093363468422,0,1,1,0,0.057125060915845426,0.2143936979591322
3274,0.8,0.9708130199447396,0,1,1,0,0.05263019392809823,0.2153318606471398
3275,0.8,0.9979611825006672,0,1,1,0,0.04909914766405547,0.2123882533071106
3276,0.8,1.0189953175020823,0,1,1,0,0.047407691317173546,0.20832352855619088
3277,0.8,1.041520830198067,0,1,1,0,0.045852237976723935,0.20578714808221743
3278,0.8,1.061899619318589,0,1,1,0,0.04329188200996171,0.2052860144279314
3279,0.8,1.071809662700762,0,1,1,0,0.03922177420234256,0.20664174939538565
3280,0.8,1.0693665240406625,0,1,1,0,0.03626890836097033,0.20945309129366543
3281,0.8,1.0642489035024647,0,1,1,0,0.03654162460974428,0.21330193230727196
3282,0.8,1.0633178527197464,0,1,1,0,0.03874225114005727,0.21702374995278578
3283,0.8,1.0597476520307076,0,1,1,0,0.04130709455535824,0.22004521321436254
3284,0.8,1.0585156159644658,0,1,1,0,0.04440047986899396,0.22267878649232714
3285,0.8,1.0607939175345948,0,1,1,0,0.04739855127507805,0.2250265662500717
3286,0.8,1.0640149166038637,0,1,1,0,0.05100367554981259,0.22808575755876476
3287,0.8,1.0869208771622099,0,1,1,0,0.053054152040026274,0.2307049925456743
3288,0.8,1.0643539274578324,1,1,1,0,0.04719701306655588,0.23070904716468615
3289,0.8,1.0685445575728945,1,1,1,0,0.0374737918453033,0.22509906438321883
3290,0.8,1.0553576814325945,1,1,1,0,0.026972584497327125,0.21726564453751768
3291,0.8,0.9801479733369975,1,0,1,1,0.015178688489127574,0.2124568435733977
3292,0.8,0.9628056719476594,1,0,1,1,0.0072393074955449405,0.2125685461366432
3293,0.8,0.9847743999521674,1,0,0,1,-5.4344111470320537e-05,0.20753728293260407
3294,0.8,0.9652208594937364,1,0,0,1,-0.004194398503933093,0.201231066182268
3295,0.8,0.9678664995039717,1,0,0,1,-0.004597338497249294,0.19628841737650066
3296,0.8,0.9630314539818692,1,0,0,1,-0.003400047374690807,0.1923848797887645
3297,0.8,0.9608575702558356,1,0,0,1,-0.001074864588391394,0.19049317654386627
3298,0.8,0.9690062385248709,1,0,0,1,0.0021705726809954553,0.18905171291451028
3299,0.8,0.9799323148830164,1,0,0,1,0.004399130014923004,0.18799993879663213
3300,0.8,0.9994294324526584,1,0,0,1,0.005921444445569723,0.18712837935400872
3301,0.8,1.0304209837246472,1,0,0,1,0.008117913134669434,0.18636634276087816
3302,0.8,1.05331077523548,1,0,0,1,0.008923443745208743,0.18743853463787294
3303,0.8,1.071136034355577,1,0,0,1,0.00786666593256238,0.190450355387502
3304,0.8,1.0889226629200857,1,0,0,1,0.005452434912034222,0.19399710565153855
3305,0.8,1.1205036923574694,1,0,0,1,0.002274098338436673,0.198055211329182
3306,0.8,1.1507280433954465,1,0,0,1,-0.0023704749929329447,0.20351177679558208
3307,0.8,1.207160678679924,1,0,0,1,-0.005720360495732069,0.2082042711510897
3308,0.8,1.2153191844095872,1,1,0,1,-0.0038411286343646056,0.21146220242065852
3309,0.8,1.210821944218876,1,1,0,1,0.00277470407329194,0.210845686935045
3310,0.8,1.1632619415679117,1,1,0,0,0.007844349340566893,0.20553074179725847
3311,0.8,1.0785849877489657,0,1,1,0,0.009813412413166375,0.19856144337785567
3312,0.8,1.0686006296180324,0,1,1,0,0.009189640590384305,0.19375089495626308
3313,0.8,1.0858830645507604,0,1,1,0,0.010794169906034714,0.18727229896773537
3314,0.8,1.091966161852204,0,1,1,0,0.0139503843801556,0.18191271047913787
3315,0.8,1.1010244820212565,0,1,1,0,0.01722612350423986,0.17972733405866287
3316,0.8,1.1047216550734398,0,1,1,0,0.017853446355042216,0.18028650780249617
3317,0.8,1.098284558253477,0,1,1,0,0.015360549733107715,0.1829242853669396
3318,0.8,1.07277828497169,0,1,1,0,0.012154965610494848,0.1878820732016478
3319,0.8,1.0465063876633314,0,1,1,0,0.011804011582955987,0.19514979458034554
3320,0.8,1.0326527764817668,0,1,0,0,0.013928516346187908,0.20315083645035167
3321,0.8,1.033292549318191,0,1,0,0,0.01658180418764133,0.21001763929514622
3322,0.8,1.0311332496488599,0,1,0,0,0.01923920807724114,0.21594791439778765
3323,0.8,1.034453233778804,0,1,0,0,0.02268079706009435,0.2214306239769174
3324,0.8,1.0506831310171625,0,1,0,0,0.028778702529596314,0.22658215076525048
3325,0.8,1.074916033111001,0,1,0,0,0.03607437931949225,0.22982947437430123
3326,0.8,1.0794012678042204,1,1,1,0,0.04080251085414476,0.2294935447788013
3327,0.8,1.0799788430793291,1,1,1,0,0.03528340854635802,0.22507486840734467
3328,0.8,1.059736396097888,1,0,1,0,0.026124861921562804,0.21948558345003094
3329,0.8,1.0144099979912211,1,0,1,1,0.014345249323169397,0.21433722486276416
3330,0.8,0.9562067952669366,1,0,1,1,0.009578068136417468,0.21536639088035425
3331,0.8,0.9626342045768841,1,0,0,1,0.007963934823904896,0.21366047883313408
3332,0.8,0.9611890026269723,1,0,0,1,0.006621486841566866,0.2070370028472379
3333,0.8,0.9543727534748702,1,0,0,1,0.008005474177040664,0.19998662175530127
3334,0.8,0.938364440832459,1,0,0,1,0.011090369770753077,0.19414703341299958
3335,0.8,0.9385084976715435,1,0,0,1,0.015208730526629102,0.18958561843008676
3336,0.8,0.9371655971096907,1,0,0,1,0.019569204459944495,0.18486012446796166
3337,0.8,0.9346853128637029,1,0,0,1,0.022910438206090393,0.1811193947840855
3338,0.8,0.9386596651522631,1,0,0,1,0.02502013683180533,0.17812625215686184
3339,0.8,0.9523809812599691,1,0,0,1,0.02708091757201055,0.17589432540129002
3340,0.8,0.9645219007626119,0,0,0,1,0.027972440248867362,0.17557907867021025
3341,0.8,0.9837601745220328,1,0,0,1,0.02808599787047164,0.17719000208660524
3342,0.8,0.993483925588694,1,0,0,1,0.028335058525993613,0.179736193791814
3343,0.8,1.0135334497566066,1,0,0,1,0.027711367276848364,0.1829084977800516
3344,0.8,1.0389763501854585,1,0,0,1,0.025467530976310992,0.18729211125874076
3345,0.8,1.0953715579924168,1,0,0,1,0.024620920780790968,0.1908320243760787
3346,0.8,1.1267681057256684,1,0,0,1,0.026560495671899487,0.19402449937072555
3347,0.8,1.1467069304473076,1,1,0,1,0.030753561712422963,0.19735822153100938
3348,0.8,1.134599168279387,1,1,1,1,0.034104002406357754,0.19836101044549612
3349,0.8,1.0691802744493628,1,1,1,0,0.027822696768029464,0.20232240017103506
3350,0.8,1.063560564474817,0,1,1,0,0.02183409792336389,0.2047863557459353
3351,0.8,1.0931796602120276,0,1,1,0,0.02020420878656853,0.2024558565625208
3352,0.8,1.1019286391426222,0,1,1,0,0.023147160289568064,0.1987054557445134
3353,0.8,1.1118988393162632,0,1,1,0,0.02782249397762854,0.19688054190762302
3354,0.8,1.1258046066271359,0,1,1,0,0.03175193739074394,0.19733202923385265
3355,0.8,1.1336046121670382,0,1,1,0,0.032868122321018364,0.19944296356113622
3356,0.8,1.130598837391559,0,1,1,0,0.030795821029028,0.20244694867391586
3357,0.8,1.1085860915290535,0,1,1,0,0.028396828414786142,0.20658078403171296
3358,0.8,1.091785632730116,0,1,1,0,0.02936674195981995,0.21248565528690685
3359,0.8,1.0829672456906854,0,1,0,0,0.032621033840027035,0.2183148001233393
3360,0.8,1.0815436868574588,0,1,0,0,0.03574284612949583,0.22289142113692142
3361,0.8,1.0831791551997074,0,1,0,0,0.03852047832996227,0.22653079404131937
3362,0.8,1.0889153399346838,0,1,0,0,0.041751238392641145,0.22968919323290757
3363,0.8,1.1109728713758655,1,1,0,0,0.047273002202810194,0.2326090403476582
3364,0.8,1.0638687839934822,1,1,1,0,0.04263209847343087,0.2291883842885913
3365,0.8,1.0273076615146992,1,1,1,0,0.030160354254396896,0.2195642773509914
3366,0.8,0.9760516584516412,1,1,1,0,0.014955947801999457,0.2073458810734
3367,0.8,0.9589091822675655,1,0,1,0,-0.0028098097354672643,0.194146320927665
3368,0.8,0.9051639668136012,1,0,1,1,-0.01680052189425523,0.183758634149264
3369,0.8,0.8922039187049285,1,0,1,1,-0.025944295594212623,0.1793570559642185
3370,0.8,0.8875586053112289,1,0,0,1,-0.033531541337358445,0.17489061226198221
3371,0.8,0.8726276025644542,1,0,0,1,-0.03546461920636564,0.1699833623332127
3372,0.8,0.8661034271292833,1,0,0,1,-0.03458856338054623,0.16620076207860568
3373,0.8,0.8490081273985449,1,0,0,1,-0.03170848570149223,0.16419145354102607
3374,0.8,0.8347271362882414,1,0,0,1,-0.029766847591300036,0.16379121646182315
3375,0.8,0.8380412465478805,1,0,0,1,-0.030949566336430406,0.16395837579567088
3376,0.8,0.8367841169252163,1,0,0,1,-0.03443497347072607,0.16463132910199302
3377,0.8,0.8489208977237178,1,0,0,1,-0.037880902672599345,0.1651789637161757
3378,0.8,0.8689548771137283,1,0,0,1,-0.042284184225022545,0.16516479757474567
3379,0.8,0.894830420986497,1,0,0,1,-0.049695300314866415,0.16635002029455057
3380,0.8,0.9268492692791478,1,0,0,1,-0.05738777846085098,0.16879021289613141
3381,0.8,0.9500911855962417,0,0,0,1,-0.06629889151872474,0.174078338590816
3382,0.8,0.964734703626234,0,1,0,1,-0.0733294760788783,0.18044357621722798
3383,0.8,0.9547975148775091,0,1,0,1,-0.06637960065256114,0.1785310348396219
3384,0.8,0.9346860874393753,0,1,0,1,-0.05782026751031773,0.1706659123061216
3385,0.8,0.9375223770302655,0,1,0,1,-0.04375399792157172,0.15644700352086174
3386,0.8,0.9418353243782116,0,1,0,1,-0.025367241103350306,0.13799867257760004
3387,0.8,0.9336407469729475,0,1,0,1,-0.00864768625563106,0.1186673480522585
3388,0.8,0.8980578862891445,0,1,0,0,0.0018553020812589966,0.09855702117533713
3389,0.8,0.831554211909504,0,1,0,0,0.009811761328853285,0.07730978316415617
3390,0.8,0.8187385201478785,0,1,0,0,0.017654227512732202,0.055466622782000534
3391,0.8,0.8029660308545807,0,1,1,0,0.019398033764673986,0.03200849813572441
3392,0.8,0.8008745975376818,0,0,1,0,0.013957565304173313,0.014306705319985883
3393,0.8,0.7944545886528079,0,0,1,0,0.0080322119300307,0.0039876329597422966
3394,0.8,0.7818724515164982,0,0,1,0,0.003962243533618513,0.0011106603271534006
3395,0.8,0.7835892579267767,0,0,1,0,0.002933212658332826,0.003975904427632598
3396,0.8,0.7909382548073661,0,1,1,0,0.0061905621722611135,0.010026930401510816
3397,0.8,0.7860413385002661,0,1,1,0,0.011265778414300693,0.017604723161311994
3398,0.8,0.7957821306347843,0,1,1,0,0.0177947704214735,0.026325781110711946
3399,0.8,0.8355153665919824,0,1,1,0,0.02497048486807875,0.03276189823484722
3400,0.8,0.8847882358875363,0,1,1,0,0.03275877728948391,0.03805162111777268
3401,0.8,0.9195268159158693,1,1,1,0,0.03854232402272494,0.044022820346314766
3402,0.8,0.8851070310944217,1,0,1,0,0.03389640434165582,0.0467320107648242
3403,0.8,0.8577005983675392,1,0,1,0,0.023670731975993432,0.045619092546457914
3404,0.8,0.8662387485377803,1,0,1,0,0.011298131612454571,0.04093409018967621
3405,0.8,0.8975771604932803,1,0,1,0,-0.0033392214122412037,0.03188795536046575
3406,0.8,0.88726245793982,1,0,1,1,-0.015917622444274,0.022157054640612354
3407,0.8,0.8603325170705766,1,0,1,1,-0.019731888637835066,0.018304282875231108
3408,0.8,0.8288472111802803,1,0,0,1,-0.01821535816072616,0.01372875161675604
3409,0.8,0.8138692691288756,1,0,0,1,-0.014370818847378128,0.006572689181054779
3410,0.8,0.7834009965751478,1,0,0,1,-0.009396008018999678,-0.00097679469147676
3411,0.8,0.7479269310496471,1,0,0,1,-0.006077466855952034,-0.006444163349629482
3412,0.8,0.7345759572950308,1,0,0,1,-0.00774505407976952,-0.010451218397397233
3413,0.8,0.7351407385130382,0,0,0,1,-0.01279482120495351,-0.013763919400681753
3414,0.8,0.7649548940210876,0,0,0,1,-0.01773837053131985,-0.017619596871783612
3415,0.8,0.7898413798573504,0,0,0,1,-0.02253701449381053,-0.021107291059584112
3416,0.8,0.8016888991014917,0,0,0,1,-0.027527969848746253,-0.02116964099218287
3417,0.8,0.8374791187889137,0,0,0,1,-0.033186837220402304,-0.01812713727419825
3418,0.8,0.8775089857330619,0,0,0,1,-0.03955684350966655,-0.013169982033530215
3419,0.8,0.9154658504204888,0,0,0,1,-0.04413266122252959,-0.007151089412807447
3420,0.8,0.9657157640039169,0,0,0,1,-0.04507329689292201,-0.0011281873856407907
3421,0.8,0.9701054947396089,0,1,0,1,-0.0369497098645974,0.00409390592637904
3422,0.8,1.0135591652817766,0,1,0,1,-0.02298212624583547,0.006001370770539508
3423,0.8,1.0528242532621122,0,1,0,1,-0.00849116977678359,0.004877825375203829
3424,0.8,1.0605651051408989,0,1,1,1,0.0009159627410774557,0.0033016662285702183
3425,0.8,1.0815273478408922,0,1,1,1,0.0029289153635411744,0.004160864421054923
3426,0.8,1.0370212699367678,0,1,1,0,-0.0010786946635841488,0.0017819353628199836
3427,0.8,1.0076098797083528,0,1,1,0,-0.006325957744775739,-0.002494950505675066
3428,0.8,0.9946894516765321,0,1,1,0,-0.009201014608536716,-0.008961335912417804
3429,0.8,0.9552388563582269,0,1,1,0,-0.010736018866717658,-0.014398596649302568
3430,0.8,0.9177277390963605,0,1,1,0,-0.008813273642073464,-0.015621009967837494
3431,0.8,0.9012081136908701,0,1,1,0,-0.003277579855945403,-0.013383079603911472
3432,0.8,0.9122360109154055,0,1,1,0,0.003129794247575821,-0.009961819221757394
3433,0.8,0.9242059467663558,0,0,1,0,0.009158032537551737,-0.006544705497024681
3434,0.8,0.9477673521300213,0,1,1,0,0.014747324515075256,-0.002960869544567787
3435,0.8,0.9472215894466867,0,0,1,0,0.018581710395819274,0.0013001730839631027
3436,0.8,0.9840472506935165,0,1,1,0,0.021696393456061468,0.006330515797380365
3437,0.8,1.0089867710849962,0,1,1,0,0.023940273535944166,0.011998145963599471
3438,0.8,1.0412830997581835,1,1,1,0,0.02388071862257083,0.018612581900408647
3439,0.8,1.0076416900993523,1,0,1,0,0.016611278050672335,0.022993414436768663
3440,0.8,0.9887524938393351,1,0,1,0,0.003269224080827889,0.02378533740200641
3441,0.8,0.9852370573709763,1,0,1,0,-0.0123252440179637,0.02106413317577306
3442,0.8,0.9870767569201218,1,0,1,1,-0.027790720089969478,0.01543853246579018
3443,0.8,0.9412660707808851,1,0,1,1,-0.03253811392889329,0.01574908549327501
3444,0.8,0.9134132837969634,1,0,0,1,-0.03219207138790754,0.01684178370789246
3445,0.8,0.8831002625878064,1,0,0,1,-0.03048613258132517,0.01379626232602625
3446,0.8,0.8312857927012929,1,0,0,1,-0.028042828536649023,0.010295098853946173
3447,0.8,0.8177337337871114,1,0,0,1,-0.027175631627864925,0.0059181775710240745
3448,0.8,0.8067393735866533,1,0,0,1,-0.02879820146730779,-0.00022497205334165953
3449,0.8,0.8099447305212422,0,0,0,1,-0.0315190079745233,-0.006714208771046455
3450,0.8,0.8409473960678312,0,0,0,1,-0.032379583781902324,-0.014113280377226218
3451,0.8,0.8731961391349478,0,0,0,1,-0.03130741386089277,-0.021275672942851608
3452,0.8,0.8732280862338662,0,0,0,1,-0.028208179931387183,-0.024349131345295497
3453,0.8,0.8915945295502874,0,0,0,1,-0.02618489355017213,-0.02213243168002545
3454,0.8,0.922994052326958,0,0,0,1,-0.024328082004200214,-0.018667609992818128
3455,0.8,0.9528880394157395,0,0,0,1,-0.02343808085825891,-0.013834193190899022
3456,0.8,0.9819557260475315,0,0,0,1,-0.022288233440617866,-0.007739406641227035
3457,0.8,1.025500391851121,0,0,0,1,-0.01927225375812522,-0.0016812263005095915
3458,0.8,1.0666648338641813,0,1,0,1,-0.01162696662390399,0.0030768727525568623
3459,0.8,1.1011827248756791,0,1,0,1,0.0012231528654563211,0.005534197707975375
3460,0.8,1.1227053839482237,0,1,1,1,0.01581641762208802,0.006131545755349935
3461,0.8,1.108665092618217,0,1,1,1,0.021313915840672076,0.011978045588485548
3462,0.8,1.0631834866347962,0,1,1,0,0.01937368732677625,0.016602439346975115
3463,0.8,1.0433618066724692,0,1,1,0,0.01577562037729636,0.017057099152540167
3464,0.8,1.0192037949513009,0,1,1,0,0.015191224332075376,0.013780574392946394
3465,0.8,0.9963363503162045,0,1,1,0,0.017114888970698638,0.009346589682811912
3466,0.8,0.9694044629310797,0,1,1,0,0.021168498076789125,0.0064467442712455945
3467,0.8,0.9490045729680125,0,1,1,0,0.025501392496162623,0.005926604097876494
3468,0.8,0.9362811172995843,0,1,1,0,0.030120628511619073,0.00745421469742507
3469,0.8,0.9432449930408076,0,1,1,0,0.03486363815193933,0.010088805336173472
3470,0.8,0.9571572448832607,0,1,1,0,0.03825965312663681,0.01240617341120827
3471,0.8,0.9595925438132993,0,1,1,0,0.040032123147536014,0.014964961593401946
3472,0.8,0.9861039399794794,0,1,1,0,0.04004690783517654,0.01681946951565353
3473,0.8,1.0154174113415662,0,1,1,0,0.0404392928789356,0.018585291888565794
3474,0.8,1.0528507843212653,0,1,1,0,0.04038689531109227,0.020916074807319746
3475,0.8,1.0450421002049126,1,1,1,0,0.03815641953476661,0.02330353147386596
3476,0.8,1.0298338974551207,1,0,1,0,0.032266898512209645,0.022991776216670905
3477,0.8,1.02880168286818,1,0,1,0,0.020954671951492504,0.0206698720590354
3478,0.8,1.02409078074938,1,0,1,0,0.0054208418647350015,0.016495095727401952
3479,0.8,1.017192435378615,1,0,1,1,-0.012154409362901644,0.010484807868265842
3480,0.8,0.9733010620634313,1,0,1,1,-0.02053810146617049,0.008844387141020477
3481,0.8,0.9540131217565202,1,0,0,1,-0.0244569106824888,0.007855492621546716
3482,0.8,0.921872978943454,1,0,0,1,-0.025220633328950557,0.0038102714844376606
3483,0.8,0.9120235253672049,1,0,0,1,-0.02317942565398665,-0.002707111889661992
3484,0.8,0.8706485669201893,1,0,0,1,-0.018244857624517368,-0.008830017341902334
3485,0.8,0.8483986923674296,1,0,0,1,-0.013570223051443939,-0.013156258393635286
3486,0.8,0.8393340308291185,1,0,0,1,-0.012062170195261585,-0.01710920855616141
3487,0.8,0.8464589795240977,0,0,0,1,-0.012551315834036592,-0.020158095822496763
3488,0.8,0.8732850071358262,0,0,0,1,-0.013501057725991994,-0.023195746105530116
3489,0.8,0.900111538159207,0,0,0,1,-0.013679219875556566,-0.025561591198836806
3490,0.8,0.9231812504714939,0,0,0,1,-0.014358600223812946,-0.02531681411448153
3491,0.8,0.9309269709980863,0,0,0,1,-0.015542110627384975,-0.021581480564654504
3492,0.8,0.9712921452209978,0,0,0,1,-0.018250906460324564,-0.015783509652026302
3493,0.8,1.0114944977946185,0,0,0,1,-0.02068382843591571,-0.00998776528494959
3494,0.8,1.0489194144870968,0,0,0,1,-0.021419970690900417,-0.0032787114677321656
3495,0.8,1.1020111634720846,0,0,0,1,-0.015171047931503954,0.0032467725007344944
3496,0.8,1.0817346272604595,0,1,0,1,0.00028046553062969115,0.007550275002111562
3497,0.8,1.125929097382888,0,1,1,1,0.017145668261801743,0.007194793450288555
3498,0.8,1.0886155400814768,0,1,1,1,0.02156999469670036,0.010441236140817198
3499,0.8,1.0655828577728068,0,1,1,0,0.01620133727473895,0.012461876862847504
3500,0.8,1.0431396227607623,0,1,1,0,0.01069084373918641,0.010707435581964077
3501,0.8,1.0256421059920258,0,1,1,0,0.008259730879478757,0.006527092169656039
3502,0.8,0.9907852881719724,0,1,1,0,0.008207408822017185,0.002470127199161349
3503,0.8,0.9514446168320218,0,1,1,0,0.01075533871538444,0.0017815028883626629
3504,0.8,0.9316357554320681,0,1,1,0,0.01664608980526895,0.004187614004634221
3505,0.8,0.9372674681587803,0,1,1,0,0.023575690404282618,0.007264781740579875
3506,0.8,0.9489463117185192,0,1,1,0,0.02990948347433261,0.009920687184040494
3507,0.8,0.9616436953425357,0,1,1,0,0.03490768812988642,0.012624026058470916
3508,0.8,0.9757994144796595,0,1,1,0,0.03735005217350555,0.014958348906752912
3509,0.8,1.012128988435659,0,1,1,0,0.03890671810286993,0.017082643487833497
3510,0.8,1.0435408786549327,0,1,1,0,0.03972432634673746,0.01954447851660351
3511,0.8,1.0455617973346425,1,1,1,0,0.03728407413072068,0.022571992057876154
3512,0.8,1.025463425592463,1,1,1,0,0.030948924901820465,0.022647640709593745
3513,0.8,1.0013813455445342,1,0,1,0,0.022716017959551207,0.021447326531222364
3514,0.8,1.01194817683953,1,0,1,0,0.00796499046078025,0.017513288232039383
3515,0.8,1.0337840753042928,1,0,1,0,-0.011670601337436293,0.010334120422095278
3516,0.8,0.9924659851978096,1,0,1,1,-0.027493380287162198,0.004543228762688395
3517,0.8,0.9450087454186811,1,0,0,1,-0.03162435044913456,0.006466555534619403
3518,0.8,0.934971903282743,1,0,0,1,-0.03347018998318572,0.007355683351983328
3519,0.8,0.9154585843749413,1,0,0,1,-0.03218363004142554,0.004220324400368923
3520,0.8,0.8703301411326072,1,0,0,1,-0.028037722680912144,0.0010894741521993506
3521,0.8,0.8565557390293267,1,0,0,1,-0.02426886918526618,-0.001510878804314932
3522,0.8,0.8578783140045257,1,0,0,1,-0.023423854494706273,-0.005387960743631939
3523,0.8,0.8665413538323568,0,0,0,1,-0.024020738740131185,-0.009858479978192633
3524,0.8,0.8849511336103493,0,0,0,1,-0.023961167986694804,-0.014044005666570783
3525,0.8,0.9200855669774132,0,0,0,1,-0.022748092282685897,-0.01765190223024733
3526,0.8,0.9309987516888801,0,0,0,1,-0.02099066920829567,-0.017848431922077343
3527,0.8,0.949150197393178,0,0,0,1,-0.019750074551672898,-0.013952174412381512
3528,0.8,0.9772420193102676,1,0,0,1,-0.020645903854385313,-0.008024213435732118
3529,0.8,1.0074279601024059,0,0,0,1,-0.022995854664966987,-0.001168295354493229
3530,0.8,1.048966076683858,0,0,0,1,-0.025351865232413524,0.0061633576238555796
3531,0.8,1.1249749569546497,0,1,0,1,-0.021271437937637347,0.012039821859239977
3532,0.8,1.1301536293300192,0,1,0,1,-0.008090046093892753,0.015411886847165593
3533,0.8,1.1450513759180065,0,1,0,1,0.00681258691381026,0.016385984778150217
3534,0.8,1.1362711401384125,0,1,1,1,0.01581374954361429,0.016959934864484227
3535,0.8,1.0806924555394493,0,1,1,0,0.011818069921560117,0.020023961674675142
3536,0.8,1.0446687800137366,0,1,1,0,0.006003088045959955,0.019785223519146185
3537,0.8,1.02199839240144,0,1,1,0,0.005058475575995005,0.01703115742995348
3538,0.8,1.0022980599429034,0,1,1,0,0.0073086962623038956,0.012229146231138275
3539,0.8,0.9695653414469292,0,1,1,0,0.011456351663230025,0.008249825251856354
3540,0.8,0.9428509476490514,0,1,1,0,0.01719078783789124,0.007571542009829719
3541,0.8,0.9359187402726443,0,1,1,0,0.023752948885955288,0.009185114042427127
3542,0.8,0.9481806575810112,0,1,1,0,0.028913443126935896,0.010969534335274294
3543,0.8,0.9457649564994712,0,0,1,0,0.03314451563767421,0.013898693169288701
3544,0.8,0.962645898987196,0,1,1,0,0.03617117997654537,0.0172643973300806
3545,0.8,0.9612999135662085,0,0,1,0,0.038109654076592864,0.02060822314325321
3546,0.8,0.994483718033434,0,1,1,0,0.03967059787012294,0.02391190479067491
3547,0.8,1.0145977027202022,0,1,1,0,0.04138742021768682,0.02739246618267541
3548,0.8,0.9744027472232077,1,1,1,0,0.03685722910785376,0.029344089299413713
3549,0.8,0.9556688122129646,1,0,1,0,0.02952633493400265,0.026368616871678727
3550,0.8,0.934733636202119,1,0,1,0,0.018220298532122387,0.0216753955993649
3551,0.8,0.9279069139628444,1,0,1,0,0.0034970077663254106,0.015834284825729454
3552,0.8,0.9228608338143162,1,0,1,1,-0.012954156306162697,0.008586741558270146
3553,0.8,0.8868591177513582,1,0,1,1,-0.02017041372127741,0.006296285769460695
3554,0.8,0.8669977511552894,1,0,0,1,-0.023307038636954054,0.004642345091427811
3555,0.8,0.8442081457327355,1,0,0,1,-0.022808721207147983,-0.00015445736625621222
3556,0.8,0.8143051576255755,1,0,0,1,-0.01899933808380286,-0.006704013107644576
3557,0.8,0.7835432565727176,1,0,0,1,-0.013721449980066086,-0.012758229396722002
3558,0.8,0.7698332132766513,1,0,0,1,-0.010141178486023993,-0.018590873814511077
3559,0.8,0.7657185555243051,1,0,0,1,-0.009289729017087356,-0.024513819294528404
3560,0.8,0.7784816349218181,0,0,0,1,-0.00943251232594722,-0.029832351462978402
3561,0.8,0.8080233716384339,0,0,0,1,-0.009190495677870041,-0.03477458651387644
3562,0.8,0.8324283513786898,0,0,0,1,-0.008111136413386323,-0.037868079709785785
3563,0.8,0.8512306179680994,0,0,0,1,-0.007303713634927556,-0.03751546277406237
3564,0.8,0.8619357494890233,0,0,0,1,-0.006625337457880811,-0.033688969071745276
3565,0.8,0.9050069515598479,0,0,0,1,-0.007712206000098733,-0.02815137820030286
3566,0.8,0.9415650549630536,0,0,0,1,-0.008756497990523594,-0.022325316599047386
3567,0.8,0.9859255724914391,0,0,0,1,-0.0074288913026376545,-0.016268995157485634
3568,0.8,1.0410774044586582,0,0,0,1,0.0007830372139665346,-0.01052814290606453
3569,0.8,1.07268928744311,0,1,0,1,0.014998978254827813,-0.003676909768106388
3570,0.8,1.101921333382993,0,1,1,1,0.02917049901922855,0.0010996835489492601
3571,0.8,1.095034896129298,0,1,1,1,0.03267423516237523,0.010491908741982404
3572,0.8,1.1294455397161283,0,1,1,0,0.034018537514915494,0.01712394337232767
3573,0.8,1.0920635644751793,0,1,1,0,0.03201337907781066,0.01838789017673551
3574,0.8,1.0663354144061983,0,1,1,0,0.028668032428123075,0.017302709731500436
3575,0.8,1.0544357024781899,0,1,1,0,0.02859665157499972,0.014932679556370313
3576,0.8,1.032267992135304,0,1,1,0,0.02981624576613372,0.012286560425237505
3577,0.8,1.0021266038868766,0,1,1,0,0.032180978426674216,0.0131643579204057
3578,0.8,0.9887405976400676,0,1,1,0,0.036136441510365505,0.017482895849666134
3579,0.8,1.0001806663357693,0,1,1,0,0.04220207267673132,0.023041890687071145
3580,0.8,1.0199662518118688,0,1,1,0,0.04887458445041815,0.02829125444174657
3581,0.8,1.0279373232412752,0,0,1,0,0.054756662641677924,0.033331172716257684
3582,0.8,1.0439304434485968,0,1,1,0,0.057662672772540155,0.03819574079626287
3583,0.8,1.0471943576811613,0,0,1,0,0.05980463810823137,0.04387774097692571
3584,0.8,1.0677965420333493,1,1,1,0,0.0614915411119712,0.04990387450288201
3585,0.8,0.9958381992505203,1,0,1,0,0.054857442177979006,0.051378653992914435
3586,0.8,0.969164519847128,1,0,1,0,0.042032186695029554,0.04750693957362225
3587,0.8,0.955775309027167,1,0,1,0,0.024090538084342875,0.03799500311507338
3588,0.8,0.9513165815660664,1,0,1,0,0.0038114132297672135,0.025425350117392498
3589,0.8,0.9235617404384235,1,0,1,1,-0.014982015550143843,0.012236144986953162
3590,0.8,0.871617874518435,1,0,1,1,-0.020618680566736686,0.0068422562741672355
3591,0.8,0.8453302645925321,1,0,0,1,-0.022251271723522103,0.0031655168558277235
3592,0.8,0.8095236695363832,1,0,0,1,-0.02114370564527093,-0.0022228341980369383
3593,0.8,0.7919441633228945,1,0,0,1,-0.01725331811190347,-0.009251937817380228
3594,0.8,0.7684509922441086,1,0,0,1,-0.01137929977426493,-0.016677078109808525
3595,0.8,0.7585632825014028,1,0,0,1,-0.007551505330244334,-0.023452314437507754
3596,0.8,0.7606762587121939,0,0,0,1,-0.006772595387486823,-0.028817727991891397
3597,0.8,0.7868358069416428,0,0,0,1,-0.008723478746985149,-0.03276735211890111
3598,0.8,0.8124383055633371,0,0,0,1,-0.010581032542706238,-0.035859198411377226
3599,0.8,0.8314356510847983,0,0,0,1,-0.013114693718927517,-0.03615523620173233
3600,0.8,0.8431347839701416,0,0,0,1,-0.017124980466907788,-0.03300080119962828
3601,0.8,0.8945177515769986,0,0,0,1,-0.023710840734952457,-0.028111676292680857
3602,0.8,0.9386319267622704,0,0,0,1,-0.0300782934740011,-0.022883200812743473
3603,0.8,0.9716189216104063,0,0,0,1,-0.0356714844789326,-0.016285596532739345
3604,0.8,1.047965114314189,0,0,0,1,-0.03470222420401653,-0.011437672091115394
3605,0.8,1.0496935246910006,0,1,0,1,-0.02784111755703162,-0.00396127196742016
3606,0.8,1.105184756642587,0,1,0,1,-0.01682752005983001,0.0016496146513476388
3607,0.8,1.1269934684277962,0,1,1,1,-0.005034377384639069,0.0031106617629718084
3608,0.8,1.108791814005008,0,1,1,0,-0.0024185592334280115,0.005273168021702357
3609,0.8,1.049094259753314,0,1,1,0,-0.006678030809119189,0.00635897552357253
3610,0.8,1.0193316946192597,0,1,1,0,-0.011336314000621647,0.004888233583347604
3611,0.8,0.9892078744036641,0,1,1,0,-0.012281806707442932,0.0011356833870092556
3612,0.8,0.959525338091385,0,1,1,0,-0.010881433907270891,-0.003181560153693103
3613,0.8,0.9221396088028011,0,1,1,0,-0.007297123420624671,-0.005234221518214804
3614,0.8,0.896683502899609,0,1,1,0,-0.0020476482809798882,-0.004083502178248115
3615,0.8,0.9029750369244203,0,1,1,0,0.004755435813576392,-0.0016505164346616056
3616,0.8,0.924484769152297,0,1,1,0,0.011323502202828364,1.78563260086074e-05
3617,0.8,0.9330773365012603,0,1,1,0,0.0161579113807647,0.0013515875302172152
3618,0.8,0.9607766953573472,0,1,1,0,0.017497313615602004,0.0023962033932341162
3619,0.8,0.9868557760153025,0,1,1,0,0.018057985633663752,0.004438784644632787
3620,0.8,1.0154061943629393,0,1,1,0,0.017488025366600286,0.0075728596704717445
3621,0.8,1.027228650128858,1,1,1,0,0.015898860632013075,0.011980147863956698
3622,0.8,1.0097732339729886,1,0,1,0,0.01006425641787064,0.015311311733168437
3623,0.8,1.0162158665163104,1,0,1,0,-0.0024399327738005056,0.015239831960430465
3624,0.8,1.023808557991785,1,0,1,0,-0.01986992888505667,0.012115215976755918
3625,0.8,0.9843318193662706,1,0,1,1,-0.03447803551107357,0.009789182805287532
3626,0.8,0.9554460824515101,1,0,1,1,-0.03868799220523313,0.012908811206269188
3627,0.8,0.9446585676786418,1,0,0,1,-0.04014083026283899,0.012883739253103002
3628,0.8,0.9243103332172007,1,0,0,1,-0.038612995668077764,0.008286009563958235
3629,0.8,0.8848202421690672,1,0,0,1,-0.03458085315619366,0.0033398569696313826
3630,0.8,0.8699676227976445,1,0,0,1,-0.03045067813096991,-0.0013898298971147254
3631,0.8,0.8598426035769834,1,0,0,1,-0.0282243711341359,-0.006400592355105665
3632,0.8,0.861400634706943,1,0,0,1,-0.027415153219638787,-0.011141348795203641
3633,0.8,0.8746597134473679,0,0,0,1,-0.025784861300375148,-0.015553544903285135
3634,0.8,0.9151676756361946,0,0,0,1,-0.022196182210075882,-0.020321688068470328
3635,0.8,0.9269456120859354,0,0,0,1,-0.01694412496850288,-0.02279392318244902
3636,0.8,0.9414634409004644,1,0,0,1,-0.0118154428204042,-0.021023656739285048
3637,0.8,0.9324454052044102,1,0,0,1,-0.008944695060658274,-0.015581934283060794
3638,0.8,0.9777628681746279,1,0,0,1,-0.008668676258694562,-0.00970736438192356
3639,0.8,1.001465110416597,1,0,0,1,-0.01051215787755484,-0.004403478981153605
3640,0.8,1.0409984320385202,1,0,0,1,-0.011019360444931682,0.0009108873743914953
3641,0.8,1.068109706016333,0,1,0,1,-0.0061689731442394315,0.005961406195896656
3642,0.8,1.1294397009595458,0,1,0,1,0.006950256955134075,0.007576818564251804
3643,0.8,1.1299318823294258,0,1,1,1,0.021126954531032735,0.0070102251014423815
3644,0.8,1.0592690783943441,0,1,1,0,0.019489999102883633,0.010376765680059147
3645,0.8,1.022503592491737,0,1,1,0,0.0140547988577982,0.01279436029212002
3646,0.8,0.9971357555628062,0,1,1,0,0.011726992209928242,0.012364620372801945
3647,0.8,0.9631811338300983,0,1,1,0,0.014444110228403445,0.011651307558856726
3648,0.8,0.9362320848713968,0,1,1,0,0.020081868390611664,0.012024018729229455
3649,0.8,0.9168953619657,0,1,1,0,0.026374580219138365,0.012985996588512922
3650,0.8,0.8993874794339445,0,1,1,0,0.031313896238227355,0.014276482813409735
3651,0.8,0.8947760410943879,0,1,1,0,0.035518518255005696,0.015960794739098408
3652,0.8,0.8979674238611663,0,1,1,0,0.03917257030646932,0.01819293836393294
3653,0.8,0.9023957259456368,0,1,1,0,0.04220590557695758,0.020848678676755005
3654,0.8,0.9145816409573967,0,1,1,0,0.043758532666036506,0.023046268680614664
3655,0.8,0.9222500730737746,0,1,1,0,0.044124708029741826,0.025033241765841582
3656,0.8,0.947335603303894,0,1,1,0,0.044962755342456986,0.027689956941700615
3657,0.8,0.9771597428663044,1,1,1,0,0.04590014427713866,0.030786240942971037
3658,0.8,0.9496658679520643,1,1,1,0,0.041597994966038325,0.031270462845895165
3659,0.8,0.9435152455997913,1,1,1,0,0.03367490857202576,0.027863855099087606
3660,0.8,0.9290623464007344,1,0,1,0,0.02081709437200475,0.02346555428284242
3661,0.8,0.9274270423878529,1,0,1,0,0.003066341799336263,0.018156993040783616
3662,0.8,0.9065117903917744,1,0,1,1,-0.01309495520310379,0.013397463076056042
3663,0.8,0.890993851193077,1,0,1,1,-0.021514913637598665,0.012157715455574465
3664,0.8,0.8814802836638017,1,0,1,1,-0.026110897922057612,0.009665107075419656
3665,0.8,0.8685550174679462,1,0,0,1,-0.028727284364877884,0.004662472756321499
3666,0.8,0.8460177610416539,1,0,0,1,-0.026589672998285366,-0.0021967972963906576
3667,0.8,0.8409869433469439,1,0,0,1,-0.02159572978801599,-0.009518347671905143
3668,0.8,0.8355270935063285,1,0,0,1,-0.014344778337187326,-0.01689488083393715
3669,0.8,0.8274051754453771,1,0,0,1,-0.007793326113892571,-0.02276584726478231
3670,0.8,0.8294946051075317,1,0,0,1,-0.002805637978174194,-0.02644762359078783
3671,0.8,0.8382510550058493,1,0,0,1,0.0009511973065003517,-0.027870007985951517
3672,0.8,0.8691503701403418,0,0,0,1,0.003615807773596393,-0.027841082786918336
3673,0.8,0.9156910284348586,1,0,0,1,0.005168115816657643,-0.02718465688141825
3674,0.8,0.9066309606062075,0,0,0,1,0.003286113766467439,-0.02312963135094824
3675,0.8,0.9643969321564799,1,0,0,1,0.0012489525038642017,-0.018549939393240678
3676,0.8,0.9859061280751934,0,0,0,1,-0.00259911337191828,-0.01301908718791153
3677,0.8,1.029736307781912,0,0,0,1,-0.006041469481708591,-0.005555012406554927
3678,0.8,1.1195554087486888,0,0,0,1,-0.0022957047184119844,-0.00021484579980929027
3679,0.8,1.0898939460563768,0,1,0,1,0.008915485693692151,0.006300517091997483
3680,0.8,1.1259215490053687,0,1,1,1,0.023579371551710214,0.00987665465559027
3681,0.8,1.0569771899818867,0,1,1,0,0.02460153174596817,0.01729732745190536
3682,0.8,1.0390771758685795,0,1,1,0,0.0177087609182566,0.023390382659068513
3683,0.8,1.0114636211583,0,1,1,0,0.013083567437256822,0.024174903596328238
3684,0.8,0.9777598486017275,0,1,1,0,0.012586351945014845,0.02371827983819789
3685,0.8,0.9477599709724281,0,1,1,0,0.017655585885303696,0.023509943363701304
3686,0.8,-0.011603473019882156,1,1,1,1,-0.00037637279160354534,-0.0010435317921076482
3687,0.8,-0.04644779225219244,0,1,1,0,-0.004307478720957485,-0.006314116396146473
3688,0.8,-0.1883602083467801,0,1,1,0,-0.01386919134053948,-0.004666139446891025
3689,0.8,-0.20719432285770278,0,1,1,0,-0.018564495285680854,-0.0015706079777624035
3690,0.8,-0.14274872161225308,0,1,1,0,-0.01313649313168504,-0.004116393646761116
3691,0.8,-0.08077953161579017,0,1,1,0,-0.007372916826142847,-0.01450691852755833
3692,0.8,-0.04887667814281619,0,0,1,0,-0.003491497707764552,-0.026446685607985625
3693,0.8,0.038095108077174714,0,0,1,0,-0.0018335138635971189,-0.03990843701650307
3694,0.8,0.01944461623957333,0,0,1,0,-0.004057562555468541,-0.049767196859273596
3695,0.8,0.06300911989074448,0,0,1,0,-0.011042929573633602,-0.056951716580818074
3696,0.8,0.13539390314445132,0,0,1,0,-0.023936486496513025,-0.06812704491504168
3697,0.8,0.1492237900120541,0,0,1,1,-0.03770903484940671,-0.0784036069891611
3698,0.8,0.20533489549295303,0,0,1,1,-0.04770565281343397,-0.08359385276821972
3699,0.8,0.22395764443839244,0,0,1,1,-0.054448307506625056,-0.08866750607392786
3700,0.8,0.26802502176611104,0,0,1,1,-0.05865880564511493,-0.09250566462601759
3701,0.8,0.31960626553232624,0,0,1,1,-0.060814238806241455,-0.09873312219084608
3702,0.8,0.31765046784969275,0,0,0,1,-0.057624719450941345,-0.10646256372689823
3703,0.8,0.32894424501727243,0,0,0,1,-0.050861418412439574,-0.1129256864864467
3704,0.8,0.35904816123004824,0,0,0,1,-0.039107021411092326,-0.12117247114119448
3705,0.8,0.33994367229249717,0,0,0,1,-0.022180723871145676,-0.12985648513879547
3706,0.8,0.30777180056054554,0,0,0,1,-0.005453443983160255,-0.13328703820869647
3707,0.8,0.3236924415400866,0,0,0,1,0.005794262919423007,-0.13319882535028812
3708,0.8,0.34415154067321024,0,0,0,1,0.011903125788409612,-0.13192769369838217
3709,0.8,0.3678001230576916,0,0,0,1,0.014750210377016066,-0.1295686982247262
3710,0.8,0.3437238040217897,0,0,0,1,0.015597272638359978,-0.12499697091716584
3711,0.8,0.39081163564329857,0,0,0,1,0.016634388094259517,-0.12157852448717608
3712,0.8,0.4594335300971455,0,0,0,1,0.016078332598343903,-0.11888665900352766
3713,0.8,0.5175215931340698,0,0,0,1,0.017454243779002926,-0.11692088734721331
3714,0.8,0.5572642720857246,0,0,0,1,0.021738152231769812,-0.11516415639309678
3715,0.8,0.583985122212365,0,0,1,1,0.0269772230957126,-0.11241127769836454
3716,0.8,0.6395238722984443,0,0,1,1,0.029547683803873664,-0.10429113289653168
3717,0.8,0.6704834343038567,0,0,1,1,0.032404848650621036,-0.0960748342058742
3718,0.8,0.7252175923051847,0,0,1,1,0.0359980546845476,-0.08729504247922151
3719,0.8,0.7796518456820293,0,0,1,1,0.04068045143689916,-0.07918809658431424
3720,0.8,0.7931882829560926,0,0,1,0,0.040819860441067744,-0.07314146631242939
3721,0.8,0.7877257801047883,0,0,1,0,0.03693455517422497,-0.06670941152062684
3722,0.8,0.8112285177782418,0,0,1,0,0.030785246253843757,-0.06065099545980853
3723,0.8,0.8233762913409288,0,0,1,0,0.023875688679435333,-0.054860928021897265
3724,0.8,0.8482181422484307,0,1,1,0,0.01944191519441344,-0.04887865214959464
3725,0.8,0.8512990598064798,0,1,1,0,0.021795633756446334,-0.040974106293474005
3726,0.8,0.8844991260607473,0,1,1,0,0.02841834397405511,-0.030621125442275472
3727,0.8,0.9365288964745996,0,1,1,0,0.036753452848175286,-0.021821156741459714
3728,0.8,0.9836503237545579,0,0,1,0,0.043332668671801716,-0.01476507936215801
3729,0.8,1.016348452552482,0,0,1,0,0.046225389929628415,-0.006371894269460256
3730,0.8,1.059288492843855,0,0,1,0,0.04942899195804826,0.00424920263163021
3731,0.8,1.1099651997161728,1,0,1,0,0.052614802587932344,0.015937716627192462
3732,0.8,1.1125009214565378,1,0,1,0,0.04599809096502056,0.023001186181949834
3733,0.8,1.1326327770501712,1,0,1,0,0.032521826677886785,0.022407576873100424
3734,0.8,1.1789498093614121,1,0,1,0,0.01640067128786809,0.01683562291824578
3735,0.8,1.208483290403275,1,0,1,1,-0.0009995678913983582,0.008448097909011935
3736,0.8,1.1416895665952989,1,0,0,1,-0.005386815982544657,0.00447200701516084
3737,0.8,1.1212923298928013,1,0,0,1,-0.005384301832838736,0.0021303009943832592
3738,0.8,1.0683034945980552,1,0,0,1,-0.005932512987199392,-0.000516764692732754
3739,0.8,1.0218408708717979,1,0,0,1,-0.009133830050090923,-0.0016199258382069118
3740,0.8,1.0017305509606593,1,0,0,1,-0.01607198685548882,-0.0024357422537163746
3741,0.8,1.0003679137199224,0,0,0,1,-0.02550445365868365,-0.0032800357733871995
3742,0.8,1.0230148709479472,0,0,0,1,-0.03323010484066281,-0.004124452960064814
3743,0.8,1.0524154740536669,0,0,0,1,-0.04002329923907877,-0.0038629005004130103
3744,0.8,1.0667943548193353,0,0,0,1,-0.04597158151872003,-0.000761215041351804
3745,0.8,1.087539199652516,0,0,0,1,-0.05323521706054697,0.006977847781808853
3746,0.8,1.1374185834886552,0,0,0,1,-0.06020952553208452,0.01560676073559513
3747,0.8,1.1582019064400992,0,1,0,1,-0.06652077267021726,0.02580764556276315
3748,0.8,1.171310517406258,0,1,0,1,-0.06308478019339131,0.030183849680744473
3749,0.8,1.082052037107092,0,1,0,1,-0.052785565659109565,0.030324273607409327
3750,0.8,1.103587424693556,0,1,0,1,-0.040240176654726796,0.028037092056116698
3751,0.8,1.1217752318122505,0,1,0,1,-0.026264740590585586,0.02094908925611811
3752,0.8,1.134572501786071,0,1,0,1,-0.013589401911781582,0.0116682044366381
3753,0.8,1.0957024701413318,0,1,1,0,-0.008434955881628,0.0030934196040043717
3754,0.8,1.028460920123011,0,1,1,0,-0.013999926505986004,-0.0036181317350140823
3755,0.8,0.9872669594214235,0,1,1,0,-0.019214471776875967,-0.009854816719788703
3756,0.8,0.9666842631021263,0,1,1,0,-0.02147111271910087,-0.016860584117428443
3757,0.8,0.937820053633546,0,1,1,0,-0.02252670466746245,-0.023683515575468567
3758,0.8,0.8941199949094973,0,1,1,0,-0.021768685541293607,-0.02643008248690723
3759,0.8,0.8520879036763268,0,1,1,0,-0.018485971816384825,-0.02445113818215781
3760,0.8,0.8387835335703001,0,0,1,0,-0.013258293563532822,-0.019309455864037657
3761,0.8,0.8482654091030039,0,0,1,0,-0.00619458934367334,-0.01354905888351972
3762,0.8,0.8564323318434417,0,0,1,0,0.0010643560755596547,-0.007716602185532522
3763,0.8,0.8657254144853034,0,0,1,0,0.007162979927938387,-0.0020799780437372435
3764,0.8,0.8854615605118022,0,1,1,0,0.01298095372769609,0.003667214065862099
3765,0.8,0.9114200339837831,0,1,1,0,0.017408934890046236,0.009341353030041214
3766,0.8,0.93809458398764,0,1,1,0,0.019452881326515445,0.015486485766676893
3767,0.8,0.9159515706755722,1,1,1,0,0.017566187132097802,0.020360332884067706
3768,0.8,0.9016019738574919,1,0,1,0,0.009822442603223604,0.020794905129293332
3769,0.8,0.8879002707871476,1,0,1,0,-0.002566909707500391,0.019186460677129407
3770,0.8,0.8948239994404791,1,0,1,1,-0.0164593765785634,0.015280393044220561
3771,0.8,0.8766149040957795,1,0,1,1,-0.023240629993107217,0.013769546913508963
3772,0.8,0.8759766681996979,1,0,0,1,-0.02661781218270143,0.011684202778436922
3773,0.8,0.8428896195770177,1,0,0,1,-0.025074995797599114,0.006329388042437457
3774,0.8,0.8150210381256302,1,0,0,1,-0.02090788860249371,0.00034010964756451195
3775,0.8,0.77693870697139,1,0,0,1,-0.0156577594532891,-0.004911464653078933
3776,0.8,0.7459118672421441,1,0,0,1,-0.011531717817902763,-0.00919229581701489
3777,0.8,0.7309585301250091,1,0,0,1,-0.011639292468250653,-0.012448255048704084
3778,0.8,0.7434373680200449,1,0,0,1,-0.014682494158709201,-0.01680476032950384
3779,0.8,0.7678239186254651,0,0,0,1,-0.01474269252540587,-0.023144345842563002
3780,0.8,0.7846306600829693,0,0,0,1,-0.012750050755265517,-0.02923950178656989
3781,0.8,0.7877085436493875,0,0,0,1,-0.009738514162164725,-0.03129166973940868
3782,0.8,0.8043965383724149,0,0,0,1,-0.007137232643299157,-0.029152433098595554
3783,0.8,0.8270639674474358,1,0,0,1,-0.004453238138042682,-0.026172958073258097
3784,0.8,0.8410451745174887,1,0,0,1,-0.003200946287890772,-0.022083665578177307
3785,0.8,0.8715090590142172,1,0,0,1,-0.003156716957896871,-0.017226247024422395
3786,0.8,0.9312199615714482,1,0,0,1,-0.000932023081972183,-0.014517240700550457
3787,0.8,0.96110663478002,1,0,0,1,0.004740158269269889,-0.01236443865580186
3788,0.8,0.9961503052300291,1,1,0,1,0.01348958944591596,-0.008871226713784638
3789,0.8,0.9911584444650845,0,1,1,1,0.02340886644818982,-0.0039000561697403527
3790,0.8,1.0434648452254378,0,1,1,1,0.030923148849934235,0.0025730904840570684
3791,0.8,1.0321846824611867,0,1,1,0,0.033991248675743796,0.004757823054079991
3792,0.8,1.0162380542829852,0,1,1,0,0.03317901635203333,0.004270068187401275
3793,0.8,1.0036786948719243,0,1,1,0,0.03129141202229555,0.0014583399331991032
3794,0.8,0.9821564305625997,0,1,1,0,0.02933905622932917,-0.0015384382773379428
3795,0.8,0.9610567742129794,0,1,1,0,0.029711856505717633,-0.001974995101505731
3796,0.8,0.945323998441805,0,1,1,0,0.03130768195148271,0.00012102575456638988
3797,0.8,0.9353471957513744,0,1,1,0,0.03291341913418811,0.003425633041237052
3798,0.8,0.9345963707036645,0,1,1,0,0.03513924739234595,0.007282741678725573
3799,0.8,0.9467298519935543,0,1,1,0,0.03868645340552095,0.011228799794665066
3800,0.8,0.9663210994334611,0,1,1,0,0.041025567336825566,0.013785535313998658
3801,0.8,0.9735995647015445,0,1,1,0,0.0419550959976091,0.015790210965388286
3802,0.8,0.9908527644968997,0,1,1,0,0.04090056539818476,0.017372068212544407
3803,0.8,0.9749771133122398,1,1,1,0,0.038151836464396474,0.01851107377102038
3804,0.8,0.8945839356380306,1,1,1,0,0.02542306021847078,0.013808098323300095
3805,0.8,0.8356219299078369,1,0,1,0,0.00971065452583351,0.0056064961699911365
3806,0.8,0.8187058858472429,1,1,1,0,-0.008901513879388085,-0.007465653876352976
3807,0.8,0.7825903984036692,1,0,1,0,-0.02803018429400288,-0.02263786855766199
3808,0.8,0.7611918642231414,1,0,1,0,-0.04786557704951642,-0.03767016961564582
3809,0.8,0.7062311256343687,1,0,1,1,-0.060654675951131234,-0.04850223928822966
3810,0.8,0.6869375686891721,1,0,1,1,-0.06803254081215834,-0.055483490654556294
3811,0.8,0.6733935635296392,1,0,0,1,-0.07352475149085394,-0.06281646851795003
3812,0.8,0.6774543885866295,1,0,0,1,-0.07584432494446122,-0.07180713522943817
3813,0.8,0.6781044438264372,1,0,0,1,-0.07521044830195832,-0.08152332650121344
3814,0.8,0.644563543314281,1,0,0,1,-0.07195507162647308,-0.08697748871160986
3815,0.8,0.6433978029170033,1,0,0,1,-0.06816522921930399,-0.0895391563677399
3816,0.8,0.6432394360552717,1,0,0,1,-0.06532667806715892,-0.09172969802796815
3817,0.8,0.6536364595417058,1,0,0,1,-0.06485158039193757,-0.0928517262103689
3818,0.8,0.6808752838695469,1,0,0,1,-0.0674423487953048,-0.09315049579985765
3819,0.8,0.6993095547788778,1,0,0,1,-0.07181604243025148,-0.09189785326217574
3820,0.8,0.7246673194006126,0,0,0,1,-0.07845400035915348,-0.0881187887789513
3821,0.8,0.7899725397121447,0,0,0,1,-0.08570855303579822,-0.08466449873890684
3822,0.8,0.82396896086848,0,1,0,1,-0.09308837432372243,-0.0806230885491936
3823,0.8,0.8343013138960199,0,1,0,1,-0.09020693264654758,-0.0805236177431903
3824,0.8,0.8269878011867319,0,1,0,1,-0.08467747420027467,-0.08411879447906313
3825,0.8,0.8622971830753056,0,1,0,1,-0.07496588877393985,-0.09395750993254381
3826,0.8,0.8864924388247247,0,1,0,1,-0.06307419429669946,-0.10836996772667305
3827,0.8,0.908984026486325,0,1,0,1,-0.052817219489807214,-0.12386621791105498
3828,0.8,0.9313198501140204,0,1,0,0,-0.047320376872982226,-0.14101816363083217
3829,0.8,0.8856720875165737,0,1,0,0,-0.04752966188862111,-0.16115264194755244
3830,0.8,0.8841968981705491,0,1,0,0,-0.04943794689215612,-0.1816821439028229
3831,0.8,0.8854905379286423,0,1,0,0,-0.053257886784338404,-0.20389255026077616
3832,0.8,0.8518335982563651,0,0,1,0,-0.05902022717224878,-0.22495753669571122
3833,0.8,0.7728994440595552,0,1,1,0,-0.06785684017647414,-0.23417795832766308
3834,0.8,0.692932007704803,0,1,1,0,-0.07230014705118108,-0.23178066277233234
3835,0.8,0.6587835202589822,0,1,1,0,-0.06884972879665723,-0.2236004622705657
3836,0.8,0.6686148888077608,0,1,1,0,-0.05967053531237571,-0.21761413905812405
3837,0.8,0.6814414991466196,0,1,1,0,-0.048447311475875755,-0.21406477938817037
3838,0.8,0.704609950653525,0,1,1,0,-0.035488864422490676,-0.20912302954411469
3839,0.8,0.7078582108230699,0,0,1,0,-0.026357168817920325,-0.19909801771581528
3840,0.8,0.7399648574530744,1,0,1,0,-0.022719670971869554,-0.1862804336496344
3841,0.8,0.754967750782359,1,0,1,0,-0.029233519448047387,-0.17981365127564886
3842,0.8,0.7522737427902731,1,0,1,1,-0.042057125250070146,-0.17909192073396912
3843,0.8,0.6640421311679191,1,0,1,1,-0.04873336102939172,-0.17445257547083298
3844,0.8,0.6677803589073898,1,0,1,1,-0.05347511528171144,-0.17077410348610708
3845,0.8,0.6692903770169965,1,0,1,1,-0.0586503075237025,-0.17293108840743548
3846,0.8,0.6699671947236437,1,0,1,1,-0.06265660412159682,-0.17826664895700683
3847,0.8,0.6694917336904287,1,0,1,1,-0.06455412552031242,-0.18536958523616584
3848,0.8,0.6545836652975565,1,0,0,1,-0.06155449163136387,-0.19485756864880543
3849,0.8,0.6457809619666439,1,0,0,1,-0.0559902277300519,-0.20545077450525046
3850,0.8,0.6163894345544257,1,0,0,1,-0.048734189591784466,-0.2147309297326029
3851,0.8,0.6108114688852139,1,0,0,1,-0.04209712652844462,-0.22244474393559516
3852,0.8,0.6009242266844169,1,0,0,1,-0.037131256346026785,-0.2289173128660659
3853,0.8,0.6045021313717637,1,0,0,1,-0.033513830296013944,-0.23316018497120386
3854,0.8,0.6183690390054761,0,0,0,1,-0.030377466784501494,-0.23523077414401314
3855,0.8,0.6677241718381047,1,0,0,1,-0.02857850077936852,-0.23686939840903853
3856,0.8,0.6409684482965413,0,0,0,1,-0.027656135040909198,-0.23599017769846947
3857,0.8,0.6928616454192266,0,0,0,1,-0.02883838226603354,-0.2325973302783587
3858,0.8,0.7845988452234834,0,0,0,1,-0.027266892840635486,-0.2321017054533976
3859,0.8,0.7969280210584367,0,0,0,1,-0.021328879949860186,-0.22916920516272113
3860,0.8,0.8204730733738994,0,0,0,1,-0.012115905862088416,-0.22310619607779797
3861,0.8,0.8082422680615293,0,0,1,1,-0.0021733462985952133,-0.21599636981864723
3862,0.8,0.8083192372609943,0,1,1,1,0.00019754565234357784,-0.20180863288977355
3863,0.8,0.8048661397318888,0,1,1,1,0.002383322830636511,-0.1916667641255076
3864,0.8,0.7869153178628632,0,1,1,0,0.0016302931778741064,-0.18677464946254205
3865,0.8,0.7557113050493516,0,1,1,0,0.00026435533791548127,-0.184777525935017
3866,0.8,0.7088641267006626,0,1,1,0,-0.0003916606384723266,-0.18397206952991943
3867,0.8,0.6543640624356647,0,1,1,0,0.001035709598124051,-0.18239814024373371
3868,0.8,0.6392082213134226,0,1,1,0,0.0062968975111424436,-0.17993516033284304
3869,0.8,0.6482543191884795,0,1,1,0,0.013785825574296338,-0.17826877395480736
3870,0.8,0.6557027656320391,0,1,1,0,0.022092639323050927,-0.1781213415965722
3871,0.8,0.6693390355646002,0,1,1,0,0.029174823100150397,-0.17809589276822654
3872,0.8,0.6816471839106255,0,1,1,0,0.030971675151574177,-0.1786736653461738
3873,0.8,0.6982331282894305,0,1,1,0,0.02913408895844752,-0.17783073611294137
3874,0.8,0.7236057464061288,0,1,1,0,0.025865849575410996,-0.17467099925055304
3875,0.8,0.6823954936312485,1,0,1,0,0.015119263263677367,-0.17295554492994716
3876,0.8,0.6931458258899362,1,0,1,0,-0.0035606303228937924,-0.17699619643947823
3877,0.8,0.719176507529669,1,0,1,0,-0.025981652483663683,-0.18464396509772696
3878,0.8,0.7176316220003381,1,0,1,1,-0.04956558883594599,-0.19410880212486722
3879,0.8,0.6783848217284659,1,0,1,1,-0.06159642832908698,-0.19671383223750438
3880,0.8,0.6864542873762937,1,0,1,1,-0.06786670779870439,-0.19742614141079276
3881,0.8,0.7002120057967476,1,0,1,1,-0.07124699673496201,-0.2001425414738888
3882,0.8,0.6926206735354475,1,0,0,1,-0.07030378426677826,-0.2067608316596704
3883,0.8,0.6996558954776161,1,0,0,1,-0.06922620207450488,-0.21516112414454547
3884,0.8,0.69702936302214,1,0,0,1,-0.06646084385454662,-0.22398438792346917
3885,0.8,0.6710687339625268,1,0,0,1,-0.061263378400661504,-0.23001220578363163
3886,0.8,0.6475512083897034,1,0,0,1,-0.05565992927106917,-0.2323693263884792
3887,0.8,0.6601594762214463,1,0,0,1,-0.05224232129026373,-0.23296572696128762
3888,0.8,0.6816138260234793,0,0,0,1,-0.05109644727868963,-0.2325882967068544
3889,0.8,0.7092124836120856,0,0,0,1,-0.05173174115261043,-0.23080563997332637
3890,0.8,0.7316899644550918,1,0,0,1,-0.05436792943701214,-0.22728060537315403
3891,0.8,0.7460374171513505,0,0,0,1,-0.06002597531975732,-0.21954990886365078
3892,0.8,0.8555891776131299,0,0,0,1,-0.06408288888054373,-0.21333473061215577
3893,0.8,0.8964418608478415,0,0,0,1,-0.06662104396779922,-0.20768451193025975
3894,0.8,0.9067243816766418,0,1,0,1,-0.06748520299198726,-0.19952993775386044
3895,0.8,0.9370735655732259,0,1,0,1,-0.06215917433031946,-0.1960118954043894
3896,0.8,0.941741487673299,0,1,0,1,-0.05426432427274084,-0.1977833017490153
3897,0.8,0.8808973843790759,0,1,1,0,-0.05235670532612713,-0.202917224477575
3898,0.8,0.8427053272804909,0,1,1,0,-0.05493113848134802,-0.20788754770945783
3899,0.8,0.7951123326397133,0,1,1,0,-0.056630628265523876,-0.2147897360259346
3900,0.8,0.7243232388264694,0,1,1,0,-0.05871071682219045,-0.2202387409579616
3901,0.8,0.6365651637028826,0,1,1,0,-0.05873374362456522,-0.220352870404271
3902,0.8,0.589256818701119,0,1,1,0,-0.05400309122622136,-0.2154477622920629
3903,0.8,0.5999335114856127,0,1,1,0,-0.045701574072131664,-0.2117617086805386
3904,0.8,0.5970271638750877,0,1,1,0,-0.03629824783207392,-0.2096832330984596
3905,0.8,0.5982302631711988,0,1,1,0,-0.028848062959637644,-0.2067028958833723
3906,0.8,0.6288599378670446,0,1,1,0,-0.02238079099260155,-0.2040212856420515
3907,0.8,0.6513698619758005,0,1,1,0,-0.016935808260621937,-0.20035557199080622
3908,0.8,0.6899322165747072,0,1,1,0,-0.015577414380363381,-0.1972165909024482
3909,0.8,0.7338999946267444,1,0,1,0,-0.020993334026094924,-0.19612419474491682
3910,0.8,0.7241952694346852,1,0,1,0,-0.03553922608908696,-0.19590366768164375
3911,0.8,0.7128081571440799,1,0,1,1,-0.05357640602151611,-0.19707072446536755
3912,0.8,0.674614687009381,1,0,1,1,-0.06452988172549466,-0.1944501171552728
3913,0.8,0.6823065349097233,1,0,1,1,-0.07392926172653758,-0.19176230850697418
3914,0.8,0.6949480849536406,1,0,1,1,-0.08200827903801215,-0.19173714737466202
3915,0.8,0.7103675166580562,1,0,1,1,-0.0879388599764603,-0.1940321442963464
3916,0.8,0.7270204949493186,1,0,0,1,-0.08989127697289202,-0.1989754812893538
3917,0.8,0.7232651412096025,1,0,0,1,-0.08747500372004476,-0.20667779889694532
3918,0.8,0.7248951216281838,1,0,0,1,-0.08339441195891736,-0.2142359104918373
3919,0.8,0.7084697645654195,1,0,0,1,-0.07602431713762892,-0.2202339555361343
3920,0.8,0.6887507841490211,1,0,0,1,-0.0670275666273447,-0.22407141601130093
3921,0.8,0.6856675049390335,1,0,0,1,-0.05980595479273611,-0.22573367459056684
3922,0.8,0.7058272626985115,1,0,0,1,-0.055281181234296324,-0.22599109905627182
3923,0.8,0.7240882989105789,1,0,0,1,-0.05163616624561695,-0.22526471313058305
3924,0.8,0.7285440396320267,0,0,0,1,-0.05118975178642157,-0.22173798241838188
3925,0.8,0.8133235942573205,0,0,0,1,-0.051525977053530604,-0.21867036727026884
3926,0.8,0.8567429817270408,0,0,0,1,-0.05185535992098742,-0.21438992125347114
3927,0.8,0.8646806444302562,0,0,0,1,-0.054434782113124726,-0.2048161713335146
3928,0.8,0.9707754216486909,0,0,0,1,-0.0567753812691027,-0.19823899349903987
3929,0.8,0.9638974687302102,0,1,0,1,-0.057339589518808805,-0.19409910012227444
3930,0.8,0.9844701173541632,0,1,0,1,-0.0555657556357263,-0.1942090221129728
3931,0.8,0.9199850076239191,0,1,1,0,-0.055524117833851104,-0.20275290941672278
3932,0.8,0.8407805780287269,0,1,1,0,-0.05976978810579024,-0.20666170812870233
3933,0.8,0.7667151021354803,0,1,1,0,-0.062925267013051,-0.208778186568064
3934,0.8,0.6813533219150251,0,1,1,0,-0.06376945086464861,-0.20775296865429846
3935,0.8,0.6055695759806776,0,1,1,0,-0.06096214984368013,-0.2032837945701816
3936,0.8,0.576494193769525,0,1,1,0,-0.05362640855421811,-0.19767346451382475
3937,0.8,0.5728359958575243,0,1,1,0,-0.042790713295032604,-0.19413889680962176
3938,0.8,0.5853529444525318,0,1,1,0,-0.031532474227291225,-0.19225115457993966
3939,0.8,0.6051064813075171,0,1,1,0,-0.02356826516328227,-0.19333410938862625
3940,0.8,0.6175801172657264,0,1,1,0,-0.01781839973802251,-0.19434097848281626
3941,0.8,0.6512022299118425,0,1,1,0,-0.014714396733813964,-0.19443244119121225
3942,0.8,0.692762645118417,0,1,1,0,-0.016315397612573317,-0.19627190750902349
3943,0.8,0.7178007578250075,1,1,1,0,-0.023100443985472476,-0.19996849991980328
3944,0.8,0.7187234615481235,1,0,1,0,-0.03472548987069372,-0.20433601014056593
3945,0.8,0.6863402112792908,1,0,1,1,-0.052850568465067645,-0.20707334548435158
3946,0.8,0.639016221980351,1,0,1,1,-0.06599482919331348,-0.2026759675685881
3947,0.8,0.6509153625485857,1,0,1,1,-0.07746438074466444,-0.19811924046432827
3948,0.8,0.6749088699228989,1,0,1,1,-0.08776636765506794,-0.1974075398066076
3949,0.8,0.689444067013886,1,0,1,1,-0.09504251557502613,-0.1994868391688784
3950,0.8,0.7026572740804363,1,0,1,1,-0.09936517133431,-0.20273080815755265
3951,0.8,0.7073028577347237,1,0,1,1,-0.10065448552593599,-0.20660008762377896
3952,0.8,0.703232939692072,1,0,0,1,-0.09690912970550357,-0.21150250222159808
3953,0.8,0.7311607890057824,1,0,0,1,-0.09086282613797139,-0.21737749193472208
3954,0.8,0.7187082989581023,1,0,0,1,-0.08093935018534917,-0.22261147040357498
3955,0.8,0.6966370078950788,1,0,0,1,-0.06871215929180627,-0.22508172374504415
3956,0.8,0.6903762179050481,1,0,0,1,-0.05856037179300066,-0.22528175202631534
3957,0.8,0.7190935535696734,1,0,0,1,-0.0525971544030613,-0.2245921867531207
3958,0.8,0.744714629031364,1,0,0,1,-0.04944234312027864,-0.2235913325209182
3959,0.8,0.7491585611471243,1,0,0,1,-0.04852080159481199,-0.2204458075262013
3960,0.8,0.7884819634208633,0,0,0,1,-0.047569238441005676,-0.21542339326943566
3961,0.8,0.8473489367554294,0,0,0,1,-0.04842652750075595,-0.2098169805529866
3962,0.8,0.8758006204205043,0,0,0,1,-0.05272891050710598,-0.20170662847887125
3963,0.8,0.9519761974990983,0,0,0,1,-0.05732878783554681,-0.19492573213462472
3964,0.8,0.9633188283991401,0,1,0,1,-0.06174949510966335,-0.1919940528499713
3965,0.8,0.9287466576293377,0,1,0,0,-0.06487838901131161,-0.19961133472140552
3966,0.8,0.8495078710150379,0,1,1,0,-0.06487762906916886,-0.21313424893201596
3967,0.8,0.7634020326024247,0,1,1,0,-0.06795140176237556,-0.22118004107389996
3968,0.8,0.6643580142869528,0,1,1,0,-0.06992972201724994,-0.22530840679751996
3969,0.8,0.5635632942129242,0,1,1,0,-0.06949168361857662,-0.22385545344503535
3970,0.8,0.4840093263839024,0,1,1,0,-0.06522087648130762,-0.2176730124943914
3971,0.8,0.4850339091072387,0,1,1,0,-0.05611508526097427,-0.21211065249484115
3972,0.8,0.49490677798305754,0,1,1,0,-0.04455561126493089,-0.2095141737139582
3973,0.8,0.5179152235483466,0,1,1,0,-0.0350434584180752,-0.20981454767757737
3974,0.8,0.5452850896773912,0,1,1,0,-0.02642311777845257,-0.21098961275524805
3975,0.8,0.5696902479432407,0,1,1,0,-0.021340725039962125,-0.21148712811145284
3976,0.8,0.6227785501457974,0,1,1,0,-0.021713889842254783,-0.21396399844840494
3977,0.8,0.6537622005777387,0,1,1,0,-0.028392104180529253,-0.2195958967709977
3978,0.8,0.642994862387148,1,1,1,0,-0.04033074759497883,-0.22472732739392406
3979,0.8,0.5807823673592105,1,0,1,1,-0.05649274753079786,-0.22568460596160728
3980,0.8,0.568551859843074,1,0,1,1,-0.06998030149092177,-0.2199722399310194
3981,0.8,0.5936767643873327,1,0,1,1,-0.08233389055375209,-0.21655010682134945
3982,0.8,0.6203034858527479,1,0,1,1,-0.09252716184433663,-0.21573432489162567
3983,0.8,0.6393706564837038,1,0,1,1,-0.09943267419376951,-0.2163203143382778
3984,0.8,0.6549265115897152,1,0,1,1,-0.10318423345417556,-0.21722264391939364
3985,0.8,0.6692935886582391,1,0,1,1,-0.10488000374057435,-0.21786393626958597
3986,0.8,0.6815656881930614,1,0,1,1,-0.10422607328699665,-0.21818193961429513
3987,0.8,0.6795856393349593,1,0,0,1,-0.09736019755101599,-0.21873850125830596
3988,0.8,0.7071731141303134,1,0,0,1,-0.08557809679322471,-0.22043496040387134
3989,0.8,0.708512568947055,1,0,0,1,-0.07004609367991832,-0.22404984240025005
3990,0.8,0.6822993725838258,1,0,0,1,-0.05650886882268039,-0.22546469390102733
3991,0.8,0.6836578752121736,1,0,0,1,-0.05020065154022666,-0.22412277328380076
3992,0.8,0.7075932669025887,1,0,0,1,-0.048903108471485136,-0.22242657105168573
3993,0.8,0.7240797365477708,0,0,0,1,-0.04890851468572534,-0.220313535631924
3994,0.8,0.7742819138431988,0,0,0,1,-0.04678981758403651,-0.21712227019377403
3995,0.8,0.7960232552840916,0,0,0,1,-0.043797308885520206,-0.21161488338455575
3996,0.8,0.8405591958038031,0,0,0,1,-0.04473027469750956,-0.2023500586088472
3997,0.8,0.8973145449896626,0,0,0,1,-0.04708979161622304,-0.19394756420105344
3998,0.8,0.8898292605739233,0,1,0,0,-0.05102249990654619,-0.19087517320893568
3999,0.8,0.8822216006366667,0,1,0,0,-0.05087216352250882,-0.19961299592864878
4000,0.8,0.815580654749045,0,1,1,0,-0.04823292258695744,-0.21619869799957095
4001,0.8,0.7167030739416276,0,1,1,0,-0.05105765272993871,-0.2243022813693027
4002,0.8,0.6011256101629432,0,1,1,0,-0.05214859073380718,-0.2243107944629977
4003,0.8,0.5116681647487323,0,1,1,0,-0.04922410101515519,-0.217925467265448
4004,0.8,0.45626279039808276,0,1,1,0,-0.04236976573810492,-0.20991571504046608
4005,0.8,0.4615048157861259,0,1,1,0,-0.03207865032133768,-0.20435190739758538
4006,0.8,0.4869214587332325,0,1,1,0,-0.021113273546855597,-0.20294523806002834
4007,0.8,0.4848547047546051,0,1,1,0,-0.011369647694678487,-0.20299970590394503
4008,0.8,0.5175041438534879,0,1,1,0,-0.002704669432939146,-0.20316559749934543
4009,0.8,0.5430479974720972,0,1,1,0,0.0031773587355880435,-0.2043031820687957
4010,0.8,0.593541952489499,0,1,1,0,0.0032034195353779125,-0.20780705018952572
4011,0.8,0.6266423501519368,1,1,1,0,-0.003219779050638008,-0.21431602152788576
4012,0.8,0.6257289062407,1,1,1,0,-0.014405698058591421,-0.22151197454433938
4013,0.8,0.5673691955334839,1,0,1,1,-0.0293601957484697,-0.22401717455048922
4014,0.8,0.5633740667802162,1,0,1,1,-0.044094429332442245,-0.22067249183682652
4015,0.8,0.5843837104726833,1,0,1,1,-0.058888479094023824,-0.21835385215505354
4016,0.8,0.6155567681582828,1,0,1,1,-0.07130264460342556,-0.21772079801637584
4017,0.8,0.6348515460532461,1,0,1,1,-0.07900235737907242,-0.21826500780316183
4018,0.8,0.6482699508788855,1,0,1,1,-0.08251078543597071,-0.2188189632666088
4019,0.8,0.6615559661856012,1,0,1,1,-0.08370180022290369,-0.21925810944436036
4020,0.8,0.6695209476296262,1,0,1,1,-0.08389672829066361,-0.2192981418942967
4021,0.8,0.6901005438368114,1,0,1,1,-0.08324009297615535,-0.21919362218921468
4022,0.8,0.7159866382271151,1,0,0,1,-0.0780173716445221,-0.22057284104129044
4023,0.8,0.7181349421146455,1,0,0,1,-0.06556206498453612,-0.22316988280360744
4024,0.8,0.6883439318274092,1,0,0,1,-0.049201914854149376,-0.22551264266647778
4025,0.8,0.6674070117042581,1,0,0,1,-0.03573666602469428,-0.22618053722582138
4026,0.8,0.663481968405992,1,0,0,1,-0.02963921660103915,-0.22471201384134856
4027,0.8,0.6769737244514765,1,0,0,1,-0.02996287995114672,-0.22176373610889638
4028,0.8,0.7196745183744436,1,0,0,1,-0.03287762356292192,-0.21910267112603868
4029,0.8,0.7355059762470957,0,0,0,1,-0.03585533295276384,-0.21489619315062944
4030,0.8,0.8071135896432738,0,0,0,1,-0.034461357998451535,-0.209715160038265
4031,0.8,0.8291770646526755,0,0,0,1,-0.031525558247711756,-0.20224659719556456
4032,0.8,0.8614628117660202,0,0,0,1,-0.030898443804943627,-0.19150471200028887
4033,0.8,0.8968351154322438,0,1,0,1,-0.027967450223147616,-0.18361199071305623
4034,0.8,0.8900606681144637,0,1,0,1,-0.020685620325877986,-0.18367999992017514
4035,0.8,0.9052571669287007,0,1,0,0,-0.013804209049190105,-0.19720542137895308
4036,0.8,0.7524567052996799,0,1,1,0,-0.01116876643872539,-0.2079901998682323
4037,0.8,0.7204936340330036,0,1,1,0,-0.011322835029413166,-0.21183631450508547
4038,0.8,0.6630613229008541,0,1,1,0,-0.010041196504176007,-0.21709649510907444
4039,0.8,0.5833986664911284,0,1,1,0,-0.006179080125605562,-0.21711581575076272
4040,0.8,0.551147139643953,0,1,1,0,0.0014805718764484836,-0.21231946641463245
4041,0.8,0.5537982276179355,0,1,1,0,0.012434240682884939,-0.2079215226652277
4042,0.8,0.570884447846176,0,1,1,0,0.02284169866381691,-0.20557149870063143
4043,0.8,0.5818045924387941,0,1,1,0,0.030687934187657227,-0.20531825332951753
4044,0.8,0.6094493935003278,0,1,1,0,0.035233522329475964,-0.20562792400547147
4045,0.8,0.6355028771152317,0,1,1,0,0.0362285961561234,-0.20538431750241154
4046,0.8,0.6746090221891101,0,1,1,0,0.033062236490405135,-0.20550595107473615
4047,0.8,0.6818318270835382,1,1,1,0,0.025440027041595304,-0.20773020293054492
4048,0.8,0.6953864834509973,1,0,1,0,0.010804236524136913,-0.21235755947961965
4049,0.8,0.7149222225125955,1,0,1,1,-0.012434984040812136,-0.21687147351561387
4050,0.8,0.6475488382633035,1,0,1,1,-0.03131166272738419,-0.21513148168568516
4051,0.8,0.6782974032546262,1,0,1,1,-0.045446495569264424,-0.2103789935369591
4052,0.8,0.7052221170832318,1,0,1,1,-0.055207094438493275,-0.2090059563354736
4053,0.8,0.7201494794905219,1,0,1,1,-0.060006310710748606,-0.2089027631149491
4054,0.8,0.7342074996252399,1,0,1,1,-0.06212090372823693,-0.2094595361855057
4055,0.8,0.7461965283447923,1,0,1,1,-0.06295019470836134,-0.2104759211493152
4056,0.8,0.7344244166416974,1,0,0,1,-0.0599753079185925,-0.21176487906311423
4057,0.8,0.7435953370454853,1,0,0,1,-0.053999395530964,-0.2145605028671104
4058,0.8,0.7243080588994998,1,0,0,1,-0.045060448325836944,-0.21879138076287685
4059,0.8,0.7175660578875878,1,0,0,1,-0.03563504824061455,-0.22276393483318402
4060,0.8,0.6980707207849581,1,0,0,1,-0.028558996378444473,-0.22531000748340668
4061,0.8,0.7059445976039969,1,0,0,1,-0.026029430173531033,-0.2251318108401379
4062,0.8,0.7284509464965228,1,0,0,1,-0.02616427384547247,-0.22347609694880585
4063,0.8,0.7432655601325189,1,0,0,1,-0.027589411950600985,-0.22013862869676962
4064,0.8,0.7514114467305926,1,0,0,1,-0.029451726087445926,-0.21387229131475097
4065,0.8,0.8207237984370447,0,0,0,1,-0.028478665190662143,-0.20740312052684376
4066,0.8,0.8554535417914999,0,0,0,1,-0.02640489874999943,-0.19939231102142077
4067,0.8,0.9012969734376964,0,0,0,1,-0.02621776324135456,-0.18884297641074133
4068,0.8,0.9511842869115334,0,0,0,1,-0.0238602545452047,-0.18130657882664683
4069,0.8,0.9592183994172,0,1,0,1,-0.020618483004908816,-0.17441527713363766
4070,0.8,0.9841332699525812,0,1,0,1,-0.012656424654473643,-0.17192433630942267
4071,0.8,0.9699730005235591,0,1,1,1,-0.007362328305183167,-0.17360542577475072
4072,0.8,0.9300707163419778,0,1,1,0,-0.008177050569449227,-0.17774651585141632
4073,0.8,0.8683933475975067,0,1,1,0,-0.009806991443983015,-0.18201260447020512
4074,0.8,0.7837346951407622,0,1,1,0,-0.009538832882769023,-0.18161750021454687
4075,0.8,0.7481900112578553,0,1,1,0,-0.004431888646056256,-0.17851372114140426
4076,0.8,0.7616461206884924,0,1,1,0,0.0034006113718039006,-0.17620487484332864
4077,0.8,0.744475660679416,0,1,1,0,0.010448959332795195,-0.1733002428346463
4078,0.8,0.7646721365832277,0,1,1,0,0.017459691374843052,-0.16960395971719455
4079,0.8,0.7904820635423405,0,1,1,0,0.024480988251193776,-0.16708654747852628
4080,0.8,0.8184040637768891,0,1,1,0,0.029357389681931658,-0.16511920790291462
4081,0.8,0.854494649566446,0,1,1,0,0.03234491912391414,-0.16204748267689006
4082,0.8,0.87867569335318,0,1,1,0,0.031388275835449085,-0.15687128667260192
4083,0.8,0.9149545994312681,0,0,1,0,0.025428672940984578,-0.15020240128017362
4084,0.8,0.9452829820327132,0,0,1,0,0.01567705993050386,-0.14227212381351528
4085,0.8,0.9783897116652551,0,0,1,0,0.0017791142430105074,-0.13413478285882485
4086,0.8,0.9756869512303246,1,0,1,1,-0.013962679487648065,-0.125147564004881
4087,0.8,0.9303268460576841,1,0,1,1,-0.01988822702845346,-0.11034040894399136
4088,0.8,0.9508796399377253,1,0,1,1,-0.024193420077454522,-0.09929388905745287
4089,0.8,0.8998109244527724,1,0,0,1,-0.023412007407256404,-0.09515975435666231
4090,0.8,0.8813335586433804,1,0,0,1,-0.02101274045124547,-0.09298303325841203
4091,0.8,0.8230395752949202,1,0,0,1,-0.01955582432398399,-0.09131839884295505
4092,0.8,0.8002379740788389,1,0,0,1,-0.01806907915959182,-0.09067862611091644
4093,0.8,0.7873524307796168,1,0,0,1,-0.019194052732390138,-0.09048943462664913
4094,0.8,0.7901295675066188,1,0,0,1,-0.022309675954566937,-0.09112596434943608
4095,0.8,0.8099304674621215,1,0,0,1,-0.022293947115649013,-0.09266231927797815
4096,0.8,0.8021699484498812,1,0,0,1,-0.0210281073062216,-0.0931103884863014
4097,0.8,0.8119070199455496,1,0,0,1,-0.018066939453205023,-0.09051477033304274
4098,0.8,0.8232186557194701,1,0,0,1,-0.01697026347699505,-0.08579457794355162
4099,0.8,0.8550710818631413,1,0,0,1,-0.015414673587114576,-0.08200980762536482
4100,0.8,0.8823576246079132,1,0,0,1,-0.012402406741831271,-0.08014365767630191
4101,0.8,0.9192304057065699,1,0,0,1,-0.009934098937796343,-0.07754422206003389
4102,0.8,0.9729621646686787,0,0,0,1,-0.0031066771021046415,-0.07643940216540779
4103,0.8,1.0113924221485333,0,0,1,1,0.010061001142945525,-0.0745345969368691
4104,0.8,1.0346331915247835,0,0,1,1,0.019460122664861357,-0.06453982784148775
4105,0.8,1.0598667100226942,0,0,1,1,0.02698982259850937,-0.05139648480600395
4106,0.8,1.0875997552118626,0,1,1,1,0.029345850602842758,-0.036332281897083964
4107,0.8,1.093347236198501,0,1,1,0,0.026690662022152388,-0.022996174049168126
4108,0.8,1.1043029089387275,0,1,1,0,0.02356429044775813,-0.01336974190092955
4109,0.8,1.096361492901135,0,1,1,0,0.019365910009831323,-0.008627044621762793
4110,0.8,1.092665022978295,0,1,1,0,0.015016497425375749,-0.00927364601259818
4111,0.8,1.0743085142043107,0,1,1,0,0.011999434795839686,-0.01155710281164464
4112,0.8,1.0460175677201853,0,1,1,0,0.010542181433250784,-0.012347763199787263
4113,0.8,1.0262028229736158,0,1,1,0,0.010135587553327588,-0.011100268873517779
4114,0.8,1.0214803300698134,0,1,1,0,0.012159588699404594,-0.008147654189270293
4115,0.8,1.0467030204110461,0,1,1,0,0.016287675316167042,-0.004550652223235357
4116,0.8,1.0728252417409962,0,1,1,0,0.02035450875880167,-0.0017165340799266257
4117,0.8,1.0870134840554355,0,1,1,0,0.022207928441707128,0.0010455295442134407
4118,0.8,1.1092950377615156,0,1,1,0,0.022311913539013174,0.004248213643540294
4119,0.8,1.1291610381701105,0,1,1,0,0.023186019600719972,0.008195920791187602
4120,0.8,1.1558683748676069,0,1,1,0,0.022405350996862507,0.011504667910240284
4121,0.8,1.1568260228304856,1,1,1,0,0.02034852785113977,0.0138057480368403
4122,0.8,1.1589005088461581,1,0,1,0,0.012313736184941077,0.01349683984005993
4123,0.8,1.1639646970765698,1,0,1,0,-0.001781877724716892,0.010666661812413734
4124,0.8,1.137297458367183,1,0,1,0,-0.018791204370166206,0.006963324882437535
4125,0.8,1.0630327076099122,1,0,1,1,-0.030225511623766424,0.006334840788735734
4126,0.8,1.028699719769591,1,0,1,1,-0.03630367028275313,0.00969791539196763
4127,0.8,0.9998805355859812,1,0,0,1,-0.03986587113531424,0.010384467726618461
4128,0.8,0.9887721927722664,1,0,0,1,-0.04248749235410868,0.007668725271559478
4129,0.8,0.9465835096114329,1,0,0,1,-0.04318086458060211,0.005195558733153472
4130,0.8,0.9295043809310992,1,0,0,1,-0.0425432255437275,0.0031088901612439774
4131,0.8,0.9200276475928871,1,0,0,1,-0.04232846319015074,0.0006082026908556856
4132,0.8,0.9249488201653778,1,0,0,1,-0.04243068185524725,-0.0022239095179837584
4133,0.8,0.9416048333007022,1,0,0,1,-0.04001135923084562,-0.005506071898023108
4134,0.8,0.9604219632949186,1,0,0,1,-0.036414435837805924,-0.007668510950616635
4135,0.8,0.970692849770952,1,0,0,1,-0.032926248008550735,-0.006498706120667761
4136,0.8,0.9749933638500191,1,0,0,1,-0.03205745852665362,-0.0012861273121622843
4137,0.8,1.0137917297211056,1,0,0,1,-0.032565207419307844,0.0034934630311412424
4138,0.8,1.0359552535967056,1,0,0,1,-0.03395003280010132,0.007908307410976463
4139,0.8,1.055042933987051,1,0,0,1,-0.03688416816534405,0.015073643278740237
4140,0.8,1.1122245235346904,1,1,0,1,-0.03739635313483666,0.02052831855028774
4141,0.8,1.120284842982158,0,1,0,1,-0.02678319225528053,0.018908846606239173
4142,0.8,1.124464387598883,0,1,0,1,-0.012471107138265183,0.016166641912154812
4143,0.8,1.1379033466730268,0,1,1,1,0.0021832511533261354,0.013062730608881214
4144,0.8,1.0814183977479206,0,1,1,0,0.0033620205341144305,0.013797476786922818
4145,0.8,1.043878639527973,0,1,1,0,-0.00018020071081036393,0.013526837053903678
4146,0.8,1.0302656920529638,0,1,1,0,-0.001661520416122467,0.00997942665222593
4147,0.8,0.9975236433332022,0,1,1,0,-0.0007645066153959463,0.0045568606061543475
4148,0.8,0.9688182815796933,0,1,1,0,0.0024113259492621725,0.00035617795018086346
4149,0.8,0.9370480519129573,0,1,1,0,0.005743720911823097,-0.00179383171015069
4150,0.8,0.907981584765748,0,1,1,0,0.008973756299445088,-0.0015621732692513123
4151,0.8,0.8883708635838528,0,1,1,0,0.013429335291333543,0.0006043958183716447
4152,0.8,0.8785013231836233,0,1,1,0,0.017818460037764508,0.004026927816565417
4153,0.8,0.8755051474871807,0,1,1,0,0.022170073246004902,0.008217947420311046
4154,0.8,0.8844310703592463,0,1,1,0,0.02602610050484443,0.012077589083591338
4155,0.8,0.8959729284183725,0,1,1,0,0.030828810659026765,0.015944594544511557
4156,0.8,0.9209177299146594,0,1,1,0,0.03656398798525969,0.019856434755910316
4157,0.8,0.9476996789667834,0,1,1,0,0.041098568865004466,0.02361626205128935
4158,0.8,0.9095481842509805,1,1,1,0,0.03897710246885174,0.025038071369868155
4159,0.8,0.9173883238771162,1,1,1,0,0.035159214967686994,0.021380136173278736
4160,0.8,0.9138586373497913,1,1,1,0,0.0287570097751416,0.015181286280614627
4161,0.8,0.8813060540119503,1,0,1,0,0.01629558292587101,0.010033244627318201
4162,0.8,0.8591151608825156,1,0,1,1,0.0012238876404301164,0.005498267953732824
4163,0.8,0.8270378105504862,1,0,1,1,-0.008437387859920542,0.0029534430774774472
4164,0.8,0.7983347090317368,1,0,1,1,-0.013359325470891453,0.0019089464459098823
4165,0.8,0.7921296123974192,1,0,0,1,-0.016192478546699227,-0.00033652851774528566
4166,0.8,0.7862924526071509,1,0,0,1,-0.015424116973094372,-0.006710551928757457
4167,0.8,0.7418888668661032,1,0,0,1,-0.011141609540555328,-0.01309641189225804
4168,0.8,0.7269843853268024,1,0,0,1,-0.004868058524634127,-0.019053048374286053
4169,0.8,0.7195082604698937,1,0,0,1,0.0010395260218770163,-0.02620840635725251
4170,0.8,0.7121501885829635,1,0,0,1,0.004031817281360492,-0.0321455825933288
4171,0.8,0.727655521761319,1,0,0,1,0.0046074600568908105,-0.03725504466573343
4172,0.8,0.7406073963523426,1,0,0,1,0.006838519983828814,-0.04142739904939396
4173,0.8,0.7487924646950955,0,0,0,1,0.009122892562004702,-0.04286039837709384
4174,0.8,0.7924471447195259,1,0,0,1,0.010404830853840478,-0.042315630780209744
4175,0.8,0.7884473131373497,1,0,0,1,0.011397855483745473,-0.03915340364526039
4176,0.8,0.8224212474218587,1,0,0,1,0.012155552291428616,-0.03393273414887827
4177,0.8,0.8598437965764321,1,0,0,1,0.011395751543995475,-0.028568863819208784
4178,0.8,0.9225471594365153,0,0,0,1,0.012947475119527502,-0.024746556804091727
4179,0.8,0.9805700353841116,0,0,0,1,0.021958478164730136,-0.020897166008222515
4180,0.8,1.0272953715090705,0,0,0,1,0.037707838118479726,-0.015277679822370388
4181,0.8,1.0145265395183558,0,0,1,1,0.04845423734927063,-0.0018627207834534705
4182,0.8,1.0467292892450457,0,0,1,1,0.0527539352341021,0.01643583739646824
4183,0.8,1.0723737532727249,0,1,1,0,0.053587499771232436,0.0319394535516125
4184,0.8,1.0599281556296123,0,1,1,0,0.052335665788584465,0.04203476447226209
4185,0.8,1.048924842583622,0,1,1,0,0.049181165751073126,0.047691313223906476
4186,0.8,1.0345826990390192,0,1,1,0,0.04788450282546044,0.05199713226124129
4187,0.8,1.0368102820114975,0,1,1,0,0.05022600436521344,0.05659326552656445
4188,0.8,1.0480218393734746,0,1,1,0,0.055454785399356554,0.06097846726260701
4189,0.8,1.081133821271464,0,1,1,0,0.06192060309553724,0.06600447024668742
4190,0.8,1.1181822092757123,0,1,1,0,0.06665190364136904,0.07050090534538385
4191,0.8,1.1516741867494757,0,1,1,0,0.07115189609325888,0.07432345845987975
4192,0.8,1.1666605368143517,0,1,1,0,0.07471118127188071,0.07883537997582168
4193,0.8,1.1924913728739608,0,1,1,0,0.07582526708509305,0.08317790642581871
4194,0.8,1.22198261575486,0,1,1,0,0.07634717837957093,0.08706715627477218
4195,0.8,1.243799961103629,0,0,1,0,0.07533453898422852,0.09183375313668951
4196,0.8,1.2809404896396321,0,0,1,0,0.07154377351328207,0.09732991443539447
4197,0.8,1.307235494251425,0,0,1,0,0.06360704539193696,0.10326836977466232
4198,0.8,1.3417982575210237,1,0,1,0,0.051682616729355514,0.1088844150715284
4199,0.8,1.348094722838154,1,0,1,0,0.037690553453615855,0.11159150492391723
4200,0.8,1.294945912114868,1,0,0,1,0.034588606509807045,0.11656525427619897
4201,0.8,1.2703888550846236,1,0,0,1,0.039586762967265106,0.1229997936601853
4202,0.8,1.2359689294009317,1,0,0,1,0.04437826917901137,0.12681477634570149
4203,0.8,1.19195741959687,1,0,0,1,0.04739334177135755,0.13011133134961653
4204,0.8,1.1681169646336338,1,0,0,1,0.04663848777925984,0.13261519345213688
4205,0.8,1.163550000381848,1,0,0,1,0.04290017919973921,0.1327512657210662
4206,0.8,1.1643501985150613,1,0,0,1,0.03967856695977249,0.1307365429768835
4207,0.8,1.1549508006435967,1,0,0,1,0.039324501082938924,0.12795949379660826
4208,0.8,1.1492495408392278,1,0,0,1,0.03979246680630689,0.1275215222212647
4209,0.8,1.1457993405603548,0,0,0,1,0.038266015988946724,0.13041170881977332
4210,0.8,1.1595405996342816,0,0,0,1,0.03482187744292898,0.1352738830735262
4211,0.8,1.1710097969247928,1,0,0,1,0.03147436738663266,0.1393038289416942
4212,0.8,1.1633218152012115,1,0,0,1,0.026242533987214347,0.14544228566581163
4213,0.8,1.1762218435266365,1,0,0,1,0.019266149254021175,0.1526240334869666
4214,0.8,1.2127330347892602,1,0,0,1,0.017572251916957507,0.156021796879623
4215,0.8,1.199572487825289,1,0,0,1,0.019006512285551783,0.16016554248033799
4216,0.8,1.1658435295753862,1,1,1,1,0.024141487214101094,0.16482790728438795
4217,0.8,1.1140042228620277,1,1,1,1,0.0226828455158742,0.17274733456921315
4218,0.8,1.0633615763167998,0,1,1,0,0.017164597022093015,0.1819538334504894
4219,0.8,1.065803817292868,0,1,1,0,0.013183932363360872,0.18673644919603272
4220,0.8,1.0859280946693377,0,1,1,0,0.013129041466537083,0.18570371715950246
4221,0.8,1.0925024785399484,0,1,1,0,0.015341977178877794,0.18209903287684476
4222,0.8,1.0993197158993284,0,1,1,0,0.01863362144253577,0.18015406738447634
4223,0.8,1.1068870475102708,0,1,1,0,0.020390973273138685,0.17996780065592133
4224,0.8,1.10243603174008,0,1,1,0,0.018821879998387563,0.18140407648061424
4225,0.8,1.0840436572393202,0,1,1,0,0.015978445346933517,0.18454077081421924
4226,0.8,1.0707651064821118,0,1,1,0,0.01717078167235649,0.18982308813612592
4227,0.8,1.0569961688354514,0,1,1,0,0.022037167571620997,0.1960358600889306
4228,0.8,1.0535216075113374,0,1,0,0,0.02689117526141137,0.2016632154262407
4229,0.8,1.0588633428159107,0,1,0,0,0.031643482789861475,0.2060891431173742
4230,0.8,1.0656318524355983,0,1,0,0,0.035800548681967324,0.20917621973559067
4231,0.8,1.079577088946285,0,1,1,0,0.041081980739103297,0.21174736724896834
4232,0.8,1.0915966775965618,0,1,1,0,0.04558633855276925,0.21401311261699668
4233,0.8,1.1181887839555067,0,1,1,0,0.04594036588543564,0.21676451276481784
4234,0.8,1.1042610892231537,1,1,1,0,0.0397495167014533,0.2168747433331504
4235,0.8,1.1043589801171108,1,1,1,0,0.03153239171499221,0.21252617732654186
4236,0.8,1.0537027337764793,1,0,1,1,0.023031399606839458,0.20903132539210362
4237,0.8,1.0273372314385933,1,0,1,1,0.01967386550093795,0.2111563744166739
4238,0.8,1.0191411010560798,1,0,0,1,0.01722530146530302,0.21047507671922364
4239,0.8,1.001510956991253,1,0,0,1,0.016587117119562487,0.20776070212851858
4240,0.8,0.9948385152638003,1,0,0,1,0.016689281045638223,0.20429334177436265
4241,0.8,0.9704335893277902,1,0,0,1,0.01692370980561561,0.2017731996089635
4242,0.8,0.9735865767144168,1,0,0,1,0.0180390590929513,0.19912583245420218
4243,0.8,0.9720044385409224,1,0,0,1,0.019557406438202585,0.1950677798898343
4244,0.8,0.9757413199406963,1,0,0,1,0.02172433119352135,0.1903846859534101
4245,0.8,0.9833706828653946,1,0,0,1,0.02405654739324526,0.18565368338712238
4246,0.8,1.0003793098426126,1,0,0,1,0.026986144309049876,0.18153890941156228
4247,0.8,1.0117441885711698,0,0,0,1,0.030400787707522997,0.17938551749380724
4248,0.8,1.032461549638369,1,0,0,1,0.03296713378203766,0.1798066737593913
4249,0.8,1.0465467934903836,1,0,0,1,0.03510411137400074,0.18142211114190168
4250,0.8,1.0473048642183684,1,0,0,1,0.035540111634749204,0.18442136076148682
4251,0.8,1.0671932291522688,1,0,0,1,0.03358447892514013,0.18855475704624558
4252,0.8,1.1022613799232583,1,0,0,1,0.03044423713400843,0.19316326188888522
4253,0.8,1.1500169399483458,1,0,0,1,0.030135844959816555,0.19548972033881162
4254,0.8,1.1707367392207295,1,1,0,1,0.03278241562703468,0.19763922888111166
4255,0.8,1.1562485454948253,1,1,0,1,0.03778138672617425,0.19787642552926146
4256,0.8,1.0569712047639972,1,1,1,0,0.03476258026503882,0.19870057602475266
4257,0.8,1.0425479926331498,0,1,1,0,0.028498172616093487,0.200744287249186
4258,0.8,1.0548778106640144,0,1,1,0,0.026375404586864992,0.19756657082386597
4259,0.8,1.0699879130265348,0,1,1,0,0.028797767253562066,0.19342507767341421
4260,0.8,1.0862681324310017,0,1,1,0,0.0344708418176339,0.1909328540690989
4261,0.8,1.092589130046606,0,1,1,0,0.03965252951932676,0.1916679802684533
4262,0.8,1.0984493839818594,0,1,1,0,0.041220908113046635,0.19469750267238048
4263,0.8,1.092324426443448,0,1,1,0,0.03921159532488779,0.19860370461962995
4264,0.8,1.0714136337795026,0,1,1,0,0.03644035095679238,0.20363016405263218
4265,0.8,1.0543635024598594,0,1,1,0,0.03781849384518566,0.21023666610281538
4266,0.8,1.039182206335147,0,1,0,0,0.04222488416792352,0.21710024708286424
4267,0.8,1.0375732611371837,0,1,0,0,0.046807336039734665,0.22296535520314403
4268,0.8,1.0389832048284855,0,1,0,0,0.05142834351577534,0.22769423850006254
4269,0.8,1.0451526934718411,0,1,0,0,0.0561243752176093,0.23161831820574152
4270,0.8,1.0638485181121182,0,1,0,0,0.06230775200005798,0.23485183618614427
4271,0.8,1.0897722587254823,1,1,1,0,0.06758546914550255,0.2357724028857948
4272,0.8,1.078413327832182,1,1,1,0,0.062300082101259195,0.2335193620805736
4273,0.8,1.0654885338814368,1,1,1,0,0.052881133138346414,0.22767447287091247
4274,0.8,1.0413535764055686,1,1,1,0,0.0413212222678239,0.22017371485650436
4275,0.8,0.9888110815296982,1,0,1,1,0.028028016891918042,0.2132499975157766
4276,0.8,0.9655011903376299,1,0,1,1,0.020806419884683732,0.2107832238925339
4277,0.8,0.9629849099613165,1,0,0,1,0.01492702612162282,0.2071568086194592
4278,0.8,0.9828339840525789,1,0,0,1,0.012504940775272281,0.19985732070801096
4279,0.8,0.9785872000008679,1,0,0,1,0.012761026433620034,0.19114917637891674
4280,0.8,0.9559485116382704,1,0,0,1,0.017473608267105836,0.18583520974023718
4281,0.8,0.950531280776877,1,0,0,1,0.023832330914329004,0.18297364359009738
4282,0.8,0.9394759383146235,1,0,0,1,0.02837680656491985,0.18221886590375472
4283,0.8,0.9390885337697771,1,0,0,1,0.030415292732906725,0.1825337746525294
4284,0.8,0.9370608266515772,1,0,0,1,0.03014688545933097,0.18374127143831695
4285,0.8,0.9499478398201192,1,0,0,1,0.030493690140086627,0.18502471587643007
4286,0.8,0.9627901765689576,1,0,0,1,0.030984437826747806,0.18663191067995555
4287,0.8,0.965326443169018,1,0,0,1,0.02907196317177987,0.19023670527616302
4288,0.8,0.9527098952376645,1,0,0,1,0.024415241604634562,0.19565578710166992
4289,0.8,0.9682713527821857,1,0,0,1,0.018155069277274494,0.2013971403739556
4290,0.8,0.9946589922225793,1,0,0,1,0.011279932006374997,0.2066730464439381
4291,0.8,1.0259257527547678,1,0,0,1,0.004723881631477324,0.2125384008065203
4292,0.8,1.0446179216172342,1,1,0,1,0.0058472673819014035,0.21495233150263232
4293,0.8,1.0222116387014812,1,1,0,1,0.014399292228464448,0.2123823170082285
4294,0.8,0.9904443409640058,0,1,0,0,0.022369903719422574,0.20667304627153868
4295,0.8,0.9300586397495126,0,1,1,0,0.02446658499753011,0.19965227657539963
4296,0.8,0.9275351837353729,0,1,1,0,0.020688062147231057,0.19399008644274968
4297,0.8,0.9316560981697394,0,1,1,0,0.016024337112894256,0.18651310251376724
4298,0.8,0.9414624007262835,0,1,1,0,0.012574242869508274,0.17959993368870342
4299,0.8,0.9498908899657222,0,1,1,0,0.01108339727282906,0.1750744640083931
4300,0.8,0.9453431119903888,0,1,1,0,0.00851249234029555,0.17381403960123024
4301,0.8,0.9366700468419467,0,1,1,0,0.004373027889070597,0.17494951118714291
4302,0.8,0.9182682712858946,0,1,1,0,0.0013287480373302078,0.17731600911522682
4303,0.8,0.906042585464777,0,1,1,0,0.0016986816914286943,0.18098722449721227
4304,0.8,0.9041734420168569,0,1,1,0,0.0026889390759908716,0.18438008443327725
4305,0.8,0.9118646526206083,0,1,1,0,0.002420204253151056,0.1867431514504388
4306,0.8,0.9139965235313249,0,1,1,0,0.0012009854300024608,0.1889937330158793
4307,0.8,0.9250849497323167,0,1,1,0,0.00011519189414579902,0.19127241911493725
4308,0.8,0.9465934573332625,0,1,1,0,0.0001705969600915911,0.1931287280474736
4309,0.8,0.9798642541744234,0,1,1,0,-0.0004633946380925293,0.1938796735773227
4310,0.8,1.0155776137556884,0,1,1,0,-0.0032907541720811045,0.19395640649883086
4311,0.8,1.0561183380759223,0,1,1,0,-0.0073758008247922615,0.19421099842378567
4312,0.8,1.055265301878649,1,1,1,1,-0.011434397653610685,0.19559245586075893
4313,0.8,1.0282429313540267,1,0,1,1,-0.0105846742566131,0.20298847754764968
4314,0.8,0.9934565787991436,1,0,0,1,-0.00781499157004081,0.21070162265081888
4315,0.8,0.9883075812187839,1,0,0,1,-0.005477413977873271,0.21416287361236094
4316,0.8,0.9804528962280329,1,0,0,1,-0.0065871784934490325,0.2151611914167639
4317,0.8,0.9685442480502449,1,0,0,1,-0.009374220896297688,0.21682097967006106
4318,0.8,0.9769825163586857,1,0,0,1,-0.012919379122837128,0.21759567304294306
4319,0.8,0.9815686977293503,1,0,0,1,-0.016129583306832746,0.21719977917618485
4320,0.8,1.0026666549321912,1,0,0,1,-0.01627009829664532,0.2144223344273437
4321,0.8,1.0193759011654484,1,0,0,1,-0.01342956183290651,0.20885807712204507
4322,0.8,1.0192925530619612,1,0,0,1,-0.01001864305812537,0.20435720415447886
4323,0.8,1.0119426656425319,1,0,0,1,-0.007187572343471279,0.20367223488631125
4324,0.8,1.0018639194700707,1,0,0,1,-0.006877929017768414,0.20670878705648288
4325,0.8,1.0006967454775832,1,0,0,1,-0.008488312628887855,0.21112823712419343
4326,0.8,0.9919881995188136,1,0,0,1,-0.011380816507521943,0.21645952097779564
4327,0.8,0.9948211323192997,1,0,0,1,-0.01533053562885309,0.22220588647718909
4328,0.8,1.0204896706342335,1,0,0,1,-0.02094665596704099,0.2277233648393538
4329,0.8,1.054806288960001,1,1,0,1,-0.025956027508703447,0.23254881626612292
4330,0.8,1.0644095595824272,1,1,0,1,-0.020026982939606634,0.2320767067295433
4331,0.8,1.0275719024618744,1,1,0,1,-0.012022620685888136,0.22889100612457783
4332,0.8,1.002690315101287,1,1,0,1,-0.005390516518992962,0.22446585717920842
4333,0.8,0.9591296925820169,1,1,1,0,-0.002174936771711839,0.218242393778319
4334,0.8,0.8923343860488366,0,1,1,0,-0.002749258049302774,0.21274308531046085
4335,0.8,0.896533760639497,0,1,1,0,-0.0007338854352442122,0.20498812592566695
4336,0.8,0.9159249311436745,0,1,1,0,0.0033922144088844707,0.19464709380263084
4337,0.8,0.9218562354790881,0,1,1,0,0.008383380480329373,0.18621133571193368
4338,0.8,0.9272283523814586,0,1,1,0,0.01256363782755408,0.1821892411696505
4339,0.8,0.9347286688364115,0,1,1,0,0.013763140517161963,0.18191882278827243
4340,0.8,0.9412330814487659,0,1,1,0,0.01244636664290688,0.18376511374045804
4341,0.8,0.9337156747962606,0,1,1,0,0.009689154870515089,0.1873920131401609
4342,0.8,0.9145239481162617,0,1,1,0,0.008515864312587216,0.19311661328881344
4343,0.8,0.9001686924464097,0,1,1,0,0.010537337055319188,0.20050377506628164
4344,0.8,0.8847378094192367,0,1,1,0,0.014895851021628546,0.20810156812681124
4345,0.8,0.8740033175391687,0,1,0,0,0.021096893607761586,0.21580755671923885
4346,0.8,0.8656476861305733,0,1,0,0,0.02822650317358895,0.22338293489229033
4347,0.8,0.877235957051881,0,1,0,0,0.03673299492136603,0.23017967235836
4348,0.8,0.9003487086157668,0,1,0,0,0.04817810021639837,0.2357986650657765
4349,0.8,0.9107975844517279,1,1,1,0,0.05665032741019982,0.23772468232263733
4350,0.8,0.928157301080548,1,1,1,0,0.05335240572247693,0.2335665647582286
4351,0.8,0.9288735527935419,1,1,1,0,0.047310687856484464,0.22682862495228273
4352,0.8,0.9104709222632831,1,1,1,0,0.039343169331606455,0.21969416397198976
4353,0.8,0.859550744467053,1,0,1,1,0.03138299585162796,0.21363334086822544
4354,0.8,0.8591850489860248,1,0,1,1,0.026793270114841002,0.21053983943733462
4355,0.8,0.8637662554171212,1,0,0,1,0.02185083582382126,0.20411457028336608
4356,0.8,0.8694004108972361,1,0,0,1,0.019997375744261792,0.19486121260887676
4357,0.8,0.8757999562849219,1,0,0,1,0.021042032138856793,0.18480497181361255
4358,0.8,0.8641711633240104,1,0,0,1,0.025860998511985048,0.17696269796422234
4359,0.8,0.8577661095917144,1,0,0,1,0.03414422769267851,0.1717234749334501
4360,0.8,0.8550985732682704,1,0,0,1,0.04289368728406054,0.1681559701640956
4361,0.8,0.8514672701390407,1,0,0,1,0.04959275517484384,0.16614765894008438
4362,0.8,0.8515561505423382,1,0,0,1,0.05306590821149606,0.1654505540508623
4363,0.8,0.855544526906298,1,0,0,1,0.054682600290349145,0.16538778135410126
4364,0.8,0.8567223980217343,1,0,0,1,0.055936058050568394,0.16610614911990307
4365,0.8,0.8504668146794251,1,0,0,1,0.05447474567439742,0.16977813231617156
4366,0.8,0.8534389049252852,1,0,0,1,0.051169897036600506,0.17462129156641218
4367,0.8,0.8607034471536104,1,0,0,1,0.04891818513147845,0.17887476774404978
4368,0.8,0.8570322394009784,1,0,0,1,0.04587468443457449,0.18513619435487189
4369,0.8,0.8808230350738767,1,0,0,1,0.04040053774292279,0.1933570503699058
4370,0.8,0.9428754222201964,1,0,0,1,0.03823513381924801,0.19773507758823533
4371,0.8,0.9464714104026778,1,1,0,1,0.04113732350021458,0.20100758535571805
4372,0.8,0.9470298192124939,1,1,1,1,0.04953118500279113,0.20147061377429065
4373,0.8,0.9460356199516614,0,1,1,1,0.05172050282382313,0.20545102309933794
4374,0.8,0.9737514432437406,0,1,1,0,0.051907112621994246,0.20882972979523684
4375,0.8,0.9515153949714628,0,1,1,0,0.04843341232925882,0.21087304568287524
4376,0.8,0.955387834399624,0,1,1,0,0.04344449455205075,0.21078303267020002
4377,0.8,0.9702936482139976,0,1,1,0,0.039873723425702536,0.20680048365799666
4378,0.8,0.9745456455443166,0,1,1,0,0.03708821007930267,0.20084153757958476
4379,0.8,0.98109681847081,0,1,1,0,0.03489145926690079,0.19567990312674696
4380,0.8,0.9849540323715522,0,1,1,0,0.032353003567990334,0.19238822679232453
4381,0.8,0.980599711401645,0,1,1,0,0.03020004060112307,0.19155022111794032
4382,0.8,0.9748288215546259,0,1,1,0,0.0307178211555343,0.19332833573723213
4383,0.8,0.9674691464333592,0,1,1,0,0.033711711028873326,0.19743296158007553
4384,0.8,0.960342224637592,0,1,1,0,0.037365459793916894,0.20247238293342126
4385,0.8,0.9548435797496824,0,1,1,0,0.042687702990718744,0.2079931965635834
4386,0.8,0.9519842558092384,0,1,1,0,0.049368192703027836,0.21358653237929764
4387,0.8,0.9450345441520787,1,1,1,0,0.056727579467364626,0.21910268185719
4388,0.8,0.8679737319023608,1,1,1,0,0.051929790562025,0.21903800941899554
4389,0.8,0.8071301559363389,1,1,1,0,0.039828212159703655,0.21075720326246186
4390,0.8,0.7775686857195381,1,1,1,0,0.021095115585031483,0.19624795329486727
4391,0.8,0.7675519326633848,1,1,1,0,0.0031426756210325294,0.17647849778121888
4392,0.8,0.7411841962304693,1,0,1,0,-0.011920059830385252,0.15575773358510725
4393,0.8,0.7458476970928098,1,0,1,0,-0.027789290332285728,0.13701553245965276
4394,0.8,0.7503366671690852,1,0,1,1,-0.04386159751266285,0.120233935264097
4395,0.8,0.7405923228313992,1,0,1,1,-0.053293938035628166,0.11024028448850777
4396,0.8,0.7511392704880571,1,0,1,1,-0.06039431224176414,0.10377204417179509
4397,0.8,0.7571695112574826,1,0,0,1,-0.06461097724945254,0.0981072604514098
4398,0.8,0.7383894882161108,1,0,0,1,-0.06439496463624107,0.09527931386984848
4399,0.8,0.7486881060033262,1,0,0,1,-0.06431696907684557,0.09611647472444404
4400,0.8,0.7439602745939096,1,0,0,1,-0.06487961101004087,0.09946310560089401
4401,0.8,0.7424647727822988,1,0,0,1,-0.06703637002948426,0.1054114065427043
4402,0.8,0.7559567380865887,1,0,0,1,-0.0710176163416609,0.11210707334775302
4403,0.8,0.781972539523567,1,0,0,1,-0.0774822988326495,0.11850648635971164
4404,0.8,0.8254211164812002,1,0,0,1,-0.08750218291432398,0.12444692434063938
4405,0.8,0.8574457581988313,1,0,0,1,-0.09865894160388394,0.13130457633215717
4406,0.8,0.9044125643805807,0,0,0,1,-0.11030987255120982,0.1393475300044119
4407,0.8,0.9224039816076595,0,1,0,1,-0.12136055415687663,0.14836676392956066
4408,0.8,0.9239527526653757,0,1,0,1,-0.11801840083532912,0.1491891422548855
4409,0.8,0.8917929398772166,0,1,0,1,-0.10957265407944035,0.14253345118798985
4410,0.8,0.9133083140310152,0,1,0,1,-0.09979004228714575,0.1290163411968985
4411,0.8,0.9219182037598952,0,1,0,1,-0.08392957869048995,0.1068861368662804
4412,0.8,0.9013176869781292,0,1,0,1,-0.06974905941655404,0.08215930106147723
4413,0.8,0.8301975850904117,0,1,0,0,-0.061009986990729514,0.054691923343853886
4414,0.8,0.8203899066635303,0,1,0,0,-0.051150793784506196,0.02543848831827073
4415,0.8,0.8129003505367993,0,0,0,0,-0.04362380907194161,-0.004791461121730985
4416,0.8,0.8439887810823493,0,0,0,0,-0.03824212785690409,-0.03730790764963795
4417,0.8,0.8287269873823001,0,0,1,0,-0.03491953908584125,-0.0692126140906169
4418,0.8,0.7655820234575176,0,0,1,0,-0.03869217447968907,-0.0870311878710608
4419,0.8,0.7136509326695701,0,0,1,0,-0.045093174762290605,-0.09100639260512106
4420,0.8,0.712733758055066,0,0,1,0,-0.0498092672795792,-0.08763287973358598
4421,0.8,0.7099936877718539,0,0,1,0,-0.05323408354666104,-0.08130963443940728
4422,0.8,0.7030258468220952,0,0,1,0,-0.05644417650447717,-0.07203790362539984
4423,0.8,0.7101851885467081,0,0,1,0,-0.05880024615360119,-0.06125552141505246
4424,0.8,0.7285199974878425,0,1,1,0,-0.06059155207062232,-0.050348099124941884
4425,0.8,0.7568829359964439,0,1,1,0,-0.05891980609109929,-0.04103529882511585
4426,0.8,0.7857094532342135,0,1,1,0,-0.057132146898339765,-0.03366711731222272
4427,0.8,0.7994317131808358,0,1,1,1,-0.05532195930422338,-0.02717007966746699
4428,0.8,0.7952744691032902,0,0,1,1,-0.0521156743550659,-0.013271282041209153
4429,0.8,0.8039050008942421,1,0,1,1,-0.053144677620562505,0.004922275015737543
4430,0.8,0.8267318290587237,1,0,0,1,-0.05855023351019901,0.017981079707805655
4431,0.8,0.7830628024043154,1,0,0,1,-0.060560602060669086,0.026317752391146743
4432,0.8,0.7543506389764973,1,0,0,1,-0.0594162660500328,0.03383515137693936
4433,0.8,0.738660880933636,1,0,0,1,-0.05875442376769638,0.03685590052616315
4434,0.8,0.7184423797715245,1,0,0,1,-0.0611320005963691,0.03591047916526815
4435,0.8,0.7260834428952563,1,0,0,1,-0.06479120235210292,0.03175697158593683
4436,0.8,0.752185824442436,1,0,0,1,-0.06657295741494153,0.02245420314252746
4437,0.8,0.7682026063699617,1,0,0,1,-0.06521745482419468,0.011007588025282377
4438,0.8,0.7812638188285178,1,0,0,1,-0.06090649980410035,0.0008799742645569045
4439,0.8,0.7845578735765318,1,0,0,1,-0.05398699003423453,-0.0050814553265707925
4440,0.8,0.7797628397208453,1,0,0,1,-0.04801938536031609,-0.005350507030621859
4441,0.8,0.7910880898799049,1,0,0,1,-0.04361809440722464,-0.0031479821096945877
4442,0.8,0.8218739159360435,1,0,0,1,-0.040498717251672076,-0.000930184325712077
4443,0.8,0.851238255951546,1,0,0,1,-0.03745029042836862,-0.0005032108018690238
4444,0.8,0.8805717683391513,1,0,0,1,-0.03621559680176722,0.0014261563101687841
4445,0.8,0.9586686814679859,1,0,0,1,-0.032505535672325406,0.00014762432205179946
4446,0.8,0.9567859225087777,1,1,0,1,-0.0235846038852698,-0.0020040236271676
4447,0.8,0.9774631469383603,1,1,0,1,-0.009529369817623009,-0.00639149792648278
4448,0.8,0.9680570560634744,0,1,1,1,0.001890282371046508,-0.009767225138319504
4449,0.8,0.9635311495143503,0,1,1,0,0.006113231240054541,-0.011320285779776309
4450,0.8,0.9596193482716224,0,1,1,0,0.009288891985679094,-0.01327732463092259
4451,0.8,0.9413142086571695,0,1,1,0,0.010671543619699032,-0.013671885644292127
4452,0.8,0.9215825025043635,0,1,1,0,0.012479751106822399,-0.013324532304124654
4453,0.8,0.9169896322762873,0,1,1,0,0.017875369111937156,-0.011839429586493021
4454,0.8,0.9078158554563116,0,1,1,0,0.024445469092866292,-0.009537225669674831
4455,0.8,0.8988837878126203,0,1,1,0,0.028973035344150945,-0.0061467960010437245
4456,0.8,0.8877753612083686,0,1,1,0,0.03075484712572843,-0.0025721563025170834
4457,0.8,0.8807213935705959,0,1,1,0,0.03271438245105396,0.0016227858252022868
4458,0.8,0.8870570123813317,0,1,1,0,0.036519112211525324,0.0063725758380870886
4459,0.8,0.9042782414908612,0,1,1,0,0.04019647381822011,0.010409992781557936
4460,0.8,0.9203147477141757,0,1,1,0,0.04276700248493183,0.013585414430113173
4461,0.8,0.943919888277187,0,1,1,0,0.043881279936368596,0.01609806113942823
4462,0.8,0.9837662054720087,0,1,1,0,0.04521616158468509,0.01848533488216534
4463,0.8,1.0282837464813435,0,1,1,0,0.04686875295005465,0.021002240204708762
4464,0.8,1.0266929798873086,1,1,1,0,0.04493764612354081,0.022748001028026148
4465,0.8,1.0349535421521614,1,1,1,0,0.0388319051377414,0.02048710058598075
4466,0.8,1.0367383179922842,1,0,1,0,0.02907192687263892,0.01674018467474939
4467,0.8,1.0322632393723183,1,0,1,0,0.014886636852753196,0.012987659890184858
4468,0.8,1.0314610961322186,1,0,1,1,-0.0013690846182939493,0.008443025087483541
4469,0.8,0.9886200530621111,1,0,1,1,-0.010694320609017129,0.006279483191613268
4470,0.8,0.9631816590389167,1,0,0,1,-0.015603708636609979,0.005360364408555886
4471,0.8,0.9464879793367544,1,0,0,1,-0.017633171171858947,0.001664480037582626
4472,0.8,0.9273134644604919,1,0,0,1,-0.017637735791523144,-0.0041218365238230555
4473,0.8,0.8818847138333323,1,0,0,1,-0.014605006791611008,-0.008535244443212275
4474,0.8,0.8564293803171886,1,0,0,1,-0.011885966606855302,-0.011013500746015944
4475,0.8,0.8461831700118024,1,0,0,1,-0.01116087413089968,-0.013626265052357358
4476,0.8,0.8499598095293849,0,0,0,1,-0.011703492822444471,-0.016163098444868247
4477,0.8,0.8761539147138026,0,0,0,1,-0.01256854454188324,-0.019252516013462215
4478,0.8,0.9027829336521066,0,0,0,1,-0.0120366755270627,-0.021929753627367744
4479,0.8,0.9172163177977586,0,0,0,1,-0.011849589288825436,-0.021283510686525384
4480,0.8,0.9275210952514318,0,0,0,1,-0.011604710778639771,-0.017209524907975893
4481,0.8,0.9607679206380684,1,0,0,1,-0.012940878806746886,-0.011403577232692582
4482,0.8,0.9938027356085697,0,0,0,1,-0.014984026361417506,-0.005211219937660389
4483,0.8,1.043914775121153,1,0,0,1,-0.01596709057503464,0.001034289844846183
4484,0.8,1.0833381948219531,0,1,0,1,-0.012121366471586965,0.007072412675570528
4485,0.8,1.1322561303629197,0,1,0,1,0.00012467088400885495,0.010148673793268842
4486,0.8,1.153259685288478,0,1,1,1,0.015024262541042395,0.010680398371554115
4487,0.8,1.113378351976951,0,1,1,0,0.017440961269763078,0.014931660068723663
4488,0.8,1.0620739725874095,0,1,1,0,0.012409382858066767,0.01818434843302182
4489,0.8,1.0423339958325197,0,1,1,0,0.007562679597267067,0.017215258931401405
4490,0.8,1.0071452213209078,0,1,1,0,0.00708038963881648,0.013536608555691863
4491,0.8,0.9755491138652587,0,1,1,0,0.00980055672029676,0.009839926249050411
4492,0.8,0.9456455194539046,0,1,1,0,0.0144029431364728,0.0077445886585898165
4493,0.8,0.919146348080346,0,1,1,0,0.01906148630780336,0.007394056444745087
4494,0.8,0.9083733630191517,0,1,1,0,0.024628619280022596,0.008554977439760131
4495,0.8,0.9119635557653224,0,1,1,0,0.02987942761261755,0.01037461938905449
4496,0.8,0.9101902828344289,0,1,1,0,0.03388586897234478,0.013050304071382933
4497,0.8,0.9205855710407754,0,1,1,0,0.035605418399993406,0.015715504382627293
4498,0.8,0.932902568907488,0,1,1,0,0.03669130529409692,0.018302143562531233
4499,0.8,0.9535982826604824,0,1,1,0,0.038571633353997395,0.02124202715349979
4500,0.8,0.9777317837329137,0,1,1,0,0.039857406163825326,0.02440686060712591
4501,0.8,0.9565396051937574,1,1,1,0,0.03651140071995684,0.025808263507291207
4502,0.8,0.961857351707896,1,1,1,0,0.03122504863698318,0.022374931631951617
4503,0.8,0.9545527844809459,1,0,1,0,0.023541879163966006,0.01689716224854149
4504,0.8,0.9406453853067843,1,0,1,0,0.009091122348805197,0.011647904254415187
4505,0.8,0.9333850559605309,1,0,1,1,-0.00893703288638024,0.006210179108738097
4506,0.8,0.886773595881275,1,0,1,1,-0.019898279064051963,0.004293194722130057
4507,0.8,0.8684246958858121,1,0,1,1,-0.026155901985440537,0.004212488998451101
4508,0.8,0.854649678055496,1,0,0,1,-0.02986383398883705,0.0024876513158399102
4509,0.8,0.8526144467438445,1,0,0,1,-0.029152072784466954,-0.0031927240635472257
4510,0.8,0.8360697928002133,1,0,0,1,-0.025143969659626814,-0.011016153077324096
4511,0.8,0.8013085029432221,1,0,0,1,-0.019383238274701724,-0.016590077873883242
4512,0.8,0.7855505737698255,1,0,0,1,-0.014725159342163533,-0.01980653320365131
4513,0.8,0.7924914663576957,1,0,0,1,-0.012262617694643953,-0.023018357290032272
4514,0.8,0.796411912579922,1,0,0,1,-0.010614453303281323,-0.025665869605997912
4515,0.8,0.8165019403218903,0,0,0,1,-0.00882788518703019,-0.02756695029632512
4516,0.8,0.8554472707679696,0,0,0,1,-0.006625016013214734,-0.02918031106342956
4517,0.8,0.8805492054885886,1,0,0,1,-0.005349919046291737,-0.0287095094631822
4518,0.8,0.8680907194852457,0,0,0,1,-0.005512516266710929,-0.023700898614905326
4519,0.8,0.931044057545795,1,0,0,1,-0.005943488723570125,-0.018882551914161348
4520,0.8,0.9492534102484842,0,0,0,1,-0.00837049599479161,-0.013698665509044899
4521,0.8,1.0060825662283601,1,0,0,1,-0.009963131339817603,-0.008202521746959289
4522,0.8,1.0547752021232444,0,0,0,1,-0.005070253748349291,-0.0040810765955425
4523,0.8,1.0686957933660584,0,1,0,1,0.008211456939683571,0.00013754745832797598
4524,0.8,1.0934253477934495,0,1,1,1,0.024788036093408083,0.0015028468229360467
4525,0.8,1.0450528937175572,0,1,1,0,0.025573329676057157,0.005935510148778412
4526,0.8,1.0062271430071472,0,1,1,0,0.019690857345233365,0.008779293004659315
4527,0.8,0.9981817567866349,0,1,1,0,0.016243985353978564,0.008902247330270693
4528,0.8,0.9797451464664582,0,1,1,0,0.015765589379675454,0.00624584536384955
4529,0.8,0.9476953905940146,0,1,1,0,0.017952355913289753,0.005396260470532282
4530,0.8,0.918971604105649,0,1,1,0,0.02208552283348642,0.0071447119250887346
4531,0.8,0.9087006909863289,0,1,1,0,0.027928216987299033,0.010486622766737771
4532,0.8,0.92045528186077,0,1,1,0,0.033234417240308636,0.01311373237216813
4533,0.8,0.9283060146670249,0,1,1,0,0.03804943998273161,0.015511569330612747
4534,0.8,0.9441670451472518,0,1,1,0,0.04176573585722312,0.017744966447582836
4535,0.8,0.9621570738327118,0,1,1,0,0.042962155549579994,0.018680127310759416
4536,0.8,0.9891566054668397,0,1,1,0,0.042658954123661746,0.019398392176087954
4537,0.8,1.0198377994154748,0,1,1,0,0.04182468569489739,0.021070390144086765
4538,0.8,1.037718070459507,1,1,1,0,0.03911288007208192,0.023145118295959742
4539,0.8,1.0245798262597687,1,1,1,0,0.03263646024802894,0.022143303169680287
4540,0.8,1.0172472399490482,1,0,1,0,0.023808519963840095,0.01940832643225964
4541,0.8,1.0050134081577535,1,0,1,0,0.008312157105400104,0.015690373239194533
4542,0.8,1.006534252812051,1,0,1,0,-0.01012099395339087,0.010721747969119653
4543,0.8,0.9890392045304854,1,0,1,1,-0.026825026042564672,0.005452614644111714
4544,0.8,0.9607639765819187,1,0,1,1,-0.033031632919837135,0.0056953953429481575
4545,0.8,0.9541425799216925,1,0,0,1,-0.03617237749751543,0.004992748484079611
4546,0.8,0.9366302077879305,1,0,0,1,-0.03561850657396712,0.0008999726910612541
4547,0.8,0.8962890590134388,1,0,0,1,-0.03131649106232796,-0.0029867866938397647
4548,0.8,0.8810695456248536,1,0,0,1,-0.026427764608533858,-0.005918225666508886
4549,0.8,0.8714799543522129,1,0,0,1,-0.024191743864799855,-0.008624435357876763
4550,0.8,0.8762345725686396,1,0,0,1,-0.02453241714596465,-0.011296263586501695
4551,0.8,0.8899222582871608,0,0,0,1,-0.02432167343986242,-0.01399882507324928
4552,0.8,0.926332899862736,0,0,0,1,-0.023835156290112288,-0.01642270418742949
4553,0.8,0.9573314723172104,0,0,0,1,-0.022703035496345825,-0.017709150269528125
4554,0.8,0.9702803134598112,1,0,0,1,-0.022319521703035507,-0.015079781932529157
4555,0.8,0.9782448831719989,0,0,0,1,-0.02241083946906202,-0.008925655225184733
4556,0.8,1.0283905846463228,0,0,0,1,-0.024785702834044986,-0.0017287242773214259
4557,0.8,1.0733462336724686,0,0,0,1,-0.02633025095999282,0.005233707379131821
4558,0.8,1.1201736603187866,0,0,0,1,-0.025400268690455165,0.013981239273029177
4559,0.8,1.1017161829894677,0,1,0,1,-0.013823549519070588,0.019161555124094225
4560,0.8,1.1419423109081759,0,1,0,1,0.0022822198964181093,0.01746361223372053
4561,0.8,1.166736879552947,0,1,1,1,0.01754531876858767,0.011791026102114915
4562,0.8,1.1268181043550214,0,1,1,0,0.020770247683993236,0.009548023712706806
4563,0.8,1.0713075560650198,0,1,1,0,0.015033472118775289,0.008618195110580255
4564,0.8,1.04465962841907,0,1,1,0,0.0099319155389125,0.0057130551285932436
4565,0.8,1.0213745549554272,0,1,1,0,0.009328387584141933,0.0015042579299436442
4566,0.8,0.9925820254576252,0,1,1,0,0.011349514105170351,-0.001754080414909645
4567,0.8,0.9663734596626004,0,1,1,0,0.01580320235376928,-0.0023808118893092756
4568,0.8,0.9601473551653258,0,1,1,0,0.022044281805362494,-2.3584897554628704e-05
4569,0.8,0.9690757811332967,0,1,1,0,0.028958093439240395,0.0036514170942109855
4570,0.8,0.9794670604493074,0,0,1,0,0.03468750293993283,0.008068753580408889
4571,0.8,1.0026755529705815,0,1,1,0,0.0394393102861415,0.012346573674187901
4572,0.8,1.0083024280242578,0,0,1,0,0.04205477925143382,0.01681325997073513
4573,0.8,1.0467392383426914,0,1,1,0,0.043830083069899425,0.021502026651889307
4574,0.8,1.07114701509099,0,1,1,0,0.044799555059241304,0.027025645892713803
4575,0.8,1.0303699470116803,1,1,1,0,0.03932950152497079,0.03146080118296768
4576,0.8,1.0048859157914067,1,0,1,0,0.030774881428661346,0.03167718232839574
4577,0.8,0.9954796911287814,1,0,1,0,0.019558902090733944,0.02970641022925397
4578,0.8,0.9934181665788961,1,0,1,0,0.005548297178290176,0.02436809943277618
4579,0.8,0.9946837091900085,1,0,1,0,-0.010086675623874223,0.016577234321489057
4580,0.8,0.9637783705594142,1,0,1,1,-0.0206451585178643,0.01081760054285073
4581,0.8,0.943059300580428,1,0,0,1,-0.02434859297319838,0.008875171488042106
4582,0.8,0.9278016028560672,1,0,0,1,-0.025345042322769677,0.00462480069475697
4583,0.8,0.8999888246675137,1,0,0,1,-0.0227296263487664,-0.0014612899622499752
4584,0.8,0.8570293774906003,1,0,0,1,-0.018081369638336155,-0.005624553192836561
4585,0.8,0.8395336814246013,1,0,0,1,-0.015338053605340967,-0.008289575147044983
4586,0.8,0.8271255039123336,1,0,0,1,-0.01651391213595202,-0.010560346018075505
4587,0.8,0.8352792661232661,0,0,0,1,-0.019360386377097003,-0.012350452920544729
4588,0.8,0.8669187076965905,0,0,0,1,-0.021618073863423043,-0.015003260973802175
4589,0.8,0.9020477053350173,0,0,0,1,-0.0236954857421068,-0.01736506732726767
4590,0.8,0.9187608371919954,0,0,0,1,-0.025939418606531203,-0.016542926057096893
4591,0.8,0.9389548219134473,0,0,0,1,-0.029153986894824006,-0.011681783111808047
4592,0.8,0.9831342313377018,0,0,0,1,-0.03421394298884892,-0.004579833782873886
4593,0.8,1.022896757575464,0,0,0,1,-0.038107354425590316,0.003060943489859975
4594,0.8,1.0659818002399402,0,0,0,1,-0.03909800296835564,0.012461848368101472
4595,0.8,1.0532448511055787,0,1,0,1,-0.029637969665178072,0.018727550537925696
4596,0.8,1.0922588233681423,0,1,0,1,-0.015077294742490904,0.018085892408530486
4597,0.8,1.118672958149299,0,1,0,1,-0.0014737544703381821,0.01344662134834072
4598,0.8,1.1258423306505039,0,1,1,1,0.008699985014587566,0.007267202676472407
4599,0.8,1.1178030120105376,0,1,1,0,0.009701033801546969,0.003913324909239219
4600,0.8,1.0618907709106993,0,1,1,0,0.005513654393842369,-0.0004054405144181445
4601,0.8,1.0074190833117562,0,1,1,0,0.0010671293070544838,-0.002820042831778485
4602,0.8,1.0005295100990548,0,1,1,0,0.00011999991561301268,-0.005510696312747756
4603,0.8,0.9786272550138164,0,1,1,0,0.00037615216997789096,-0.0095305031753045
4604,0.8,0.9462636541543473,0,1,1,0,0.0034157313229440226,-0.009419712156181844
4605,0.8,0.9379056248418625,0,1,1,0,0.009398214607933397,-0.006099605559663756
4606,0.8,0.948839000390188,0,1,1,0,0.016828461858044805,-0.0012024845755990697
4607,0.8,0.9643052238294726,0,1,1,0,0.02355104987600014,0.0038946698365720884
4608,0.8,0.9722330694043302,0,0,1,0,0.02853325872750374,0.009309078182732031
4609,0.8,1.0030084137368058,0,0,1,0,0.03177138891291563,0.014284366092623589
4610,0.8,1.0309675631921693,0,1,1,0,0.03514824435089648,0.02032417017652176
4611,0.8,1.060282032079603,1,1,1,0,0.03624160907983282,0.027617798442861753
4612,0.8,1.010296588176736,1,0,1,0,0.028938777885346018,0.033415849168748755
4613,0.8,1.0000934825491403,1,0,1,0,0.017489953485310895,0.03486901047093869
4614,0.8,1.023443372604596,1,0,1,0,0.0006546387366322493,0.03029583027221594
4615,0.8,1.027024371206155,1,0,1,0,-0.01843541786704448,0.02194389350478795
4616,0.8,0.951382650348244,1,0,1,1,-0.027342467135618345,0.018725226887624367
4617,0.8,0.9339829906171221,1,0,1,1,-0.02957179163549423,0.018648580554129043
4618,0.8,0.9137603656441169,1,0,0,1,-0.02993333155309236,0.01365579322438876
4619,0.8,0.8742829764497345,1,0,0,1,-0.02777409012928808,0.006476521337117247
4620,0.8,0.8388636770545299,1,0,0,1,-0.024535175445499022,0.0004175126210196211
4621,0.8,0.8226828112307416,1,0,0,1,-0.022775454133178222,-0.004890346023813065
4622,0.8,0.8216586082333078,1,0,0,1,-0.02415120701932432,-0.010231992296399523
4623,0.8,0.8364297499843982,0,0,0,1,-0.0255209493184986,-0.014956151593047409
4624,0.8,0.8701019000503983,0,0,0,1,-0.02642861368150131,-0.019741207560740635
4625,0.8,0.8963350875563579,0,0,0,1,-0.026271555079678936,-0.02312302080288724
4626,0.8,0.9188836411933248,0,0,0,1,-0.026334440599735578,-0.023223714921278202
4627,0.8,0.9303422655000384,0,0,0,1,-0.02692523440116675,-0.01950770575659005
4628,0.8,0.9674170068153685,0,0,0,1,-0.030108326018031272,-0.013019205869524202
4629,0.8,1.0054585255782402,0,0,0,1,-0.032711454710050665,-0.00626706793787578
4630,0.8,1.0482457976446147,0,0,0,1,-0.0338922587872588,0.0005226747355007126
4631,0.8,1.0881863777305953,0,1,0,1,-0.026868696560402833,0.00588582259458092
4632,0.8,1.122315434401053,0,1,0,1,-0.013871979304343897,0.008333709050561333
4633,0.8,1.1484166557908912,0,1,0,1,-0.0002800155631841215,0.008212876834189461
4634,0.8,1.152575300019583,0,1,1,1,0.008634914786700702,0.00702366847429306
4635,0.8,1.0936292544849906,0,1,1,0,0.005587139079537725,0.007268247728921219
4636,0.8,1.055296715894267,0,1,1,0,0.0012223950119830446,0.006329166070961415
4637,0.8,1.0312029520040966,0,1,1,0,0.0001620894454831371,0.003499570516684793
4638,0.8,1.0083154977849553,0,1,1,0,0.00040951780498687867,-0.0011977808153400239
4639,0.8,0.965159349155444,0,1,1,0,0.0020122946936485453,-0.003578491458046875
4640,0.8,0.929448044597584,0,1,1,0,0.0060149012615086095,-0.0018926330947634966
4641,0.8,0.9229376619444486,0,1,1,0,0.012083825171261912,0.0018632912175719826
4642,0.8,0.9363785958790092,0,1,1,0,0.018769128446010613,0.0054663669163330635
4643,0.8,0.9464916363996295,0,1,1,0,0.02505802430997681,0.00899293215908615
4644,0.8,0.9496749017192754,0,0,1,0,0.028883437737572275,0.01261232063473605
4645,0.8,0.9797938257778377,0,1,1,0,0.0317253584912767,0.016212113806128282
4646,0.8,0.9965823249144934,0,1,1,0,0.03391605604729129,0.02069239936779151
4647,0.8,1.0112807536176391,1,1,1,0,0.03421547431664576,0.026605670487898463
4648,0.8,0.9806399059514092,1,0,1,0,0.030033537791648423,0.02972438655959311
4649,0.8,0.9656197789125507,1,0,1,0,0.020214199331472893,0.02894524829203943
4650,0.8,0.9643229572957579,1,0,1,0,0.004732408090262944,0.024563844718467905
4651,0.8,0.9695355165414408,1,0,1,1,-0.013736577920974252,0.017378078359971988
4652,0.8,0.9128304412417323,1,0,1,1,-0.023292428357100853,0.01418572133332328
4653,0.8,0.8914381690313345,1,0,1,1,-0.026723662135673606,0.013747525708992943
4654,0.8,0.8806090926161598,1,0,0,1,-0.02837403498520921,0.009759935979125256
4655,0.8,0.8544401838908321,1,0,0,1,-0.026892650963725864,0.0021159988414734573
4656,0.8,0.8234930553329276,1,0,0,1,-0.02293460049697374,-0.005494713251393213
4657,0.8,0.8127883173796226,1,0,0,1,-0.01739126560220725,-0.012865251080495424
4658,0.8,0.8054923532342171,1,0,0,1,-0.012808460018978897,-0.020077896231123698
4659,0.8,0.8082930167801773,0,0,0,1,-0.010801589829475652,-0.025000495700992977
4660,0.8,0.838510394792394,0,0,0,1,-0.009500761928454183,-0.02907244257842189
4661,0.8,0.8690268054677408,0,0,0,1,-0.0063185918991874365,-0.033027890909220405
4662,0.8,0.8828541321426786,0,0,0,1,-0.003422961160365644,-0.03413799619425933
4663,0.8,0.8837455145384439,0,0,0,1,-0.0018455389825685837,-0.030966526567034233
4664,0.8,0.9152014101623167,0,0,0,1,-0.002290427835557582,-0.025914939581424733
4665,0.8,0.9523714906542393,0,0,0,1,-0.004229055225406149,-0.020619367080042514
4666,0.8,0.9802242633158504,0,0,0,1,-0.0064278539202451196,-0.014208743021837928
4667,0.8,1.0547201453661095,0,0,0,1,-0.004868766725964392,-0.009373216829029786
4668,0.8,1.0767443254714788,0,0,0,1,0.0030707023273278343,-0.0028425392108506853
4669,0.8,1.0856420134105298,0,1,0,1,0.018057810843801217,0.003098967786579742
4670,0.8,1.0835637237328732,0,1,1,1,0.02970286794608882,0.0076306150750462855
4671,0.8,1.0721304516830892,0,1,1,0,0.030969612461323792,0.015802185541469147
4672,0.8,1.0386194294652569,0,1,1,0,0.02638071643805319,0.020059079870063348
4673,0.8,1.0255030307916868,0,1,1,0,0.02239737620217196,0.020258505085607437
4674,0.8,1.0072796046448165,0,1,1,0,0.02212911540794468,0.017463853896976102
4675,0.8,0.9865529494551865,0,1,1,0,0.024639966166488447,0.013999502465537234
4676,0.8,0.9615848057074724,0,1,1,0,0.028900031837367023,0.012667744859996553
4677,0.8,0.9416850033561939,0,1,1,0,0.03368539222992158,0.014313213154831339
4678,0.8,0.9448125759361115,0,1,1,0,0.039604800127561984,0.017825856722073926
4679,0.8,0.968227706008654,0,1,1,0,0.04559120064852843,0.020814526899804363
4680,0.8,0.971862038442387,0,1,1,0,0.05053484958439556,0.023655448344839073
4681,0.8,0.9847645069361409,0,1,1,0,0.05238197264347542,0.02668181308108179
4682,0.8,0.9932149430056091,0,1,1,0,0.05223376947494884,0.02930958769090134
4683,0.8,1.020354869463846,0,1,1,0,0.05161290056737286,0.03177057608352892
4684,0.8,1.0464228422298334,0,1,1,0,0.05148122960123639,0.03466452369974432
4685,0.8,0.9771207640331037,1,1,1,0,0.043207685442943414,0.0342424599438133
4686,0.8,0.9645137857664366,1,0,1,0,0.0324466853282452,0.02866033504604739
4687,0.8,-0.011603473019882156,1,1,1,1,-0.00037637279160354534,-0.0010435317921076482
4688,0.8,-0.07174504649529503,1,0,1,1,-0.005259257549722908,0.012315777339333728
4689,0.8,-0.07935273476143372,1,0,0,1,-0.01522881911057564,0.029139198553780433
4690,0.8,-0.11969903227021203,1,0,0,1,-0.02545808032396551,0.039451883154663955
4691,0.8,-0.09776925091262272,1,0,0,1,-0.0335377569231122,0.04481779265294616
4692,0.8,-0.10682205948958451,1,0,0,1,-0.04186175383496974,0.0451036331699347
4693,0.8,-0.11444044229886055,1,0,0,1,-0.048450090496753195,0.045187016609230884
4694,0.8,-0.11284686572759384,1,0,0,1,-0.054581929648888555,0.04467624615101795
4695,0.8,-0.09328731324361682,0,0,0,1,-0.057309364319386796,0.041302402155055706
4696,0.8,-0.09265378292037015,1,0,0,1,-0.05468092120603445,0.035756234493958046
4697,0.8,-0.10605138131381324,1,0,0,1,-0.046643378549671564,0.03017990798535196
4698,0.8,-0.11086925804558358,1,0,0,1,-0.03709944456330192,0.025220352010165092
4699,0.8,-0.10679459016795396,1,0,0,1,-0.02866677372527943,0.020643458924494717
4700,0.8,-0.08564409720655829,1,0,0,1,-0.023591066161722483,0.017373197760642608
4701,0.8,-0.06999422723545479,1,0,0,1,-0.02225559624406342,0.016354944080846572
4702,0.8,-0.0317381692521791,1,0,0,1,-0.023028663478288847,0.016202221049104324
4703,0.8,0.003076384255016184,0,0,0,1,-0.02397127801249767,0.016157003089336625
4704,0.8,0.09908169158485607,0,0,0,1,-0.018444206758517077,0.0161214977330028
4705,0.8,0.1142008085722496,0,1,0,1,-0.010020915104141048,0.02220031691850303
4706,0.8,0.20291312526576138,0,1,0,1,0.0007751021351647187,0.026837204884293746
4707,0.8,0.23601916906980255,0,1,0,1,0.01680031883666086,0.024264909143289992
4708,0.8,0.20891047697352022,0,1,1,0,0.026937472180981133,0.013036066187550512
4709,0.8,0.21143834474133466,0,1,1,0,0.021073388732001992,0.0012696151756857283
4710,0.8,0.23588436310686423,0,1,1,0,0.011184618273535396,-0.015371077366188575
4711,0.8,0.22778787622900576,0,1,1,0,-0.00044115870502207423,-0.032873283554766264
4712,0.8,0.19300880600369558,0,1,1,0,-0.011568038535071842,-0.045306161001243794
4713,0.8,0.15999514598949832,0,1,1,0,-0.01915764901454155,-0.05183965814884028
4714,0.8,0.15292183708665577,0,1,1,0,-0.021466987885290903,-0.05514367316139768
4715,0.8,0.18063891902560308,0,1,1,0,-0.02025507142522694,-0.05880067682454411
4716,0.8,0.19583288287828088,0,1,1,0,-0.020644194346848423,-0.06480492519295485
4717,0.8,0.2252095267280153,0,1,1,0,-0.023767793867353882,-0.07366958494759349
4718,0.8,0.26516077620719236,0,1,1,0,-0.02759109022315716,-0.08329494557605255
4719,0.8,0.3120802603101529,0,1,1,0,-0.03431406893082749,-0.09324837152389828
4720,0.8,0.3552512146298109,0,1,1,0,-0.046687931250535365,-0.10492757784160128
4721,0.8,0.3233576898992136,0,1,1,1,-0.06288047505279956,-0.11402631034376308
4722,0.8,0.2895700844797325,0,0,1,1,-0.07403492612850318,-0.1113811946679795
4723,0.8,0.3149098113259925,0,0,1,1,-0.0861756502913971,-0.10413349729898141
4724,0.8,0.3468973522530112,0,0,1,1,-0.0999624487918655,-0.09677832399113118
4725,0.8,0.38358613605263353,0,0,1,1,-0.11292432967689475,-0.09016759378905172
4726,0.8,0.4183354230447486,0,0,1,1,-0.12417254216846907,-0.08490223460176392
4727,0.8,0.45795055640034227,0,0,1,1,-0.13226502844015392,-0.08130543665456956
4728,0.8,0.47930590730064365,0,0,1,1,-0.13726414492161393,-0.07849395031690103
4729,0.8,0.5274583791301994,0,0,1,1,-0.13990488998600176,-0.07612873017624575
4730,0.8,0.5541121661432906,0,0,1,1,-0.14099191335053776,-0.07388796981876575
4731,0.8,0.5562203359779994,0,0,0,1,-0.13964029059976152,-0.06930259163220231
4732,0.8,0.606675382881191,0,0,0,1,-0.13454237595852853,-0.06446021402088177
4733,0.8,0.6107796188588146,0,0,0,1,-0.12189954220951102,-0.06146106997634825
4734,0.8,0.5973904993706082,0,0,0,1,-0.1030863941674608,-0.05744578858674404
4735,0.8,0.5840884859041494,0,0,0,1,-0.08268819991895576,-0.05156971833355549
4736,0.8,0.5938936404341285,0,0,0,1,-0.06590656727667732,-0.04379613702864174
4737,0.8,0.6328060947558989,0,0,0,1,-0.05525152923796236,-0.034851674093634315
4738,0.8,0.687466017558168,1,0,0,1,-0.05049308402128835,-0.02579322556343399
4739,0.8,0.7073604890590605,0,0,0,1,-0.05108923340234545,-0.01581270575316179
4740,0.8,0.7396071013934181,0,0,0,1,-0.05244092397197849,-0.005616288804261299
4741,0.8,0.7593363529525602,0,0,0,1,-0.05229069225419846,0.005668617531649083
4742,0.8,0.8250237963268032,0,0,0,1,-0.05490710144098286,0.01872425213705547
4743,0.8,0.8277328664680836,0,1,0,1,-0.05612294205882017,0.031227865385623672
4744,0.8,0.8664586980717619,0,1,0,1,-0.04601935380264995,0.0335049911525969
4745,0.8,0.8902245136825264,0,1,0,1,-0.03271188538952289,0.027897810651345164
4746,0.8,0.9346091214043869,0,1,0,1,-0.018065875080928676,0.01692279723005825
4747,0.8,0.9635745145571661,0,1,1,1,-0.0033302429610600954,0.003601146637667875
4748,0.8,0.9141239546568024,0,1,1,0,-0.0012466237216091534,-0.0069509749954466595
4749,0.8,0.8993268342601779,0,1,1,0,-0.00016990013168301666,-0.014237929097728983
4750,0.8,0.9158692792350489,0,1,1,0,0.0014450707252970417,-0.021694301992844157
4751,0.8,0.8780629426741946,0,1,1,0,0.0018438485524752922,-0.02466777991252501
4752,0.8,0.8759913269213367,0,1,1,0,0.003513407343292675,-0.02305681778436367
4753,0.8,0.8939022400179553,0,1,1,0,0.00820636775667271,-0.01953083564713819
4754,0.8,0.9158613430634902,0,1,1,0,0.0161019576376742,-0.014217833998279604
4755,0.8,0.9401539194420316,0,0,1,0,0.023968955900994418,-0.00787274599972245
4756,0.8,0.9666959931255729,0,1,1,0,0.0312007794966821,-6.629005962239302e-05
4757,0.8,1.0032623739393822,0,0,1,0,0.037957066241308506,0.00929933785776734
4758,0.8,1.04072703548313,0,0,1,0,0.044209581972149276,0.019798112823654096
4759,0.8,1.0320208458823155,1,0,1,0,0.04409261146332764,0.029389342406228196
4760,0.8,1.0103719276961385,1,0,1,0,0.03466253458393205,0.03365082566246359
4761,0.8,1.0084312333595797,1,0,1,0,0.023510730051165277,0.033460956226517916
4762,0.8,1.03293940844116,1,0,1,0,0.010142652212604065,0.02841141046094919
4763,0.8,1.0644886968530665,1,0,1,0,-0.004537207840367947,0.019595271374293524
4764,0.8,1.0598055519701581,1,0,1,1,-0.016647060808647456,0.010351217049391655
4765,0.8,1.031872183920477,1,0,0,1,-0.0184698169524447,0.007304863024803225
4766,0.8,0.9966804556167578,1,0,0,1,-0.015683779814387705,0.003661982362779418
4767,0.8,0.9473297584424399,1,0,0,1,-0.011985367127215625,3.203120428834927e-05
4768,0.8,0.9016821138779468,1,0,0,1,-0.010989860928822261,-0.0010686145161692001
4769,0.8,0.8894040707651751,1,0,0,1,-0.014950590496578962,-0.0016674225210987197
4770,0.8,0.8964881132650963,0,0,0,1,-0.019016559504347295,-0.003535462116326661
4771,0.8,0.9078039104066424,0,0,0,1,-0.022193435545611633,-0.005606663214874328
4772,0.8,0.9245270773838192,0,0,0,1,-0.024902133941106692,-0.006562499541715392
4773,0.8,0.947960208780986,0,0,0,1,-0.028657216856403767,-0.005191947596328949
4774,0.8,0.9545185146181879,0,0,0,1,-0.03320946992360754,-0.0004691784929542729
4775,0.8,0.9808758513406358,0,0,0,1,-0.04029597588385026,0.008238357224847476
4776,0.8,1.03372255753103,0,0,0,1,-0.045533594254452955,0.01628245649064456
4777,0.8,1.0407223524113038,0,1,0,1,-0.04927961984407397,0.02550465043559752
4778,0.8,1.0430036468697812,0,1,0,1,-0.0424389588059289,0.028834340498432212
4779,0.8,1.0486010877794876,0,1,0,1,-0.02968258789775156,0.02773662790739446
4780,0.8,1.0682381097366065,0,1,0,1,-0.014223919432516321,0.023473539940587526
4781,0.8,1.0831502019925638,0,1,1,1,0.0012425971382500805,0.016031381644838527
4782,0.8,1.047268558439711,0,1,1,0,0.005134561336524208,0.012676249659308038
4783,0.8,0.9872811654008268,0,1,1,0,0.000223185437850153,0.009504626128981173
4784,0.8,0.954299412705466,0,1,1,0,-0.004484353311046281,0.0050655628895188865
4785,0.8,0.9470037067781244,0,1,1,0,-0.005774494059125349,-0.0021314188131988567
4786,0.8,0.9217733275484635,0,1,1,0,-0.006255455368821522,-0.010529488991577945
4787,0.8,0.8884295888146139,0,1,1,0,-0.005362913622310822,-0.015431412212326927
4788,0.8,0.8617188567212797,0,1,1,0,-0.0026613437905129603,-0.015873248730664518
4789,0.8,0.8716572950290702,0,0,1,0,0.0012860144806828297,-0.01358838670561338
4790,0.8,0.8952660128966898,0,0,1,0,0.0051148390821554035,-0.011134521260150987
4791,0.8,0.9007302940693039,0,0,1,0,0.00783499810796675,-0.007906423366221445
4792,0.8,0.9079919684704554,0,1,1,0,0.009587452630067836,-0.003837299348458678
4793,0.8,0.9191555169230841,0,1,1,0,0.010624276530893628,0.00047558523444393176
4794,0.8,0.9501563985182326,0,1,1,0,0.011548975663081423,0.004941432226298856
4795,0.8,0.9835450565285311,0,1,1,0,0.012448965902954592,0.008813168319824346
4796,0.8,0.9920870889464752,1,1,1,0,0.01242598585579014,0.013262914128076305
4797,0.8,0.9627898783158657,1,0,1,0,0.005664747385491648,0.017035928897526895
4798,0.8,0.9633816839052379,1,0,1,0,-0.006459790798464529,0.017369244973348404
4799,0.8,0.9666664473195646,1,0,1,0,-0.02216525558919019,0.013356937018177164
4800,0.8,0.9152265542826815,1,0,0,1,-0.031536592121689716,0.010693655885004247
4801,0.8,0.8846453462860178,1,0,0,1,-0.03131051636111366,0.01017276236877333
4802,0.8,0.8511145941230811,1,0,0,1,-0.027964742117214156,0.006634751179471142
4803,0.8,0.8032374863102849,1,0,0,1,-0.02324068790712128,0.0027088367545111355
4804,0.8,0.7589203187961591,1,0,0,1,-0.019484408339516746,-0.0003016818696366409
4805,0.8,0.7424961761465215,1,0,0,1,-0.019667335489152945,-0.003634258817550052
4806,0.8,0.7435652569818734,1,0,0,1,-0.022321880738772462,-0.008826156006678042
4807,0.8,0.7581555369538566,0,0,0,1,-0.02455341288257945,-0.015344429221507161
4808,0.8,0.7862563564054599,0,0,0,1,-0.024116668564507733,-0.022475412553612316
4809,0.8,0.7865435009807521,0,0,0,1,-0.022041057371888058,-0.026509890088939565
4810,0.8,0.7985518015546228,0,0,0,1,-0.019087545275496866,-0.026101524292730733
4811,0.8,0.8214958302246834,1,0,0,1,-0.01520581421982561,-0.02437806577816997
4812,0.8,0.8355069013123435,1,0,0,1,-0.011979513038612685,-0.02130945155528008
4813,0.8,0.8759010634481346,1,0,0,1,-0.010290874839436578,-0.018041518748416852
4814,0.8,0.9409479212082767,1,1,0,1,-0.007252153392165606,-0.01733288266737799
4815,0.8,0.9272337166213505,1,1,0,1,0.004367907831429762,-0.0214450791564731
4816,0.8,0.9503334250927862,0,1,0,1,0.018158300474864456,-0.026619020576720366
4817,0.8,0.9507630942442078,0,1,1,1,0.03340013268797486,-0.02781534971258534
4818,0.8,0.9842431512155625,0,1,1,1,0.0455303711755033,-0.023455722950005746
4819,0.8,0.9669880287066704,0,1,1,0,0.05384948303687616,-0.019948173911986732
4820,0.8,0.8931913264817627,0,1,1,0,0.05464720062911738,-0.014994697601486034
4821,0.8,0.877849009643946,0,1,1,0,0.05520825328148556,-0.011023912435307657
4822,0.8,0.8704113920769345,0,1,1,0,0.0588476700170155,-0.010260861138868335
4823,0.8,0.870237477072491,0,1,1,0,0.06272378768953771,-0.01128324676500472
4824,0.8,0.8675220804903655,0,1,1,0,0.06678048457963469,-0.011116854657708421
4825,0.8,0.878222101456115,0,1,1,0,0.07020195015554243,-0.009092813991390778
4826,0.8,0.8924879565554337,0,1,1,0,0.07314474700685542,-0.005481950385579021
4827,0.8,0.8983336169183734,0,1,1,0,0.07547257459209361,-0.00032625854679919957
4828,0.8,0.9262488537601026,0,1,1,0,0.07692101360091434,0.0048158965537448166
4829,0.8,0.9404881479826047,0,1,1,0,0.07730117101649592,0.010008023375160286
4830,0.8,0.9570808932896023,0,0,1,0,0.07721077299748308,0.015396950613243707
4831,0.8,0.8444912714290221,1,0,1,0,0.07019257142890094,0.018456856557087373
4832,0.8,0.7513013005208875,1,0,0,0,0.05522082930525971,0.012835146723915157
4833,0.8,0.6958078531433398,1,0,0,0,0.03515538580619053,-0.0012739848831938912
4834,0.8,0.6744147722831582,1,0,1,0,0.012575347916502938,-0.025271002618689205
4835,0.8,0.6457751568414547,1,0,1,0,-0.01150742371345878,-0.05271777176751743
4836,0.8,0.6384898569466583,1,0,1,0,-0.03383820353322169,-0.07784207699994745
4837,0.8,0.627724920551936,1,0,1,1,-0.05147547122262885,-0.09826998437455248
4838,0.8,0.6293906400807515,1,0,1,1,-0.059069784928090126,-0.1103148799027785
4839,0.8,0.6209208402494052,0,0,0,1,-0.061302761069307904,-0.12047388764516591
4840,0.8,0.6562836392658925,0,0,0,1,-0.06412412202575432,-0.1319861863682879
4841,0.8,0.674210750491761,0,0,0,1,-0.06571328079827717,-0.14408061286198506
4842,0.8,0.6529826987870707,0,0,0,1,-0.06295757755704653,-0.15233783859475206
4843,0.8,0.6292397818279484,0,0,0,1,-0.05733173628984954,-0.15502759287325368
4844,0.8,0.6330423463129486,0,0,0,1,-0.0517661205812941,-0.15390498281638304
4845,0.8,0.6616678637877703,0,0,0,1,-0.04999841088553453,-0.15094464983268865
4846,0.8,0.6830314945279888,0,0,0,1,-0.05083098141890925,-0.14618723849215812
4847,0.8,0.6881004806041027,0,0,0,1,-0.054117723162030805,-0.13880201410940238
4848,0.8,0.6968673829921729,0,0,0,1,-0.05849998386941678,-0.12988137334605385
4849,0.8,0.7345436255374433,0,0,0,1,-0.06535371595142835,-0.12054373202095439
4850,0.8,0.7409553542530294,0,1,0,1,-0.073177925792088,-0.11059807077212495
4851,0.8,0.8037482795943429,0,1,0,1,-0.06693572325874302,-0.11073819186304233
4852,0.8,0.7776920737948284,0,1,0,1,-0.05551276629288876,-0.1162662340885276
4853,0.8,0.800336551215668,0,1,0,1,-0.04152393078001228,-0.12419663435788324
4854,0.8,0.8174807008394315,0,1,0,1,-0.026213731516380106,-0.13569576121827945
4855,0.8,0.8293788885835602,0,1,0,1,-0.013406179650779284,-0.1486850651752729
4856,0.8,0.7919526843466408,0,1,1,0,-0.007588649952418724,-0.16512643951514086
4857,0.8,0.7662886085140036,0,1,1,0,-0.0058806720824130625,-0.18239063178366285
4858,0.8,0.7445368948022919,0,1,1,0,-0.007365911982760365,-0.19716707831776883
4859,0.8,0.6935922961728173,0,1,1,0,-0.010063035169881588,-0.20589099081423962
4860,0.8,0.6387729415138842,0,1,1,0,-0.011204102134017872,-0.20777625670841876
4861,0.8,0.6227813198642662,0,1,1,0,-0.006908531138751416,-0.2046850652594756
4862,0.8,0.6156437402806282,0,1,1,0,0.0019744875766728944,-0.19999356279601577
4863,0.8,0.6362144753790009,0,1,1,0,0.013631729174164425,-0.19549451771880896
4864,0.8,0.652046195576926,0,0,1,0,0.023891332269889345,-0.19078270083207077
4865,0.8,0.6840517973961324,0,0,1,0,0.03358628514996595,-0.1840055031427411
4866,0.8,0.700603774082759,0,0,1,0,0.04153302475177296,-0.17312470085867535
4867,0.8,0.6334886443454858,1,0,1,0,0.041883819250188324,-0.16330885689605257
4868,0.8,0.6298021594481515,1,0,1,0,0.03632614260358383,-0.16114243871786577
4869,0.8,0.659145916341217,1,0,1,0,0.02624389472768995,-0.1668354364206661
4870,0.8,0.6912161921877414,1,0,1,0,0.011837822888218134,-0.17791440139467482
4871,0.8,0.6992330949037874,1,0,1,1,-0.00412520937278243,-0.19012909956701782
4872,0.8,0.6650079384363904,1,0,1,1,-0.011764931091340004,-0.19642778630467297
4873,0.8,0.6738243429805537,1,0,1,1,-0.014115533964335352,-0.20115767743272753
4874,0.8,0.6407471197938743,1,0,0,1,-0.011758495773328336,-0.2096937692142567
4875,0.8,0.6276020352495502,1,0,0,1,-0.008551633955582423,-0.22002723218004522
4876,0.8,0.5990488915736556,1,0,0,1,-0.004183978819282605,-0.23068874215365484
4877,0.8,0.5803895415151636,1,0,0,1,-0.0016661246835436125,-0.23885729772776562
4878,0.8,0.5775605564318925,1,0,0,1,-0.0006483237506020253,-0.24506166658158254
4879,0.8,0.5745359888802642,1,0,0,1,-0.0012172362614991817,-0.24903439926514484
4880,0.8,0.5829086320175019,1,0,0,1,-0.0025525017324179644,-0.24998007094469138
4881,0.8,0.6249308608189057,1,0,0,1,-0.005143443225365236,-0.2500256795498325
4882,0.8,0.5796096937953802,1,0,0,1,-0.007951337721273013,-0.24575232592199503
4883,0.8,0.6310249306517131,0,0,0,1,-0.013544677509598693,-0.2377285231768786
4884,0.8,0.7157747925676502,1,0,0,1,-0.016371913925059687,-0.23391841564285357
4885,0.8,0.742438353446311,0,0,0,1,-0.014197676883574265,-0.22896103070691828
4886,0.8,0.7869304910818868,0,0,0,1,-0.007002234109542148,-0.222084460558672
4887,0.8,0.775665096151345,0,1,1,1,0.0036603064352270912,-0.21490926418736503
4888,0.8,0.7830454935215825,0,1,1,1,0.009066837982599413,-0.2063812679672357
4889,0.8,0.7641702851518466,0,1,1,1,0.01199574276093465,-0.1992903627169944
4890,0.8,0.7792981781717077,0,1,1,1,0.013909832154853556,-0.19579253060182109
4891,0.8,0.7424055314979361,0,1,1,0,0.01226056834405697,-0.19639577170032882
4892,0.8,0.697541148467787,0,1,1,0,0.00880648938730966,-0.1976162614524778
4893,0.8,0.6780267646129299,0,1,1,0,0.0075838679116844365,-0.19881635160966835
4894,0.8,0.632382855359131,0,1,1,0,0.008430544105083789,-0.20002707339427966
4895,0.8,0.6327203335333802,0,1,1,0,0.010944213767554454,-0.19943621468318143
4896,0.8,0.6168382724862556,0,1,1,0,0.014780752136614771,-0.1981057094664034
4897,0.8,0.6231855401535711,0,1,1,0,0.02023207231674364,-0.1959923373698072
4898,0.8,0.6458743299751613,0,1,1,0,0.02466140266376675,-0.19461314386819212
4899,0.8,0.664820564408986,0,1,1,0,0.02509034617886319,-0.1940396275715463
4900,0.8,0.653587905843149,0,0,1,0,0.02335469424716707,-0.1887631627741062
4901,0.8,0.6909628334571734,0,0,1,0,0.02037985372042469,-0.18105871975141588
4902,0.8,0.7129176389650099,1,0,1,0,0.011283581656226619,-0.1764283731293139
4903,0.8,0.7513869242399798,1,0,1,0,-0.0069320732658293,-0.17965672674933958
4904,0.8,0.7624306193162029,1,0,1,0,-0.029163769055364625,-0.18635401469538543
4905,0.8,0.7008411897356824,1,0,1,1,-0.048212503039634466,-0.19090710792267554
4906,0.8,0.6823722399051856,1,0,1,1,-0.05648497472588258,-0.1884617939814922
4907,0.8,0.6969303924549386,1,0,1,1,-0.06185687978072104,-0.18851329676184808
4908,0.8,0.7109423459170011,1,0,1,1,-0.06533031375972065,-0.19185197346409125
4909,0.8,0.6918060904421801,1,0,0,1,-0.06492714952652323,-0.19866191903070105
4910,0.8,0.6827819881473445,1,0,0,1,-0.06294416908210299,-0.20632328269448905
4911,0.8,0.6541874451063455,1,0,0,1,-0.05986337290507253,-0.21307193547373884
4912,0.8,0.6415152974196644,1,0,0,1,-0.057866867381461136,-0.21769627441255718
4913,0.8,0.6467882193961147,1,0,0,1,-0.055821270589180044,-0.2214460629249651
4914,0.8,0.6553377828785257,1,0,0,1,-0.053758122487304216,-0.223686910746879
4915,0.8,0.658955356228941,1,0,0,1,-0.051614137768370164,-0.22302252190917118
4916,0.8,0.6829965392607029,1,0,0,1,-0.05100691617647061,-0.21980256200638665
4917,0.8,0.6980214071658621,1,0,0,1,-0.05284856781466859,-0.21457031200026894
4918,0.8,0.7609958398833545,1,0,0,1,-0.05656064848564927,-0.20863462327694504
4919,0.8,0.7817469136186808,0,0,0,1,-0.06036043061338764,-0.20141296952130175
4920,0.8,0.8693562206042346,0,1,0,1,-0.06045415138299617,-0.1943867073432585
4921,0.8,0.8719820302569633,0,1,0,1,-0.05311218640570187,-0.18969878490202954
4922,0.8,0.8914033102403296,0,1,0,1,-0.04105031509423473,-0.1890167037004152
4923,0.8,0.9135904474051558,0,1,0,1,-0.027452283620743215,-0.1936953778451671
4924,0.8,0.8906566278946701,0,1,1,1,-0.019959315610234327,-0.19834117086600306
4925,0.8,0.8544678779860291,0,1,1,0,-0.02262703074721074,-0.20341430891519335
4926,0.8,0.8231161620739678,0,1,1,0,-0.026508960909600376,-0.21138455908014386
4927,0.8,0.7771680812447486,0,1,1,0,-0.028654960302311707,-0.21875238498051727
4928,0.8,0.7180397043858228,0,1,1,0,-0.02896556357866627,-0.22214613475102915
4929,0.8,0.6826248115426378,0,1,1,0,-0.0268887746383626,-0.2218507078619074
4930,0.8,0.6760271003148627,0,1,1,0,-0.02200865466122043,-0.22035680706688657
4931,0.8,0.675201172219174,0,1,1,0,-0.01378749519099579,-0.21871299128043767
4932,0.8,0.6881811291042687,0,1,1,0,-0.00651273574882574,-0.2167277934341435
4933,0.8,0.699812150093723,0,1,1,0,-0.003333870248926221,-0.2151413984435938
4934,0.8,0.724545607935404,0,0,1,0,-0.002565040708146091,-0.21193932241604685
4935,0.8,0.7239947732675395,0,0,1,0,-0.002751689365422069,-0.20436425272100806
4936,0.8,0.7655381250614218,0,0,1,0,-0.004823060527945145,-0.1956250430126164
4937,0.8,0.8094482699762481,1,0,1,0,-0.013040683698629615,-0.19051790862364065
4938,0.8,0.8199107443137775,1,0,1,0,-0.029164780847737895,-0.1905330507754709
4939,0.8,0.8008481225442979,1,0,1,1,-0.04731672912757396,-0.1917458921004659
4940,0.8,0.7798269029186436,1,0,1,1,-0.057382430842005255,-0.18898408820966053
4941,0.8,0.771860240157839,1,0,1,1,-0.06399200632167748,-0.18675042522924565
4942,0.8,0.7779961884622537,1,0,1,1,-0.06879528691145993,-0.18655147576989609
4943,0.8,0.7770996554657434,1,0,0,1,-0.0699965182641578,-0.19060655524894113
4944,0.8,0.7396887887580236,1,0,0,1,-0.0673708083041514,-0.1966271275044067
4945,0.8,0.7132979389700415,1,0,0,1,-0.06426842691958073,-0.20167643750990508
4946,0.8,0.7063323346613091,1,0,0,1,-0.06179381344262659,-0.20698610199883966
4947,0.8,0.689068274359431,1,0,0,1,-0.0601517194851621,-0.21175850797795806
4948,0.8,0.6897713128788144,1,0,0,1,-0.05959723350121163,-0.2147702899090554
4949,0.8,0.7128733988843768,1,0,0,1,-0.05768108138216813,-0.21698454113678647
4950,0.8,0.7328323958440209,1,0,0,1,-0.05487406514549699,-0.21784569127976977
4951,0.8,0.7289687695055794,1,0,0,1,-0.05257352364252703,-0.21519208720351463
4952,0.8,0.7438898835897753,1,0,0,1,-0.05223095677177931,-0.20905148997537584
4953,0.8,0.808480872286323,1,0,0,1,-0.0525824804727726,-0.20349703212702203
4954,0.8,0.8407207091789165,0,0,0,1,-0.05141706652995796,-0.19762452088380741
4955,0.8,0.9005723140034944,0,1,0,1,-0.04691930956427299,-0.19123601091648404
4956,0.8,0.9148925096027825,0,1,0,1,-0.035818026232867714,-0.18747947541900567
4957,0.8,0.924309029165957,0,1,0,1,-0.021559710263122988,-0.18788655260151
4958,0.8,0.9126996519678697,0,1,1,1,-0.00995663879632857,-0.19133118272560784
4959,0.8,0.8696414564516899,0,1,1,0,-0.011812339050276219,-0.19387079985180372
4960,0.8,0.8334344049452953,0,1,1,0,-0.01612743590942,-0.20033291622780827
4961,0.8,0.7862936874616099,0,1,1,0,-0.018838506148030613,-0.20807853220714856
4962,0.8,0.7128392577072494,0,1,1,0,-0.020059726495395683,-0.2131029446142462
4963,0.8,0.654886672798842,0,1,1,0,-0.01862033275687314,-0.21378204266220147
4964,0.8,0.6515133447468946,0,1,1,0,-0.013013222934555329,-0.2125645608624002
4965,0.8,0.6438813310492124,0,1,1,0,-0.005063726552377841,-0.2117775199849529
4966,0.8,0.6513677087912796,0,1,1,0,0.0023351077677817504,-0.2113426148109189
4967,0.8,0.6643717930851615,0,1,1,0,0.006669177510184245,-0.2118190055210024
4968,0.8,0.690304795055016,0,1,1,0,0.008621408952133366,-0.21237425437948604
4969,0.8,0.7005450348851835,0,1,1,0,0.009415084410901239,-0.20983687315891486
4970,0.8,0.7381967277088111,0,1,1,0,0.006987854749301256,-0.20668264861962057
4971,0.8,0.7749481010607128,0,0,1,0,0.0007701210029062657,-0.2043529720858007
4972,0.8,0.7779149967322713,1,0,1,0,-0.012997978877725759,-0.20308946314688622
4973,0.8,0.7838385002426226,1,0,1,0,-0.03103851093201255,-0.20310652599889958
4974,0.8,0.747560530474735,1,0,1,1,-0.047929233616449574,-0.20090348168457725
4975,0.8,0.7595374048527422,1,0,1,1,-0.059350904526066305,-0.19651632184590176
4976,0.8,0.7574145851535009,1,0,1,1,-0.06697139159205251,-0.1939887236055422
4977,0.8,0.765771148630183,1,0,1,1,-0.07167091828853661,-0.19311041090094383
4978,0.8,0.7693237405020805,1,0,0,1,-0.0731819474954736,-0.19600879788979436
4979,0.8,0.7554659992796071,1,0,0,1,-0.07172905778856435,-0.20169061310816927
4980,0.8,0.7476166617267425,1,0,0,1,-0.06979932836978733,-0.20759014625072925
4981,0.8,0.7220270438659117,1,0,0,1,-0.06580622271521741,-0.21223362548565355
4982,0.8,0.6930019738575569,1,0,0,1,-0.06079815872722588,-0.2151048263888441
4983,0.8,0.6899790387011878,1,0,0,1,-0.057806011948226335,-0.21625863594853043
4984,0.8,0.7157623847974358,1,0,0,1,-0.056202701882436396,-0.21697975157279045
4985,0.8,0.7242410400888358,1,0,0,1,-0.05322746041251066,-0.21684574108124732
4986,0.8,0.7300933439235593,1,0,0,1,-0.05133272152813228,-0.2137666684756406
4987,0.8,0.7516925702553929,1,0,0,1,-0.051149589895934,-0.2088059508990408
4988,0.8,0.8007210131518345,0,0,0,1,-0.0517002166103138,-0.20283067411597872
4989,0.8,0.870707198760248,0,0,0,1,-0.05013695534101678,-0.19635936465873066
4990,0.8,0.8974894142164669,0,1,0,1,-0.04724888526374132,-0.18758153852164894
4991,0.8,0.9315030579124639,0,1,0,1,-0.03909598930505601,-0.18256677970879567
4992,0.8,0.9288479060274277,0,1,0,1,-0.028552420730678155,-0.18297509228150316
4993,0.8,0.9585810964992078,0,1,1,1,-0.01661912344529104,-0.18890983811925108
4994,0.8,0.8976815150428906,0,1,1,0,-0.015765512465597258,-0.19441437952752244
4995,0.8,0.856473281749536,0,1,1,0,-0.018889024732414144,-0.20063367053804398
4996,0.8,0.8195693289095815,0,1,1,0,-0.021213283338031356,-0.20866603579297288
4997,0.8,0.7493803638845854,0,1,1,0,-0.022655989808988617,-0.2145527197505446
4998,0.8,0.6814165980120469,0,1,1,0,-0.021930548606396958,-0.21521533827022443
4999,0.8,0.6758129529816667,0,1,1,0,-0.01631523293626928,-0.21350702296717025
5000,0.8,0.671748466281596,0,1,1,0,-0.006069783633736919,-0.2120920511904285
5001,0.8,0.6828692932195911,0,1,1,0,0.003248889255303969,-0.21046653894218767
5002,0.8,0.6957059788954766,0,1,1,0,0.009351344651740319,-0.2097066384428899
5003,0.8,0.7260247641653425,0,1,1,0,0.012165266084628618,-0.20846652362501794
5004,0.8,0.7372436662032044,0,1,1,0,0.012958335821775122,-0.2046312235040056
5005,0.8,0.7753106546154248,0,1,1,0,0.010401760059404047,-0.20060986609338025
5006,0.8,0.7854869855013958,1,0,1,0,0.002806663592431411,-0.1967925597933445
5007,0.8,0.8024736308202659,1,0,1,0,-0.012407733319659685,-0.19605063909149878
5008,0.8,0.8250399694201899,1,0,1,0,-0.03331710535628488,-0.1983691937991923
5009,0.8,0.7743238525982185,1,0,1,1,-0.05108772870832972,-0.19893889805919213
5010,0.8,0.7658038594132589,1,0,1,1,-0.06057571902300981,-0.19482811367861536
5011,0.8,0.7693446212340584,1,0,1,1,-0.06673484281880088,-0.19287442764303347
5012,0.8,0.7713764241981903,1,0,1,1,-0.0703956813127782,-0.19360550354724868
5013,0.8,0.7659396697466475,1,0,0,1,-0.0701875738874882,-0.1976870757758742
5014,0.8,0.7314305711157371,1,0,0,1,-0.06726714534995536,-0.20294112250918553
5015,0.8,0.7252121562029108,1,0,0,1,-0.06382160591365497,-0.20781746428309317
5016,0.8,0.7149765016931355,1,0,0,1,-0.05898180076280195,-0.2133607280620934
5017,0.8,0.6860610178389152,1,0,0,1,-0.054067808458936786,-0.2170543283674869
5018,0.8,0.6899321254892332,1,0,0,1,-0.051433642521795164,-0.21812213808556852
5019,0.8,0.7273262024649446,1,0,0,1,-0.04970675442154355,-0.21882766440257015
5020,0.8,0.7297599811330684,1,0,0,1,-0.04763329392377304,-0.21772812231509348
5021,0.8,0.7158175842195253,0,0,0,1,-0.04765440349051365,-0.21207746283892615
5022,0.8,0.7878240684035732,0,0,0,1,-0.04833073191949845,-0.2067443624101288
5023,0.8,0.8527831721318808,0,0,0,1,-0.047068157487547536,-0.20182813638481142
5024,0.8,0.8567490228867911,0,0,0,1,-0.045889364362792555,-0.1922823365714909
5025,0.8,0.9234956476958216,0,1,0,1,-0.043388494113738595,-0.183621303925846
5026,0.8,0.9086601570264269,0,1,0,1,-0.03695584223784434,-0.180301880763363
5027,0.8,0.9524434629078188,0,1,0,1,-0.028481641731579303,-0.18353472788615321
5028,0.8,0.944061071876,0,1,1,1,-0.020758498463408267,-0.19125393940753047
5029,0.8,0.8962468293961002,0,1,1,0,-0.023755604732272534,-0.19933459101177725
5030,0.8,0.8397177691058186,0,1,1,0,-0.027581779818600567,-0.20787745277359393
5031,0.8,0.7670977895452796,0,1,1,0,-0.030654441401942997,-0.2136739391608123
5032,0.8,0.6904114640337613,0,1,1,0,-0.03106887646391318,-0.215595465869194
5033,0.8,0.6551502447510349,0,1,1,0,-0.02688156927965052,-0.21462989422363712
5034,0.8,0.6316500207204351,0,1,1,0,-0.01941881274706262,-0.2118742336420707
5035,0.8,0.6272059639337154,0,1,1,0,-0.00965664684940084,-0.20931646826815498
5036,0.8,0.6440377005810664,0,1,1,0,-0.00044700361784309067,-0.2076484209287337
5037,0.8,0.6596411868476398,0,1,1,0,0.005600794244569877,-0.20786388207003564
5038,0.8,0.692445463127132,0,1,1,0,0.009200143801543999,-0.20815635208045694
5039,0.8,0.6949504490580545,0,1,1,0,0.010695515659827135,-0.20548422132477595
5040,0.8,0.7236288865807476,0,1,1,0,0.008713472507733567,-0.20200423887396055
5041,0.8,0.7449904490560476,1,1,1,0,0.0020995427618799994,-0.20021131594843466
5042,0.8,0.7551213035975843,1,0,1,0,-0.013628189155983579,-0.20094501739977494
5043,0.8,0.7682633984210642,1,0,1,1,-0.035673925868312105,-0.20317165242150978
5044,0.8,0.7043448924806155,1,0,1,1,-0.05236742059826578,-0.2008132700034255
5045,0.8,0.7169608906409085,1,0,1,1,-0.06375758701568902,-0.19593021387941417
5046,0.8,0.7211672272899233,1,0,1,1,-0.07133951940260752,-0.1936603051888684
5047,0.8,0.7246882553125925,1,0,1,1,-0.07527107516692272,-0.19328542691350542
5048,0.8,0.7279215009067751,1,0,1,1,-0.0770213328433812,-0.1950585789741378
5049,0.8,0.7157511295634562,1,0,0,1,-0.07555971975886097,-0.1986139009729933
5050,0.8,0.7274524293346143,1,0,0,1,-0.07200349689925223,-0.20370130656380958
5051,0.8,0.7010672462677421,1,0,0,1,-0.06526824151721683,-0.20932476507510173
5052,0.8,0.6882325759655837,1,0,0,1,-0.057315285148612005,-0.21443720431311528
5053,0.8,0.6742017866173996,1,0,0,1,-0.05061177950298856,-0.2183470503130586
5054,0.8,0.6827408623452847,1,0,0,1,-0.04714779865602802,-0.21998851606304246
5055,0.8,0.6954899966414607,1,0,0,1,-0.04483671843749034,-0.21993149153984795
5056,0.8,0.6957445003786744,1,0,0,1,-0.043455959075434175,-0.21728520404283788
5057,0.8,0.7153775403142162,1,0,0,1,-0.043251394061520565,-0.21225094669942246
5058,0.8,0.7656144890534616,0,0,0,1,-0.04190332396402869,-0.2070144847089973
5059,0.8,0.8271699333694732,0,0,0,1,-0.03900703961680325,-0.20087745350270322
5060,0.8,0.8524106129132807,0,0,0,1,-0.035250994110356156,-0.19229038688056854
5061,0.8,0.853009726021811,0,1,0,1,-0.027517593595087115,-0.1851346765764718
5062,0.8,0.8686678785646754,0,1,0,1,-0.01542571344907443,-0.18376128040304
5063,0.8,0.8898870039943513,0,1,1,1,-0.0015698806743400671,-0.1879561547125461
5064,0.8,0.8453101039260066,0,1,1,1,0.004140089914711947,-0.19048300835151055
5065,0.8,0.8200288404230051,0,1,1,0,0.003058654654360367,-0.19408589791318515
5066,0.8,0.7815595804063623,0,1,1,0,0.0012101295224921284,-0.20034984271947104
5067,0.8,0.7237264472949507,0,1,1,0,0.00013779154549155672,-0.2049132944494027
5068,0.8,0.6619373110084046,0,1,1,0,0.0016629748523868213,-0.20613013109306078
5069,0.8,0.6708087327312705,0,1,1,0,0.006945349686646959,-0.2064352386572732
5070,0.8,0.6386244954153013,0,1,1,0,0.013476640177744359,-0.20497693270512346
5071,0.8,0.6432875978633833,0,1,1,0,0.02077398711605458,-0.2024239877184019
5072,0.8,0.6601197334685296,0,1,1,0,0.028391691279822755,-0.20048053025372983
5073,0.8,0.6814723290846922,0,1,1,0,0.032338063959390984,-0.19980305099930976
5074,0.8,0.7103452501010391,0,1,1,0,0.03439540296306735,-0.19814109770145
5075,0.8,0.7205648283948912,0,1,1,0,0.034003442342448065,-0.1934105024743418
5076,0.8,0.7368703011006346,0,0,1,0,0.029697119302892393,-0.18652926588013952
5077,0.8,0.785133459549979,0,0,1,0,0.02042169451168445,-0.17987529156690077
5078,0.8,0.8250052780338385,1,0,1,0,0.004772835221524113,-0.17492189954479032
5079,0.8,0.8563393145928831,1,0,1,0,-0.015999044019422922,-0.1739857999188784
5080,0.8,0.7996118667644673,1,0,1,1,-0.02986294904383358,-0.17007144254403073
5081,0.8,0.7952743043576644,1,0,1,1,-0.03666198367145159,-0.16323647482693263
5082,0.8,0.8005128096311354,1,0,1,1,-0.041284160544198936,-0.1601070095914494
5083,0.8,0.8048630399389294,1,0,1,1,-0.04427232820865893,-0.1602389519001916
5084,0.8,0.8024285089718747,1,0,0,1,-0.04432602157387757,-0.16377381989824571
5085,0.8,0.7655290529930951,1,0,0,1,-0.040153358063809125,-0.168877886796395
5086,0.8,0.750801730922475,1,0,0,1,-0.03437695239964003,-0.17360346369707713
5087,0.8,0.7350757933244736,1,0,0,1,-0.0287910882500778,-0.17785937744803276
5088,0.8,0.7256062153418303,1,0,0,1,-0.025219616791800462,-0.18041189850346437
5089,0.8,0.7414566748007617,0,0,0,1,-0.022442354917640014,-0.18136581485618386
5090,0.8,0.7845700884459048,0,0,0,1,-0.02042832161987905,-0.1819089861733264
5091,0.8,0.8159822183248567,1,0,0,1,-0.019343641092182118,-0.18135220826461038
5092,0.8,0.7744990823397385,0,0,0,1,-0.01948864654771332,-0.17595902033940883
5093,0.8,0.8303497344654238,0,0,0,1,-0.022795048047459066,-0.16811002785398405
5094,0.8,0.9068965587496586,0,0,0,1,-0.022429049463083387,-0.16296397294245113
5095,0.8,0.9218773853246978,0,0,0,1,-0.02118057277421865,-0.15491158113831066
5096,0.8,0.9897886472962719,0,0,0,1,-0.018292245748997495,-0.14606091640906502
5097,0.8,0.9725441167693095,0,0,0,1,-0.013281332759962504,-0.13661989605418906
5098,0.8,0.978947751526852,0,1,1,1,-0.008175524614539256,-0.12642854572927026
5099,0.8,0.9487383968966361,0,1,1,1,-0.008248599401951023,-0.11340835488537275
5100,0.8,0.8925449771311765,0,1,1,0,-0.010518644579838171,-0.10475351375843303
5101,0.8,0.8631539084950697,0,1,1,0,-0.013016291232862154,-0.09930859963549069
5102,0.8,0.8152361629374083,0,1,1,0,-0.014353635215295108,-0.09639324659025583
5103,0.8,0.7987298640398226,0,1,1,0,-0.013752735367077086,-0.09530749593702095
5104,0.8,0.784863881569337,0,1,1,0,-0.011185555405807051,-0.09528369228594155
5105,0.8,0.7749184528749424,0,1,1,0,-0.006363427758859738,-0.09375001970194298
5106,0.8,0.8064159922233346,0,1,1,0,0.000293934571684543,-0.0921073972083859
5107,0.8,0.8342956467271195,0,1,1,0,0.006524724568140603,-0.09231282492871999
5108,0.8,0.8534544918095411,0,1,1,0,0.008223968109176047,-0.09279953616333836
5109,0.8,0.8784168200841592,0,1,1,0,0.007377253381554782,-0.09105384736691764
5110,0.8,0.9056700089354437,0,0,1,0,0.0036508363077627573,-0.08700095678367303
5111,0.8,0.9341390154254988,0,0,1,0,-0.0038759293855123995,-0.08162031127876872
5112,0.8,0.9744770568380385,0,0,1,0,-0.015441249198899675,-0.07570155333675203
5113,0.8,1.0122575140122188,0,0,1,1,-0.032177213272244876,-0.07006270150039488
5114,0.8,0.9507976429368004,1,0,1,1,-0.041787073112463755,-0.056595850138686656
5115,0.8,0.9556439382965909,1,0,1,1,-0.046318355238077265,-0.040255075668278816
5116,0.8,0.9393427755366234,1,0,0,1,-0.04861964115772997,-0.0293026437569744
5117,0.8,0.9321449588740403,1,0,0,1,-0.04819503853735763,-0.0233911549161496
5118,0.8,0.8909454595167338,1,0,0,1,-0.0459782865702213,-0.020670458762554404
5119,0.8,0.8664886134599428,1,0,0,1,-0.04358483320043186,-0.018402062756302125
5120,0.8,0.8418959552087673,1,0,0,1,-0.042630143704753674,-0.016673358299360307
5121,0.8,0.8499261257696448,1,0,0,1,-0.04331694019496807,-0.016362184514375086
5122,0.8,0.8738743520770152,1,0,0,1,-0.04357653900350954,-0.018118278177913942
5123,0.8,0.9011957395574794,1,0,0,1,-0.04239425431371858,-0.021391254467765797
5124,0.8,0.9182840476630351,1,0,0,1,-0.03747379357546302,-0.023522653899411647
5125,0.8,0.9263979419013221,1,0,0,1,-0.03242304672436772,-0.021548150464225636
5126,0.8,0.9407024093911815,1,0,0,1,-0.02902357317063672,-0.016771091210859533
5127,0.8,0.9691340965526264,1,0,0,1,-0.025796724811691766,-0.012295402794991432
5128,0.8,0.9924016924822314,1,0,0,1,-0.021551596954885847,-0.008452320222941767
5129,0.8,1.0169657825030014,1,0,0,1,-0.020033899172547307,-0.0030427513838179906
5130,0.8,1.1074246636603826,1,0,0,1,-0.01728310442915092,-0.0015445109760963119
5131,0.8,1.1034306318504852,0,0,0,1,-0.011725263661100296,0.0010160425143713027
5132,0.8,1.1320651389788945,0,1,0,1,0.0003041827435175875,0.004896177187484324
5133,0.8,1.1783806402144532,0,1,1,1,0.016705119218204074,0.005707258574862824
5134,0.8,1.1699190667010297,0,1,1,1,0.026381713486549305,0.011430297633368761
5135,0.8,1.1774393725322325,0,1,1,0,0.029580167765895667,0.015802494445162626
5136,0.8,1.1526963419252712,0,1,1,0,0.028042982720719985,0.015843059777791227
5137,0.8,1.1290865084799833,0,1,1,0,0.025442300958950476,0.013442438093665708
5138,0.8,1.113623641168506,0,1,1,0,0.026104098372206105,0.010390552691795184
5139,0.8,1.0865877647856943,0,1,1,0,0.028996959019208682,0.009078142977113637
5140,0.8,1.0616398895704413,0,1,1,0,0.03301908335169976,0.01101888177200623
5141,0.8,1.0467062368570674,0,1,1,0,0.03739883515286847,0.015020595530393175
5142,0.8,1.0475893750346732,0,1,1,0,0.04203206521199313,0.01991773608106322
5143,0.8,1.0490272353154146,0,1,1,0,0.04722083919351542,0.025627090987800107
5144,0.8,1.0543391967682785,0,1,1,0,0.053012018939345026,0.03191766151910322
5145,0.8,1.05326540299943,0,1,1,0,0.05965728523820469,0.03856332276103419
5146,0.8,1.0655663070990717,0,1,1,0,0.06879786258703095,0.045352818464671506
5147,0.8,1.0758707277896125,1,1,1,0,0.08066504973550777,0.052115512298935594
5148,0.8,1.0025956124438815,1,1,1,0,0.0798659159054524,0.05315341372805918
5149,0.8,0.950764732931307,1,1,1,0,0.07330215924960867,0.04841740598607977
5150,0.8,0.929497839506554,1,1,1,0,0.06256668572535358,0.039989107320493364
5151,0.8,0.8989961248353733,1,0,1,0,0.047011840846005855,0.028935439246280892
5152,0.8,0.8906203750108433,1,0,1,0,0.027772980258990266,0.01708755278372376
5153,0.8,0.8904713178282153,1,0,1,0,0.008039074405652075,0.004496310767019405
5154,0.8,0.8426527018007095,1,0,1,1,-0.004167852975623872,-0.004622172793544992
5155,0.8,0.8109476047277677,1,0,1,1,-0.009081877973315375,-0.007616634151189868
5156,0.8,0.7897801656740306,1,0,0,1,-0.009962341997368335,-0.01021604134932251
5157,0.8,0.7890674789776839,1,0,0,1,-0.0068420689615004224,-0.015616176067064584
5158,0.8,0.7907431019848882,1,0,0,1,-0.0020120634790128256,-0.023004572791272077
5159,0.8,0.7637596187665197,1,0,0,1,0.004409080763993037,-0.02840751372555049
5160,0.8,0.7436745615208346,1,0,0,1,0.009612488614402642,-0.031210167260617983
5161,0.8,0.7414852160787567,1,0,0,1,0.011050010945310999,-0.03177795268205732
5162,0.8,0.7698882088964728,1,0,0,1,0.010003290835972595,-0.0318274900614499
5163,0.8,0.7840084149730518,1,0,0,1,0.008517874226147049,-0.030908978970993557
5164,0.8,0.7995845797150775,0,0,0,1,0.004917006088649319,-0.027123398030061287
5165,0.8,0.8384397386721005,1,0,0,1,-0.0006120962441086919,-0.02204201446872799
5166,0.8,0.8552318290559418,0,0,0,1,-0.006329890610870674,-0.014321759943855907
5167,0.8,0.9355574533618971,0,0,0,1,-0.010113754200358456,-0.006056256792472959
5168,0.8,0.9623578153873642,0,0,0,1,-0.013225313795924063,0.004844828520861919
5169,0.8,0.9932912994664016,0,1,0,1,-0.010901328121749026,0.015056436877814107
5170,0.8,1.037126708981005,0,1,0,1,-0.0004943522239391803,0.017005761051945196
5171,0.8,1.0678445325305297,0,1,1,1,0.010888373186448627,0.013504418130821766
5172,0.8,1.0546731170125407,0,1,1,1,0.015321503435887064,0.012475503829039163
5173,0.8,1.026229240094072,0,1,1,0,0.013000047091423123,0.01095075956224078
5174,0.8,0.9754368017798629,0,1,1,0,0.010267207123849466,0.008298802033844673
5175,0.8,0.9792776668211679,0,1,1,0,0.009133242446743663,0.004073004242658557
5176,0.8,0.963400940288806,0,1,1,0,0.008859739063955551,-0.002726514969215998
5177,0.8,0.9249247355627113,0,1,1,0,0.009404358309257854,-0.0050727588029908744
5178,0.8,0.9311623880859796,0,1,1,0,0.01328808169990857,-0.004446465552102781
5179,0.8,0.9463589680186743,0,1,1,0,0.019921800189688515,-0.002473652046271504
5180,0.8,0.9668629703983016,0,1,1,0,0.025613213563589296,-6.142334538762713e-05
5181,0.8,0.9805531556307955,0,1,1,0,0.0283970988442024,0.002642921154798797
5182,0.8,1.006477997243204,0,1,1,0,0.027876667120349495,0.0056594493570660325
5183,0.8,1.037528930209046,0,1,1,0,0.027253812781156492,0.009761834063776478
5184,0.8,1.0688355552266353,0,1,1,0,0.024852141172600362,0.014776157875062219
5185,0.8,1.097761129821588,0,1,1,0,0.021034340056793017,0.020491485660973547
5186,0.8,1.07849627782259,1,0,1,0,0.013356352618583244,0.028185496430456546
5187,0.8,1.117525091971515,1,0,1,0,0.0016433278376565756,0.031766412186701835
5188,0.8,1.1508021504760366,1,0,1,0,-0.01485863108686494,0.029721636458630313
5189,0.8,1.118435253695811,1,0,1,1,-0.030183977282398064,0.027274639560736027
5190,0.8,1.0730574246713087,1,0,1,1,-0.03259025838613356,0.03217520906081332
5191,0.8,1.0451417112845134,1,0,0,1,-0.030613343886014804,0.034646587266721894
5192,0.8,1.000688489659917,1,0,0,1,-0.027551807569078216,0.035399628313050324
5193,0.8,0.9650968575154284,1,0,0,1,-0.02677431175066305,0.036598812187273747
5194,0.8,0.9494123442344854,1,0,0,1,-0.028723293080728685,0.0367329999008632
5195,0.8,0.9439751404981157,1,0,0,1,-0.03231309814764184,0.03518627958542115
5196,0.8,0.9477858899466999,1,0,0,1,-0.035159549111709494,0.03346803338986798
5197,0.8,0.9686297076179119,0,0,0,1,-0.03374271675628927,0.031317687709580135
5198,0.8,0.9916014769287205,0,0,0,1,-0.030234858945149982,0.02986970972319912
5199,0.8,1.0047887083818976,0,0,0,1,-0.02716804045309037,0.03139518403260714
5200,0.8,1.015044536585976,1,0,0,1,-0.024604205266125157,0.03611583325669159
5201,0.8,1.0284232514011264,1,0,0,1,-0.02195072793307751,0.041520718811315124
5202,0.8,1.045491534546705,1,0,0,1,-0.021472902051026973,0.047537278442575985
5203,0.8,1.075255820301216,1,0,0,1,-0.023166178139592472,0.053970561610946724
5204,0.8,1.1353062888776204,1,0,0,1,-0.022206376703642037,0.05781642404102391
5205,0.8,1.1674823147888982,1,0,0,1,-0.01840026126773777,0.06138287940117381
5206,0.8,1.1833041931567823,1,0,1,1,-0.012778371276545202,0.06682452856460698
5207,0.8,1.1988231505321163,0,0,1,1,-0.008383938917243663,0.07682155097256599
5208,0.8,1.2101660574743407,0,1,1,0,-0.004371051788655985,0.08947973911989197
5209,0.8,1.177601500782169,0,1,1,0,-0.0033140496874198328,0.0998509866808926
5210,0.8,1.165357647802622,0,1,1,0,-0.00782589156549914,0.10753020480581224
5211,0.8,1.1691111958493325,0,1,1,0,-0.013573729756731049,0.11121414236808728
5212,0.8,1.175116498499447,0,1,1,0,-0.015734125087201827,0.11283021078458974
5213,0.8,1.1712397403379855,0,1,1,0,-0.015451503020113208,0.11481270090217416
5214,0.8,1.1638876811391243,0,1,1,0,-0.01617796835084814,0.11736838306429166
5215,0.8,1.1497796239965616,0,1,1,0,-0.017104470444448433,0.1203182485380934
5216,0.8,1.1392428577058058,0,1,1,0,-0.014946767077694167,0.12368867153157663
5217,0.8,1.1339764882579406,0,1,1,0,-0.0109580292339564,0.12708855989688084
5218,0.8,1.1337290756019431,0,1,1,0,-0.006864450820524758,0.12969697430757798
5219,0.8,1.1357606820342672,0,1,1,0,-0.0034203122215935556,0.13139540320900625
5220,0.8,1.1465327122902436,0,1,1,0,-0.00037960244899414356,0.1329859327395664
5221,0.8,1.1549590896336235,0,1,1,0,0.0024720467944732896,0.13573855860673742
5222,0.8,1.1690328502815555,0,1,1,0,0.003551066291790064,0.13928176494919903
5223,0.8,1.1822657758067379,0,1,1,0,0.0029781045058667943,0.142779547057021
5224,0.8,1.2016130775294465,0,1,1,0,-1.6037127081210805e-05,0.14536289658491625
5225,0.8,1.2177261533057497,0,1,1,1,-0.004538460658149049,0.14723410269429127
5226,0.8,1.1771405781983704,1,1,1,1,-0.004472775037575851,0.15591028056533499
5227,0.8,1.1333475607576735,1,0,0,1,0.00021712150697004667,0.17052990320162847
5228,0.8,1.1112499320183762,1,0,0,1,0.00594050512015613,0.18404961139269185
5229,0.8,1.087822120645835,1,0,0,1,0.007852072230968975,0.19460984374908064
5230,0.8,1.0748478984485463,1,0,0,1,0.004739563789625157,0.2028527105137042
5231,0.8,1.0742264119345315,1,0,0,1,-0.0033737216206372227,0.20909064552214285
5232,0.8,1.102166128434642,1,0,0,1,-0.01062828239343231,0.21086055536712223
5233,0.8,1.1375469844630413,1,0,0,1,-0.012144400218389374,0.20641826365627416
5234,0.8,1.1499226884874216,1,0,0,1,-0.010602579712544625,0.1999952332182424
5235,0.8,1.1570041719564224,1,0,0,1,-0.00724227164412362,0.19567070551299448
5236,0.8,1.1585363790319863,1,0,0,1,-0.0021952208606943156,0.19467203641971348
5237,0.8,1.1546987587116637,1,0,0,1,0.00190166145666514,0.19693022790433837
5238,0.8,1.1596071786119377,1,0,0,1,0.004382985941083029,0.20064753974349356
5239,0.8,1.1600450815444725,1,0,0,1,0.005372824496795417,0.20465844104696493
5240,0.8,1.1631193580510015,1,0,0,1,0.00523861815805224,0.2087592720156403
5241,0.8,1.176146357535014,1,0,0,1,0.0034285236233754586,0.21337535453496456
5242,0.8,1.2143622153069733,1,0,0,1,0.0005590226692078838,0.21759654445338628
5243,0.8,1.2431778445916024,1,1,0,1,-0.0002739448556015633,0.2215857469973921
5244,0.8,1.2422558335083318,1,1,0,1,0.006442987617836213,0.22261921295386422
5245,0.8,1.1969787628526143,1,1,0,1,0.01468719082205333,0.22111880409645876
5246,0.8,1.153119707198528,1,1,1,1,0.015476877070177548,0.2211096584575018
5247,0.8,1.1272650118694936,1,1,1,0,0.014919614487855773,0.22114152782607444
5248,0.8,1.0797022276337624,0,1,1,0,0.018250285105244814,0.21812493511740852
5249,0.8,1.0821441498959112,0,1,1,0,0.022503680529754988,0.21240398815196468
5250,0.8,1.0932130841541228,0,1,1,0,0.026196047181674252,0.20492175770746782
5251,0.8,1.1066292923813559,0,1,1,0,0.029006765254956466,0.1986525831968627
5252,0.8,1.1176629363482498,0,1,1,0,0.03170112432394816,0.19560064857995957
5253,0.8,1.1266417248401137,0,1,1,0,0.03252054218375044,0.19633599272543284
5254,0.8,1.12788107203696,0,1,1,0,0.031382746785140046,0.19969942791092252
5255,0.8,1.1223874799043252,0,1,1,0,0.030305820670767755,0.20544396369954265
5256,0.8,1.1221828900191764,0,1,1,0,0.03161987230587138,0.21246418804021402
5257,0.8,1.108291248581469,0,1,0,0,0.035694528242662386,0.22021804172488743
5258,0.8,1.0994141466867247,0,1,0,0,0.0415065425700673,0.2284541082911023
5259,0.8,1.0966770921032523,0,1,0,0,0.04791044441796162,0.2359062496748119
5260,0.8,1.1095919244194965,0,1,0,0,0.0546580834343,0.24154196913261783
5261,0.8,1.133048736175189,0,1,0,0,0.0644604725180199,0.24573437558010375
5262,0.8,1.1283649205484474,1,1,0,0,0.07141239430733057,0.24633956791104084
5263,0.8,1.1264299975766903,1,1,1,0,0.06727568762392155,0.23800045718417534
5264,0.8,1.1115479825551584,1,1,1,0,0.058678271305930396,0.2272060883023044
5265,0.8,1.06790620713124,1,0,1,0,0.04692016342908441,0.21624506169553304
5266,0.8,1.0217470673809688,1,0,1,1,0.03277441297695499,0.2048932753852597
5267,0.8,0.9812902601799958,1,0,0,1,0.026205368948202197,0.1966742194582923
5268,0.8,1.0003306823103582,1,0,0,1,0.022702183726178958,0.18767234007344605
5269,0.8,0.9855085531743052,1,0,0,1,0.02403876750169448,0.17838882908638132
5270,0.8,0.9697147052260678,1,0,0,1,0.030047390410922078,0.17180013045094883
5271,0.8,0.9500465589686569,1,0,0,1,0.03703765115105937,0.16884443138318544
5272,0.8,0.9399215503751619,1,0,0,1,0.04355732409923501,0.1680668416917198
5273,0.8,0.9304938055889279,1,0,0,1,0.048209547426534605,0.16819135057211324
5274,0.8,0.9274958890548708,1,0,0,1,0.05176478878696926,0.16908669889419806
5275,0.8,0.9296263690141396,1,0,0,1,0.05526496256773238,0.17043633721755044
5276,0.8,0.9161659554797007,1,0,0,1,0.058116378082495736,0.17385947651699893
5277,0.8,0.9114849020054178,1,0,0,0,0.056535668991575735,0.17998901762245856
5278,0.8,0.9051750332902994,1,0,0,0,0.05151185784412086,0.1862614407682278
5279,0.8,0.9185391051268084,1,0,0,1,0.044989191747372884,0.1908359270040953
5280,0.8,0.9176900290304476,1,0,0,1,0.03621842162042391,0.19552919576910793
5281,0.8,0.9486256282398441,1,0,0,1,0.029594936667402,0.2006500641056135
5282,0.8,0.9775225368554369,1,0,0,1,0.028464028110388374,0.2046377431822326
5283,0.8,0.9796410353964986,1,1,0,1,0.03312306473927244,0.20767627164705058
5284,0.8,0.955027893223842,1,1,1,1,0.04152092346657102,0.2078119257071227
5285,0.8,0.8991906329113527,0,1,1,0,0.040172012910961154,0.21066596507548793
5286,0.8,0.9145615664213139,0,1,1,0,0.03609140696831551,0.21081931933988754
5287,0.8,0.9334732917918014,0,1,1,0,0.033429336391115214,0.2058935895239466
5288,0.8,0.9482093653194703,0,1,1,0,0.03173684811592957,0.1994417400426041
5289,0.8,0.9670422834718413,0,1,1,0,0.031495230744135086,0.1938122245924962
5290,0.8,0.9821249751732373,0,1,1,0,0.03098564762572091,0.1905098652177779
5291,0.8,0.9903353743280171,0,1,1,0,0.028222466568977464,0.18954083180249368
5292,0.8,0.9817385386736521,0,1,1,0,0.023832444322587208,0.19061636306480378
5293,0.8,0.9731210551783289,0,1,1,0,0.021977247069068943,0.1931328874184411
5294,0.8,0.9656489295702388,0,1,1,0,0.022487970320035716,0.19593101284868894
5295,0.8,0.9676480297088553,0,1,1,0,0.02255609515593716,0.19810082343553365
5296,0.8,0.9725331742321432,0,1,1,0,0.02228571588511353,0.199660312515461
5297,0.8,0.9784590736787793,0,1,1,0,0.02179279381787221,0.20106765875690555
5298,0.8,0.989306513942789,0,1,1,0,0.021318155262546434,0.20236028059315914
5299,0.8,1.0127762699314495,0,1,1,0,0.021393083645838973,0.20364961655495034
5300,0.8,1.045922108160531,0,1,1,0,0.020164587016222403,0.20432766385185136
5301,0.8,1.082766557864633,0,1,1,0,0.01742237916674158,0.20478690458174306
5302,0.8,1.0935142652577705,1,1,1,0,0.010957949122947518,0.20352437731601888
5303,0.8,1.1063679823889687,1,1,1,1,0.005669639307692904,0.2000203251393275
5304,0.8,1.0454481899929229,1,0,0,1,0.005463910165326221,0.20331592019847128
5305,0.8,1.0407852434568958,1,0,0,1,0.007308633194645945,0.20593214027828832
5306,0.8,1.0219629584946162,1,0,0,1,0.007363288941235177,0.20687592211622902
5307,0.8,1.013230178487235,1,0,0,1,0.005942189501663385,0.20773493353459835
5308,0.8,1.0030715438867794,1,0,0,1,0.002121448432244312,0.2079224692068394
5309,0.8,0.9970953831311055,1,0,0,1,-0.002959257525681301,0.20842087374041102
5310,0.8,1.009825682895782,1,0,0,1,-0.005459030104685639,0.20692576046715971
5311,0.8,1.0311759438547803,1,0,0,1,-0.0029959943190348204,0.20172091183480786
5312,0.8,1.030068773680277,1,0,0,1,0.0007755908063848872,0.19625200428462164
5313,0.8,1.0309974705144715,1,0,0,1,0.004461903677258622,0.19328158209005053
5314,0.8,1.0338900738852521,1,0,0,1,0.0077227568701991565,0.19308684423341224
5315,0.8,1.0367855089608982,1,0,0,1,0.00858867497823745,0.19531509318371143
5316,0.8,1.0449255578052776,1,0,0,1,0.00789191706886199,0.19816781062906702
5317,0.8,1.0364418020319497,1,0,0,1,0.006176211452275177,0.20165948299955871
5318,0.8,1.0485869032515627,1,0,0,1,0.0034262692108318654,0.20585642297762383
5319,0.8,1.0758263742386889,1,0,0,1,-0.0019156001505752703,0.21086889379521043
5320,0.8,1.1191594567616425,1,0,0,1,-0.005393055399931601,0.21446738039508154
5321,0.8,1.1312328164822276,1,1,0,1,-0.0032319312056742766,0.2162936614310777
5322,0.8,1.1262879139069575,1,1,0,1,0.0034114295059333457,0.21452828048930064
5323,0.8,1.090080705429055,1,1,1,1,0.008687800334328928,0.2114634474074339
5324,0.8,1.0163698617278878,1,1,1,0,0.005109578323006422,0.20943115435556955
5325,0.8,0.9982664959298118,0,1,1,0,-0.0008006358026130276,0.20624204436044907
5326,0.8,1.017845919458094,0,1,1,0,-0.0023632041291141814,0.19831196016591948
5327,0.8,1.0412372759460713,0,1,1,0,0.0011007941200440133,0.18821708030002812
5328,0.8,1.0506094552026026,0,1,1,0,0.007387181929526622,0.18094216040054448
5329,0.8,1.0508210615725584,0,1,1,0,0.011493579325394939,0.17873225124874778
5330,0.8,1.0591069049781585,0,1,1,0,0.011603505984898113,0.1796429018861036
5331,0.8,1.0558534276217242,0,1,1,0,0.008908117376491179,0.18217221172406933
5332,0.8,1.0334032300951852,0,1,1,0,0.005400814118578098,0.18674058933058238
5333,0.8,1.0149950518582715,0,1,1,0,0.005787043951196989,0.19338710527661032
5334,0.8,0.996192322027039,0,1,1,0,0.009684116953010356,0.20050463914983338
5335,0.8,0.9844612603871208,0,1,0,0,0.014261152931788364,0.20714645379088956
5336,0.8,0.984736845898623,0,1,0,0,0.019325048055339942,0.212841289945572
5337,0.8,0.9857691927777814,0,1,0,0,0.024991233882401535,0.2174476914598294
5338,0.8,0.9995665207158226,0,1,0,0,0.03232929350347503,0.22129491204613624
5339,0.8,1.0254799529391712,0,1,1,0,0.04069419056131347,0.22275262238601795
5340,0.8,1.0532635329503635,1,1,1,0,0.04673373134131022,0.2225760000704755
5341,0.8,1.0610546011914073,1,1,1,0,0.04375317686903031,0.22064652396891762
5342,0.8,1.0610308191444635,1,1,1,0,0.03751388672149631,0.21528732938898568
5343,0.8,1.0289881414653124,1,1,1,1,0.029865314634713206,0.2087829714873675
5344,0.8,0.9555320068592719,1,0,1,1,0.02629281196973183,0.20834104386767976
5345,0.8,0.939852579334035,1,0,0,1,0.02542568889089771,0.20739375354970244
5346,0.8,0.9560158660258196,1,0,0,1,0.022288684823550103,0.20057378664004333
5347,0.8,0.9485522755857112,1,0,0,1,0.020656787665016187,0.19225302469740474
5348,0.8,0.9399068499455558,1,0,0,1,0.022192509163886643,0.18482381823648447
5349,0.8,0.9249090105892832,1,0,0,1,0.02629604313618128,0.18022179290646267
5350,0.8,0.9195164963011634,1,0,0,1,0.03214990302831751,0.17723363289943278
5351,0.8,0.9178741168950469,1,0,0,1,0.036900739841365174,0.17488254427922711
5352,0.8,0.9107990856453002,1,0,0,1,0.04000386789647885,0.17349204190395284
5353,0.8,0.9053821213866726,1,0,0,1,0.043327520775396436,0.1733788972742492
5354,0.8,0.9117425846377769,1,0,0,1,0.045532943007267186,0.1744363694953847
5355,0.8,0.9034961892801476,1,0,0,1,0.04490106020549284,0.1779118233903146
5356,0.8,0.9022220189053406,1,0,0,1,0.04139556367185644,0.18219002796452552
5357,0.8,0.9028267259593798,1,0,0,1,0.03767042219962291,0.18566478646797238
5358,0.8,0.9075251663938914,1,0,0,1,0.0335038812755944,0.1897820347068673
5359,0.8,0.9291043212667103,1,0,0,1,0.02842569389634041,0.19532995965105446
5360,0.8,0.9681442716326827,1,0,0,1,0.026734742380484098,0.19916115511624563
5361,0.8,1.0013788225428186,1,1,0,1,0.027905452641665003,0.20235947972767332
5362,0.8,1.0064502174828507,1,1,0,1,0.033380966840088476,0.203507587607416
5363,0.8,0.9562618281142241,1,1,1,0,0.03188482635552352,0.2068776551231133
5364,0.8,0.9320902335204825,0,1,1,0,0.025057282884552275,0.2098414889623229
5365,0.8,0.9321924192364682,0,1,1,0,0.020186768196148445,0.2077520219738501
5366,0.8,0.9595453192322614,0,1,1,0,0.017884008180487816,0.20267932018625287
5367,0.8,0.9786185914113322,0,1,1,0,0.019163572374274303,0.19608591687319582
5368,0.8,0.9924627751934503,0,1,1,0,0.021372504630877285,0.1916180273448499
5369,0.8,1.0064312955528782,0,1,1,0,0.021315854819036518,0.1894903663743337
5370,0.8,1.0093682272426368,0,1,1,0,0.017650725829837226,0.18918940148478258
5371,0.8,0.9942458796898023,0,1,1,0,0.01211298304354986,0.19071568674957295
5372,0.8,0.9785798150438386,0,1,1,0,0.009811676793948195,0.19402417457986598
5373,0.8,0.9633813115183216,0,1,1,0,0.011313716179406581,0.19803741536378183
5374,0.8,0.9630675407894672,0,1,1,0,0.014209599280503001,0.20136853542044603
5375,0.8,0.960281048342961,0,1,1,0,0.016170409709730438,0.20388390588016728
5376,0.8,0.9653083910256183,0,1,1,0,0.018266156702700733,0.20598199205342685
5377,0.8,0.9733760119236202,0,1,1,0,0.02017357488523248,0.20755494781156433
5378,0.8,0.9976803257858923,0,1,1,0,0.021972755986323474,0.2090927488066102
5379,0.8,1.0218073886232886,1,1,1,0,0.021250519528541775,0.209937197985948
5380,0.8,1.0310509569147341,1,1,1,0,0.01375204828082127,0.20651381494486937
5381,0.8,1.0147873811542798,1,1,1,0,0.003637200642919821,0.19975683091196378
5382,0.8,0.9888939947604465,1,1,1,1,-0.007178007941092466,0.19270894469121055
5383,0.8,0.9207177940145653,1,0,1,1,-0.012519109740932136,0.19275627312725768
5384,0.8,0.9228696419684218,1,0,1,1,-0.018248578840193427,0.19371614568170376
5385,0.8,0.9206608043237817,1,0,0,1,-0.02373353272324416,0.18898544702457057
5386,0.8,0.918208777644381,1,0,0,1,-0.026341328494350315,0.1826447549144046
5387,0.8,0.9149816976981667,1,0,0,1,-0.027694087706568747,0.17657990010154956
5388,0.8,0.8986343619516483,1,0,0,1,-0.027329273621101515,0.17280742670303192
5389,0.8,0.8981941918532134,1,0,0,1,-0.025707405291111787,0.1708856012073524
5390,0.8,0.9023655337729026,1,0,0,1,-0.023449167353573736,0.16926298383793023
5391,0.8,0.9089346715792114,1,0,0,1,-0.0219030094053992,0.16817962575743034
5392,0.8,0.9195298475223526,1,0,0,1,-0.021263076156495614,0.167890315841409
5393,0.8,0.9357834276652203,1,0,0,1,-0.021868751235692437,0.16840778169940343
5394,0.8,0.9478093975505046,1,0,0,1,-0.025278546382522374,0.17092503155722646
5395,0.8,0.9566593103813694,1,0,0,1,-0.03107675259257705,0.17580167685786985
5396,0.8,0.9695550756279344,1,0,0,1,-0.038094479532798944,0.18208869482256165
5397,0.8,0.9942461181278311,1,0,0,1,-0.04501897590138713,0.1881655753555877
5398,0.8,0.9138142855253724,1,1,0,1,-0.04527673272616552,0.1928043834634326
5399,0.8,0.9180721695346129,1,1,0,1,-0.03637208615701973,0.18573070864723704
5400,0.8,0.8527183717357059,1,1,0,1,-0.02346143839785092,0.1726104436186264
5401,0.8,0.8205303080783456,1,1,0,1,-0.010205401294219171,0.15628038931626784
5402,0.8,0.7883326389646141,0,1,0,0,0.004888108349312591,0.13440247522840695
5403,0.8,0.7298378089347141,0,1,0,0,0.021856002189926112,0.10860541230969752
5404,0.8,0.7040936627805138,0,1,1,0,0.04011356849807169,0.08304106419171003
5405,0.8,0.710653840509827,0,1,1,0,0.04941205465691831,0.06120461092854261
5406,0.8,0.7232914434045099,0,1,1,0,0.050248367498251276,0.043849917473327484
5407,0.8,0.7351608665950843,0,1,1,0,0.04524981945356348,0.03219863277123666
5408,0.8,0.7246163629523921,0,1,1,0,0.03786651804283991,0.028096494753885135
5409,0.8,0.7123367505540712,0,1,1,0,0.03248076946607353,0.03041522537982155
5410,0.8,0.6914397266384141,0,1,1,0,0.029023684607950347,0.03573868774602304
5411,0.8,0.6914734733867133,0,1,1,0,0.028690947525970255,0.042096571052222566
5412,0.8,0.710975059566904,0,1,1,0,0.031007123953279106,0.046735161348625646
5413,0.8,0.7344161010842402,0,1,1,0,0.034429887644392046,0.04968960983677729
5414,0.8,0.7662162688014172,0,1,1,0,0.03741708703557078,0.051792588721185646
5415,0.8,0.8061743354380276,0,1,1,0,0.039825728663748304,0.05338556115001745
5416,0.8,0.8576648567390843,0,1,1,0,0.041519047299154024,0.05546081660132019
5417,0.8,0.8829541061521529,1,1,1,0,0.03843205643172087,0.05666257712743974
5418,0.8,0.9020254096185722,1,1,1,0,0.028809492637364494,0.05248597333273522
5419,0.8,0.9038747864260814,1,0,1,0,0.015901948029112434,0.04768352162128243
5420,0.8,0.9170050969134798,1,0,1,0,-0.0010494180995648406,0.042898598508683806
5421,0.8,0.9433605842128953,1,0,1,1,-0.020089932518093254,0.03621597887826193
5422,0.8,0.9559806746746837,1,0,1,1,-0.03313848946307047,0.031375789429021875
5423,0.8,0.9590697743574804,1,0,1,1,-0.041008406896215314,0.027122026529298595
5424,0.8,0.9456329423950515,1,0,0,1,-0.04290597694257776,0.020028408660586614
5425,0.8,0.9392643288953402,1,0,0,1,-0.042442123347395944,0.011745853683588521
5426,0.8,0.9147810628433474,1,0,0,1,-0.03988785177627118,0.0055405806911952805
5427,0.8,0.8986377118225259,1,0,0,1,-0.03713383710249842,0.002395966470243209
5428,0.8,0.8903300581203182,1,0,0,1,-0.037022670876670744,0.0016556456068388958
5429,0.8,0.8920752508247412,1,0,0,1,-0.039206755353710473,0.003264895620013812
5430,0.8,0.9152917981964989,1,0,0,1,-0.04214841840747536,0.005344837166402673
5431,0.8,0.9419209103394794,0,0,0,1,-0.04540391879619326,0.008080545752685837
5432,0.8,0.9776615849465986,1,0,0,1,-0.05069149955579178,0.012435288826711001
5433,0.8,0.9966060752767003,0,0,0,1,-0.057633418114733326,0.01890219538025649
5434,0.8,1.0292522895571832,0,0,0,1,-0.0677417361088214,0.028698348495949672
5435,0.8,1.095809193529282,0,1,0,1,-0.07369753283816857,0.03557417225880114
5436,0.8,1.0600399003833618,0,1,0,1,-0.06896260584958068,0.0370369158021932
5437,0.8,1.049747187093627,0,1,0,1,-0.0595146427115533,0.035798540725681775
5438,0.8,1.0547915755705795,0,1,0,1,-0.047193619001761555,0.030325140472946654
5439,0.8,1.069508212735831,0,1,0,0,-0.0355042742805104,0.01843155542951718
5440,0.8,0.9977482199111948,0,1,1,0,-0.027958024903597074,-0.0013492394066129836
5441,0.8,0.9263104769717093,0,1,1,0,-0.02932794688526948,-0.01735489004523091
5442,0.8,0.8954631020317632,0,1,1,0,-0.034381355641169994,-0.030836651309495047
5443,0.8,0.8503568409176971,0,1,1,0,-0.0417421163354085,-0.04204794665158109
5444,0.8,0.7913853342287019,0,1,1,0,-0.04671283859664864,-0.04696130318487737
5445,0.8,0.7363528772150454,0,1,1,0,-0.04727894746113373,-0.04588023560826651
5446,0.8,0.7063021618822624,0,1,1,0,-0.04426647415269888,-0.04180025449003927
5447,0.8,0.6989566908512069,0,0,1,0,-0.04035328645867072,-0.037156317707239775
5448,0.8,0.722350759299252,0,1,1,0,-0.03683342337904984,-0.03356026455672816
5449,0.8,0.7041715340356529,0,1,1,0,-0.03226017264438887,-0.0292225144516035
5450,0.8,0.7268102749774116,0,1,1,0,-0.028552344014641212,-0.02559428886098712
5451,0.8,0.7560618691746219,0,1,1,0,-0.025133601906702836,-0.023583673188937757
5452,0.8,0.7845893088899628,0,1,1,0,-0.023356550017594166,-0.022264234497508195
5453,0.8,0.8073112469781345,0,1,1,0,-0.023365272901270738,-0.02089865735616182
5454,0.8,0.8278879667059337,0,1,1,0,-0.02545241661889965,-0.01863944063570754
5455,0.8,0.8494704795898347,0,0,1,0,-0.03072238319627509,-0.015626210591492776
5456,0.8,0.850145209293219,1,0,1,1,-0.0418995397384303,-0.01134437901683777
5457,0.8,0.7995733465443504,1,0,1,1,-0.04779008203925121,0.00022323875172912367
5458,0.8,0.8328733046226774,1,0,0,1,-0.05298479931549591,0.009228427482131471
5459,0.8,0.8096684468908422,1,0,0,1,-0.0531562747149491,0.010457710649955753
5460,0.8,0.7743993620795183,1,0,0,1,-0.04881244014547108,0.012428822454916293
5461,0.8,0.7583139430378977,1,0,0,1,-0.0447039821134423,0.013114777392547848
5462,0.8,0.7439922183555697,1,0,0,1,-0.04366596597606623,0.01101376602008636
5463,0.8,0.7309085291518865,1,0,0,1,-0.045318196120902626,0.008349556483908255
5464,0.8,0.747660260944811,1,0,0,1,-0.04625421887100477,0.0031524988964807036
5465,0.8,0.773684341876105,1,0,0,1,-0.04478679694265981,-0.0050677707442471675
5466,0.8,0.7918299335180762,1,0,0,1,-0.040542524519952036,-0.014107099448216904
5467,0.8,0.7826931415056114,1,0,0,1,-0.033099417978289865,-0.019168104075371353
5468,0.8,0.7857740606458296,1,0,0,1,-0.02733871706010717,-0.017974886270117903
5469,0.8,0.7941899958728341,1,0,0,1,-0.022675116314989398,-0.01603756558366502
5470,0.8,0.8037829672288195,1,0,0,1,-0.01831718502391396,-0.013254352760553666
5471,0.8,0.819884077116967,1,0,0,1,-0.01617579955131839,-0.010453381571966264
5472,0.8,0.8639906292562564,1,0,0,1,-0.016058997797201376,-0.008013312950915216
5473,0.8,0.9236275150160905,1,0,0,1,-0.012881358746370999,-0.0086826158540598
5474,0.8,0.9473037977142034,1,0,0,1,-0.006350438154586675,-0.008692164536951355
5475,0.8,0.9571602566633575,1,1,0,1,0.004443318860546266,-0.008638627868780686
5476,0.8,0.9637823166099923,0,1,1,1,0.015189884795308518,-0.006934602667163314
5477,0.8,1.0132996327130521,0,1,1,1,0.02607899041814467,-0.0025436828225317096
5478,0.8,1.0180390289670864,0,1,1,0,0.03479354229187526,-0.0007126152716038159
5479,0.8,0.9943732057522793,0,1,1,0,0.03740800999771309,2.971032078970893e-05
5480,0.8,0.9836679125164041,0,1,1,0,0.03667264423021026,-0.00017424035061397474
5481,0.8,0.9806939556477149,0,1,1,0,0.035691187501576384,-0.0017784571748194454
5482,0.8,0.9723065147396165,0,1,1,0,0.0367073895886493,-0.0027351204889033477
5483,0.8,0.9663709440634393,0,1,1,0,0.03845342453274589,-0.001649689604208243
5484,0.8,0.9604814469886522,0,1,1,0,0.040183299376927537,0.0012595930806396055
5485,0.8,0.9656602929563706,0,1,1,0,0.04212048498667663,0.005314327796674064
5486,0.8,0.979588038779084,0,1,1,0,0.044489188392024114,0.009953739301990094
5487,0.8,0.992446686154724,0,1,1,0,0.046475281777142836,0.01485261723198208
5488,0.8,0.9991646607733821,0,1,1,0,0.04836843150094259,0.020094085889648575
5489,0.8,1.017250745909438,0,1,1,0,0.04973673884538582,0.024791141000230443
5490,0.8,1.0452777043989845,0,1,1,0,0.05180277585635351,0.02817967128248342
5491,0.8,1.074951504317096,0,1,1,0,0.05568288952866704,0.03137512051532684
5492,0.8,1.057061784312171,1,1,1,0,0.05550152671266865,0.03304909564215115
5493,0.8,1.0424649839049782,1,1,1,0,0.04853474594183187,0.02922171101167703
5494,0.8,1.0151320311744956,1,0,1,0,0.03731320016876372,0.023698896911544597
5495,0.8,1.0018723350018608,1,0,1,0,0.02298918410339212,0.017500040822819626
5496,0.8,0.9958404210007712,1,0,1,1,0.006412116832359387,0.009348678692059758
5497,0.8,0.9352334644938993,1,0,1,1,-0.0034212525194936825,0.004771941778386046
5498,0.8,0.89827081360196,1,0,0,1,-0.008993313896046688,0.00371501139510366
5499,0.8,0.8901992753156913,1,0,0,1,-0.011333789336930453,-0.0003209236652627707
5500,0.8,0.8656980537776657,1,0,0,1,-0.011429831354413542,-0.006802075258320067
5501,0.8,0.811805306494578,1,0,0,1,-0.00857032529451106,-0.010978139514272213
5502,0.8,0.7887764118782901,1,0,0,1,-0.0060918542824966665,-0.013387376397508815
5503,0.8,0.7833984853334944,1,0,0,1,-0.005307349235900947,-0.016760879407481326
5504,0.8,0.790630459417143,0,0,0,1,-0.004076824018446328,-0.020698873563702612
5505,0.8,0.8122417356614348,0,0,0,1,-0.0017213366127189049,-0.02489770595602051
5506,0.8,0.8297044366462842,0,0,0,1,0.0014654719591276533,-0.02770533063102603
5507,0.8,0.8428595733286304,1,0,0,1,0.003756217828474074,-0.027047502849227332
5508,0.8,0.8176184552402939,1,0,0,1,0.0037648197680560727,-0.02163929553449533
5509,0.8,0.8646124032832692,1,0,0,1,0.003081870907753387,-0.016149034823219797
5510,0.8,0.8893076169316811,1,0,0,1,0.000456104993411995,-0.01131315368043284
5511,0.8,0.9241608443111345,1,0,0,1,-0.0024621352731840386,-0.005615443609662087
5512,0.8,0.9761950042961742,0,0,0,1,-0.0004820001013379882,-0.0018736452220852568
5513,0.8,0.9973284271366486,0,1,0,1,0.010312558785251938,0.00215468784298411
5514,0.8,1.0133633772989883,0,1,1,1,0.026025727036002318,0.0046901065696164194
5515,0.8,1.0081468950766461,0,1,1,1,0.032311366385367225,0.012410345618590822
5516,0.8,0.9793586014719253,0,1,1,0,0.030636955174125638,0.017723412179987564
5517,0.8,0.9672326548576199,0,1,1,0,0.026032667192664553,0.018879024803240028
5518,0.8,0.9554908190533434,0,1,1,0,0.022583464438585523,0.015730496558206446
5519,0.8,0.9278949028605954,0,1,1,0,0.021071430025181106,0.011468406410933416
5520,0.8,0.9001604966237164,0,1,1,0,0.021870307551330192,0.008673782767525794
5521,0.8,0.8787387678785026,0,1,1,0,0.024247015413881606,0.007978718748115435
5522,0.8,0.8630598678634039,0,1,1,0,0.027414725293085643,0.008919516421523097
5523,0.8,0.8657665579253715,0,1,1,0,0.0311817444989177,0.010832141722766541
5524,0.8,0.872812716940482,0,1,1,0,0.03479241350331982,0.013072340294296653
5525,0.8,0.884073513356516,0,1,1,0,0.03783996178789751,0.01586942872786601
5526,0.8,0.8916518473317799,0,1,1,0,0.039375273221863245,0.018627001692508367
5527,0.8,0.9155266494915844,0,1,1,0,0.040670434976931076,0.021546765158593766
5528,0.8,0.9426381611195415,0,1,1,0,0.042500985421234566,0.02443114251325864
5529,0.8,0.9473882963676383,1,1,1,0,0.042271412528316565,0.026937071789285175
5530,0.8,0.9306173105932602,1,1,1,0,0.036909218443831604,0.025817036886397384
5531,0.8,0.9335956071770111,1,0,1,0,0.028370313700023825,0.021482664044923657
5532,0.8,0.9258729580252677,1,0,1,0,0.013685847644459816,0.016262351268314944
5533,0.8,0.9194844638394486,1,0,1,0,-0.00446841485570679,0.010939860567662286
5534,0.8,0.8908500192054388,1,0,1,1,-0.018778807900950812,0.0076059152300618485
5535,0.8,0.8770752631997178,1,0,1,1,-0.025999508438430095,0.007023646916632138
5536,0.8,0.8680677783541401,1,0,0,1,-0.03066813424903544,0.0049446868018092355
5537,0.8,0.8570146059586697,1,0,0,1,-0.031199338802895927,-0.0004183079985949973
5538,0.8,0.8287653785554073,1,0,0,1,-0.027508002261772403,-0.006663296904962912
5539,0.8,0.81550535480682,1,0,0,1,-0.021689548798206906,-0.0123208033613306
5540,0.8,0.7992136469341421,1,0,0,1,-0.016379056109258498,-0.01727773860210605
5541,0.8,0.8029791453028332,1,0,0,1,-0.013569407211485482,-0.021345346423784675
5542,0.8,0.814980891586673,1,0,0,1,-0.011246969712098362,-0.025088294478978517
5543,0.8,0.8358184755656362,0,0,0,1,-0.00876929623151381,-0.02771181982228681
5544,0.8,0.8724708443027399,0,0,0,1,-0.006640945822612206,-0.02873858374212008
5545,0.8,0.9056667614716011,1,0,0,1,-0.005535943581777096,-0.02796784150520314
5546,0.8,0.8867007891367407,0,0,0,1,-0.006707140174423043,-0.022713447478433072
5547,0.8,0.9598035372570597,0,0,0,1,-0.008542313690383076,-0.01732611830825415
5548,0.8,0.9877934670309436,0,0,0,1,-0.009784695342249532,-0.011794488296199284
5549,0.8,1.0354808227773613,0,0,0,1,-0.009791259089481055,-0.003782576126446209
5550,0.8,1.1074715074977646,0,1,0,1,-0.0031298651367880925,0.0019734764426815373
5551,0.8,1.132062055592519,0,1,0,1,0.00946044818888335,0.005142617815308458
5552,0.8,1.1496842370266855,0,1,1,1,0.022846564789735794,0.0045986309764894095
5553,0.8,1.0806323389758337,0,1,1,0,0.020055828329414927,0.004927573026636319
5554,0.8,1.0498245189212025,0,1,1,0,0.013578188082358899,0.004565904404493616
5555,0.8,1.012891097727987,0,1,1,0,0.01088005906322492,0.0030949111271876767
5556,0.8,0.988963157914992,0,1,1,0,0.011017034728283007,0.0007300495498428061
5557,0.8,0.9513559182222892,0,1,1,0,0.013537432866710997,0.00016081532160900716
5558,0.8,0.9234520901932461,0,1,1,0,0.018054481339107507,0.002661339783356274
5559,0.8,0.9244870557553957,0,1,1,0,0.023740059294147017,0.006342310086982489
5560,0.8,0.9451769766188823,0,1,1,0,0.029946543957928975,0.009238176373751513
5561,0.8,0.954063358942961,0,1,1,0,0.0355769673650999,0.011950212285123133
5562,0.8,0.9661461073266404,0,1,1,0,0.0378032856148111,0.014684603736591605
5563,0.8,0.9802537942167895,0,1,1,0,0.0368936222137521,0.017214180809095127
5564,0.8,1.0121933219004708,0,1,1,0,0.03510160653966786,0.019800630093512843
5565,0.8,1.0364172682610158,0,1,1,0,0.0333991548063256,0.023038216416599977
5566,0.8,1.008289969193998,1,1,1,0,0.028117627287361918,0.026237059343685035
5567,0.8,0.9948233186298845,1,0,1,0,0.01837765004383465,0.026381418756247423
5568,0.8,1.022620741521485,1,0,1,0,0.0037391585829850073,0.02289792829198943
5569,0.8,1.0594025147774837,1,0,1,0,-0.01573321584159053,0.015614365274320805
5570,0.8,1.0246843429912447,1,0,1,1,-0.03223383719244764,0.00983675762991584
5571,0.8,0.9809166173168938,1,0,0,1,-0.03611277680997135,0.013128448439082023
5572,0.8,0.9749321816630143,1,0,0,1,-0.03809633419332371,0.01435821936154051
5573,0.8,0.9266669773565356,1,0,0,1,-0.03650871247325279,0.011934172245101664
5574,0.8,0.8885146811934205,1,0,0,1,-0.032541970449608666,0.009792997385939585
5575,0.8,0.8683941385627607,1,0,0,1,-0.030354977123075534,0.00690431189444252
5576,0.8,0.8557062864776924,1,0,0,1,-0.031140221890762574,0.0028558688201477537
5577,0.8,0.8555432768312587,1,0,0,1,-0.033269829886408135,-0.001117324652337817
5578,0.8,0.8721777325849187,0,0,0,1,-0.034207808575591074,-0.004982024787720823
5579,0.8,0.9070055181381985,0,0,0,1,-0.032618276530288474,-0.008780949901333178
5580,0.8,0.939065741464902,0,0,0,1,-0.030571856586838073,-0.010832122630286458
5581,0.8,0.9511637816061055,1,0,0,1,-0.028403863001553543,-0.00881672736244619
5582,0.8,0.9566508795413285,1,0,0,1,-0.02846540633290738,-0.0027785480710501515
5583,0.8,0.999319299238528,1,0,0,1,-0.030607383977615536,0.004155969379434449
5584,0.8,1.023925270911401,1,0,0,1,-0.03388600269730751,0.01170820685988831
5585,0.8,1.0429273826805578,1,1,0,1,-0.03491580831115629,0.019235386128509405
5586,0.8,1.0653241266976317,0,1,0,1,-0.02557948030719217,0.01890836679878115
5587,0.8,1.063414769939765,0,1,0,1,-0.012348750431316616,0.016317190504270378
5588,0.8,1.1055479810065922,0,1,0,1,0.002887884293220628,0.011805107590527553
5589,0.8,1.0707023082374107,0,1,1,0,0.009723497999548561,0.007544174150412565
5590,0.8,1.0077786267996167,0,1,1,0,0.005001706816613845,0.006054073889476992
5591,0.8,0.9761715292113118,0,1,1,0,-0.0014322383432112107,0.0030306385019275455
5592,0.8,0.9464891671174055,0,1,1,0,-0.003521625225226371,-0.0009236732779451472
5593,0.8,0.9169886741198626,0,1,1,0,-0.0016833744017126853,-0.0038500484909383317
5594,0.8,0.8878214129237013,0,1,1,0,0.003036824497729356,-0.005040516162078057
5595,0.8,0.8723631313975934,0,1,1,0,0.008415831825671044,-0.004553043222468699
5596,0.8,0.8595231164003545,0,1,1,0,0.012666597242404312,-0.002647848036133904
5597,0.8,0.8515554405475328,0,1,1,0,0.017157389037345955,0.001106022803786566
5598,0.8,0.864476884586671,0,1,1,0,0.02085987703639972,0.005006091532555863
5599,0.8,0.8624344742333994,0,1,1,0,0.023897860854966674,0.009128631933888104
5600,0.8,0.8859026859564467,0,1,1,0,0.02636805355907237,0.012679985050903446
5601,0.8,0.9166959276412637,0,1,1,0,0.029858973871983024,0.015533505664236892
5602,0.8,0.9479760982787743,0,1,1,0,0.031968284671630834,0.018389810978571508
5603,0.8,0.9425361465526089,1,1,1,0,0.030721930725573467,0.0204152260132686
5604,0.8,0.9466489568103875,1,0,1,0,0.026040354318798996,0.018213101124060393
5605,0.8,0.948666762594032,1,0,1,0,0.015987797094727405,0.014428097316297168
5606,0.8,0.937186971843487,1,0,1,0,0.0012703476988725707,0.01025187340551542
5607,0.8,0.9042032059640834,1,0,1,1,-0.012736342692839887,0.006997441222210265
5608,0.8,0.8971450555009745,1,0,1,1,-0.02029417778361539,0.006406799837545458
5609,0.8,0.8763907642901223,1,0,0,1,-0.024628163149658697,0.0038269828749549354
5610,0.8,0.8618269561981186,1,0,0,1,-0.02451093835315124,-0.001795307647806653
5611,0.8,0.8698208503385425,1,0,0,1,-0.021944216893665096,-0.011086283785640026
5612,0.8,0.835462893504692,1,0,0,1,-0.016096146602429345,-0.019546713545890333
5613,0.8,0.8147465851140946,1,0,0,1,-0.008414023081530842,-0.025793821227107796
5614,0.8,0.8013041996620864,1,0,0,1,-0.003429721194679914,-0.029649652096902623
5615,0.8,0.8094087302867253,1,0,0,1,-0.0014650050608232897,-0.03206426730368022
5616,0.8,0.8253337737297185,0,0,0,1,0.0017213651884984966,-0.034152198501750206
5617,0.8,0.8535053291503761,0,0,0,1,0.004798149292922495,-0.03526557961176216
5618,0.8,0.8750168160622899,1,0,0,1,0.006705575986643895,-0.034172697853844095
5619,0.8,0.853574550180755,0,0,0,1,0.006750262262329312,-0.028382212205329313
5620,0.8,0.9147150049463585,1,0,0,1,0.006687160613141498,-0.02332550620399548
5621,0.8,0.9153959837868502,0,0,0,1,0.004699302777453466,-0.017758655781463475
5622,0.8,0.9832306611567485,1,0,0,1,0.0033936755330096907,-0.012577355010587982
5623,0.8,1.0193196138784495,0,0,0,1,0.008109028256298594,-0.008957916147971416
5624,0.8,1.076379376356125,0,0,0,1,0.0193160615971187,-0.0041958242991577644
5625,0.8,1.0406795812160536,0,1,1,1,0.03573120794038346,0.0004364679965452667
5626,0.8,1.0428795766695842,0,1,1,1,0.042235030163647894,0.008814368804358362
5627,0.8,1.043030438661018,0,1,1,0,0.04181604735174863,0.014562368064151896
5628,0.8,1.0195591782532778,0,1,1,0,0.03606786482228152,0.01716027329376258
5629,0.8,1.0084504553744007,0,1,1,0,0.030641246452271745,0.01616283909281631
5630,0.8,0.9845883744226861,0,1,1,0,0.02910477437897689,0.013874731252680846
5631,0.8,0.9631020847874038,0,1,1,0,0.031135852612527656,0.012689040076209895
5632,0.8,0.9416372557604008,0,1,1,0,0.03556417913156054,0.013470550415048866
5633,0.8,0.93542270640645,0,1,1,0,0.041072267176595595,0.016082824396701337
5634,0.8,0.9588888766774446,0,1,1,0,0.04710980254929659,0.018815895621944932
5635,0.8,0.9619194411025872,0,1,1,0,0.05245491386286922,0.021998264782134708
5636,0.8,0.9812565028125192,0,1,1,0,0.055066944169639316,0.02544399948999109
5637,0.8,0.9866289201144364,0,1,1,0,0.05569933901113187,0.02873756690331923
5638,0.8,1.014157651134428,0,1,1,0,0.05525177537673124,0.03189538032259291
5639,0.8,1.0412983117446477,0,1,1,0,0.05563060358364815,0.034777002169361866
5640,0.8,0.995511646290437,1,1,1,0,0.049668728072833894,0.035171291626105695
5641,0.8,0.983044941706659,1,0,1,0,0.04093525607004059,0.03104736921279543
5642,0.8,0.9894749189698249,1,0,1,0,0.02824862803731081,0.024454680709523332
5643,0.8,0.9805091217759879,1,0,1,0,0.011339637333288046,0.01649173065518508
5644,0.8,0.9671418704764592,1,0,1,0,-0.007016600477971141,0.00809722745246241
5645,0.8,0.9301456179450072,1,0,1,1,-0.020919822488501674,0.0017303323701454247
5646,0.8,0.9020082483630513,1,0,1,1,-0.026076678685278347,3.944274477911314e-05
5647,0.8,0.8769051598000235,1,0,0,1,-0.02860618556724963,-0.0023469333070352183
5648,0.8,0.8668588514699822,1,0,0,1,-0.027425049910222928,-0.007322555020435997
5649,0.8,0.8415630540727854,1,0,0,1,-0.02267812202116677,-0.013601726378548897
5650,0.8,0.8160181156107226,1,0,0,1,-0.016721281283731262,-0.018463477420360898
5651,0.8,0.8114598994043534,1,0,0,1,-0.013919141498659585,-0.022425309925808146
5652,0.8,0.8255309951333136,0,0,0,1,-0.013784963373123628,-0.025738880696924114
5653,0.8,0.8603532691310907,0,0,0,1,-0.014909374475411213,-0.02830189388182357
5654,0.8,0.8903453917249655,0,0,0,1,-0.016152360881375456,-0.029786370220111172
5655,0.8,0.9150407025946842,0,0,0,1,-0.017886116611321647,-0.028464698956924977
5656,0.8,0.9337430795298297,0,0,0,1,-0.020101202137787138,-0.02435604920000651
5657,0.8,0.975170851110301,0,0,0,1,-0.024648320121185376,-0.018121980808522228
5658,0.8,1.0194511251225964,0,0,0,1,-0.028545431401113253,-0.011800011720494965
5659,0.8,1.0624385461246337,0,0,0,1,-0.03080770325104425,-0.004710855297952293
5660,0.8,1.1170109949241547,0,1,0,1,-0.026081867575351022,0.0022251573442190775
5661,0.8,1.1650476660989533,0,1,0,1,-0.015475996990613096,0.006602909028047699
5662,0.8,1.1810118877440101,0,1,0,1,-0.002744448661868261,0.008063162716705858
5663,0.8,1.1795184079681655,0,1,1,0,0.0036106290722306747,0.006779073710866297
5664,0.8,1.121912742742829,0,1,1,0,-2.1487952104374744e-05,0.005418217633080678
5665,0.8,1.0715709276070415,0,1,1,0,-0.004536772482594172,0.0034198095621878364
5666,0.8,1.0322094772193877,0,1,1,0,-0.005707849405085445,0.0016887364310106462
5667,0.8,1.0012218834933777,0,1,1,0,-0.004032139625930358,-9.611867072794846e-05
5668,0.8,0.964711587320445,0,1,1,0,0.0003290040178002875,0.00020015966663746628
5669,0.8,0.937276482865506,0,1,1,0,0.006442277510222986,0.0032764726571647604
5670,0.8,0.9392696415504829,0,1,1,0,0.013956693757676282,0.007394764687159791
5671,0.8,0.9514068812269062,0,1,1,0,0.021586859120139495,0.011368253973890184
5672,0.8,0.9532099559304916,0,1,1,0,0.028406816479351237,0.015624812096847383
5673,0.8,0.9686491714816902,0,1,1,0,0.032966943657107436,0.019509269032200172
5674,0.8,0.9871242762486278,0,1,1,0,0.036839836069066205,0.0234917226894059
5675,0.8,1.0124269982547218,0,1,1,0,0.039517299533519144,0.027908757123816567
5676,0.8,0.9939927074071052,1,1,1,0,0.03787148678526766,0.03143073787735614
5677,0.8,0.9712257713858119,1,0,1,0,0.03222220424801367,0.03050136178873975
5678,0.8,0.9564441397117087,1,0,1,0,0.022663717689430377,0.027207932261624625
5679,0.8,0.9539310655425226,1,0,1,0,0.007474209447936466,0.021413381808924097
5680,0.8,0.9586912073113173,1,0,1,0,-0.011499989825659892,0.013354282557397793
5681,0.8,0.912860271707478,1,0,1,1,-0.024690897035628157,0.007843679690435373
5682,0.8,0.8918038800544095,1,0,1,1,-0.029607755036286508,0.006339851018728999
5683,0.8,0.8715155575677888,1,0,0,1,-0.031919548682816955,0.0031942180915145416
5684,0.8,0.8586078984770391,1,0,0,1,-0.029820777696062575,-0.0029933478900628437
5685,0.8,0.8329416764736174,1,0,0,1,-0.023980295863604707,-0.010841208046916333
5686,0.8,0.8099621719595613,1,0,0,1,-0.016553607214756585,-0.01762770664973835
5687,0.8,0.8067919899351603,1,0,0,1,-0.011735864253285879,-0.023554438737799163
5688,0.8,-0.011603473019882156,1,1,1,1,-0.00037637279160354534,-0.0010435317921076482
5689,0.8,0.00047570245404936814,1,0,0,1,0.005551367054310778,-0.009060252141525345
5690,0.8,-0.03993859347057646,1,0,0,1,0.016548030117670743,-0.016804789065761733
5691,0.8,-0.059922271533747795,1,0,0,1,0.02515672686065893,-0.022235616462402994
5692,0.8,-0.06087373554370848,1,0,0,1,0.03103008001446084,-0.027084267910116023
5693,0.8,0.008169457422229852,1,0,0,1,0.03127456078022365,-0.03487285938346119
5694,0.8,0.058796560572376755,0,0,0,1,0.028637157044409826,-0.045254243135658546
5695,0.8,0.11173475819498964,0,0,0,1,0.02876927560523977,-0.05385861407158321
5696,0.8,0.2122004077225855,0,0,0,1,0.034097899516494376,-0.06387651007101036
5697,0.8,0.22511776519432755,0,0,0,1,0.042655790042584074,-0.07248446566277054
5698,0.8,0.28855596097013214,0,0,0,1,0.05394766050400503,-0.08139841924676773
5699,0.8,0.2678874813656542,0,0,1,1,0.06239546369964057,-0.08812930116246012
5700,0.8,0.24417507730651836,0,0,1,0,0.05978858996840036,-0.08719155907584336
5701,0.8,0.285249418827632,0,0,1,0,0.05258841697990507,-0.08992099927566036
5702,0.8,0.2879455376670666,0,0,1,0,0.04131400859668285,-0.09635445161080224
5703,0.8,0.26905272688902937,0,0,1,0,0.027829976752447482,-0.1004647484646308
5704,0.8,0.24063926961284757,0,0,1,0,0.014765148398084248,-0.09885382091060792
5705,0.8,0.22577827439882486,0,0,1,0,0.004311721092409252,-0.09238008585447668
5706,0.8,0.23820970438524497,0,0,1,0,-0.0009843400587246942,-0.0844075632763625
5707,0.8,0.2623138898866175,0,0,1,0,-0.0014638087539867387,-0.07671439701187176
5708,0.8,0.2828005707619252,0,0,1,0,0.000745784941681567,-0.0694664974953012
5709,0.8,0.3120378960437727,0,0,1,0,0.0036561306457947368,-0.06374889293385358
5710,0.8,0.33709748613017176,0,1,1,0,0.007685017108377254,-0.058806854173922826
5711,0.8,0.36061085870695725,0,1,1,0,0.014104405029768455,-0.05405086520784257
5712,0.8,0.40051124599251603,0,1,1,0,0.01844134641976161,-0.05100058031425483
5713,0.8,0.43395152923053026,0,1,1,0,0.018514941327263782,-0.0500452390393882
5714,0.8,0.47219532373496914,0,1,1,0,0.014444252577915335,-0.05041892570698483
5715,0.8,0.44638509441007307,1,1,1,1,0.009947608704666377,-0.05023535386175963
5716,0.8,0.45276779559679636,1,0,1,1,0.008033098621552765,-0.04225541354909619
5717,0.8,0.5488251817864568,1,0,1,1,0.0006323748340058217,-0.039159064550214014
5718,0.8,0.6000000082756987,1,0,1,1,-0.0077144397269322635,-0.04087587526964326
5719,0.8,0.6853916724039668,1,0,1,1,-0.015849406029901224,-0.04282623782997949
5720,0.8,0.7362029864788564,1,0,1,1,-0.0223174032360146,-0.0456670601407268
5721,0.8,0.7761102762898078,0,0,1,1,-0.024584833988794446,-0.04665071215947577
5722,0.8,0.8309552300141969,0,0,1,1,-0.024341557542112553,-0.047565592506059975
5723,0.8,0.8351147374703665,0,0,0,1,-0.017651858611732567,-0.04989547714955108
5724,0.8,0.827051461993322,0,0,0,1,-0.006930058022726707,-0.05134790130754892
5725,0.8,0.8356445235626742,0,0,0,1,0.006789416604056071,-0.05356747219044193
5726,0.8,0.8327691232996385,1,0,0,1,0.023504357264941825,-0.0563907735477136
5727,0.8,0.7941608493696238,1,0,0,1,0.03596724908107104,-0.05466428851260947
5728,0.8,0.8142615078877038,1,0,0,1,0.03710964200501015,-0.050308430874646676
5729,0.8,0.825308391168781,0,0,0,1,0.030002506619050785,-0.0459931013452743
5730,0.8,0.8579108211171887,1,0,0,1,0.02402610231644926,-0.04201776579595836
5731,0.8,0.8376277777167034,0,0,0,1,0.01787253952684635,-0.03595443984946653
5732,0.8,0.8922174143838832,0,0,0,1,0.013759453410482146,-0.029605245112775114
5733,0.8,0.9337077443781582,0,0,0,1,0.010950333579182497,-0.02329166364640018
5734,0.8,0.9859551160870028,0,0,0,1,0.012187074774562925,-0.015199018445033696
5735,0.8,1.037413057223342,0,0,0,1,0.020652847518266355,-0.007733801278386939
5736,0.8,1.0570075119390945,0,1,1,1,0.03552890991851794,-0.0006905716529670044
5737,0.8,1.020971970545669,0,1,1,1,0.043024732979897805,0.010776722102491561
5738,0.8,1.0722405683496086,0,1,1,1,0.04667494431893119,0.020164157265881912
5739,0.8,1.0774130178383803,0,1,1,0,0.04842094133718446,0.023039580963912412
5740,0.8,1.0542245054275483,0,1,1,0,0.04564710192672486,0.021764508043170407
5741,0.8,1.0356037797375381,0,1,1,0,0.04365585372935815,0.018481882993889177
5742,0.8,1.0119997456775147,0,1,1,0,0.04378121791528347,0.0154181900020578
5743,0.8,0.9924133452536859,0,1,1,0,0.04583599108001842,0.014541378022050912
5744,0.8,0.9954686092943199,0,1,1,0,0.050813386164940307,0.015462600829427221
5745,0.8,1.012269903087816,0,1,1,0,0.05694055570754618,0.01865113454946558
5746,0.8,1.0364332681958677,0,1,1,0,0.0609972882373886,0.022052635315528164
5747,0.8,1.0567508502861591,0,1,1,0,0.06309732169571511,0.02557897221833747
5748,0.8,1.070571507267605,0,1,1,0,0.06283871979083329,0.0294786909693515
5749,0.8,1.093178446695024,0,1,1,0,0.0603778983690384,0.03285978898727096
5750,0.8,1.1285097322836326,0,1,1,0,0.05770306790317807,0.0351090610985689
5751,0.8,1.167896653823372,0,1,1,0,0.056064910538728474,0.036929143137806826
5752,0.8,1.1079317907521988,1,1,1,0,0.04692009834238476,0.03538726803949436
5753,0.8,1.0606641742553282,1,0,1,0,0.034280788999215196,0.03108605889877821
5754,0.8,1.0546863562053037,1,0,1,0,0.020409896340364355,0.025289260745787877
5755,0.8,1.065487320883464,1,0,1,0,0.003609275492245744,0.01613738376686183
5756,0.8,1.0670753501771673,1,0,1,0,-0.01319647733411904,0.0053033709241718345
5757,0.8,0.998197257128965,1,0,1,1,-0.02173271417755677,-0.0007972095790095095
5758,0.8,0.9639668713113123,1,0,0,1,-0.022868864055087854,-0.0026559588726930766
5759,0.8,0.9096974711991435,1,0,0,1,-0.021993397062134278,-0.005345919613332779
5760,0.8,0.8569932758071694,1,0,0,1,-0.019539127109848457,-0.005113266251046249
5761,0.8,0.8256579606231756,1,0,0,1,-0.018389926629060003,-0.004317256832200274
5762,0.8,0.8093849770853422,1,0,0,1,-0.021292776257081227,-0.004890150779046656
5763,0.8,0.8029939760499022,0,0,0,1,-0.026402705547450802,-0.006146045897696391
5764,0.8,0.8257627175584205,0,0,0,1,-0.03232264317891048,-0.00811185413155211
5765,0.8,0.8524933954692292,0,0,0,1,-0.03753370106151739,-0.010794543780052589
5766,0.8,0.8735799235286256,0,0,0,1,-0.0426717093425961,-0.01112560355836836
5767,0.8,0.8958443044081064,0,0,0,1,-0.047763712993737745,-0.00825546156918499
5768,0.8,0.9321628876027878,0,0,0,1,-0.054030522692581094,-0.0024304512549394347
5769,0.8,0.9760041628924045,0,0,0,1,-0.059056794707157884,0.00449708614844974
5770,0.8,1.0128987207025801,0,1,0,1,-0.06210903767443769,0.012769666004202781
5771,0.8,1.0209341784549397,0,1,0,1,-0.05469214711322843,0.015470312453358673
5772,0.8,1.0340463640530348,0,1,0,1,-0.04224029371590341,0.014897272629928003
5773,0.8,1.0597362205276215,0,1,0,1,-0.028070453996447618,0.012890068637477532
5774,0.8,1.1004111503337113,0,1,0,1,-0.013624115438959371,0.007708598120057752
5775,0.8,1.0898547532522376,0,1,1,1,-0.006318778405747302,0.003872493633897362
5776,0.8,1.0326605474820574,0,1,1,0,-0.010876158571854786,0.00030861695894608313
5777,0.8,1.0101388922973649,0,1,1,0,-0.015994049409598636,-0.005040807162702169
5778,0.8,1.0034132600579229,0,1,1,0,-0.01802239677507687,-0.013328184796431383
5779,0.8,0.9588626950773379,0,1,1,0,-0.018570617722891085,-0.019894972273769056
5780,0.8,0.9362005707829992,0,1,1,0,-0.016699849364024705,-0.023021479118860336
5781,0.8,0.9024573018222957,0,1,1,0,-0.012641611904310674,-0.02235297336190579
5782,0.8,0.8997683562823205,0,0,1,0,-0.0076162503318554405,-0.01882033159335805
5783,0.8,0.9194328214649169,0,0,1,0,-0.002714918311640418,-0.015640368971773237
5784,0.8,0.9332550946699725,0,0,1,0,0.0018489775053000391,-0.012424493328337354
5785,0.8,0.9383917829012509,0,1,1,0,0.005287994903454755,-0.008443318664825538
5786,0.8,0.950534076215735,0,0,1,0,0.0063016741995196215,-0.0041537885581239475
5787,0.8,0.985415636169519,0,1,1,0,0.0075913113034408435,0.0006039549253526721
5788,0.8,1.0089556621548756,0,1,1,0,0.009045375663706714,0.006329570189952008
5789,0.8,1.0317008031999653,0,0,1,0,0.009112845137374306,0.013630227665053533
5790,0.8,0.993609124023395,1,0,1,0,0.00036868984898590166,0.01908364723830763
5791,0.8,0.9662334390206017,1,0,1,0,-0.01314976821134489,0.02024260312594471
5792,0.8,0.957399774297333,1,0,1,1,-0.02646254566870155,0.018584473378833156
5793,0.8,0.920104367632416,1,0,0,1,-0.03121369196792034,0.0194076419925039
5794,0.8,0.8860759091712664,1,0,0,1,-0.030541036046651076,0.017822014015668183
5795,0.8,0.8484136824774736,1,0,0,1,-0.028576039614992395,0.015125731743070372
5796,0.8,0.7929203671517199,1,0,0,1,-0.026115275235663052,0.013226510965618605
5797,0.8,0.7577181524960249,1,0,0,1,-0.02523982083902227,0.010912805844967826
5798,0.8,0.7429519940402484,1,0,0,1,-0.028143004114009215,0.007481720196928136
5799,0.8,0.7500087649331167,1,0,0,1,-0.03299679269178666,0.0014829692891907057
5800,0.8,0.7682644303829468,1,0,0,1,-0.03468222457324946,-0.006959727975535023
5801,0.8,0.7875933233392397,1,0,0,1,-0.03364420352321516,-0.016247095555007328
5802,0.8,0.7797209821208411,1,0,0,1,-0.03020670606249203,-0.02239936539892547
5803,0.8,0.7912354848660313,1,0,0,1,-0.027816469657137223,-0.02357236022879204
5804,0.8,0.7980270652885206,1,0,0,1,-0.02605325114199461,-0.02289918252979225
5805,0.8,0.8217701406187911,1,0,0,1,-0.023881291581419155,-0.021595568688933545
5806,0.8,0.8593118214226925,1,0,0,1,-0.021843309940586225,-0.020684833161420755
5807,0.8,0.7909198757243664,1,1,0,1,-0.012031045040978409,-0.023271180938502528
5808,0.8,0.7853031450880482,1,1,0,1,0.0054606455353921075,-0.034241432252464656
5809,0.8,0.7844620104980998,0,1,0,1,0.023370669053693366,-0.0465783272019163
5810,0.8,0.8458622717210343,0,1,1,1,0.04359588733959353,-0.05880317450323099
5811,0.8,0.8402997960172268,0,1,1,1,0.058139324062375576,-0.0648417871065978
5812,0.8,0.8469734811842182,0,1,1,0,0.06652939564650555,-0.06630174224384337
5813,0.8,0.7960395279537136,0,1,1,0,0.06808473649272147,-0.06781691571640651
5814,0.8,0.7664547638213736,0,1,1,0,0.06783847679691041,-0.06846770652823653
5815,0.8,0.7623116249924026,0,1,1,0,0.06743297761119171,-0.07116374373631422
5816,0.8,0.7449428958971032,0,1,1,0,0.06680734555148284,-0.07524977872339479
5817,0.8,0.7219192688315422,0,1,1,0,0.0690164314209573,-0.07566788842613749
5818,0.8,0.7160973657761821,0,1,1,0,0.07421074632268883,-0.07274081371368875
5819,0.8,0.7311860430954308,0,1,1,0,0.07993733129256093,-0.06824691774153967
5820,0.8,0.737398673619629,0,1,1,0,0.08534951620611038,-0.06287844423517785
5821,0.8,0.7667959761469278,0,0,1,0,0.09110220972455302,-0.05749540801791376
5822,0.8,0.7962082609086198,0,0,1,0,0.09724767240214192,-0.05254041502698445
5823,0.8,0.8231285081150714,0,0,1,0,0.10229264565682884,-0.047889461615848325
5824,0.8,0.8300434947937679,1,0,1,0,0.10631099309001113,-0.041831320432580046
5825,0.8,0.7760257114812692,1,0,1,0,0.10122450372794674,-0.04113697025514088
5826,0.8,0.7280879038015395,1,0,1,0,0.0909891265916049,-0.048218885485875766
5827,0.8,0.6882044409767932,1,0,1,0,0.07664290885603177,-0.059982246659151
5828,0.8,0.6669439064521636,1,0,1,0,0.060215340428146635,-0.07521423556610647
5829,0.8,0.66947709898079,1,0,1,0,0.043739859506910665,-0.09257596335223418
5830,0.8,0.6621892686021271,1,0,1,0,0.030189382733270667,-0.10996970136251599
5831,0.8,0.649110211388916,1,0,1,0,0.021434650260268997,-0.12514413994234044
5832,0.8,0.6264230854820959,1,0,1,0,0.01735289363808722,-0.137458181642023
5833,0.8,0.5990840632876175,1,0,0,0,0.018051952683725957,-0.1489912892430843
5834,0.8,0.5586808612546935,1,0,0,0,0.020444320847130767,-0.1602035608654491
5835,0.8,0.5280327081362971,1,0,0,0,0.022855498418865597,-0.16929264094092408
5836,0.8,0.5154334351244542,1,0,0,1,0.02830909545246012,-0.1786157732479209
5837,0.8,0.5227706881100187,1,0,0,1,0.03659883756601079,-0.18808761530906984
5838,0.8,0.4676456744596833,1,0,0,1,0.04345005954212122,-0.19292952286056889
5839,0.8,0.42405236232610666,1,0,0,1,0.04235129123683045,-0.19053753144218524
5840,0.8,0.4177493380133168,1,0,0,1,0.033740984891352,-0.18478860607800082
5841,0.8,0.4244264441392296,1,0,0,1,0.019895287588590525,-0.17757527205360712
5842,0.8,0.45583702075918503,1,0,0,1,0.003237728258894538,-0.1696681463302736
5843,0.8,0.49083594500051836,1,0,0,1,-0.014161889425086758,-0.1599747842249559
5844,0.8,0.5823705558067259,0,0,0,1,-0.02855749531023305,-0.1483957220515919
5845,0.8,0.5497740471540798,0,1,0,1,-0.036558921402427814,-0.13485991119726054
5846,0.8,0.5330516326285138,0,1,0,1,-0.03462858948480853,-0.12805186576516897
5847,0.8,0.5193117561664957,0,1,0,1,-0.028197917746284634,-0.12967025145918037
5848,0.8,0.5352506110095077,0,1,0,1,-0.017998990133442354,-0.13876042910722514
5849,0.8,0.5475753257965862,0,1,0,1,-0.008438666040030275,-0.15412724216369064
5850,0.8,0.4845271346318004,0,1,1,0,-0.007943451078265962,-0.17634613079773712
5851,0.8,0.4573314606060291,0,1,1,0,-0.011986181585950374,-0.1978755321145538
5852,0.8,0.42483946047089977,0,1,1,0,-0.016846780162195995,-0.21858374296196748
5853,0.8,0.3710885484050687,0,1,1,0,-0.02328082556445913,-0.2339867150090343
5854,0.8,0.28402509129327197,0,1,1,0,-0.030032833316336247,-0.24100096624830827
5855,0.8,0.2706716022380409,0,1,1,0,-0.030544526368211634,-0.24265629121340399
5856,0.8,0.30847747663881087,0,1,1,0,-0.02512114453123814,-0.2468974345045764
5857,0.8,0.3250318476373359,0,1,1,0,-0.018762634637280937,-0.25410601190647975
5858,0.8,0.3428039489942521,0,1,1,0,-0.013837231015113076,-0.2583063480721816
5859,0.8,0.36032168151384164,0,0,1,0,-0.011951409039658226,-0.2597843094863598
5860,0.8,0.4126693868483182,0,0,1,0,-0.01590158088744988,-0.26156977692633654
5861,0.8,0.4326004482288704,0,0,1,0,-0.02700870168584259,-0.26299253433866415
5862,0.8,0.4509332894652493,0,0,1,0,-0.044280507326118906,-0.26326737759242136
5863,0.8,0.3791077332108093,0,0,1,1,-0.05755708533281869,-0.25562378726349216
5864,0.8,0.42562917626453434,0,0,1,1,-0.0680183845053375,-0.2439953321913301
5865,0.8,0.43606192870543387,1,0,1,1,-0.0771955948712725,-0.2348920428334706
5866,0.8,0.45563443135137843,1,0,1,1,-0.08569052718175421,-0.22798043751379518
5867,0.8,0.4618254430434546,1,0,1,1,-0.09219811362354335,-0.22361143046968376
5868,0.8,0.48153404159408847,1,0,1,1,-0.09612844335976023,-0.22055055191376632
5869,0.8,0.49277656596950264,1,0,1,1,-0.09858800412808598,-0.21829436003527497
5870,0.8,0.46464788136322194,1,0,0,1,-0.09602056364484286,-0.2151095067915655
5871,0.8,0.4786482056000752,1,0,0,1,-0.08871006625855306,-0.21382119521129286
5872,0.8,0.4810152451658804,1,0,0,1,-0.0776907196582082,-0.21769068292583488
5873,0.8,0.4554217438179003,1,0,0,1,-0.06659837052121814,-0.22232208209246485
5874,0.8,0.4289431975008893,1,0,0,1,-0.05832683686765823,-0.2239440702332136
5875,0.8,0.45625632012059253,1,0,0,1,-0.05518921022290159,-0.22378744618382512
5876,0.8,0.48395142838360167,1,0,0,1,-0.0540430842439622,-0.22421098110349985
5877,0.8,0.4685434692819445,0,0,0,1,-0.05165208495349254,-0.22198009604294572
5878,0.8,0.4905005305275035,0,0,0,1,-0.04766471458146911,-0.21829684296363092
5879,0.8,0.5684395010104604,0,0,0,1,-0.04215136206007376,-0.21610103330136834
5880,0.8,0.6015553423363389,0,0,0,1,-0.036386331392206366,-0.21283680560217538
5881,0.8,0.6463793158924235,0,1,0,1,-0.030109618057846593,-0.20887009217825397
5882,0.8,0.6886887825595955,0,1,0,1,-0.016875804799113055,-0.21186405940032668
5883,0.8,0.7033204566117667,0,1,0,1,-0.0018250984910399756,-0.21835652483550702
5884,0.8,0.7269363640575651,0,1,1,1,0.013723389078048796,-0.22623518997849187
5885,0.8,0.7125952544932567,0,1,1,0,0.018662542320147354,-0.23387091513523517
5886,0.8,0.70201609998249,0,1,1,0,0.018129547672643978,-0.24179886123818076
5887,0.8,0.6914295821978953,0,1,1,0,0.017435870022842928,-0.24927268246503656
5888,0.8,0.6550827999913331,0,1,1,0,0.01656625981820799,-0.252776450478335
5889,0.8,0.6561822207738525,0,1,1,0,0.017596573938799733,-0.25366171062727605
5890,0.8,0.6479469607865856,0,1,1,0,0.020315363464210378,-0.25186801225865896
5891,0.8,0.6617296256664724,0,1,1,0,0.026013712478351398,-0.2485429416888282
5892,0.8,0.6776256402695721,0,1,1,0,0.033613101432298585,-0.24522586481372613
5893,0.8,0.6943239437252794,0,1,1,0,0.039849376146757445,-0.24201183396957174
5894,0.8,0.7318903758553102,0,1,1,0,0.044850805583684636,-0.23856995503778822
5895,0.8,0.7654270965257528,0,1,1,0,0.04875549773127286,-0.23341224367226868
5896,0.8,0.769571248154291,0,0,1,0,0.049575086491645944,-0.2240780879871881
5897,0.8,0.8166808771150814,0,0,1,0,0.0479366044625334,-0.213193204581182
5898,0.8,0.8729304205895507,1,0,1,0,0.04254136038434222,-0.20370820421577682
5899,0.8,0.9164727078834819,1,0,1,0,0.03156292552336623,-0.19851850084127337
5900,0.8,0.9451301012329304,1,0,1,0,0.01779124120603389,-0.1971865009506789
5901,0.8,0.8870192725069425,1,0,1,1,0.009415481094263786,-0.1929800039924837
5902,0.8,0.9230439639265237,1,0,1,1,0.005443416608538339,-0.18811756240974412
5903,0.8,0.9238512582600311,1,0,1,1,0.004131855779084857,-0.19020789796294088
5904,0.8,0.8598342904231314,1,0,0,1,0.007505662033607066,-0.19377439679980119
5905,0.8,0.8041803038527371,1,0,0,1,0.012318321401822842,-0.19630201190530314
5906,0.8,0.7401675429828822,1,0,0,1,0.01686678908750721,-0.19752083519492938
5907,0.8,0.722366667326908,1,0,0,1,0.015986895376284838,-0.19775272821731124
5908,0.8,0.7147866692967512,1,0,0,1,0.009080210557652367,-0.19851654468950938
5909,0.8,0.7214451263184672,1,0,0,1,0.001978943635253387,-0.19926408306849178
5910,0.8,0.727284869245857,1,0,0,1,-0.004503718225520122,-0.19887123587992495
5911,0.8,0.7090702016757975,1,0,0,1,-0.008327381704051697,-0.19497369541923978
5912,0.8,0.7400978238521858,1,0,0,1,-0.010210310142375825,-0.19002241691107047
5913,0.8,0.7665994219419984,1,0,0,1,-0.011362355274830774,-0.1857668198133418
5914,0.8,0.7938505514159877,1,0,0,1,-0.012110260538268471,-0.18122885322170293
5915,0.8,0.7675459371772051,1,1,0,1,-0.007465563685049102,-0.17924146129466592
5916,0.8,0.7985804321711438,0,1,0,1,0.007804012175828959,-0.18322780458512902
5917,0.8,0.8181482265095923,0,1,0,1,0.029465822665979562,-0.19007203797878786
5918,0.8,0.8103072705329943,0,1,1,1,0.053523724156763146,-0.19770333307709
5919,0.8,0.7620723250271382,0,1,1,1,0.06532606022689184,-0.19801562098489972
5920,0.8,0.7666627493565634,0,1,1,1,0.0711129763097042,-0.19697533612404874
5921,0.8,0.7564208700915683,0,1,1,1,0.0743121420709718,-0.19771666383183464
5922,0.8,0.7136112009358451,0,1,1,0,0.07308505600654984,-0.20026446381068988
5923,0.8,0.7004474777910155,0,1,1,0,0.07231451836816884,-0.20399048097383882
5924,0.8,0.7125748997503922,0,1,1,0,0.07111283413023414,-0.20975267214304313
5925,0.8,0.6814757904846055,0,1,1,0,0.06971520523041717,-0.21514280972641303
5926,0.8,0.6779455832460518,0,1,1,0,0.06911257671146256,-0.2176570613850341
5927,0.8,0.6837078974784497,0,1,1,0,0.06933381194502534,-0.21716656320968217
5928,0.8,0.7073776656355101,0,1,1,0,0.07041562752377593,-0.21507387987426266
5929,0.8,0.7401547959315772,0,1,1,0,0.07233853071709555,-0.21252754071738367
5930,0.8,0.7614115929877147,0,1,1,0,0.0743209968128866,-0.2094249159915005
5931,0.8,0.7983993349433074,0,1,1,0,0.0772788285938763,-0.20565258741811437
5932,0.8,0.8317222995936582,0,0,1,0,0.08207120411595424,-0.2002205214033416
5933,0.8,0.8650472793256307,0,0,1,0,0.0870032458592391,-0.19292361594381618
5934,0.8,0.8994068424257007,1,0,1,0,0.08869856301460494,-0.18435505451356807
5935,0.8,0.8971369306453774,1,0,1,0,0.08579211449529539,-0.17823325050671576
5936,0.8,0.9285387951282679,1,0,1,0,0.07920283414374957,-0.1783228934246197
5937,0.8,0.9497666874498311,1,0,0,0,0.07277334898649791,-0.18772752069815657
5938,0.8,0.9364888366817006,1,0,0,1,0.06527067943045534,-0.20627843902100482
5939,0.8,0.8215230042805963,1,0,0,1,0.06551673464411856,-0.21927289037523923
5940,0.8,0.7088003749594657,1,0,0,1,0.07032905404505246,-0.22586913374807163
5941,0.8,0.6149891706988567,1,0,0,1,0.07470550884459327,-0.22958255772703304
5942,0.8,0.5448481418131541,1,0,0,1,0.07418188410265274,-0.23282741058820788
5943,0.8,0.5197159779703903,1,0,0,1,0.06981892617335976,-0.23761217709719884
5944,0.8,0.5064263904681523,1,0,0,1,0.06378815872694925,-0.24443527687443156
5945,0.8,0.5119587887954662,1,0,0,1,0.0586617043409258,-0.251625165651325
5946,0.8,0.5098472983007416,1,0,0,1,0.05583595867498096,-0.25840991894493004
5947,0.8,0.5057625164129873,1,0,0,1,0.05684565186957654,-0.26341137317294205
5948,0.8,0.5352714472364819,1,0,0,1,0.06216992748197944,-0.2676646909341763
5949,0.8,0.5503651204661753,1,0,0,1,0.06673785271073822,-0.2701533478702675
5950,0.8,0.5923746666436531,1,0,0,1,0.07430413478771429,-0.2739638943978142
5951,0.8,0.5988386110031915,1,0,1,1,0.08691061402740266,-0.2783723992630387
5952,0.8,0.5924057846096712,0,0,1,1,0.09726715126832722,-0.27375833764025037
5953,0.8,0.6201867522450898,0,0,1,1,0.10970015856543727,-0.26596807743175316
5954,0.8,0.6168292928771747,0,0,1,1,0.12173617379827607,-0.2542554496094692
5955,0.8,0.6253876675060682,0,0,1,1,0.12953606319147198,-0.24042763160496777
5956,0.8,0.636704959348668,0,0,1,1,0.13143208195455547,-0.22629820819983168
5957,0.8,0.645940252284857,0,1,1,1,0.12731167440459026,-0.21347112923956021
5958,0.8,0.6558535662086387,0,1,1,1,0.12147134729993009,-0.20270462565477432
5959,0.8,0.6622686651646739,0,1,1,0,0.11630302817909863,-0.198602131251732
5960,0.8,0.6524411773625467,0,1,1,0,0.11098537618538698,-0.19844816364731732
5961,0.8,0.6537229053481431,0,1,1,0,0.1060707458957062,-0.2004696711217755
5962,0.8,0.619264989208448,0,1,1,0,0.10391312086779111,-0.20133488804530553
5963,0.8,0.634187691034996,0,1,1,0,0.10473936216238952,-0.1988665652724843
5964,0.8,0.645293295528384,0,1,1,0,0.10616082399825641,-0.19484789828345056
5965,0.8,0.6799875574334372,0,1,1,0,0.10871067199228324,-0.19077852403036197
5966,0.8,0.7281491739043721,0,1,1,0,0.1093228195999713,-0.1874815521206314
5967,0.8,0.7351850981939565,0,0,1,0,0.10638704900721237,-0.18108207698345685
5968,0.8,0.7989615382138543,1,0,1,0,0.10358168731834039,-0.17296566088432677
5969,0.8,0.8195592344615305,1,0,1,0,0.09419049229664962,-0.17031914587295072
5970,0.8,0.8304221535478593,1,0,1,0,0.08482731120465295,-0.17269405616401104
5971,0.8,0.8737051698903497,1,0,1,0,0.07188630051600359,-0.18088806955907613
5972,0.8,0.9013217995856492,1,0,1,0,0.055915418385935334,-0.19188680334622094
5973,0.8,0.9238752315134208,1,0,1,0,0.0403277819169534,-0.20207127129591834
5974,0.8,0.8907146943445848,1,0,0,1,0.03138135700324362,-0.21321566199618264
5975,0.8,0.8425085147176673,1,0,0,1,0.028224740044016976,-0.22108662185513636
5976,0.8,0.8013235171688511,1,0,0,1,0.026457943658087433,-0.2278185183891652
5977,0.8,0.7478774628150255,1,0,0,1,0.02536300328145476,-0.23332230017099126
5978,0.8,0.7061605422855276,1,0,0,1,0.02252131397416132,-0.23648091334088733
5979,0.8,0.6849721051452136,1,0,0,1,0.01582048396703602,-0.23773797860645463
5980,0.8,0.6766671134153421,1,0,0,1,0.009298273589572041,-0.2373809710846169
5981,0.8,0.6697734827693858,1,0,0,1,0.003792432634668765,-0.2346897523302954
5982,0.8,0.6671645500571058,1,0,0,1,-0.0025191291625601413,-0.22841006762718508
5983,0.8,0.7224566461860324,1,0,0,1,-0.008103504147434692,-0.2229832260358987
5984,0.8,0.7525915106388776,1,0,0,1,-0.013458932443643778,-0.218011479650443
5985,0.8,0.7886402577364371,1,0,0,1,-0.01630709781560573,-0.21303211647953735
5986,0.8,0.8203987207380613,1,1,0,1,-0.014041191793180495,-0.20915760256540722
5987,0.8,0.8627854002739702,0,1,0,1,-0.002614656846026512,-0.20742121940353034
5988,0.8,0.8754249249870788,0,1,1,1,0.015467394962876392,-0.20709117176736314
5989,0.8,0.8270622111306762,0,1,1,1,0.026045595068687276,-0.20055769503138982
5990,0.8,0.8414950459950709,0,1,1,1,0.03258974761948808,-0.19371573542359416
5991,0.8,0.8445030304938154,0,1,1,1,0.03663090785105964,-0.19116089015062226
5992,0.8,0.8518901342832816,0,1,1,1,0.03898425791435298,-0.19221355171397952
5993,0.8,0.838183090326408,0,1,1,0,0.036709314721729974,-0.19800577412325032
5994,0.8,0.7969293062414242,0,1,1,0,0.03294849422948929,-0.2049523440862336
5995,0.8,0.7848345772313118,0,1,1,0,0.03079112594951922,-0.21038065659026517
5996,0.8,0.7490565791104721,0,1,1,0,0.03163633961660459,-0.21406575312760076
5997,0.8,0.7416186992505378,0,1,1,0,0.03401589295134681,-0.21581216142182993
5998,0.8,0.7364899689538194,0,1,1,0,0.03438603901849904,-0.21548197884831236
5999,0.8,0.7575597540012671,0,1,1,0,0.03579548210055132,-0.21343901213901748
6000,0.8,0.7781018914970205,0,1,1,0,0.03789933899752596,-0.21134837778274512
6001,0.8,0.798074199362302,0,1,1,0,0.03750714078265835,-0.20933684749140738
6002,0.8,0.812794532290178,0,1,1,0,0.03598773915723512,-0.2066699523742678
6003,0.8,0.8553304174710471,0,0,1,0,0.03351997667982354,-0.2025307114161578
6004,0.8,0.8582790936979118,0,0,1,0,0.03095192082963969,-0.19496065158774348
6005,0.8,0.9083516161174903,0,0,1,0,0.027486755467456516,-0.18633584118924207
6006,0.8,0.9186225014304074,1,0,1,0,0.0161418494118043,-0.1822519363148321
6007,0.8,0.9168846068363737,1,0,1,0,0.0009378971145724942,-0.18308547390431604
6008,0.8,0.8670302405306582,1,0,1,1,-0.009325468302248981,-0.18267552140867552
6009,0.8,0.8606465679736964,1,0,1,1,-0.01244358196213271,-0.18045091831757554
6010,0.8,0.8067159416844977,1,0,0,1,-0.013294748869565323,-0.18468349366957518
6011,0.8,0.7485610664405549,1,0,0,1,-0.013844114307225767,-0.1890639356251009
6012,0.8,0.6646046195634402,1,0,0,1,-0.014725159923465158,-0.19081605920145084
6013,0.8,0.6180069497455579,1,0,0,1,-0.017048687130272012,-0.19221116302880156
6014,0.8,0.5997088455748124,1,0,0,1,-0.021947477211653806,-0.19571063289243124
6015,0.8,0.6061713061887891,1,0,0,1,-0.028278842626251563,-0.2012649848347424
6016,0.8,0.6228864378103812,1,0,0,1,-0.0325821630949471,-0.20855678820838117
6017,0.8,0.6277618909546622,1,0,0,1,-0.03419266912231626,-0.2154536554281028
6018,0.8,0.6274889497413197,1,0,0,1,-0.03320175869365268,-0.21936382224916476
6019,0.8,0.640042094448177,1,0,0,1,-0.030430075063804376,-0.22005130984024052
6020,0.8,0.6682375713966756,1,0,0,1,-0.025751969767784762,-0.22055729339496086
6021,0.8,0.6964643973072766,1,0,0,1,-0.020731516390797736,-0.22140255048307486
6022,0.8,0.7304537769891988,1,0,0,1,-0.015194885358939286,-0.22184681307899237
6023,0.8,0.766193393708706,0,0,0,1,-0.0035806288136502407,-0.22275849737147746
6024,0.8,0.8283648079047281,0,0,0,1,0.015020368179180834,-0.2236726715216344
6025,0.8,0.8019447276614176,0,0,1,1,0.03469564831854426,-0.22072882923884582
6026,0.8,0.8183114625622019,0,1,1,1,0.046889682387672146,-0.21125913191505058
6027,0.8,0.8556938240698072,0,1,1,1,0.05402798867050779,-0.20483739949812108
6028,0.8,0.8642958131340212,0,1,1,1,0.05777546364143952,-0.20113444692195442
6029,0.8,0.8579163571185978,0,1,1,0,0.05642523274017502,-0.20056735576938786
6030,0.8,0.8629491929086226,0,1,1,0,0.052821261277403025,-0.20294678715252606
6031,0.8,0.8343860291797285,0,1,1,0,0.048055620969676,-0.2067871669401066
6032,0.8,0.7764020287372906,0,1,1,0,0.042837386202914766,-0.20732553845755508
6033,0.8,0.7214740094040433,0,1,1,0,0.040893018281415464,-0.20334707470137592
6034,0.8,0.7317679119097393,0,1,1,0,0.04486114757745059,-0.19807927518856128
6035,0.8,0.7601447799977323,0,1,1,0,0.05331129991037353,-0.19523813016236646
6036,0.8,0.7853868897522633,0,1,1,0,0.061287779476918665,-0.1933798242397654
6037,0.8,0.8116603489213035,0,1,1,0,0.06365146973981733,-0.1919612092697779
6038,0.8,0.8395246615851094,0,0,1,0,0.06370813509351672,-0.18936263171578774
6039,0.8,0.8810650172805679,0,0,1,0,0.0632586826768391,-0.18499508850715796
6040,0.8,0.8597403147756607,1,0,1,0,0.060024108600902945,-0.17825763922697901
6041,0.8,0.8828871105931252,1,0,1,0,0.05197926572306947,-0.17511441324565302
6042,0.8,0.9211183996978904,1,0,1,0,0.0386485324455175,-0.179537149884133
6043,0.8,0.9364662179011133,1,0,1,0,0.022196900983153137,-0.18739741571866445
6044,0.8,0.9523601691732846,1,0,1,0,0.004344524541611397,-0.19578042769696494
6045,0.8,0.9168174883085539,1,0,1,1,-0.008001587104332146,-0.20121561479022892
6046,0.8,0.8990835381864073,1,0,0,1,-0.010543684390381483,-0.20474858453770395
6047,0.8,0.853195655888883,1,0,0,1,-0.011012158495909849,-0.21076891013899832
6048,0.8,0.8128664322924477,1,0,0,1,-0.012366586668198896,-0.21643141291959325
6049,0.8,0.7668087901355598,1,0,0,1,-0.013142062927111236,-0.2209417361607424
6050,0.8,0.7374313209148009,1,0,0,1,-0.01363878007515635,-0.22485924782701894
6051,0.8,0.7370419522314704,1,0,0,1,-0.015249466570448043,-0.22816939170437164
6052,0.8,0.7294289720653961,1,0,0,1,-0.017515822554205064,-0.22954477069732335
6053,0.8,0.7293968813614959,1,0,0,1,-0.019215073769693936,-0.22773965643872096
6054,0.8,0.7480304862943469,1,0,0,1,-0.021475555630477296,-0.22424094711246495
6055,0.8,0.7315604878936662,1,0,0,1,-0.02444841272841275,-0.21790117762467548
6056,0.8,0.7948766103313211,1,0,0,1,-0.029385605973621918,-0.21068917974690388
6057,0.8,0.8564760063177498,0,0,0,1,-0.03254684713760943,-0.2059538404000104
6058,0.8,0.9039816910469253,0,0,0,1,-0.03168607418341581,-0.19978864801521592
6059,0.8,0.9113644962905367,0,1,0,1,-0.02432563507778159,-0.1924493501360893
6060,0.8,0.9477774476609382,0,1,0,1,-0.012059487488366822,-0.1902745556631041
6061,0.8,0.9149131154408806,0,1,1,1,-0.0026805011156059906,-0.19021967065771697
6062,0.8,0.9125728353312524,0,1,1,1,-0.0005583314955353013,-0.18683606474925477
6063,0.8,0.9081045460226733,0,1,1,1,0.0011529157443236236,-0.1863044019094068
6064,0.8,0.8737259473273563,0,1,1,0,-0.0007968261120437425,-0.1913019622407727
6065,0.8,0.8418568813957062,0,1,1,0,-0.0032631378126099604,-0.1987530395270107
6066,0.8,0.7804131315624653,0,1,1,0,-0.003988709441383204,-0.20439113385768426
6067,0.8,0.7401658266079454,0,1,1,0,-0.0021433155014422556,-0.2071635310080169
6068,0.8,0.7356439763430732,0,1,1,0,0.0026423986517335254,-0.20911343616160424
6069,0.8,0.7229607635586899,0,1,1,0,0.006910850018148925,-0.20891817237651225
6070,0.8,0.7236026489607922,0,1,1,0,0.010502593503680449,-0.20776673907216492
6071,0.8,0.7507801783547466,0,1,1,0,0.014751714661183383,-0.20786387448209656
6072,0.8,0.7639971804514215,0,1,1,0,0.017485858844280704,-0.20853380692903492
6073,0.8,0.7926071122921275,0,1,1,0,0.01967016411933202,-0.2073351155548871
6074,0.8,0.8155840785959079,0,0,1,0,0.019659023115185345,-0.20360504289248882
6075,0.8,0.8405079747056,0,0,1,0,0.014757635652132107,-0.19815088864177918
6076,0.8,0.8870496719191692,0,0,1,0,0.0052952294373471665,-0.19202847371401394
6077,0.8,0.9249727375581713,0,0,1,0,-0.009374266966287275,-0.1863175726772176
6078,0.8,0.9363765047672052,0,0,1,1,-0.026799688977005586,-0.17875826562729213
6079,0.8,0.8613928414280102,1,0,1,1,-0.036809394201276484,-0.1625853864447159
6080,0.8,0.8461173108460757,1,0,1,1,-0.04349444089902516,-0.14662498668551632
6081,0.8,0.8171017701076679,1,0,0,1,-0.04768046395584632,-0.13785024574041618
6082,0.8,0.7613089190722863,1,0,0,1,-0.048445873601649446,-0.13473104506556133
6083,0.8,0.7126042885793268,1,0,0,1,-0.04896103670014967,-0.13361426168639637
6084,0.8,0.6822730202399097,1,0,0,1,-0.04932804778851203,-0.13506048027376602
6085,0.8,0.6542779928940609,1,0,0,1,-0.05100335446993405,-0.1378168516606499
6086,0.8,0.6534344147138115,1,0,0,1,-0.054333959309679554,-0.14128521758914767
6087,0.8,0.6719229372849433,1,0,0,1,-0.05563380839745043,-0.1456415103623203
6088,0.8,0.6878424075603903,1,0,0,1,-0.05380889836798935,-0.14917512679690043
6089,0.8,0.6844762086008911,1,0,0,1,-0.0496257127212903,-0.1484800746650399
6090,0.8,0.7024084179997232,1,0,0,1,-0.04508168909455153,-0.14374082977864647
6091,0.8,0.7348368714132054,1,0,0,1,-0.04194889361827249,-0.1394455268831745
6092,0.8,0.7822717465940482,1,0,0,1,-0.040044484206805224,-0.13619550874279515
6093,0.8,0.8123648355446494,1,0,0,1,-0.03867000234401633,-0.13267024338024425
6094,0.8,0.8873948968239763,0,0,0,1,-0.031357574336793044,-0.13084918362755793
6095,0.8,0.9133926500473485,0,0,0,1,-0.018486185761413178,-0.12780970134757108
6096,0.8,0.917281706101407,0,0,1,1,-0.0054225116176059626,-0.12102628539669102
6097,0.8,0.9492357783600293,0,0,1,1,-5.359465652008783e-05,-0.10776429850375714
6098,0.8,0.9627810671608671,0,1,1,1,0.0011818331103256713,-0.09527664678985703
6099,0.8,0.9983348090753197,0,1,1,1,0.002416877570407946,-0.08692709842117881
6100,0.8,0.9860215382169724,0,1,1,0,0.0027078146014943355,-0.08171267885747545
6101,0.8,0.9768749600629686,0,1,1,0,0.0007864539992521099,-0.07989567724616058
6102,0.8,0.94864249309497,0,1,1,0,-0.0009491994612330039,-0.07934438779044106
6103,0.8,0.9227946533794026,0,1,1,0,-0.0018735152348835292,-0.07869831363519678
6104,0.8,0.8964783682827349,0,1,1,0,-0.0012064099602521522,-0.0771000961225907
6105,0.8,0.8985436789134587,0,1,1,0,0.0027657920435078284,-0.07307735159347106
6106,0.8,0.9200146833293489,0,1,1,0,0.007137659954046031,-0.06850906427218952
6107,0.8,0.944150635555525,0,1,1,0,0.01211412256529807,-0.06436250911733393
6108,0.8,0.9753190419196106,0,1,1,0,0.016095506006045625,-0.06068741684609341
6109,0.8,1.0011354782036705,0,1,1,0,0.01759915729573723,-0.057723060712245776
6110,0.8,1.0352482001148797,0,1,1,0,0.017446915518861912,-0.0532242530486233
6111,0.8,1.048960710131599,0,0,1,0,0.015234457639933743,-0.04572148681956119
6112,0.8,1.0949323003582538,0,0,1,0,0.01102517708370953,-0.03716746602914163
6113,0.8,1.1613426031308265,1,0,1,0,0.0038398181422120863,-0.030288283716023847
6114,0.8,1.1588035439117212,1,0,1,0,-0.009914720345134843,-0.026117098318331883
6115,0.8,1.1140383246373624,1,0,1,1,-0.020675034647565538,-0.021316903994593635
6116,0.8,1.0945246206397292,1,0,1,1,-0.023658881184148082,-0.012474697972265586
6117,0.8,1.0647676553013743,1,0,0,1,-0.025149429077389426,-0.00904038767468899
6118,0.8,1.020018682692273,1,0,0,1,-0.025414513993760893,-0.007693996466381983
6119,0.8,0.9694202091921692,1,0,0,1,-0.023785734782191578,-0.005244768230776343
6120,0.8,0.9608616152179912,1,0,0,1,-0.02271477757669669,-0.005260784935597142
6121,0.8,0.9476480118415646,1,0,0,1,-0.02467039179800836,-0.00757490670400434
6122,0.8,0.9459738990773697,1,0,0,1,-0.028655570496596436,-0.01045665728400685
6123,0.8,0.9533515735596475,1,0,0,1,-0.030010721411054438,-0.013598979707541094
6124,0.8,0.9660312220035242,1,0,0,1,-0.028111265320807183,-0.016148960562769026
6125,0.8,0.9703326990012127,1,0,0,1,-0.024183829055814506,-0.016284325255182468
6126,0.8,0.9932274990047696,1,0,0,1,-0.021135198564899503,-0.013819861073917207
6127,0.8,1.0185976649989295,1,0,0,1,-0.018544185771947337,-0.01203960004973947
6128,0.8,1.0337480253057743,1,0,0,1,-0.015304587406359302,-0.010240930464144003
6129,0.8,1.0549498363590903,1,0,0,1,-0.014207369300870605,-0.0062192928676030115
6130,0.8,1.1272860114527181,1,0,0,1,-0.011515561030768168,-0.004528481080870211
6131,0.8,1.1474673350726297,1,0,0,1,-0.005367355676915135,-0.002620378984653114
6132,0.8,1.135147911048004,1,1,0,1,0.006235350263709256,-0.00016796555947300203
6133,0.8,1.14932546286453,0,1,1,1,0.020822416497112136,0.0007156466323988705
6134,0.8,1.1652600714086534,0,1,1,1,0.02944360852932253,0.005760344807699776
6135,0.8,1.1226595276463496,0,1,1,0,0.03221636291026383,0.009926619576906577
6136,0.8,1.091512719626624,0,1,1,0,0.03214325635476608,0.012856762961293912
6137,0.8,1.078409907441233,0,1,1,0,0.032004813638765686,0.012946821756091537
6138,0.8,1.053895530314713,0,1,1,0,0.03237772181473487,0.011592705252162
6139,0.8,1.0361602015065228,0,1,1,0,0.034193397656266826,0.011247832982399281
6140,0.8,1.0164260008879678,0,1,1,0,0.03606316268154453,0.011907882423220224
6141,0.8,0.9994368652673831,0,1,1,0,0.03821231455789146,0.014156518647288705
6142,0.8,0.9919112487976597,0,1,1,0,0.041372237711766,0.017394839489568357
6143,0.8,0.9952579343220234,0,1,1,0,0.04538125645216083,0.02152251545633797
6144,0.8,0.9960047954798122,0,1,1,0,0.04860990101774197,0.025902238014348586
6145,0.8,1.001305450420915,0,1,1,0,0.05238285762697028,0.03054436354031333
6146,0.8,1.007189054811466,0,1,1,0,0.05658377176357167,0.03458908923994757
6147,0.8,1.0321529546538812,0,1,1,0,0.06201189609243323,0.03774267847530582
6148,0.8,1.0422438962619236,1,1,1,0,0.06689695550241674,0.04043854848995252
6149,0.8,1.0028275689163706,1,1,1,0,0.06355769932584529,0.03914932563539058
6150,0.8,0.9747661098218311,1,1,1,0,0.05606678796259999,0.03360647903678162
6151,0.8,0.9375719382311363,1,0,1,0,0.043112122507901425,0.025954979726398035
6152,0.8,0.8988532254300485,1,0,1,0,0.02663882113482514,0.01760110049981994
6153,0.8,0.8672791554839243,1,0,1,1,0.009338930360747743,0.008471014390932154
6154,0.8,0.8111246705681727,1,0,1,1,0.0018962826189081706,0.0038082779363207736
6155,0.8,0.7818877258321418,1,0,1,1,-0.0027339058162509406,0.0013015226836977536
6156,0.8,0.7568431476141301,1,0,0,1,-0.0039365481505802165,-0.003500055630742648
6157,0.8,0.7442681068698842,1,0,0,1,-0.0027342627162193905,-0.01122176422105691
6158,0.8,0.7371388804544896,1,0,0,1,0.0008031782235138466,-0.020154364982718276
6159,0.8,0.718669517251105,1,0,0,1,0.006982312077539459,-0.028994503689977098
6160,0.8,0.7011958197691399,1,0,0,1,0.012714570834510348,-0.03583199845111031
6161,0.8,0.7045109576560499,1,0,0,1,0.015418299311719343,-0.04036808717087398
6162,0.8,0.726404009010637,0,0,0,1,0.016204030662298478,-0.04380486984733076
6163,0.8,0.7496926774951672,0,0,0,1,0.016800209802699244,-0.04645278007953017
6164,0.8,0.7689154762414824,0,0,0,1,0.015315454045031386,-0.046309032787276445
6165,0.8,0.7897056573672868,0,0,0,1,0.013312625960467723,-0.044232848634057964
6166,0.8,0.8138974819313043,0,0,0,1,0.010735003785593458,-0.040269632051857795
6167,0.8,0.8490430159299824,0,0,0,1,0.006557514156727987,-0.034617307514294274
6168,0.8,0.9182232236280767,0,0,0,1,0.006831637835442623,-0.02908503574060855
6169,0.8,0.939829368674318,0,0,0,1,0.01349514265115016,-0.021883143012574425
6170,0.8,0.9825901302220444,0,0,0,1,0.0244386087404551,-0.013149514440737666
6171,0.8,0.9660311688034505,0,1,1,1,0.03388485410956025,-0.001859211747074982
6172,0.8,0.9902981473221658,0,1,1,1,0.03714370998846096,0.010340712585846313
6173,0.8,1.0157632379791108,0,1,1,1,0.038936900697210064,0.01751367677129721
6174,0.8,1.031341780435967,0,1,1,0,0.040075785560073664,0.019967081319063124
6175,0.8,1.008188218033106,0,1,1,0,0.03762401206956512,0.018520853718400225
6176,0.8,0.9960665368356264,0,1,1,0,0.03357330268106138,0.01486894685789033
6177,0.8,0.9673600354111112,0,1,1,0,0.03198254733346205,0.012485525221784003
6178,0.8,0.94561002218125,0,1,1,0,0.03303025506574637,0.012844713799684895
6179,0.8,0.9441581983974512,0,1,1,0,0.03678407798003458,0.015631492957629587
6180,0.8,0.9620428311277851,0,1,1,0,0.041727981857635536,0.01927527765397727
6181,0.8,0.9873529259783181,0,1,1,0,0.04762444483486533,0.022283383775211878
6182,0.8,1.004921808461595,0,1,1,0,0.05222116457892622,0.025606901417490058
6183,0.8,1.0216716385984133,0,1,1,0,0.05317098742372225,0.029412163907176724
6184,0.8,1.0490939890716227,0,1,1,0,0.05257113906102224,0.03379071794854384
6185,0.8,1.0783940575329722,0,1,1,0,0.05211686957586611,0.03849025496248515
6186,0.8,1.1004877849007362,0,0,1,0,0.05000262865430368,0.04383401166338834
6187,0.8,1.1254106445928778,0,0,1,0,0.04448385049230994,0.05112253001512163
6188,0.8,1.1236704065655094,1,0,1,0,0.032301617014577684,0.057559892920161934
6189,0.8,1.1342687631034878,1,0,1,0,0.015489158929384251,0.05940337947937966
6190,0.8,1.1085362899284505,1,0,1,1,0.0013706503656483796,0.059333404785517324
6191,0.8,1.0801422988165115,1,0,1,1,-0.000585892630967471,0.0641592931690295
6192,0.8,1.050276868718327,1,0,0,1,0.0014937020980924731,0.06536882146469454
6193,0.8,1.0174152401774164,1,0,0,1,0.004240391202547588,0.06374432297293307
6194,0.8,0.9790467562653146,1,0,0,1,0.005380260630602473,0.06131088833833617
6195,0.8,0.9630991004434128,1,0,0,1,0.004983612021617334,0.0580429538197453
6196,0.8,0.961976643438585,1,0,0,1,0.0034826457709685454,0.05281079737471929
6197,0.8,0.9668533899314308,1,0,0,1,0.002653809062202032,0.04679909948656778
6198,0.8,0.991736552136468,0,0,0,1,0.0045651526049853095,0.04074388660023545
6199,0.8,1.022276473790733,0,0,0,1,0.0092651022511726,0.0358128669856986
6200,0.8,1.0391956429137335,0,0,0,1,0.01477900689972267,0.034727807319388834
6201,0.8,1.0492781021372213,0,0,0,1,0.02031435780569853,0.03788438517066853
6202,0.8,1.071706730170984,0,0,0,1,0.026755225919624197,0.04182049424860358
6203,0.8,1.0928915013434952,1,0,0,1,0.032651952820902365,0.04622477793372062
6204,0.8,1.1132245263933762,1,0,0,1,0.03627405227322616,0.051899519656246444
6205,0.8,1.1702253273849939,1,0,0,1,0.040895497483806394,0.05531106219238405
6206,0.8,1.1929729156476707,1,0,1,1,0.04797157497383984,0.05805884176431989
6207,0.8,1.159446676251979,1,0,1,1,0.04613171276506321,0.07016287750651327
6208,0.8,1.157827229848137,1,0,1,0,0.039247171737886465,0.0862891664661604
6209,0.8,1.153803492501881,0,0,1,0,0.029254544338489136,0.10346845892391056
6210,0.8,1.1694340585786989,0,1,1,0,0.015931834529494735,0.12179663197476075
6211,0.8,1.1719438519462622,0,1,1,0,0.007407696201973957,0.13887625834254808
6212,0.8,1.1802562995818384,0,1,1,0,0.006165191646418306,0.15222170601840862
6213,0.8,1.1807718129319946,0,1,1,0,0.011487736596644035,0.16461006823770505
6214,0.8,1.1975140208467345,0,1,1,0,0.01910475127599757,0.17569028168018994
6215,0.8,1.2107964798176738,0,1,1,0,0.025452013274057373,0.18463487286792682
6216,0.8,1.2163244758502902,0,1,1,0,0.028350591373137474,0.19106802200189887
6217,0.8,1.2169509270092984,0,1,1,0,0.029819738724554384,0.1954290398212071
6218,0.8,1.2113944470701667,0,1,1,0,0.03124578678522104,0.19872225823243592
6219,0.8,1.2106131215596088,0,1,1,0,0.033504422311179075,0.20176224793743233
6220,0.8,1.2141584278506028,0,1,1,0,0.03691034012139488,0.20375315218712894
6221,0.8,1.219617428392612,0,1,1,0,0.040225463291375434,0.2043332295494457
6222,0.8,1.218313044637748,0,1,1,0,0.041378751150196326,0.2044807727594907
6223,0.8,1.2296028713761187,0,1,1,0,0.03996237926853059,0.20634520639630566
6224,0.8,1.2424524319952277,0,1,1,0,0.03590292167896564,0.20871373399197024
6225,0.8,1.260125729963216,1,1,1,0,0.028988712322889288,0.21075335185243743
6226,0.8,1.258223338892772,1,1,1,0,0.01835304071091096,0.20890051071672408
6227,0.8,1.2042414073498906,1,0,1,1,0.005978554959420704,0.20700477836662556
6228,0.8,1.1691325211167511,1,0,1,1,-0.0009208914935682468,0.2112901975007333
6229,0.8,1.1568003303132013,1,0,0,1,-0.0075348845464815436,0.21591213435218745
6230,0.8,1.1215724697057932,1,0,0,1,-0.01035978273757792,0.21959309622815043
6231,0.8,1.116174074848765,1,0,0,1,-0.011034296936418136,0.22184243498599954
6232,0.8,1.0963014521877636,1,0,0,1,-0.012902279589518758,0.22282081034341963
6233,0.8,1.0902671271931808,1,0,0,1,-0.015767343727299262,0.22341002205061194
6234,0.8,1.095219782589721,1,0,0,1,-0.018447304519138983,0.22233535935029472
6235,0.8,1.1059833283944993,1,0,0,1,-0.01902962032622732,0.21960186499582787
6236,0.8,1.1120525476900918,1,0,0,1,-0.018292938572795934,0.21655706389905352
6237,0.8,1.1241474499607007,1,0,0,1,-0.01684488796369689,0.2145484902964045
6238,0.8,1.1441394107022125,1,0,0,1,-0.015632259285353483,0.2143159646535197
6239,0.8,1.161282707795258,1,0,0,1,-0.016369330425321946,0.21576643985691701
6240,0.8,1.16521163069697,1,0,0,1,-0.019001451619927646,0.2188390823372509
6241,0.8,1.1741127784083185,1,0,0,1,-0.02256034061672922,0.22303462510976568
6242,0.8,1.1926044052076876,1,0,0,1,-0.027967036923531766,0.2284582815537302
6243,0.8,1.219127905020198,1,1,0,1,-0.03531818017230958,0.23517276738545054
6244,0.8,1.2477615363760806,1,1,0,1,-0.031133410534054648,0.23401656696545034
6245,0.8,1.1559886606242649,1,1,0,1,-0.021998478490016737,0.22987072546323742
6246,0.8,1.1193417517674045,1,1,0,1,-0.013073083916203343,0.22322840166181646
6247,0.8,1.0388556508918725,0,1,0,0,-0.0030941340492137547,0.21113382613698461
6248,0.8,0.9877422393316485,0,1,1,0,0.007148603864814175,0.19670688056136687
6249,0.8,0.996588074099799,0,1,1,0,0.012871578558665296,0.18360968969478428
6250,0.8,1.0061184968183647,0,1,1,0,0.014045235031697,0.1707281466765615
6251,0.8,1.0031891302086529,0,1,1,0,0.011738840704229057,0.16212777774565246
6252,0.8,1.0079568320475072,0,1,1,0,0.00874259852480487,0.15822673199259596
6253,0.8,1.0048906435061244,0,1,1,0,0.0047643408015646226,0.15819505060650246
6254,0.8,0.9914781540485911,0,1,1,0,0.0006560563253142019,0.16135064228384619
6255,0.8,0.9522765284243496,0,1,1,0,-0.0031514421902101484,0.16746877690001688
6256,0.8,0.9426878511916693,0,1,0,0,-0.004804498709933888,0.1747556150936533
6257,0.8,0.9504659270948882,0,1,0,0,-0.005377183498243767,0.18036748374474376
6258,0.8,0.9502615863666164,0,1,0,0,-0.006581165755932641,0.18480117918953562
6259,0.8,0.9539093827916824,0,1,0,0,-0.006775727827429243,0.18821524255510083
6260,0.8,0.9758562671033074,0,1,0,0,-0.003724311265114896,0.18961734342053713
6261,0.8,1.006976167828961,0,1,1,0,0.0020858352945912336,0.188556577780082
6262,0.8,1.0394344072073984,0,1,1,0,0.004560730195826382,0.188395546965129
6263,0.8,1.0777018882594642,0,1,1,0,0.005456449040707295,0.1902390577565593
6264,0.8,1.093818186210917,1,1,1,1,0.006631722330557654,0.19393174499630478
6265,0.8,1.0471186213135022,1,1,0,1,0.010205996202990042,0.20244383580992498
6266,0.8,1.0139965413196024,1,0,0,1,0.015118233199462624,0.2104685076490037
6267,0.8,1.0080675018496987,1,0,0,1,0.01930329493300056,0.21464874996363795
6268,0.8,0.9958811411268469,1,0,0,1,0.020743495406452983,0.21548058601244227
6269,0.8,0.9946813557763746,1,0,0,1,0.020579938290150767,0.2137524103998329
6270,0.8,0.9825446804590416,1,0,0,1,0.019332650239126656,0.21135322834162
6271,0.8,0.995130616458056,1,0,0,1,0.020540997078797526,0.2065959241802499
6272,0.8,1.0016654931052835,1,0,0,1,0.025080551840710345,0.19804287125559464
6273,0.8,1.0001999367658372,1,0,0,1,0.03116506276690973,0.18884924497759975
6274,0.8,0.9840119358587209,1,0,0,1,0.03720779795573649,0.1822362294887195
6275,0.8,0.9600901133516367,1,0,0,1,0.042943518534638736,0.1797604626370051
6276,0.8,0.9344662902380317,1,0,0,1,0.04544743028505428,0.18174598720932164
6277,0.8,0.925879548180369,1,0,0,1,0.044168240572467155,0.18542503478800426
6278,0.8,0.9107599675563911,1,0,0,1,0.041265200318748876,0.18963464828517593
6279,0.8,0.9021675197373816,1,0,0,1,0.036834912496959464,0.19512399943022904
6280,0.8,0.9101668469978789,1,0,0,1,0.029979996722516,0.20147466736515363
6281,0.8,0.9422101756929758,1,0,0,1,0.02560929404709841,0.20549285930935385
6282,0.8,0.9612273737729633,1,0,0,1,0.02498820156551302,0.20836457644605494
6283,0.8,0.9515848889793637,1,1,0,1,0.030329956670037204,0.21001745497601074
6284,0.8,0.9487158585442051,1,1,1,1,0.03722847471800689,0.20859019714865218
6285,0.8,0.919418417973718,1,1,1,1,0.037583123285787265,0.2094970169421209
6286,0.8,0.8706814144935001,1,1,1,0,0.03266048954487679,0.21096008684802509
6287,0.8,0.8618694547924259,0,1,1,0,0.0283684924941583,0.20943664256517744
6288,0.8,0.8911860408840427,0,1,1,0,0.0284473746960951,0.2035882874368694
6289,0.8,0.9241308585914562,0,1,1,0,0.032852089801766744,0.19579261747985133
6290,0.8,0.9441946538400535,0,1,1,0,0.037495907899753225,0.19021328508336607
6291,0.8,0.9627183831372084,0,1,1,0,0.03944400868718389,0.18849054205000176
6292,0.8,0.979454933552519,0,1,1,0,0.03787862502750459,0.1893751984323825
6293,0.8,0.9806904833422572,0,1,1,0,0.03370445522723232,0.1921783655488421
6294,0.8,0.9729441480079506,0,1,1,0,0.031474873719297546,0.19672407178985632
6295,0.8,0.9627746823474981,0,1,1,0,0.03316776122073372,0.20264121298535262
6296,0.8,0.9594199392943091,0,1,1,0,0.03626752751799291,0.20845449132284516
6297,0.8,0.9522057484429236,0,1,1,0,0.04066086655704907,0.21391434060721462
6298,0.8,0.9543738257060322,0,1,1,0,0.0463589536264656,0.21879351231358068
6299,0.8,0.9582409226325856,0,1,1,0,0.05249867661510258,0.22267274782425903
6300,0.8,0.9768598492972296,0,1,1,0,0.058930384599407484,0.2263661156454472
6301,0.8,1.0041228923541619,0,1,1,0,0.06378732760841066,0.22963696803423567
6302,0.8,0.9706044372630944,1,1,1,0,0.0591850331530992,0.22973980594041035
6303,0.8,0.9752429596180966,1,1,1,0,0.05269733097514033,0.2241769681836442
6304,0.8,0.9584538659234105,1,0,1,0,0.044263641418616106,0.2164953930772415
6305,0.8,0.8918208682984411,1,0,1,1,0.03503142495303317,0.21162358443572207
6306,0.8,0.8533811137743299,1,0,0,1,0.029624240650633182,0.21027039385083435
6307,0.8,0.8821464566786689,1,0,0,1,0.02560367381910322,0.20343119470202053
6308,0.8,0.8747212502770898,1,0,0,1,0.022843525451274518,0.19257762632102376
6309,0.8,0.8816563428846014,1,0,0,1,0.025134697557634113,0.18223382034898267
6310,0.8,0.8805455434881654,1,0,0,1,0.031665883722952,0.1725966992938386
6311,0.8,0.8805328539639338,1,0,0,1,0.040274033732486295,0.16525256160316606
6312,0.8,0.8810634192830517,1,0,0,1,0.048864179068291505,0.15991691086291857
6313,0.8,0.8805080720864691,1,0,0,1,0.05449868185852671,0.15731848566143292
6314,0.8,0.8868781322112823,1,0,0,1,0.05771076986639518,0.15624936720490198
6315,0.8,0.9011954337149103,1,0,0,1,0.061739698110955775,0.15590983719779294
6316,0.8,0.9079495048605024,1,0,0,1,0.06443818349882247,0.15745523695006508
6317,0.8,0.9118121448306905,1,0,0,1,0.06388749190282486,0.16086713245002773
6318,0.8,0.9143890135347965,1,0,0,1,0.06226912704305214,0.16427573341510004
6319,0.8,0.9268139605654362,1,0,0,1,0.059786483339561325,0.16793093566058806
6320,0.8,0.94277288244895,1,0,0,1,0.0551885959214121,0.17311188228828706
6321,0.8,0.9992043254080472,1,0,0,1,0.052087043049884076,0.1769986029173614
6322,0.8,1.0391441118015978,1,0,0,1,0.05371905757027746,0.17887888958867132
6323,0.8,1.0605657161439568,1,0,0,1,0.057485347639341225,0.18184652554655295
6324,0.8,1.0466103375284397,1,1,1,0,0.05764648994245588,0.18772111871521427
6325,0.8,1.0084170243877346,1,1,1,0,0.04988680314698146,0.19509134481489143
6326,0.8,0.9960816164508057,0,1,1,0,0.041179908054176984,0.2009275932463163
6327,0.8,1.0275462200802188,0,1,1,0,0.03641869408539551,0.20432494903396847
6328,0.8,1.056193023769365,0,1,1,0,0.03961061901013717,0.2056506116524423
6329,0.8,1.0664288816166552,0,1,1,0,0.04593747598846239,0.20852991102926166
6330,0.8,1.085396524353552,0,1,1,0,0.05016115007767674,0.21233481278366562
6331,0.8,1.09713442871392,0,1,1,0,0.051432941043648255,0.21607992079272215
6332,0.8,1.0942945493237408,0,1,1,0,0.04910983596293127,0.2198933314682157
6333,0.8,1.0831319055266257,0,1,1,0,0.047011231294174734,0.22388256290510677
6334,0.8,1.0734144596380228,0,1,1,0,0.048775094897651375,0.228115749708968
6335,0.8,1.0653232979367544,0,1,1,0,0.05276440524907059,0.23143442135944106
6336,0.8,1.0553634549604431,0,1,1,0,0.05733079995766669,0.23430357944640098
6337,0.8,1.0550155118560973,0,1,1,0,0.061840449517155414,0.23693457621147082
6338,0.8,1.0564763060444786,0,1,1,0,0.06513080344894069,0.23922136604673425
6339,0.8,1.0688598208190394,0,1,1,0,0.06766906872957137,0.24188707188104516
6340,0.8,1.0840104605079637,1,1,1,0,0.06765490144264677,0.24412978028311308
6341,0.8,1.0722884766509162,1,1,1,0,0.05836340393915444,0.24093527163442344
6342,0.8,1.0566042123448565,1,1,1,0,0.046533355962763256,0.23371540483533026
6343,0.8,1.028532454592228,1,0,1,0,0.03165515378008958,0.22484722831048712
6344,0.8,0.9837566818108431,1,0,1,1,0.014798308501851144,0.21605579603290093
6345,0.8,0.9521638943768983,1,0,1,1,0.005469216330901052,0.21242376889246486
6346,0.8,0.9592432113561571,1,0,1,1,-0.0017042252658738862,0.2092664726326818
6347,0.8,0.9719019393412411,1,0,0,1,-0.006918371448265341,0.20346905722716402
6348,0.8,0.9615751936065329,1,0,0,1,-0.006769123450285034,0.19597842535116708
6349,0.8,0.9463453568152627,1,0,0,1,-0.001943921657544624,0.19048991903021242
6350,0.8,0.9355899136583757,1,0,0,1,0.004300550650673396,0.1878513670034279
6351,0.8,0.9183621031270905,1,0,0,1,0.008698732945792554,0.18798376743671408
6352,0.8,0.9153786464321243,1,0,0,1,0.009708251678918919,0.18992052647712496
6353,0.8,0.9166321710939823,1,0,0,1,0.007411418130198154,0.19302082788319458
6354,0.8,0.9401895788448742,1,0,0,1,0.005759528215107082,0.1955928357863093
6355,0.8,0.9598322898955396,1,0,0,1,0.00528693553717479,0.19754224991170183
6356,0.8,0.9690221640777523,1,0,0,1,0.0025329756067125207,0.20131499909714345
6357,0.8,0.9735159061248114,1,0,0,1,-0.003619605923933677,0.20706111895889212
6358,0.8,0.9952078684951717,1,0,0,1,-0.01076472770856817,0.21283072591123198
6359,0.8,1.0173620602272335,1,0,0,1,-0.018944216934704366,0.21936659932530694
6360,0.8,1.0538565385031984,1,1,0,1,-0.02737512236102051,0.22670565396551592
6361,0.8,1.0924807675438026,1,1,0,1,-0.02441456983412446,0.2263765887585521
6362,0.8,1.0173705545634386,1,1,0,1,-0.015716181470724788,0.22320045050073317
6363,0.8,1.0010581905630396,0,1,0,1,-0.005566689283595849,0.21742091931066765
6364,0.8,0.955671754659061,0,1,1,0,0.005933635933998769,0.20418310810392057
6365,0.8,0.9009567806106846,0,1,1,0,0.006587534211413328,0.1955145172112456
6366,0.8,0.9062708069994582,0,1,1,0,0.0025266303071580557,0.18849638223094162
6367,0.8,0.9064467580403299,0,1,1,0,-0.0034665493368811378,0.1800003427519449
6368,0.8,0.9057242605360577,0,1,1,0,-0.008124316772170799,0.17326761375864091
6369,0.8,0.899531686714611,0,1,1,0,-0.011618366150673496,0.16951192541659368
6370,0.8,0.8822237651054773,0,1,1,0,-0.01592393174222143,0.1689041622850197
6371,0.8,0.8583579260491052,0,1,1,0,-0.019479541895615918,0.1705525313825428
6372,0.8,0.83861410608936,0,1,1,0,-0.019351723387676004,0.17424234999009025
6373,0.8,0.829890100284606,0,1,1,0,-0.017750757822200022,0.17843844292246644
6374,0.8,0.8337467342222152,0,1,1,0,-0.01673677210648253,0.18170155468637464
6375,0.8,0.8369716386991285,0,1,1,0,-0.01621107297572003,0.1844207167606852
6376,0.8,0.8438728027315103,0,1,1,0,-0.01602515773753418,0.18671672029838293
6377,0.8,0.8657549412222338,0,1,1,0,-0.015164582541382837,0.18880454893989965
6378,0.8,0.8961375355084845,0,1,1,0,-0.014345902713409867,0.19053108373342056
6379,0.8,0.9196255112666756,1,1,1,0,-0.017064611647837142,0.1908675671957932
6380,0.8,0.9318756529334091,1,1,1,0,-0.02558069538472372,0.18627475379205927
6381,0.8,0.9284309027544454,1,1,1,1,-0.03384920191395009,0.18056401391114443
6382,0.8,0.8549504014874542,1,0,1,1,-0.03603502176722761,0.18497029159311873
6383,0.8,0.8640799692537485,1,0,0,1,-0.039078979896249214,0.1908121232087766
6384,0.8,0.8649871035247944,1,0,0,1,-0.042589458069334965,0.19075731212230274
6385,0.8,0.8335981080857261,1,0,0,1,-0.04350390168342369,0.19038157122168445
6386,0.8,0.8312410479736303,1,0,0,1,-0.04368818951995953,0.18892721980423122
6387,0.8,0.8158872699715783,1,0,0,1,-0.046117899296936146,0.18650784283463545
6388,0.8,0.8218427287279305,1,0,0,1,-0.04890983414525075,0.18373020995998313
6389,0.8,0.8509328751430998,1,0,0,1,-0.048819790998007664,0.17706169304441274
6390,0.8,0.8651916078094655,1,0,0,1,-0.04613032255614144,0.1686309577815511
6391,0.8,0.8719848856216181,1,0,0,1,-0.04248063572264977,0.16166266892677617
6392,0.8,0.8731118440753337,1,0,0,1,-0.03969267517961586,0.15925703493421717
6393,0.8,0.8847569268687129,1,0,0,1,-0.039795663184381554,0.1605382519998955
6394,0.8,0.8901093104026492,1,0,0,1,-0.04283170512952616,0.16526372515510865
6395,0.8,0.9126412468838481,1,0,0,1,-0.04744406180384977,0.1714706151144439
6396,0.8,0.9359149883406922,1,0,0,1,-0.052194178504222706,0.17745979865318834
6397,0.8,0.9550496231626069,1,1,0,1,-0.05807564424880832,0.18450800530146433
6398,0.8,0.9792959865197431,1,1,0,1,-0.051187341432439,0.1830986546469462
6399,0.8,0.9143712672766731,1,1,0,1,-0.03840892193494544,0.17536468604624741
6400,0.8,0.8752443339892849,0,1,0,1,-0.022185573623918483,0.16384560265241796
6401,0.8,0.848314778306572,0,1,0,1,-0.003955615610484749,0.14738142201893903
6402,0.8,0.8366247239970698,0,1,0,1,0.01414084310904462,0.1289667014342567
6403,0.8,0.8261789425249156,0,1,0,1,0.03143973358016277,0.11131010345001685
6404,0.8,0.7772096318307546,0,1,0,0,0.0431973909365661,0.09407373495392302
6405,0.8,0.7405263269119398,0,1,1,0,0.05256804832990804,0.07900367989533011
6406,0.8,0.7658245396117218,0,1,1,0,0.05808532510803105,0.06584217814022109
6407,0.8,0.7527686259373141,0,1,1,0,0.058146093173498774,0.05543225672501572
6408,0.8,0.7379681564894942,0,1,1,0,0.05593894524006135,0.05212584833800374
6409,0.8,0.7265525562112322,0,1,1,0,0.05583972838541742,0.054322066637456895
6410,0.8,0.7167658106513259,0,1,1,0,0.05938132193316532,0.06119439455832525
6411,0.8,0.7198865760657941,0,1,1,0,0.06454555874460094,0.06939778045914548
6412,0.8,0.7400979241469021,0,0,1,0,0.0725523810421734,0.07676631326059538
6413,0.8,0.7744704955504571,0,0,1,0,0.08350302205680132,0.08326842607976882
6414,0.8,0.8144743452324311,0,0,1,0,0.09439004327974397,0.08847425515340766
6415,0.8,0.8534286787813962,0,0,1,0,0.10394297602721746,0.09392442314144013
6416,0.8,0.8921041940418475,1,0,1,0,0.11203763946420191,0.1005965316639381
6417,0.8,0.8420488597148881,1,0,1,0,0.10755987435895634,0.1023308294413092
6418,0.8,0.7967512668343703,1,0,1,0,0.09675644902859616,0.09736919744386284
6419,0.8,0.7580587770669766,1,0,1,0,0.0841478561022696,0.09064706836354576
6420,0.8,0.7541409363859459,1,0,1,0,0.07277193262168465,0.07912315730065525
6421,0.8,0.7733471980307295,1,0,1,0,0.06148014949372321,0.06369558483532543
6422,0.8,0.7821606623521125,1,0,1,0,0.0516821880168264,0.04693182302992222
6423,0.8,0.7722436687412644,1,0,1,0,0.045550480740151014,0.029510036758137483
6424,0.8,0.7209914319284196,1,0,0,0,0.04227082922655205,0.010403531146266793
6425,0.8,0.7064257654831992,1,0,0,0,0.039540642761133955,-0.008484752122131763
6426,0.8,0.7046833613772174,1,0,0,1,0.04039164489939615,-0.027793741047673563
6427,0.8,0.69713442461785,0,0,0,1,0.048453615219491375,-0.04401341674269791
6428,0.8,0.6683241950658538,0,0,0,1,0.06064738546588973,-0.054060917907272854
6429,0.8,0.6363242122325097,1,0,0,1,0.0693819734761161,-0.05568167544541318
6430,0.8,0.625416240075369,1,0,0,1,0.06971373654321077,-0.05221721071266445
6431,0.8,0.6262359486259804,1,0,0,1,0.06331950128601117,-0.04721183708558544
6432,0.8,0.6400111580521392,1,0,0,1,0.05246101450718844,-0.041062965024460794
6433,0.8,0.6574518559211682,1,0,0,1,0.04141356780492411,-0.034764669560134236
6434,0.8,0.6978813556143358,1,0,0,1,0.031522319528328756,-0.028443033516522588
6435,0.8,0.7345839089965632,0,0,0,1,0.02215725845029004,-0.02090234947052249
6436,0.8,0.7862800789512152,0,0,0,1,0.018582996866132045,-0.01131340283036654
6437,0.8,0.8270669143513373,0,0,0,1,0.022524643772527116,-0.0008214771580621479
6438,0.8,0.8463131439530243,0,1,1,1,0.03253002558431436,0.008077139736594807
6439,0.8,0.8008891399430162,0,1,1,1,0.03550364571998675,0.019896251342857513
6440,0.8,0.8452634068375833,0,1,1,1,0.035832852285699344,0.028386275849581342
6441,0.8,0.8465708949151022,0,1,1,0,0.03536273268611703,0.030142862813421288
6442,0.8,0.8425028509611969,0,1,1,0,0.030656902598375026,0.025600521110598264
6443,0.8,0.8233817098681065,0,1,1,0,0.025524616422210603,0.017112251062124655
6444,0.8,0.799160784021523,0,1,1,0,0.02106470879976725,0.008800008526961578
6445,0.8,0.7690521633367325,0,1,1,0,0.018424295353147113,0.0030882192466025918
6446,0.8,0.7490073753085932,0,1,1,0,0.01825541222680446,0.0011965090011610573
6447,0.8,0.7682447218446754,0,1,1,0,0.02073975176198781,0.0012715822030742584
6448,0.8,0.7846731530669181,0,1,1,0,0.024292476385671596,0.0016728388630653625
6449,0.8,0.8092469659293056,0,1,1,0,0.02592786856387442,0.002001548470564513
6450,0.8,0.8232154961446273,0,1,1,0,0.024804576819453868,0.001893044820257455
6451,0.8,0.8418380351201465,0,1,1,0,0.020335932640906725,0.0018840176420327809
6452,0.8,0.8684372479358833,0,1,1,0,0.015723867692666166,0.003044483543535621
6453,0.8,0.8983420177155605,0,1,1,0,0.010980467069032262,0.005021865054223568
6454,0.8,0.9259204285533018,0,0,1,0,0.004484556531637857,0.007810301102509014
6455,0.8,0.917446258209825,1,0,1,0,-0.011118265549501408,0.009005030696175101
6456,0.8,0.912744827166925,1,0,1,0,-0.030594573163318376,0.008237396191598002
6457,0.8,0.9109887067209294,1,0,1,1,-0.048280466912322365,0.008050440516399648
6458,0.8,0.9170868178546567,1,0,1,1,-0.056154586817598766,0.012735483058110049
6459,0.8,0.9327860843986325,1,0,0,1,-0.0611299078418082,0.015920972876177008
6460,0.8,0.9158793359228133,1,0,0,1,-0.06130990235502763,0.015601051081895388
6461,0.8,0.8869048234700023,1,0,0,1,-0.05898987177989489,0.014414463378763457
6462,0.8,0.8627307337604722,1,0,0,1,-0.05787124537176541,0.013118078853762897
6463,0.8,0.8471950547255327,1,0,0,1,-0.0592226658030332,0.012025827826276392
6464,0.8,0.8590111706079552,1,0,0,1,-0.06236075140247842,0.009839376147519568
6465,0.8,0.8791904614959946,1,0,0,1,-0.06555319666916122,0.0063467137914515435
6466,0.8,0.9123881015697617,1,0,0,1,-0.0651750606087526,0.0016338239171907955
6467,0.8,0.9304566561302318,1,0,0,1,-0.06068034510093886,-0.0018658103633133049
6468,0.8,0.931744425741835,1,0,0,1,-0.056792477926348894,-1.2079503543582335e-05
6469,0.8,0.9595653230374612,1,0,0,1,-0.05524109511031916,0.005042650061979947
6470,0.8,0.986459829237083,1,0,0,1,-0.05489498649136245,0.009619960580520127
6471,0.8,1.019397191549439,1,0,0,1,-0.0555975137203873,0.014493884164007181
6472,0.8,1.0513104329400773,1,0,0,1,-0.05680965552357011,0.02033505411842251
6473,0.8,1.0492952313645152,1,1,0,1,-0.05116683569926164,0.023096766434323637
6474,0.8,1.065934525616277,0,1,0,1,-0.03784999278345757,0.017493356256241543
6475,0.8,1.0753435456454148,0,1,0,1,-0.02196141255081141,0.010895148161441506
6476,0.8,1.1036378610457476,0,1,0,1,-0.006059840815619045,0.0030065940051972116
6477,0.8,1.0179689999085113,0,1,1,0,-0.001980576611111472,-0.004476866864467365
6478,0.8,0.9818419825830851,0,1,1,0,-0.0049853856963456775,-0.007565598590051926
6479,0.8,0.9657006347426852,0,1,1,0,-0.007555445882036486,-0.012159747376053142
6480,0.8,0.9246241582161533,0,1,1,0,-0.007824214330711194,-0.015919713631391375
6481,0.8,0.9018226213232645,0,1,1,0,-0.004877237248230368,-0.017629777045711486
6482,0.8,0.8688639015122314,0,1,1,0,-0.0008961881284539193,-0.017136139727485032
6483,0.8,0.8377707573114408,0,1,1,0,0.003245241194006797,-0.014255825097912867
6484,0.8,0.821508993040639,0,1,1,0,0.008292264566539198,-0.010481251123917602
6485,0.8,0.8158984728653671,0,1,1,0,0.013623972665629078,-0.006227400716552176
6486,0.8,0.8275396598571989,0,1,1,0,0.01791171023914459,-0.0023222802850910154
6487,0.8,0.8474417603432826,0,1,1,0,0.021201799038808568,0.000829077399438462
6488,0.8,0.8784878678554022,0,1,1,0,0.025655173461374827,0.004248650926452748
6489,0.8,0.9054909133552185,0,1,1,0,0.029805820912022128,0.008523635455346805
6490,0.8,0.9395910600465343,0,1,1,0,0.03172905382663607,0.012931486918038975
6491,0.8,0.9267137580459794,1,1,1,0,0.028682181756363393,0.014739823674492562
6492,0.8,0.9460316782109711,1,1,1,0,0.024292431351394195,0.012831396374320212
6493,0.8,0.9647267563630036,1,0,1,0,0.017018287485265127,0.00939916925447537
6494,0.8,0.9624700617809063,1,0,1,0,0.0050175030257423175,0.006492413877007481
6495,0.8,0.9523138835075765,1,0,1,1,-0.009041549975815098,0.004120711728034674
6496,0.8,0.9376843411419599,1,0,1,1,-0.01714329734271605,0.004352445636130905
6497,0.8,0.9304766524882334,1,0,1,1,-0.021697546270818994,0.004326973465488679
6498,0.8,0.9249275166562223,1,0,0,1,-0.022868747326808922,0.0011898574557136152
6499,0.8,0.9138969761999332,1,0,0,1,-0.02075353337314083,-0.004962268769134809
6500,0.8,0.8764387543504626,1,0,0,1,-0.01674114816696988,-0.009788132981579973
6501,0.8,0.8495104952595467,1,0,0,1,-0.012643978130395334,-0.011850767849691572
6502,0.8,0.8399661921114149,1,0,0,1,-0.009867706067029162,-0.013471225985116785
6503,0.8,0.8328314176526408,1,0,0,1,-0.009539488091744748,-0.01438787677798358
6504,0.8,0.8410685282768259,1,0,0,1,-0.011418621772168229,-0.01479170533995812
6505,0.8,0.8620128908354281,0,0,0,1,-0.012094025721478302,-0.015568809073580665
6506,0.8,0.8878295069822519,1,0,0,1,-0.013398883801027543,-0.014605509136400354
6507,0.8,0.8819165341105293,0,0,0,1,-0.016680257015990844,-0.009987003783358003
6508,0.8,0.9309956785379503,1,0,0,1,-0.01928614975771557,-0.004743578623640119
6509,0.8,0.9495787208966483,0,0,0,1,-0.02334247867433158,0.0016628700578504723
6510,0.8,1.0092653155405258,1,0,0,1,-0.026464871249659384,0.008325753819383268
6511,0.8,1.0557435477887025,0,1,0,1,-0.02239656460529075,0.01353432128451869
6512,0.8,1.093369283756824,0,1,0,1,-0.008476225053462193,0.015564272736274176
6513,0.8,1.1050218754112602,0,1,0,1,0.008309383303910007,0.015121214160969692
6514,0.8,1.0911236053034161,0,1,1,1,0.018075644098366712,0.01658547961672247
6515,0.8,1.0836126171194473,0,1,1,0,0.019162457460329782,0.020166703990739616
6516,0.8,1.0384413227611582,0,1,1,0,0.015548126437416208,0.01924246494812738
6517,0.8,1.0112387236327411,0,1,1,0,0.01218594289393856,0.015612083259652484
6518,0.8,0.9891834180715298,0,1,1,0,0.01186469230973868,0.009914827424373716
6519,0.8,0.9547329294739301,0,1,1,0,0.013223264870078803,0.005380706769862722
6520,0.8,0.9229874008885713,0,1,1,0,0.01622258509323649,0.00399009464066269
6521,0.8,0.9096969737402218,0,1,1,0,0.02232513530867326,0.005489402781176914
6522,0.8,0.9218673453130005,0,1,1,0,0.028701249738256905,0.007831564649837301
6523,0.8,0.9288013972317815,0,1,1,0,0.033412087308508864,0.01071319342437883
6524,0.8,0.9351987653799088,0,1,1,0,0.03611704607547716,0.014392478498252164
6525,0.8,0.9533101026632822,0,1,1,0,0.03778969407376381,0.017999063631470906
6526,0.8,0.9800668878174468,0,1,1,0,0.0406161682875332,0.021632001151649597
6527,0.8,1.0089782029473453,0,1,1,0,0.04287041814627078,0.025514561457747748
6528,0.8,0.9854842844225948,1,1,1,0,0.03983681024039265,0.028135788795965084
6529,0.8,0.9717464707784188,1,1,1,0,0.03385036621525308,0.025785869426869206
6530,0.8,0.9633775699469731,1,0,1,0,0.026931852003648005,0.021314972330142436
6531,0.8,0.9471308319438921,1,0,1,0,0.013668840086429412,0.015761976093402342
6532,0.8,0.930536542073231,1,0,1,0,-0.0021986034903193853,0.009862803315368538
6533,0.8,0.909465892216373,1,0,1,1,-0.017040318762411792,0.003705227525005412
6534,0.8,0.8721111585466405,1,0,1,1,-0.022386355232193123,0.0025318708888429214
6535,0.8,0.8583226278468455,1,0,0,1,-0.02485464243052874,0.000946761198585226
6536,0.8,0.8413446259408192,1,0,0,1,-0.0236524314766293,-0.003703343825761816
6537,0.8,0.8012473870396829,1,0,0,1,-0.019162752909777443,-0.008121991464133511
6538,0.8,0.7776645911687416,1,0,0,1,-0.014424000140432628,-0.01134291811702331
6539,0.8,0.7632364472998975,1,0,0,1,-0.012358932296971858,-0.014743271677055454
6540,0.8,0.7650343130598668,1,0,0,1,-0.013355689566658143,-0.018252894949260873
6541,0.8,0.7838441167848036,0,0,0,1,-0.015599407543680319,-0.022308493358256545
6542,0.8,0.8158162871582368,0,0,0,1,-0.015916949797687156,-0.026598165334771093
6543,0.8,0.8379244003657113,0,0,0,1,-0.016001758455592183,-0.028469630270598234
6544,0.8,0.8423036652316813,0,0,0,1,-0.015815158207040072,-0.02578635900639104
6545,0.8,0.8729161804991946,0,0,0,1,-0.01594476957785993,-0.020496204334903054
6546,0.8,0.9023683619391922,0,0,0,1,-0.017786006550498817,-0.01355583153969187
6547,0.8,0.9446219180725796,0,0,0,1,-0.01838805581818262,-0.006459788242920073
6548,0.8,1.0090892792774522,0,0,0,1,-0.014446353155085542,-0.0009746062549202631
6549,0.8,1.0123736736828635,0,1,0,1,-0.00223458012359606,0.0045068658550413915
6550,0.8,1.0649622755602355,0,1,0,1,0.015462058063499899,0.006149648018558926
6551,0.8,1.0453211100556923,0,1,1,1,0.026000221455897966,0.010057378486917604
6552,0.8,1.0745025899630194,0,1,1,1,0.027800638649940906,0.016757078983394944
6553,0.8,1.0814460002405626,0,1,1,0,0.027033874706648794,0.01867482386535504
6554,0.8,1.0496656848765344,0,1,1,0,0.02278716207227499,0.01635689607200335
6555,0.8,1.0235999088201595,0,1,1,0,0.019353088674169787,0.012084571370350733
6556,0.8,1.0000206646503391,0,1,1,0,0.019028912545866083,0.007700054686463964
6557,0.8,0.9687908655456369,0,1,1,0,0.021258404700149874,0.006010155067112714
6558,0.8,0.9444932913870724,0,1,1,0,0.02668986353761885,0.007910269476010768
6559,0.8,0.9465846760679036,0,1,1,0,0.03428317261233759,0.011890816444878867
6560,0.8,0.965685276644368,0,1,1,0,0.04091394296758397,0.01597136622349895
6561,0.8,0.9715944323847289,0,1,1,0,0.0458550155565975,0.020472691884075512
6562,0.8,0.98273865847432,0,1,1,0,0.048947416105868814,0.02548620609588674
6563,0.8,1.003347461751253,0,1,1,0,0.05132526209671667,0.029913057671755033
6564,0.8,1.0340415208048896,0,1,1,0,0.05466926016887175,0.03395543803597148
6565,0.8,1.0379527697705786,1,1,1,0,0.05541633428509687,0.03719816394263654
6566,0.8,1.0037169531984407,1,1,1,0,0.049012363488419725,0.035766292231222206
6567,0.8,0.9836139530332542,1,0,1,0,0.04061043588443961,0.0316038465771538
6568,0.8,0.9680613915713868,1,0,1,0,0.026150716926595718,0.024839941467985037
6569,0.8,0.9474663795986328,1,0,1,0,0.008965172265191177,0.01667081835087898
6570,0.8,0.9450828245100782,1,0,1,1,-0.009178624081105273,0.007216281065181708
6571,0.8,0.8743332924087602,1,0,1,1,-0.017280706433583298,0.002718565579630393
6572,0.8,0.8425352506735231,1,0,0,1,-0.020743659889801147,0.002088265685007847
6573,0.8,0.81721094034264,1,0,0,1,-0.020872010710109228,-0.0006727078758059629
6574,0.8,0.8209835998954156,1,0,0,1,-0.018821633520146992,-0.007359931043257109
6575,0.8,0.7803814772486837,1,0,0,1,-0.014274492185325525,-0.01415374784070502
6576,0.8,0.7592280963597432,1,0,0,1,-0.01066857225295909,-0.018840804569405907
6577,0.8,0.7545741180913768,0,0,0,1,-0.010493213933764643,-0.02288019894006351
6578,0.8,0.7758931896923853,0,0,0,1,-0.011606856969528904,-0.026723731974137764
6579,0.8,0.798245348200654,0,0,0,1,-0.012535778840784707,-0.03038979181415772
6580,0.8,0.81162499142278,0,0,0,1,-0.014290899410220995,-0.03095925645939245
6581,0.8,0.8373633365434642,0,0,0,1,-0.016684007255223773,-0.028909211273093236
6582,0.8,0.860616058652689,0,0,0,1,-0.020378261064605257,-0.024440809742443767
6583,0.8,0.9020075355366894,0,0,0,1,-0.02520102424723248,-0.018243260718744558
6584,0.8,0.9374384181207822,0,0,0,1,-0.028821912553182043,-0.01143027423787481
6585,0.8,1.0169706510920025,0,0,0,1,-0.025511320649729982,-0.006121728840757335
6586,0.8,1.021452790503937,0,1,0,1,-0.015577006540757393,0.0005762792637316829
6587,0.8,1.06756726009324,0,1,0,1,-0.002095389009135305,0.004565082469468518
6588,0.8,1.0747527399868764,0,1,1,1,0.007841368896619528,0.006500795567475055
6589,0.8,1.0952722482539434,0,1,1,1,0.009592061656850254,0.011726242579213031
6590,0.8,1.0974782571555266,0,1,1,0,0.009786227745625608,0.014298306583080612
6591,0.8,1.0645672356650733,0,1,1,0,0.006233637647718809,0.012431517974811209
6592,0.8,1.0300430228019295,0,1,1,0,0.00306060045485748,0.008811220515634217
6593,0.8,1.0054225269998516,0,1,1,0,0.0026083642852651866,0.0046165268162782335
6594,0.8,0.9694575526103149,0,1,1,0,0.004362755427210858,0.0021789007900172167
6595,0.8,0.9411459198397853,0,1,1,0,0.009100340117514915,0.0031742583789184254
6596,0.8,0.9459487254187016,0,1,1,0,0.017050940339004245,0.006278752013360393
6597,0.8,0.9687774398206542,0,1,1,0,0.025044765911402686,0.009340981244501945
6598,0.8,0.9796587549419379,0,1,1,0,0.03150016279489132,0.012565518565551137
6599,0.8,0.9892451124836986,0,1,1,0,0.034638756681239044,0.01616145284986438
6600,0.8,1.01778635520414,0,1,1,0,0.03654687825582325,0.019683001634694455
6601,0.8,1.0511156803354094,0,1,1,0,0.03786688243865903,0.02337077380879115
6602,0.8,1.0633278792098517,1,1,1,0,0.036554462990346454,0.02723911429526167
6603,0.8,1.0321221617946903,1,0,1,0,0.029862347440611208,0.027918715282586007
6604,0.8,1.0204698603342337,1,0,1,0,0.019353842957233053,0.02619342861192509
6605,0.8,1.0056001326446562,1,0,1,0,0.0038323316406622294,0.021434190689694425
6606,0.8,0.9914388262455438,1,0,1,0,-0.013433495121822757,0.014733840665870877
6607,0.8,0.951888719936128,1,0,1,1,-0.02700377711822756,0.008861020935005981
6608,0.8,0.91731620506201,1,0,1,1,-0.03088405746043964,0.008206851528310823
6609,0.8,0.8939127433392554,1,0,0,1,-0.031644844592391815,0.005797392947076996
6610,0.8,0.8680294886109684,1,0,0,1,-0.029368267209419315,0.0010788555572155325
6611,0.8,0.8222877499281148,1,0,0,1,-0.025376991131439253,-0.0025287757160880765
6612,0.8,0.8037173189618259,1,0,0,1,-0.022614451529335736,-0.005298477124539167
6613,0.8,0.7978042604450459,1,0,0,1,-0.022574382061000115,-0.009035352617434551
6614,0.8,0.8072102338268156,0,0,0,1,-0.02379781515119522,-0.01337604432320327
6615,0.8,0.840115106589778,0,0,0,1,-0.024529081778477034,-0.018897262459637354
6616,0.8,0.8705516927323981,0,0,0,1,-0.02365436128950236,-0.02417406775444621
6617,0.8,0.8819133766863222,0,0,0,1,-0.02199165503855937,-0.025887837008973742
6618,0.8,0.8909905270063663,0,0,0,1,-0.020792624030917403,-0.02325631027782348
6619,0.8,0.9307673095206671,0,0,0,1,-0.021752571083883215,-0.017921748562106356
6620,0.8,0.9698945120660735,0,0,0,1,-0.02302868617780742,-0.011874666413112545
6621,0.8,1.0008751148649984,0,0,0,1,-0.022853152925220478,-0.004841139287369612
6622,0.8,1.079302535667494,0,0,0,1,-0.016384534899853663,0.0008995976806310343
6623,0.8,1.0533776803374244,0,1,0,1,-0.0017134572306350831,0.005625007441504917
6624,0.8,1.0971616862553824,0,1,0,1,0.014649415752391362,0.006822600732621726
6625,0.8,1.0804592036920986,0,1,1,1,0.02378034497703436,0.0087094128579535
6626,0.8,1.1002668813381407,0,1,1,1,0.02450551615239597,0.014107953316944146
6627,0.8,1.0907631260337547,0,1,1,0,0.0233511813979434,0.015728652543550485
6628,0.8,1.0556920238257028,0,1,1,0,0.0191172140958247,0.014348457089642521
6629,0.8,1.0334998888432823,0,1,1,0,0.01620291975535673,0.011092099267629425
6630,0.8,1.0103070883637357,0,1,1,0,0.01643182479550018,0.007603138437955842
6631,0.8,0.9800960008834365,0,1,1,0,0.019356489541164753,0.006435784826331456
6632,0.8,0.9639844595162016,0,1,1,0,0.02544994883024339,0.008473348874693134
6633,0.8,0.9705819564749204,0,1,1,0,0.03286973102853136,0.012511348690817088
6634,0.8,0.9889893467448486,0,1,1,0,0.03886757679532194,0.016617806520998153
6635,0.8,1.0016984218021248,0,1,1,0,0.04403713318779186,0.021203259632645678
6636,0.8,1.007133052978734,0,0,1,0,0.04743007945418339,0.02644058732071596
6637,0.8,1.037000137713765,0,1,1,0,0.049244758172424935,0.031104165469476232
6638,0.8,1.0572109238811913,0,1,1,0,0.05165585127367773,0.03606494456367041
6639,0.8,1.0220402889919644,1,1,1,0,0.04813246040486554,0.03977934923662723
6640,0.8,0.9681283517465298,1,0,1,0,0.038163716311192065,0.03794395460406021
6641,0.8,0.9302243275387369,1,0,1,0,0.025546934493190333,0.034257471614025654
6642,0.8,0.9216692722451882,1,0,1,0,0.010819248956734287,0.02700021949929957
6643,0.8,0.9242984409945879,1,0,1,0,-0.005373134543907939,0.016708697483851818
6644,0.8,0.8895511013745955,1,0,1,1,-0.01778825839693216,0.007507996758457137
6645,0.8,0.853566174625404,1,0,0,1,-0.020811191476727522,0.004201170536341436
6646,0.8,0.8080520352296479,1,0,0,1,-0.020271350220979614,0.00045299589012547515
6647,0.8,0.7838821134632248,1,0,0,1,-0.01758375251357721,-0.004467573933277095
6648,0.8,0.7585247956645345,1,0,0,1,-0.013254778277098004,-0.010741732655831915
6649,0.8,0.7467065963283444,1,0,0,1,-0.010628310373836495,-0.01778955538016083
6650,0.8,0.7385703701426253,0,0,0,1,-0.011524192647510327,-0.02416729591225621
6651,0.8,0.7544463245177976,0,0,0,1,-0.01441683342450376,-0.028907585626523607
6652,0.8,0.7864217906044892,0,0,0,1,-0.017113903809740073,-0.0330409606356545
6653,0.8,0.8005793598785286,0,0,0,1,-0.019118250032650393,-0.0346428178761629
6654,0.8,0.7979827455112437,0,0,0,1,-0.021695100463474497,-0.031894456918955635
6655,0.8,0.858104350624688,0,0,0,1,-0.025946811254324385,-0.028103083287802276
6656,0.8,0.9036353794681914,0,0,0,1,-0.029593857446097313,-0.02491478770340778
6657,0.8,0.9274136696690154,0,0,0,1,-0.03333812550509592,-0.019388649585946764
6658,0.8,1.0207458216992344,0,0,0,1,-0.03181130385023433,-0.016408375765917364
6659,0.8,1.0232447492295935,0,0,0,1,-0.0239313572469892,-0.01066580874170399
6660,0.8,1.031713959078996,0,1,0,1,-0.010745646128354729,-0.0030998926203819974
6661,0.8,1.0754704163779636,0,1,1,1,0.0033864492226643723,-0.0006120891780997978
6662,0.8,1.0648476646234555,0,1,1,1,0.007727858821664825,0.005488650864300945
6663,0.8,1.0871849476922186,0,1,1,0,0.007818146890940549,0.01006156096319124
6664,0.8,1.048380231924301,0,1,1,0,0.0037634737375436722,0.009804101956613619
6665,0.8,1.0232330584770615,0,1,1,0,-0.0006555157346986224,0.006696784597681473
6666,0.8,1.001652497248348,0,1,1,0,-0.0014540957849382206,0.002353704681271299
6667,0.8,0.9671323172660994,0,1,1,0,-7.437336691316665e-05,-0.0005994561870548384
6668,0.8,0.9333461236644782,0,1,1,0,0.0032968078228603373,-0.0002970859637104907
6669,0.8,0.9264577385569668,0,1,1,0,0.008455269239097812,0.0021225298961730656
6670,0.8,0.9393823666169863,0,1,1,0,0.01526826150943204,0.0048632612223944265
6671,0.8,0.9572916025031659,0,1,1,0,0.02171109138330191,0.007261537373887723
6672,0.8,0.9732713120358466,0,1,1,0,0.026354282774709678,0.009191368021228667
6673,0.8,0.9879505982653578,0,1,1,0,0.028044010800900892,0.01119783050430229
6674,0.8,1.0197752048134388,0,1,1,0,0.029251520015758096,0.014086806227683147
6675,0.8,1.047568977834906,0,1,1,0,0.029974050868259248,0.01784029105291963
6676,0.8,1.0243039562863696,1,1,1,0,0.026716765528608917,0.022030489028525727
6677,0.8,0.9946224737878836,1,0,1,0,0.017262097739031028,0.02297193790725233
6678,0.8,0.982565639915704,1,0,1,0,0.00202962705552476,0.020764989933582244
6679,0.8,0.9750448474773439,1,0,1,0,-0.015393112300035738,0.015586720384997668
6680,0.8,0.9352964705089988,1,0,1,1,-0.029608186838643087,0.010202813004693398
6681,0.8,0.9084686923223046,1,0,1,1,-0.033861452829661964,0.00990090189131155
6682,0.8,0.880070338933736,1,0,0,1,-0.03388522462243272,0.006935471931562963
6683,0.8,0.8618938648293882,1,0,0,1,-0.031891200379872045,0.0011257417846153482
6684,0.8,0.8244262605410871,1,0,0,1,-0.028705838796157193,-0.004543109540251612
6685,0.8,0.8019480820815845,1,0,0,1,-0.025167448884872688,-0.009279667796549486
6686,0.8,0.7896708760927231,1,0,0,1,-0.02421413640133025,-0.013765107398920434
6687,0.8,0.7924556686648576,0,0,0,1,-0.02511011452765309,-0.017899847110067486
6688,0.8,0.8219416531315284,0,0,0,1,-0.0242282982045669,-0.02304081803881317
6689,0.8,-0.011603473019882156,1,1,1,1,-0.00037637279160354534,-0.0010435317921076482
